{"highlevel": {"danceability": {"all": {"danceable": 0.0718126296997,"not_danceable": 0.9281873703},"probability": 0.9281873703,"value": "not_danceable"},"gender": {"all": {"female": 0.0346594452858,"male": 0.965340554714},"probability": 0.965340554714,"value": "male"},"genre_dortmund": {"all": {"alternative": 0.0661820620298,"blues": 0.274031311274,"electronic": 0.105564914644,"folkcountry": 0.40609434247,"funksoulrnb": 0.00721183745191,"jazz": 0.0465982817113,"pop": 0.0211108308285,"raphiphop": 0.00772578269243,"rock": 0.0654806494713},"probability": 0.40609434247,"value": "folkcountry"},"genre_electronic": {"all": {"ambient": 0.918062508106,"dnb": 0.0153744304553,"house": 0.0380115844309,"techno": 0.00977207534015,"trance": 0.018779411912},"probability": 0.918062508106,"value": "ambient"},"genre_rosamerica": {"all": {"cla": 0.105338141322,"dan": 0.00213156710379,"hip": 0.00925251096487,"jaz": 0.791425704956,"pop": 0.0228115096688,"rhy": 0.0443344190717,"roc": 0.00382455880754,"spe": 0.0208815988153},"probability": 0.791425704956,"value": "jaz"},"genre_tzanetakis": {"all": {"blu": 0.0626613423228,"cla": 0.0348169617355,"cou": 0.104475811124,"dis": 0.0784321576357,"hip": 0.15692435205,"jaz": 0.313974827528,"met": 0.0448166541755,"pop": 0.0627359300852,"reg": 0.0627360641956,"roc": 0.0784258767962},"probability": 0.313974827528,"value": "jaz"},"ismir04_rhythm": {"all": {"ChaChaCha": 0.0078492872417,"Jive": 0.000322965206578,"Quickstep": 0.00171965267509,"Rumba-American": 0.00449455250055,"Rumba-International": 0.00750123150647,"Rumba-Misc": 0.00322801526636,"Samba": 0.00887070782483,"Tango": 0.931665956974,"VienneseWaltz": 0.0240365546197,"Waltz": 0.0103110773489},"probability": 0.931665956974,"value": "Tango"},"mood_acoustic": {"all": {"acoustic": 0.975509047508,"not_acoustic": 0.024490935728},"probability": 0.975509047508,"value": "acoustic"},"mood_aggressive": {"all": {"aggressive": 0.0169526096433,"not_aggressive": 0.983047366142},"probability": 0.983047366142,"value": "not_aggressive"},"mood_electronic": {"all": {"electronic": 0.051233638078,"not_electronic": 0.948766350746},"probability": 0.948766350746,"value": "not_electronic"},"mood_happy": {"all": {"happy": 0.320483803749,"not_happy": 0.679516196251},"probability": 0.679516196251,"value": "not_happy"},"mood_party": {"all": {"not_party": 0.939232349396,"party": 0.0607676617801},"probability": 0.939232349396,"value": "not_party"},"mood_relaxed": {"all": {"not_relaxed": 0.174686610699,"relaxed": 0.825313389301},"probability": 0.825313389301,"value": "relaxed"},"mood_sad": {"all": {"not_sad": 0.287460237741,"sad": 0.712539792061},"probability": 0.712539792061,"value": "sad"},"moods_mirex": {"all": {"Cluster1": 0.0658830404282,"Cluster2": 0.288821935654,"Cluster3": 0.432197898626,"Cluster4": 0.176097795367,"Cluster5": 0.036999348551},"probability": 0.432197898626,"value": "Cluster3"},"timbre": {"all": {"bright": 0.974848866463,"dark": 0.0251511074603},"probability": 0.974848866463,"value": "bright"},"tonal_atonal": {"all": {"atonal": 0.103817284107,"tonal": 0.896182715893},"probability": 0.896182715893,"value": "tonal"},"voice_instrumental": {"all": {"instrumental": 0.0063674072735,"voice": 0.993632614613},"probability": 0.993632614613,"value": "voice"}},"metadata": {"audio_properties": {"analysis_sample_rate": 44100,"bit_rate": 0,"equal_loudness": 0,"length": 166.813339233,"lossless": 1,"replay_gain": -10.0493736267,"codec": "flac","downmix": "mix","md5_encoded": "6892694d8a8409778d8630b0e896f96f"},"tags": {"file_name": "05 Reckoning Song.flac","album": ["The Reckoning"],"albumartist": ["Asaf Avidan & The Mojos"],"albumartistsort": ["Avidan, Asaf & Mojos, The"],"artist": ["Asaf Avidan & The Mojos"],"artistsort": ["Avidan, Asaf & Mojos, The"],"barcode": ["886979722323"],"catalognumber": ["88697972232"],"composer": ["Hadas Kleinman", "Roi Peled", "Asaf Avidan", "Ran Nir", "Yoni Sheleg", "Ori Winokur"],"date": ["2008"],"discnumber": ["1"],"disctotal": ["1"],"genre": ["World Hits", "World"],"isrc": ["USTC70801030"],"label": ["Telmavar"],"language": ["eng"],"lyricist": ["Asaf Avidan"],"media": ["CD"],"musicbrainz_albumartistid": ["f21d9cba-dafc-494e-ace9-e9ed33fec536"],"musicbrainz_albumid": ["a94bedb2-10d1-46f3-bf3e-61e72b4a0657"],"musicbrainz_artistid": ["f21d9cba-dafc-494e-ace9-e9ed33fec536"],"musicbrainz_recordingid": ["d7300827-f6fc-412f-9f37-023f414810a6"],"musicbrainz_releasegroupid": ["aa7762d3-fc74-3344-ad2f-c59f8c986466"],"musicbrainz_releasetrackid": ["f187fef7-f74a-3137-96dc-ea348cf9f974"],"musicbrainz_workid": ["103d1f83-db00-4055-9e29-0032ce332453"],"originaldate": ["2008"],"releasecountry": ["DE"],"releasestatus": ["official"],"releasetype": ["album"],"script": ["Latn"],"title": ["Reckoning Song"],"totaldiscs": ["1"],"totaltracks": ["15"],"tracknumber": ["5"],"tracktotal": ["15"]},"version": {"highlevel": {"essentia": "2.1-beta5-dev","essentia_build_sha": "e74af04b57b164eed312abeef4963962215860f0","essentia_git_sha": "v2.1_beta4-499-g4013ebc","extractor": "music 2.0","gaia": "2.4.5","gaia_git_sha": "v2.4.4-44-g95f4851","models_essentia_git_sha": "v2.1_beta1"},"lowlevel": {"essentia": "2.1-beta1","essentia_build_sha": "7598a69e7b456135ce4c070efb04a3d0ebb71fdd","essentia_git_sha": "v2.1_beta1-6-g5578087","extractor": "music 1.0"}}}}