{"highlevel": {"danceability": {"all": {"danceable": 2.8736060198e-09,"not_danceable": 1},"probability": 1,"value": "not_danceable"},"gender": {"all": {"female": 0.536263167858,"male": 0.463736832142},"probability": 0.536263167858,"value": "female"},"genre_dortmund": {"all": {"alternative": 0.340259671211,"blues": 0.0535832978785,"electronic": 0.478788763285,"folkcountry": 0.0359459929168,"funksoulrnb": 0.00610023038462,"jazz": 0.00786183960736,"pop": 0.0104487640783,"raphiphop": 0.00454341480508,"rock": 0.0624680407345},"probability": 0.478788763285,"value": "electronic"},"genre_electronic": {"all": {"ambient": 0.180752754211,"dnb": 0.053868047893,"house": 0.0545938052237,"techno": 0.0127929253504,"trance": 0.697992444038},"probability": 0.697992444038,"value": "trance"},"genre_rosamerica": {"all": {"cla": 0.000315452547511,"dan": 0.000109238164441,"hip": 0.000257340318058,"jaz": 4.67914396722e-05,"pop": 0.0002434738999,"rhy": 0.000114120244689,"roc": 0.998889088631,"spe": 2.44927032327e-05},"probability": 0.998889088631,"value": "roc"},"genre_tzanetakis": {"all": {"blu": 0.0626613423228,"cla": 0.0348169617355,"cou": 0.104475811124,"dis": 0.0784321576357,"hip": 0.15692435205,"jaz": 0.313974827528,"met": 0.0448166541755,"pop": 0.0627359300852,"reg": 0.0627360641956,"roc": 0.0784258767962},"probability": 0.313974827528,"value": "jaz"},"ismir04_rhythm": {"all": {"ChaChaCha": 0.235885813832,"Jive": 0.190480366349,"Quickstep": 0.0348144024611,"Rumba-American": 0.0408744215965,"Rumba-International": 0.0300107002258,"Rumba-Misc": 0.0236464366317,"Samba": 0.0525036416948,"Tango": 0.164438962936,"VienneseWaltz": 0.204443380237,"Waltz": 0.0229018870741},"probability": 0.235885813832,"value": "ChaChaCha"},"mood_acoustic": {"all": {"acoustic": 7.22543802567e-08,"not_acoustic": 0.999999940395},"probability": 0.999999940395,"value": "not_acoustic"},"mood_aggressive": {"all": {"aggressive": 0.999907970428,"not_aggressive": 9.20071543078e-05},"probability": 0.999907970428,"value": "aggressive"},"mood_electronic": {"all": {"electronic": 0.029403174296,"not_electronic": 0.970596849918},"probability": 0.970596849918,"value": "not_electronic"},"mood_happy": {"all": {"happy": 0.557490766048,"not_happy": 0.442509233952},"probability": 0.557490766048,"value": "happy"},"mood_party": {"all": {"not_party": 0.339884012938,"party": 0.66011595726},"probability": 0.66011595726,"value": "party"},"mood_relaxed": {"all": {"not_relaxed": 0.990941643715,"relaxed": 0.00905835069716},"probability": 0.990941643715,"value": "not_relaxed"},"mood_sad": {"all": {"not_sad": 0.9624132514,"sad": 0.0375867187977},"probability": 0.9624132514,"value": "not_sad"},"moods_mirex": {"all": {"Cluster1": 0.21042086184,"Cluster2": 0.0567596815526,"Cluster3": 0.114389277995,"Cluster4": 0.0643399953842,"Cluster5": 0.554090201855},"probability": 0.554090201855,"value": "Cluster5"},"timbre": {"all": {"bright": 0.955882608891,"dark": 0.0441174134612},"probability": 0.955882608891,"value": "bright"},"tonal_atonal": {"all": {"atonal": 0.215278357267,"tonal": 0.78472161293},"probability": 0.78472161293,"value": "tonal"},"voice_instrumental": {"all": {"instrumental": 0.00481117796153,"voice": 0.995188832283},"probability": 0.995188832283,"value": "voice"}},"metadata": {"audio_properties": {"analysis_sample_rate": 44100,"bit_rate": 0,"equal_loudness": 0,"length": 209.773330688,"lossless": 1,"replay_gain": -14.5740852356,"sample_rate": 44100,"codec": "flac","downmix": "mix","md5_encoded": "29f3b003eb4c4344b60b5f90de0b804c"},"tags": {"file_name": "07-What_s_in_the_Box__See_Whatcha_Got_.flac","album": ["C'mon Kids"],"artist": ["The Boo Radleys"],"date": ["1996-00-00"],"musicbrainz_albumid": ["c15cb71b-d5f8-4064-81a7-d1e03042ffe0"],"musicbrainz_artistid": ["1b5189d8-28fd-4c97-a04a-37c49b1ccfa6"],"musicbrainz_recordingid": ["d7bd995b-df3e-4e0f-8caa-1ca6d037cb0d"],"title": ["What's in the Box (See Whatcha Got)"],"tracknumber": ["7"]},"version": {"highlevel": {"essentia": "2.1-beta5-dev","essentia_build_sha": "e74af04b57b164eed312abeef4963962215860f0","essentia_git_sha": "v2.1_beta4-499-g4013ebc","extractor": "music 2.0","gaia": "2.4.5","gaia_git_sha": "v2.4.4-44-g95f4851","models_essentia_git_sha": "v2.1_beta1"},"lowlevel": {"essentia": "2.1-beta2","essentia_build_sha": "c0e182ba78c2de26e491b7b7a4a2c98c1ed34208","essentia_git_sha": "v2.1_beta2-2-gbb40004","extractor": "music 1.0"}}}}