{"highlevel": {"danceability": {"all": {"danceable": 0.347729146481,"not_danceable": 0.652270853519},"probability": 0.652270853519,"value": "not_danceable"},"gender": {"all": {"female": 0.687773227692,"male": 0.312226772308},"probability": 0.687773227692,"value": "female"},"genre_dortmund": {"all": {"alternative": 0.00217599025927,"blues": 0.000290522439172,"electronic": 0.996352672577,"folkcountry": 0.000430975633208,"funksoulrnb": 9.53045582719e-06,"jazz": 0.000564033864066,"pop": 2.02099163289e-05,"raphiphop": 3.19289938489e-06,"rock": 0.00015289435396},"probability": 0.996352672577,"value": "electronic"},"genre_electronic": {"all": {"ambient": 0.734458446503,"dnb": 0.0123893590644,"house": 0.126730576158,"techno": 0.0211772359908,"trance": 0.105244398117},"probability": 0.734458446503,"value": "ambient"},"genre_rosamerica": {"all": {"cla": 0.111563056707,"dan": 0.0629268959165,"hip": 0.159141883254,"jaz": 0.247794032097,"pop": 0.0486848019063,"rhy": 0.303284972906,"roc": 0.0294063724577,"spe": 0.0371980033815},"probability": 0.303284972906,"value": "rhy"},"genre_tzanetakis": {"all": {"blu": 0.0626613423228,"cla": 0.0348169617355,"cou": 0.104475811124,"dis": 0.0784321576357,"hip": 0.15692435205,"jaz": 0.313974827528,"met": 0.0448166541755,"pop": 0.0627359300852,"reg": 0.0627360641956,"roc": 0.0784258767962},"probability": 0.313974827528,"value": "jaz"},"ismir04_rhythm": {"all": {"ChaChaCha": 0.0604699589312,"Jive": 0.0846109315753,"Quickstep": 0.00613241363317,"Rumba-American": 0.00999460089952,"Rumba-International": 0.00754919508472,"Rumba-Misc": 0.0120817674324,"Samba": 0.0167322568595,"Tango": 0.0246416125447,"VienneseWaltz": 0.771251261234,"Waltz": 0.00653600832447},"probability": 0.771251261234,"value": "VienneseWaltz"},"mood_acoustic": {"all": {"acoustic": 0.28050339222,"not_acoustic": 0.71949660778},"probability": 0.71949660778,"value": "not_acoustic"},"mood_aggressive": {"all": {"aggressive": 0.129495605826,"not_aggressive": 0.870504379272},"probability": 0.870504379272,"value": "not_aggressive"},"mood_electronic": {"all": {"electronic": 0.638923168182,"not_electronic": 0.361076802015},"probability": 0.638923168182,"value": "electronic"},"mood_happy": {"all": {"happy": 0.0223266202956,"not_happy": 0.977673351765},"probability": 0.977673351765,"value": "not_happy"},"mood_party": {"all": {"not_party": 0.785681903362,"party": 0.21431812644},"probability": 0.785681903362,"value": "not_party"},"mood_relaxed": {"all": {"not_relaxed": 0.111863441765,"relaxed": 0.888136565685},"probability": 0.888136565685,"value": "relaxed"},"mood_sad": {"all": {"not_sad": 0.525801301003,"sad": 0.474198669195},"probability": 0.525801301003,"value": "not_sad"},"moods_mirex": {"all": {"Cluster1": 0.0898601189256,"Cluster2": 0.118020094931,"Cluster3": 0.184867337346,"Cluster4": 0.115419328213,"Cluster5": 0.491833120584},"probability": 0.491833120584,"value": "Cluster5"},"timbre": {"all": {"bright": 0.0198983196169,"dark": 0.980101704597},"probability": 0.980101704597,"value": "dark"},"tonal_atonal": {"all": {"atonal": 0.352583050728,"tonal": 0.647416949272},"probability": 0.647416949272,"value": "tonal"},"voice_instrumental": {"all": {"instrumental": 0.820787847042,"voice": 0.179212167859},"probability": 0.820787847042,"value": "instrumental"}},"metadata": {"audio_properties": {"analysis_sample_rate": 44100,"bit_rate": 0,"equal_loudness": 0,"length": 250.78666687,"lossless": 1,"replay_gain": -12.0858306885,"sample_rate": 44100,"codec": "flac","downmix": "mix","md5_encoded": "0c6952ae518f2a7c7455045a7050b0e4"},"tags": {"file_name": "12 Impossible Feeling.flac","album": ["Dear God, I Hate Myself"],"albumartist": ["Xiu Xiu"],"albumartistsort": ["Xiu Xiu"],"artist": ["Xiu Xiu"],"artistsort": ["Xiu Xiu"],"bpm": ["0"],"catalognumber": ["KRS503"],"compilation": ["0"],"date": ["2010-02-15"],"discnumber": ["1"],"disctotal": ["1"],"genre": ["Electronica"],"initialkey": ["B"],"label": ["Kill Rock Stars"],"language": ["eng"],"media": ["CD"],"musicbrainz_albumartistid": ["8b431ac6-0806-4e4a-9b6b-1734370fa890"],"musicbrainz_albumid": ["180880e3-7341-34f5-8d7e-14fb59de5ae4"],"musicbrainz_artistid": ["8b431ac6-0806-4e4a-9b6b-1734370fa890"],"musicbrainz_recordingid": ["2930b825-9c67-4c30-9152-70947af0a471"],"musicbrainz_releasegroupid": ["a7680b42-7c5b-4414-822e-2445bd90009d"],"originaldate": ["2010-02-15"],"releasecountry": ["GB"],"script": ["Latn"],"title": ["Impossible Feeling"],"totaldiscs": ["1"],"totaltracks": ["12"],"tracknumber": ["12"],"tracktotal": ["12"]},"version": {"highlevel": {"essentia": "2.1-beta5-dev","essentia_build_sha": "e74af04b57b164eed312abeef4963962215860f0","essentia_git_sha": "v2.1_beta4-499-g4013ebc","extractor": "music 2.0","gaia": "2.4.5","gaia_git_sha": "v2.4.4-44-g95f4851","models_essentia_git_sha": "v2.1_beta1"},"lowlevel": {"essentia": "2.1-beta2","essentia_build_sha": "70f2e5ece6736b2c40cc944ad0e695b16b925413","essentia_git_sha": "v2.1_beta2","extractor": "music 1.0"}}}}