{"highlevel": {"danceability": {"all": {"danceable": 0.248244002461,"not_danceable": 0.75175601244},"probability": 0.75175601244,"value": "not_danceable"},"gender": {"all": {"female": 0.511696696281,"male": 0.488303273916},"probability": 0.511696696281,"value": "female"},"genre_dortmund": {"all": {"alternative": 0.0279816593975,"blues": 0.00362149230205,"electronic": 0.955580592155,"folkcountry": 0.00677189836279,"funksoulrnb": 0.000276977720205,"jazz": 0.00198904168792,"pop": 0.000532461621333,"raphiphop": 0.000219494235353,"rock": 0.00302638183348},"probability": 0.955580592155,"value": "electronic"},"genre_electronic": {"all": {"ambient": 0.665423631668,"dnb": 0.017032135278,"house": 0.16814018786,"techno": 0.0213009864092,"trance": 0.128103032708},"probability": 0.665423631668,"value": "ambient"},"genre_rosamerica": {"all": {"cla": 0.0211733151227,"dan": 0.0130255650729,"hip": 0.0672902017832,"jaz": 0.111562356353,"pop": 0.227672412992,"rhy": 0.515776157379,"roc": 0.0328975841403,"spe": 0.0106024267152},"probability": 0.515776157379,"value": "rhy"},"genre_tzanetakis": {"all": {"blu": 0.0742027536035,"cla": 0.0412280857563,"cou": 0.0927699357271,"dis": 0.0742273181677,"hip": 0.185581862926,"jaz": 0.185598403215,"met": 0.0742301270366,"pop": 0.123711690307,"reg": 0.0742246285081,"roc": 0.0742251798511},"probability": 0.185598403215,"value": "jaz"},"ismir04_rhythm": {"all": {"ChaChaCha": 0.0996786728501,"Jive": 0.06833358109,"Quickstep": 0.0148804690689,"Rumba-American": 0.0445386208594,"Rumba-International": 0.036653380841,"Rumba-Misc": 0.0219152346253,"Samba": 0.0474261492491,"Tango": 0.401971250772,"VienneseWaltz": 0.25271371007,"Waltz": 0.0118889519945},"probability": 0.401971250772,"value": "Tango"},"mood_acoustic": {"all": {"acoustic": 0.651034653187,"not_acoustic": 0.348965346813},"probability": 0.651034653187,"value": "acoustic"},"mood_aggressive": {"all": {"aggressive": 0.0174021627754,"not_aggressive": 0.982597827911},"probability": 0.982597827911,"value": "not_aggressive"},"mood_electronic": {"all": {"electronic": 0.446649461985,"not_electronic": 0.553350508213},"probability": 0.553350508213,"value": "not_electronic"},"mood_happy": {"all": {"happy": 0.685025155544,"not_happy": 0.314974814653},"probability": 0.685025155544,"value": "happy"},"mood_party": {"all": {"not_party": 0.802929461002,"party": 0.197070524096},"probability": 0.802929461002,"value": "not_party"},"mood_relaxed": {"all": {"not_relaxed": 0.0802959352732,"relaxed": 0.919704079628},"probability": 0.919704079628,"value": "relaxed"},"mood_sad": {"all": {"not_sad": 0.467176944017,"sad": 0.532823085785},"probability": 0.532823085785,"value": "sad"},"moods_mirex": {"all": {"Cluster1": 0.123016245663,"Cluster2": 0.212440758944,"Cluster3": 0.194684624672,"Cluster4": 0.153616026044,"Cluster5": 0.316242337227},"probability": 0.316242337227,"value": "Cluster5"},"timbre": {"all": {"bright": 0.13084064424,"dark": 0.869159340858},"probability": 0.869159340858,"value": "dark"},"tonal_atonal": {"all": {"atonal": 0.311325281858,"tonal": 0.688674688339},"probability": 0.688674688339,"value": "tonal"},"voice_instrumental": {"all": {"instrumental": 0.0615158639848,"voice": 0.93848413229},"probability": 0.93848413229,"value": "voice"}},"metadata": {"audio_properties": {"analysis_sample_rate": 44100,"bit_rate": 876854,"equal_loudness": 0,"length": 246.026672363,"lossless": 1,"replay_gain": -13.0857429504,"sample_rate": 44100,"codec": "alac","downmix": "mix","md5_encoded": "d8c3cce0eafe7e7d4191ea62a54af8ca"},"tags": {"file_name": "1-14 Waarom Nou Jij.m4a","album": ["Onderweg"],"albumartistsort": ["Borsato, Marco"],"artist": ["Marco Borsato"],"artistsort": ["Borsato, Marco"],"asin": ["B0000669OZ"],"barcode": ["731458949626"],"catalognumber": ["589 496-2"],"date": ["1994"],"discnumber": ["1\/2"],"encodedby": ["X Lossless Decoder 20140504, QuickTime 7.7.3"],"genre": ["Nederlands"],"isrc": ["NLA310200004"],"label": ["Polydor"],"language": ["Dutch"],"media": ["CD"],"musicbrainz_albumartistid": ["f07b0d13-ef03-4537-a5b4-9474e71a578f"],"musicbrainz_albumid": ["f30f392d-ce06-453c-b33c-42f74e952d45"],"musicbrainz_artistid": ["f07b0d13-ef03-4537-a5b4-9474e71a578f"],"musicbrainz_recordingid": ["29476ab0-9601-4be9-b20b-35007ecf72bb"],"musicbrainz_releasegroupid": ["8a529b39-1909-37c3-8d83-6a527d963525"],"script": ["Latin"],"title": ["Waarom Nou Jij"],"tracknumber": ["14\/16"]},"version": {"highlevel": {"essentia": "2.1-beta5-dev","essentia_build_sha": "e74af04b57b164eed312abeef4963962215860f0","essentia_git_sha": "v2.1_beta4-499-g4013ebc","extractor": "music 2.0","gaia": "2.4.5","gaia_git_sha": "v2.4.4-44-g95f4851","models_essentia_git_sha": "v2.1_beta1"},"lowlevel": {"essentia": "2.1-beta2","essentia_build_sha": "cead25079874084f62182a551b7393616cd33d87","essentia_git_sha": "v2.1_beta2-1-ge3940c0","extractor": "music 1.0"}}}}