{"highlevel": {"danceability": {"all": {"danceable": 0.992123186588,"not_danceable": 0.0078768087551},"probability": 0.992123186588,"value": "danceable"},"gender": {"all": {"female": 0.333823472261,"male": 0.666176497936},"probability": 0.666176497936,"value": "male"},"genre_dortmund": {"all": {"alternative": 0.0183914806694,"blues": 0.00199082121253,"electronic": 0.975043833256,"folkcountry": 0.00180793413892,"funksoulrnb": 0.000102440411865,"jazz": 0.000419421790866,"pop": 0.000262548855972,"raphiphop": 4.98804365634e-05,"rock": 0.00193161948118},"probability": 0.975043833256,"value": "electronic"},"genre_electronic": {"all": {"ambient": 0.520792543888,"dnb": 0.030802231282,"house": 0.0871229469776,"techno": 0.0164874717593,"trance": 0.344794780016},"probability": 0.520792543888,"value": "ambient"},"genre_rosamerica": {"all": {"cla": 0.00519032683223,"dan": 0.634141027927,"hip": 0.0227084252983,"jaz": 0.00825349800289,"pop": 0.143789798021,"rhy": 0.117551803589,"roc": 0.0638622939587,"spe": 0.00450281286612},"probability": 0.634141027927,"value": "dan"},"genre_tzanetakis": {"all": {"blu": 0.0790551155806,"cla": 0.035117097199,"cou": 0.0632127597928,"dis": 0.0632339939475,"hip": 0.158143803477,"jaz": 0.316540271044,"met": 0.0632839202881,"pop": 0.0632658004761,"reg": 0.0527152828872,"roc": 0.105431981385},"probability": 0.316540271044,"value": "jaz"},"ismir04_rhythm": {"all": {"ChaChaCha": 0.13578940928,"Jive": 0.119863800704,"Quickstep": 0.0252718254924,"Rumba-American": 0.0912086367607,"Rumba-International": 0.0522070974112,"Rumba-Misc": 0.0255581792444,"Samba": 0.119576625526,"Tango": 0.226851701736,"VienneseWaltz": 0.185985535383,"Waltz": 0.0176871865988},"probability": 0.226851701736,"value": "Tango"},"mood_acoustic": {"all": {"acoustic": 0.105764210224,"not_acoustic": 0.894235789776},"probability": 0.894235789776,"value": "not_acoustic"},"mood_aggressive": {"all": {"aggressive": 0.0643769204617,"not_aggressive": 0.935623049736},"probability": 0.935623049736,"value": "not_aggressive"},"mood_electronic": {"all": {"electronic": 0.414054960012,"not_electronic": 0.58594506979},"probability": 0.58594506979,"value": "not_electronic"},"mood_happy": {"all": {"happy": 0.0729900896549,"not_happy": 0.927009880543},"probability": 0.927009880543,"value": "not_happy"},"mood_party": {"all": {"not_party": 0.676712751389,"party": 0.323287218809},"probability": 0.676712751389,"value": "not_party"},"mood_relaxed": {"all": {"not_relaxed": 0.554592132568,"relaxed": 0.445407867432},"probability": 0.554592132568,"value": "not_relaxed"},"mood_sad": {"all": {"not_sad": 0.570833027363,"sad": 0.429166972637},"probability": 0.570833027363,"value": "not_sad"},"moods_mirex": {"all": {"Cluster1": 0.0858202427626,"Cluster2": 0.0925588160753,"Cluster3": 0.48251581192,"Cluster4": 0.186273008585,"Cluster5": 0.152832105756},"probability": 0.48251581192,"value": "Cluster3"},"timbre": {"all": {"bright": 0.221753239632,"dark": 0.778246760368},"probability": 0.778246760368,"value": "dark"},"tonal_atonal": {"all": {"atonal": 0.821594119072,"tonal": 0.178405866027},"probability": 0.821594119072,"value": "atonal"},"voice_instrumental": {"all": {"instrumental": 0.688134074211,"voice": 0.311865895987},"probability": 0.688134074211,"value": "instrumental"}},"metadata": {"audio_properties": {"analysis_sample_rate": 44100,"bit_rate": 0,"equal_loudness": 0,"length": 194.330810547,"lossless": 1,"replay_gain": -7.13303756714,"sample_rate": 44100,"codec": "flac","downmix": "mix","md5_encoded": "c130d673f46a77bed56c744d4561f0f4"},"tags": {"file_name": "10cc - Silly Love(1).flac","acoustid_fingerprint": ["AQADtEmSJPLGJIKiH_9wy8dF4Q8uHz-8CvrxFc8eXEqP8PCkE1cGbw1q5ej6Io0TBdqX4dbxHM-JK44VNFUOjTtOHSd6oiF3PE9wNM_QG_eRZxr6HD-HH3ly7Br8oxMPHT_uwYzyCWdy4XiKKXUa9LnwQT7yXfiFB58yFM1I42GFsNMeqA2PH07DoB1_5Dt6pGoiGXeC5omLQ_dwxgitzGikFbl6XOOHP6GK54HO42JwhRdqNDw-48KPs8ejNIJ-KDR_dGkLMSJrUG2MPsNv9B_C4CfCM4StClXCo8-hhWPwoCd8-vCRX0d4HJpohLkiHBeXg_lxMkihqEOOM0c95UiVaCil48rRH1paWfiDH1-OMGpGlPpxzIxCdD2o_EF4lIebBKUkIfIjCdWJKYmFhzrxnUF-DToRfhyaL8eOZ8eeo_qRa8sOrUdWZsE_hJuyVEaThph1tE6gH5MoBh11pBVRPj6uoT-2XXCXVUSq7EjmoSeajDQeHf2HJtcoPPdwD2G25OjRBxuTo3JONOqSg9EeHNrxH3Uc_KjS5PCvQPvxDDmaOBK604idL7iaY3rywaGOb0EVHtcWHXpw5HgUHY-O6hs2eZEiVEePD_xxHz2O38i3HJchZ22EsMc_XHhxYqfCBcePWh_OZB3eoInRNccpoqpx8iF2PMeP-wg_fCShH48n5AtKC1ce2D3iTLlw3JSgQy_-45nQ79BffEfXTgjT6Amu4wjXEE1MQH_xMPg3CtqRSjd-5IZ76DRy_DhOY3sUEcl-hMl2dO2JXzjhz8GTDrEPPUHjHhWdYro04swJdX9wDnmMM8nBWAvyBz20SAtO4gqtEFeWi-hVoMmX4MSfQFvZwF-OeNkuNEd242g-tBLUK0Mj88iP_7BTnOJxP7C84ORxTEyk40qmBOEjQUxfpH9QKaSm4WEu_ELjodY-4lmH4_oQicpQ-egaIUvyI8-Rn0EpHU2WHHkePqicBfrR4-GDyxGhhROqNEuFWK_wW6hVTLdwHuGhJdVy5Pvw_fiEb9h1XEd45YT54tRxIdfx40Wf4Ti-D3mLRtehWTrCC01PsFWMT3hzlBLx1ELno2vRnCOOH83OaXhmwT8RfniLsvygR-h16MKZC6ciNDzkEqMepP_h40ouPMVl_Bqe7QgziYHaI490NF9-HL1w4ymuomOWE1O647hGhOE0o8dFQ3IE7fphUQ7gbBf04M-gMwt8Ha_hx0NJ3fhwQcuYBzcPq1Lw8RDzLqh1BG8i-HQQN7kgP2h-VJOO_kHj8MGJJpSEHiWTo9H0Bk8yCz2PZjhOK5CXsMOXJFmR_vjwzXhyBV0_NMWHD_mE-zKuKCb6Q4uaHG-M6wjZw39wXbhC5BEP3fiNNE6MLmqCHxd1De6JI8dE9miiSId24T_-E085vMeXXfCP6SnOC48KJj8qSTzOhPih-D7apRwsRkN6PGqL58fWB_3B9_hz9FuP7UEq1od2_A6J8Bac4xdM8rCMZxdC_pCn7EVldUO0o76EXkOzVOFxHfePRj8q6sKP8rngZ8enHHkOecc3pGmP58dz4-5hKaKQWkcNvTua9ygZhXh1QesF5iX-yIjuIkw_tMqhX_iDO1F6NFTw6GiqQw-aoF2iStBeEg9xvkC9pXjx52jGI3xodDy-fHAe4UcZ4gtO418QUkdzQlbx7cg1Ck0O10efEe16uEYo64M2JgryDD_6XESdEM1zvEF4RtByGrmx_cIeXviFF_1WhLmUDVcOXchfvBx6NNPGA_3RVMWZE7kO1UeYDn2MR5bRnCifHLeQT4GKf0P-BQ1zhDoeQZZxSjIaN0ZtH-EPP0NFIScqHn4y9Ie-yLgu5FywUwxuVNE6_MfNwgfTI8cP5jqu4kS-IfOy42eg_eDMI9-O4p_RfEaeRoYeJS8iLxfuC282pN-2Ql1sIf9ROYfr4ngyhHYH1UT4LBY-Hm-KWzyew38w2cnxpQ8uXsiSMT-0c8IeNHkotFHQMWj4DNcjyEwMZxENXcHMX_gO7VLQjJOE80Xz7AgtLiXox6i6o-GOnBmh5UOvI0vC7ega_Hh2nFk6PA_qw2pw4ilYBuH0XFDEaQhz5cKzDKfxo1XR_MQzDX-lofnR54j0oKmSg9O34lr0YIsoCw9y6cGT41eMh8vhOA-eDVdq48jjwfm4QtZ27MmDLyqe4jp-omt-NOGhz3hw_bh0_Md7Yco25dB-YtaR48eLz0dv3OhjIRdnyMkZfD1Ci2NxZDSRq_Bz2HbQ4_pQUsKmHldunE7hH9uWG7Xd4Eep40f4gyf-Q_8xcTPu4Yfa4fkCTam54MT1Bb1HNCeuBfODw9TGI06_oI3h4Tz-x-htHDfy4f2gvfg6PPwQHrmOHplOaTg89uhxYdrhmEefYGdR6safoR7xCl1-uF50WAbzI9-hLxSqhdEk3MKR_nA3_MU__MN7TPmCP_iFW8g_NJ-hWcevo9-RLv2QXzhhK4K2nUNnBY78EQ-UB7_wNBXyo5V-MCzcY3qET6qQL9Ij6LkQ6se1EM72GKXw_OiP5oyHXymSZTlCWcev4mdxpUYbMcVVPI8Ic0RFXfiSEclvhOfx5Ef_CHOHMlU4HJz1I9nmD9MzDWHCxjhzGc90xIZYB3l93AAjmBACGEcINBAABgRSBBEgAGAEEYEQUsQJARBglADlDHPGKEYIkIBiAAyUwCBPDGFUMKCcAcIQcACDDAGCBGCGAGCMcJAQQpiQAihmBCJCIOSYEAADQLQiDgAGiGAAKEikIcJowgAwShiihTSCEAMQEcoAZIwQQgBgIJBGAEEQJNZQYIQQACmqkHAeIWEAFcAwgAwQyABDkCIIEWeIQsZLQixiigRjCBNMoAUAM8IQSikBmhrCFSEOEoaAUIIxCBIwSCAggDBISUIUAApagKACVEggADOCOEakQkYQAARRQAghgEFAACaEAABAJhAjEBADBBHECOEAAUAIIAGDBEADFGIAGQAAQhoRoogADBgCCBCMIYIQMwAAYwQToCykEFCGGACMQEo4B5BgyhBArBGKGAQQEIQjoYhhTGlABACUImWBgoI4AwBCFAAgJDDmGKAIIgYBohUihghnHUACCGSAcsgQApQBQghlFCQOAQAQEUAJAwAxCiQnBBPAGEWUEQgAIwxCQEhCADFCACaEQEQYIQCxADDLhFGACKAMAIQBAgQRCgkBAJASAAQMMAwBgQAAQBAmnDAKKEIBIAwwJBgDyiiChEFCEKoZAA4b4JAQQEhmCEFACMAFAYQZqYACCFDFjSIEAYCUA0AAQIQCHDlAmAEAAWEEQwoBJIwCAGEkgGOIMQCcAAYIQRRQRCgBCDKWCQEVEgwAZAQABgBhCICAAYIQAAAIYICAQghpiCUSKEYBAIIx4ggRgBCoAGBCCCaIEUAIgShBChBjAAKWASIQMAApJIQgCjghCGvKDAAQMYIIJ4AQilgEAAIMIGkVcBQAggAxhDBgmQGAC3MEwMAAYJIRAkBBRGBIMEEYdsABBgEhgCgDAeFAAqUMQcIRQJQkRhEDACCECAeCINgZJAQRjCAhhABUGKSEMII4J4QAggAhDCFEOCYAAhgYAYghAgkA"],"acoustid_id": ["6b68113b-602d-4656-b64a-0408b8b2508a"],"album": ["The Ultimate Collection (disc 1)"],"albumartist": ["10cc"],"albumartistsort": ["10cc"],"artist": ["10cc"],"artistsort": ["10cc"],"asin": ["B00008WT17"],"barcode": ["044006822129"],"catalognumber": ["CCM 068 221-2"],"compilation": ["1"],"date": ["1974"],"discnumber": ["01"],"disctotal": ["03"],"genre": ["Classic Rock", "Pop", "Rock", "Soft rock"],"grouping": ["Classic Rock,Pop,Rock,Soft rock"],"label": ["CCM"],"language": ["English"],"media": ["CD"],"musicbrainz_albumartistid": ["f37c537b-3557-4031-bfd6-ab63ced32854"],"musicbrainz_albumid": ["5df82a16-d542-4760-9361-3d2767b6300f"],"musicbrainz_artistid": ["f37c537b-3557-4031-bfd6-ab63ced32854"],"musicbrainz_discid": ["GFdB54ExboRVr.EwnXrwte6X1a8-"],