{"highlevel": {"danceability": {"all": {"danceable": 0.602086305618,"not_danceable": 0.397913694382},"probability": 0.602086305618,"value": "danceable"},"gender": {"all": {"female": 0.186419025064,"male": 0.813580989838},"probability": 0.813580989838,"value": "male"},"genre_dortmund": {"all": {"alternative": 0.0644918009639,"blues": 0.00931949075311,"electronic": 0.905438363552,"folkcountry": 0.00729659199715,"funksoulrnb": 0.000714813475497,"jazz": 0.00179047789425,"pop": 0.00119233084843,"raphiphop": 0.000655315758195,"rock": 0.00910081807524},"probability": 0.905438363552,"value": "electronic"},"genre_electronic": {"all": {"ambient": 0.28471532464,"dnb": 0.0338378436863,"house": 0.1205130741,"techno": 0.0255285855383,"trance": 0.535405158997},"probability": 0.535405158997,"value": "trance"},"genre_rosamerica": {"all": {"cla": 0.00375861185603,"dan": 0.0567928180099,"hip": 0.0967847779393,"jaz": 0.00778643554077,"pop": 0.0371232181787,"rhy": 0.043002102524,"roc": 0.751997113228,"spe": 0.00275494228117},"probability": 0.751997113228,"value": "roc"},"genre_tzanetakis": {"all": {"blu": 0.0626613423228,"cla": 0.0348169617355,"cou": 0.104475811124,"dis": 0.0784321576357,"hip": 0.15692435205,"jaz": 0.313974827528,"met": 0.0448166541755,"pop": 0.0627359300852,"reg": 0.0627360641956,"roc": 0.0784258767962},"probability": 0.313974827528,"value": "jaz"},"ismir04_rhythm": {"all": {"ChaChaCha": 0.135531708598,"Jive": 0.158510714769,"Quickstep": 0.0192259997129,"Rumba-American": 0.0383617803454,"Rumba-International": 0.0233111418784,"Rumba-Misc": 0.015766011551,"Samba": 0.0559361837804,"Tango": 0.269236117601,"VienneseWaltz": 0.271359652281,"Waltz": 0.0127606820315},"probability": 0.271359652281,"value": "VienneseWaltz"},"mood_acoustic": {"all": {"acoustic": 0.144307330251,"not_acoustic": 0.85569268465},"probability": 0.85569268465,"value": "not_acoustic"},"mood_aggressive": {"all": {"aggressive": 0.470386713743,"not_aggressive": 0.529613316059},"probability": 0.529613316059,"value": "not_aggressive"},"mood_electronic": {"all": {"electronic": 0.309940338135,"not_electronic": 0.690059661865},"probability": 0.690059661865,"value": "not_electronic"},"mood_happy": {"all": {"happy": 0.34223484993,"not_happy": 0.65776515007},"probability": 0.65776515007,"value": "not_happy"},"mood_party": {"all": {"not_party": 0.562681734562,"party": 0.437318265438},"probability": 0.562681734562,"value": "not_party"},"mood_relaxed": {"all": {"not_relaxed": 0.802597224712,"relaxed": 0.197402790189},"probability": 0.802597224712,"value": "not_relaxed"},"mood_sad": {"all": {"not_sad": 0.754277288914,"sad": 0.245722725987},"probability": 0.754277288914,"value": "not_sad"},"moods_mirex": {"all": {"Cluster1": 0.120802931488,"Cluster2": 0.0945234745741,"Cluster3": 0.118727222085,"Cluster4": 0.0574535280466,"Cluster5": 0.608492851257},"probability": 0.608492851257,"value": "Cluster5"},"timbre": {"all": {"bright": 0.529487669468,"dark": 0.470512360334},"probability": 0.529487669468,"value": "bright"},"tonal_atonal": {"all": {"atonal": 0.049842081964,"tonal": 0.950157940388},"probability": 0.950157940388,"value": "tonal"},"voice_instrumental": {"all": {"instrumental": 0.0582744628191,"voice": 0.941725552082},"probability": 0.941725552082,"value": "voice"}},"metadata": {"audio_properties": {"analysis_sample_rate": 44100,"bit_rate": 0,"equal_loudness": 0,"length": 253.373336792,"lossless": 1,"replay_gain": -13.9601306915,"codec": "flac","downmix": "mix","md5_encoded": "67b622bb123356467e6c4ed0a0671db1"},"tags": {"file_name": "2-10 Learning to Live.flac","album": ["Once in a LIVEtime"],"albumartist": ["Dream Theater"],"albumartistsort": ["Dream Theater"],"artist": ["Dream Theater"],"artistsort": ["Dream Theater"],"asin": ["B00000DD27"],"barcode": ["075596230827"],"catalognumber": ["7559-62308-2"],"composer": ["Dream Theater"],"date": ["1998"],"discnumber": ["2"],"disctotal": ["2"],"engineer": ["Rich Alvy", "Ian Dyckoff", "Alex Goodison", "Vinnie Kowalski"],"format": ["CD"],"isrc": ["USEW19800216"],"label": ["EastWest"],"language": ["eng"],"lyricist": ["John Myung"],"media": ["CD"],"musicbrainz_albumartistid": ["28503ab7-8bf2-4666-a7bd-2644bfc7cb1d"],"musicbrainz_albumid": ["55d81be8-4009-432c-9abb-884e92446ac1"],"musicbrainz_albumstatus": ["official"],"musicbrainz_albumtype": ["live"],"musicbrainz_artistid": ["28503ab7-8bf2-4666-a7bd-2644bfc7cb1d"],"musicbrainz_recordingid": ["70b730fd-a204-4ebd-8460-f5607dd3cdd9"],"musicbrainz_releasegroupid": ["3d54b846-c980-3c7d-94f7-0371b60d8dc3"],"musicbrainz_releasetrackid": ["2f074a81-797c-3194-b5a2-6f541128c4f2"],"musicbrainz_sortname": ["Dream Theater"],"musicbrainz_trmid": ["69bfc3e8-2e4d-47f5-bcf4-53ae5d12a387"],"musicbrainz_workid": ["ccb455f2-2a0a-3a92-922f-3df8dd2d1dc0"],"originaldate": ["1998"],"performer": ["John Myung (bass guitar)", "James LaBrie (percussion)", "Derek Sherinian (keyboard)", "Mike Portnoy (drums and percussion)", "John Petrucci (background vocals)", "Mike Portnoy (background vocals)", "John Petrucci (guitars)", "James LaBrie (lead vocals)"],"producer": ["Kevin Shirley"],"releasecountry": ["US"],"releasestatus": ["official"],"releasetype": ["album", "live"],"replaygain_album_gain": ["-8.71 dB"],"replaygain_album_peak": ["0.98855591"],"replaygain_reference_loudness": ["89.0 dB"],"replaygain_track_gain": ["-8.99 dB"],"replaygain_track_peak": ["0.98852539"],"script": ["Latn"],"title": ["Learning to Live"],"totaldiscs": ["2"],"totaltracks": ["11"],"tracknumber": ["10"],"tracktotal": ["11"]},"version": {"highlevel": {"essentia": "2.1-beta5-dev","essentia_build_sha": "e74af04b57b164eed312abeef4963962215860f0","essentia_git_sha": "v2.1_beta4-499-g4013ebc","extractor": "music 2.0","gaia": "2.4.5","gaia_git_sha": "v2.4.4-44-g95f4851","models_essentia_git_sha": "v2.1_beta1"},"lowlevel": {"essentia": "2.1-beta1","essentia_build_sha": "eef087cf131c10083d474ad51def18efd0e38295","essentia_git_sha": "v2.1_beta1-7-ge0e83e8-dirty","extractor": "music 1.0"}}}}