{"highlevel": {"danceability": {"all": {"danceable": 0.715032994747,"not_danceable": 0.284967005253},"probability": 0.715032994747,"value": "danceable"},"gender": {"all": {"female": 0.622126758099,"male": 0.377873271704},"probability": 0.622126758099,"value": "female"},"genre_dortmund": {"all": {"alternative": 0.0407554395497,"blues": 0.0132793309167,"electronic": 0.850574374199,"folkcountry": 0.0337374284863,"funksoulrnb": 0.00671261548996,"jazz": 0.0280484668911,"pop": 0.00467347446829,"raphiphop": 0.00133371097036,"rock": 0.0208851825446},"probability": 0.850574374199,"value": "electronic"},"genre_electronic": {"all": {"ambient": 0.922770559788,"dnb": 0.0175996702164,"house": 0.0296337883919,"techno": 0.0136030763388,"trance": 0.0163928773254},"probability": 0.922770559788,"value": "ambient"},"genre_rosamerica": {"all": {"cla": 0.36587446928,"dan": 0.0137827629223,"hip": 0.0990722626448,"jaz": 0.200685471296,"pop": 0.07379989326,"rhy": 0.131519958377,"roc": 0.0800027325749,"spe": 0.0352624394},"probability": 0.36587446928,"value": "cla"},"genre_tzanetakis": {"all": {"blu": 0.0617713928223,"cla": 0.0343018434942,"cou": 0.102904699743,"dis": 0.0514719486237,"hip": 0.154438391328,"jaz": 0.309046447277,"met": 0.0441263727844,"pop": 0.0772129744291,"reg": 0.0617708563805,"roc": 0.102955065668},"probability": 0.309046447277,"value": "jaz"},"ismir04_rhythm": {"all": {"ChaChaCha": 0.475243359804,"Jive": 0.0948802307248,"Quickstep": 0.0396103523672,"Rumba-American": 0.0190590210259,"Rumba-International": 0.0228743329644,"Rumba-Misc": 0.025252815336,"Samba": 0.110028393567,"Tango": 0.0999728739262,"VienneseWaltz": 0.100088298321,"Waltz": 0.0129903377965},"probability": 0.475243359804,"value": "ChaChaCha"},"mood_acoustic": {"all": {"acoustic": 0.0051433914341,"not_acoustic": 0.994856595993},"probability": 0.994856595993,"value": "not_acoustic"},"mood_aggressive": {"all": {"aggressive": 3.00000096379e-14,"not_aggressive": 1},"probability": 1,"value": "not_aggressive"},"mood_electronic": {"all": {"electronic": 0.951464116573,"not_electronic": 0.0485358834267},"probability": 0.951464116573,"value": "electronic"},"mood_happy": {"all": {"happy": 0.581820845604,"not_happy": 0.418179154396},"probability": 0.581820845604,"value": "happy"},"mood_party": {"all": {"not_party": 0.999978303909,"party": 2.16912849282e-05},"probability": 0.999978303909,"value": "not_party"},"mood_relaxed": {"all": {"not_relaxed": 0.191182896495,"relaxed": 0.808817088604},"probability": 0.808817088604,"value": "relaxed"},"mood_sad": {"all": {"not_sad": 0.917866826057,"sad": 0.0821331813931},"probability": 0.917866826057,"value": "not_sad"},"moods_mirex": {"all": {"Cluster1": 0.0895334780216,"Cluster2": 0.0873083695769,"Cluster3": 0.1689453125,"Cluster4": 0.0618999265134,"Cluster5": 0.592312932014},"probability": 0.592312932014,"value": "Cluster5"},"timbre": {"all": {"bright": 0.0454763062298,"dark": 0.954523682594},"probability": 0.954523682594,"value": "dark"},"tonal_atonal": {"all": {"atonal": 0.97934025526,"tonal": 0.0206597596407},"probability": 0.97934025526,"value": "atonal"},"voice_instrumental": {"all": {"instrumental": 0.863689601421,"voice": 0.136310368776},"probability": 0.863689601421,"value": "instrumental"}},"metadata": {"audio_properties": {"analysis_sample_rate": 44100,"bit_rate": 160000,"equal_loudness": 0,"length": 130.194290161,"lossless": 0,"replay_gain": -1.53279495239,"sample_rate": 44100,"codec": "mp3","downmix": "mix","md5_encoded": "6072929e656bb524f56c093744104ed5"},"tags": {"file_name": "07 - Parliament - If It Don't Fit (Don't Force It).mp3","album": ["Chocolate City"],"artist": ["Parliament"],"date": ["1975"],"musicbrainz_albumid": ["2eea2d29-6c40-4ae8-b194-1405c1da3d57"],"musicbrainz_artistid": ["d1947987-9614-49ae-bd36-8000e6b6f7d0"],"musicbrainz_recordingid": ["e002e19b-d817-4e36-aab3-8d1cd3ad6c8a"],"title": ["If It Don't Fit (Don't Force It)"],"tracknumber": ["07\/9"]},"version": {"highlevel": {"essentia": "2.1-beta5-dev","essentia_build_sha": "e74af04b57b164eed312abeef4963962215860f0","essentia_git_sha": "v2.1_beta4-499-g4013ebc","extractor": "music 2.0","gaia": "2.4.5","gaia_git_sha": "v2.4.4-44-g95f4851","models_essentia_git_sha": "v2.1_beta1"},"lowlevel": {"essentia": "2.1-beta1","essentia_build_sha": "ca57ba49d9b1854bd80e60cf9ccf267278fb7d6b","essentia_git_sha": "v2.1_beta1-28-g21ef5f4-dirty","extractor": "music 1.0"}}}}