{"highlevel": {"danceability": {"all": {"danceable": 0.0333411470056,"not_danceable": 0.966658830643},"probability": 0.966658830643,"value": "not_danceable"},"gender": {"all": {"female": 0.945489883423,"male": 0.0545100979507},"probability": 0.945489883423,"value": "female"},"genre_dortmund": {"all": {"alternative": 0.103273652494,"blues": 0.0458363816142,"electronic": 0.400913774967,"folkcountry": 0.266299724579,"funksoulrnb": 0.00883023720235,"jazz": 0.0758075639606,"pop": 0.0291289445013,"raphiphop": 0.00646482361481,"rock": 0.0634448900819},"probability": 0.400913774967,"value": "electronic"},"genre_electronic": {"all": {"ambient": 0.824389457703,"dnb": 0.0189770683646,"house": 0.106983006001,"techno": 0.0299161374569,"trance": 0.0197343025357},"probability": 0.824389457703,"value": "ambient"},"genre_rosamerica": {"all": {"cla": 0.829415142536,"dan": 0.00348922191188,"hip": 0.0110850678757,"jaz": 0.0493013076484,"pop": 0.0178738068789,"rhy": 0.0366549156606,"roc": 0.00545435817912,"spe": 0.0467261597514},"probability": 0.829415142536,"value": "cla"},"genre_tzanetakis": {"all": {"blu": 0.0121540464461,"cla": 0.00435342919081,"cou": 0.011122206226,"dis": 0.0105361845344,"hip": 0.248276308179,"jaz": 0.630314290524,"met": 0.00388881238177,"pop": 0.0280778184533,"reg": 0.0324237309396,"roc": 0.0188531987369},"probability": 0.630314290524,"value": "jaz"},"ismir04_rhythm": {"all": {"ChaChaCha": 0.00828242022544,"Jive": 0.000864649482537,"Quickstep": 0.00282208714634,"Rumba-American": 0.000896725163329,"Rumba-International": 0.00110951135866,"Rumba-Misc": 0.00186170905363,"Samba": 0.0017341687344,"Tango": 0.73682308197,"VienneseWaltz": 0.230919763446,"Waltz": 0.0146859027445},"probability": 0.73682308197,"value": "Tango"},"mood_acoustic": {"all": {"acoustic": 0.919019043446,"not_acoustic": 0.0809809342027},"probability": 0.919019043446,"value": "acoustic"},"mood_aggressive": {"all": {"aggressive": 0.019097102806,"not_aggressive": 0.980902910233},"probability": 0.980902910233,"value": "not_aggressive"},"mood_electronic": {"all": {"electronic": 0.0452408529818,"not_electronic": 0.954759120941},"probability": 0.954759120941,"value": "not_electronic"},"mood_happy": {"all": {"happy": 0.960554480553,"not_happy": 0.0394455119967},"probability": 0.960554480553,"value": "happy"},"mood_party": {"all": {"not_party": 0.970728993416,"party": 0.0292710065842},"probability": 0.970728993416,"value": "not_party"},"mood_relaxed": {"all": {"not_relaxed": 0.0352934598923,"relaxed": 0.964706540108},"probability": 0.964706540108,"value": "relaxed"},"mood_sad": {"all": {"not_sad": 0.242677003145,"sad": 0.757323026657},"probability": 0.757323026657,"value": "sad"},"moods_mirex": {"all": {"Cluster1": 0.0320785269141,"Cluster2": 0.130899995565,"Cluster3": 0.55312538147,"Cluster4": 0.20560862124,"Cluster5": 0.0782874673605},"probability": 0.55312538147,"value": "Cluster3"},"timbre": {"all": {"bright": 0.3944619596,"dark": 0.605538070202},"probability": 0.605538070202,"value": "dark"},"tonal_atonal": {"all": {"atonal": 0.481296151876,"tonal": 0.518703877926},"probability": 0.518703877926,"value": "tonal"},"voice_instrumental": {"all": {"instrumental": 0.0260570086539,"voice": 0.973942995071},"probability": 0.973942995071,"value": "voice"}},"metadata": {"audio_properties": {"analysis_sample_rate": 44100,"bit_rate": 32000,"equal_loudness": 0,"length": 129.750198364,"lossless": 0,"replay_gain": -12.3736839294,"sample_rate": 44100,"codec": "mp3","downmix": "mix","md5_encoded": "98ddb8efe6c1d7be2723c307ac9d760a"},"tags": {"file_name": "1983990.mp3","album": ["Compass"],"artist": ["Jamie Lidell"],"date": ["2010"],"musicbrainz_recordingid": ["e0f2ca5d-499f-4a1d-80d1-81523cb40398"],"title": ["You See My Light"],"tracknumber": ["14"]},"version": {"highlevel": {"essentia": "2.1-beta5-dev","essentia_build_sha": "e74af04b57b164eed312abeef4963962215860f0","essentia_git_sha": "v2.1_beta4-499-g4013ebc","extractor": "music 2.0","gaia": "2.4.5","gaia_git_sha": "v2.4.4-44-g95f4851","models_essentia_git_sha": "v2.1_beta1"},"lowlevel": {"essentia": "2.1-beta2","essentia_build_sha": "70f2e5ece6736b2c40cc944ad0e695b16b925413","essentia_git_sha": "v2.1_beta2","extractor": "music 1.0"}}}}