{"highlevel": {"danceability": {"all": {"danceable": 0.0371966399252,"not_danceable": 0.9628033638},"probability": 0.9628033638,"value": "not_danceable"},"gender": {"all": {"female": 0.0201077461243,"male": 0.979892253876},"probability": 0.979892253876,"value": "male"},"genre_dortmund": {"all": {"alternative": 0.168294236064,"blues": 0.232154548168,"electronic": 0.0437750555575,"folkcountry": 0.348470330238,"funksoulrnb": 0.010248218663,"jazz": 0.0457873567939,"pop": 0.0275257229805,"raphiphop": 0.00570972682908,"rock": 0.118034809828},"probability": 0.348470330238,"value": "folkcountry"},"genre_electronic": {"all": {"ambient": 0.708084464073,"dnb": 0.0247525349259,"house": 0.220287367702,"techno": 0.020136218518,"trance": 0.0267394036055},"probability": 0.708084464073,"value": "ambient"},"genre_rosamerica": {"all": {"cla": 0.476410806179,"dan": 0.00810789782554,"hip": 0.00997364427894,"jaz": 0.275555342436,"pop": 0.0304376408458,"rhy": 0.156954705715,"roc": 0.0163085609674,"spe": 0.0262514036149},"probability": 0.476410806179,"value": "cla"},"genre_tzanetakis": {"all": {"blu": 0.0626613423228,"cla": 0.0348169617355,"cou": 0.104475811124,"dis": 0.0784321576357,"hip": 0.15692435205,"jaz": 0.313974827528,"met": 0.0448166541755,"pop": 0.0627359300852,"reg": 0.0627360641956,"roc": 0.0784258767962},"probability": 0.313974827528,"value": "jaz"},"ismir04_rhythm": {"all": {"ChaChaCha": 0.0316035374999,"Jive": 0.00611392408609,"Quickstep": 0.0150117697194,"Rumba-American": 0.0186193529516,"Rumba-International": 0.015623674728,"Rumba-Misc": 0.04778675735,"Samba": 0.0125527950004,"Tango": 0.533257961273,"VienneseWaltz": 0.227585479617,"Waltz": 0.0918447673321},"probability": 0.533257961273,"value": "Tango"},"mood_acoustic": {"all": {"acoustic": 0.968216240406,"not_acoustic": 0.0317837633193},"probability": 0.968216240406,"value": "acoustic"},"mood_aggressive": {"all": {"aggressive": 0.00502223847434,"not_aggressive": 0.994977772236},"probability": 0.994977772236,"value": "not_aggressive"},"mood_electronic": {"all": {"electronic": 0.0607085302472,"not_electronic": 0.939291477203},"probability": 0.939291477203,"value": "not_electronic"},"mood_happy": {"all": {"happy": 0.5,"not_happy": 0.5},"probability": 0.5,"value": "happy"},"mood_party": {"all": {"not_party": 0.902073740959,"party": 0.0979262366891},"probability": 0.902073740959,"value": "not_party"},"mood_relaxed": {"all": {"not_relaxed": 0.0606640093029,"relaxed": 0.939336001873},"probability": 0.939336001873,"value": "relaxed"},"mood_sad": {"all": {"not_sad": 0.0909462794662,"sad": 0.909053742886},"probability": 0.909053742886,"value": "sad"},"moods_mirex": {"all": {"Cluster1": 0.0872961953282,"Cluster2": 0.599932789803,"Cluster3": 0.0744812339544,"Cluster4": 0.202934354544,"Cluster5": 0.035355437547},"probability": 0.599932789803,"value": "Cluster2"},"timbre": {"all": {"bright": 0.354316622019,"dark": 0.645683348179},"probability": 0.645683348179,"value": "dark"},"tonal_atonal": {"all": {"atonal": 0.883074402809,"tonal": 0.11692558974},"probability": 0.883074402809,"value": "atonal"},"voice_instrumental": {"all": {"instrumental": 0.001278557349,"voice": 0.998721420765},"probability": 0.998721420765,"value": "voice"}},"metadata": {"audio_properties": {"analysis_sample_rate": 44100,"bit_rate": 0,"equal_loudness": 0,"length": 139.133331299,"lossless": 1,"replay_gain": -11.7933368683,"sample_rate": 44100,"codec": "flac","downmix": "mix","md5_encoded": "d148b40847d5bc0eb345faae6ac59f4c"},"tags": {"file_name": "2-19 A Stone's Throw Away.flac","acoustid_id": ["9f742e20-0e4b-4922-a263-62bb53784dd9"],"album": ["The Complete Adventures of The Style Council"],"albumartist": ["The Style Council"],"albumartistsort": ["Style Council, The"],"artist": ["The Style Council"],"artistsort": ["Style Council, The"],"asin": ["B00000G6H5"],"barcode": ["731455778922"],"bpm": ["111.122009277"],"catalognumber": ["557 789-2"],"composer": ["Paul Weller"],"composersort": ["Weller, Paul"],"date": ["1998-10-26"],"discnumber": ["2"],"discsubtitle": ["557 791-2"],"disctotal": ["5"],"genre": ["Pop Rock", "Synth-pop"],"grouping": ["Electronic", "Jazz", "Rock"],"label": ["Polydor"],"language": ["eng"],"lyricist": ["Paul Weller"],"media": ["CD"],"mood": ["sad", "bright", "relaxed"],"musicbrainz_albumartistid": ["34e56f20-ddda-48c9-a4bb-6bb12df57de0"],"musicbrainz_albumid": ["0969cef4-1f7e-45a5-9e6f-02b69d656140"],"musicbrainz_artistid": ["34e56f20-ddda-48c9-a4bb-6bb12df57de0"],"musicbrainz_recordingid": ["e0fbe883-cfa9-4024-a86f-4d63a4d2e05d"],"musicbrainz_releasegroupid": ["e4821253-31e5-3921-8aac-b877c6ba5ecb"],"musicbrainz_releasetrackid": ["4f4f4187-65af-3867-9f7a-a27bda059963"],"musicbrainz_workid": ["989cac50-0539-4b06-adb5-5a76b09425c9"],"originaldate": ["1998-10-26"],"originalyear": ["1998"],"releasecountry": ["GB"],"releasestatus": ["official"],"releasetype": ["album", "compilation"],"script": ["Latn"],"title": ["A Stone's Throw Away"],"totaldiscs": ["5"],"totaltracks": ["21"],"tracknumber": ["19"],"tracktotal": ["21"],"work": ["A Stone’s Throw Away"]},"version": {"highlevel": {"essentia": "2.1-beta5-dev","essentia_build_sha": "e74af04b57b164eed312abeef4963962215860f0","essentia_git_sha": "v2.1_beta4-499-g4013ebc","extractor": "music 2.0","gaia": "2.4.5","gaia_git_sha": "v2.4.4-44-g95f4851","models_essentia_git_sha": "v2.1_beta1"},"lowlevel": {"essentia": "2.1-beta2","essentia_build_sha": "70f2e5ece6736b2c40cc944ad0e695b16b925413","essentia_git_sha": "v2.1_beta2","extractor": "music 1.0"}}}}