{"highlevel": {"danceability": {"all": {"danceable": 0.240803971887,"not_danceable": 0.759196043015},"probability": 0.759196043015,"value": "not_danceable"},"gender": {"all": {"female": 0.256873995066,"male": 0.743125975132},"probability": 0.743125975132,"value": "male"},"genre_dortmund": {"all": {"alternative": 0.000554844620638,"blues": 2.60035230895e-05,"electronic": 0.999179363251,"folkcountry": 8.83115862962e-05,"funksoulrnb": 1.54730946633e-06,"jazz": 5.83056353207e-05,"pop": 4.5178653636e-06,"raphiphop": 3.14118608458e-07,"rock": 8.67649432621e-05},"probability": 0.999179363251,"value": "electronic"},"genre_electronic": {"all": {"ambient": 0.433502793312,"dnb": 0.00826082751155,"house": 0.227025717497,"techno": 0.0308141615242,"trance": 0.300396502018},"probability": 0.433502793312,"value": "ambient"},"genre_rosamerica": {"all": {"cla": 0.259501904249,"dan": 0.0250830370933,"hip": 0.105909667909,"jaz": 0.113730192184,"pop": 0.0487413927913,"rhy": 0.243619695306,"roc": 0.12371840328,"spe": 0.0796956941485},"probability": 0.259501904249,"value": "cla"},"genre_tzanetakis": {"all": {"blu": 0.0454619899392,"cla": 0.0300153214484,"cou": 0.0902154222131,"dis": 0.0679893642664,"hip": 0.273280978203,"jaz": 0.270782768726,"met": 0.0386426337063,"pop": 0.054094363004,"reg": 0.0678001642227,"roc": 0.0617170073092},"probability": 0.273280978203,"value": "hip"},"ismir04_rhythm": {"all": {"ChaChaCha": 0.0291016995907,"Jive": 0.0669991075993,"Quickstep": 0.00763092888519,"Rumba-American": 0.00750807812437,"Rumba-International": 0.00533229485154,"Rumba-Misc": 0.00407918402925,"Samba": 0.0123769473284,"Tango": 0.818912506104,"VienneseWaltz": 0.0438225083053,"Waltz": 0.00423676706851},"probability": 0.818912506104,"value": "Tango"},"mood_acoustic": {"all": {"acoustic": 0.356666713953,"not_acoustic": 0.643333315849},"probability": 0.643333315849,"value": "not_acoustic"},"mood_aggressive": {"all": {"aggressive": 0.223208248615,"not_aggressive": 0.776791751385},"probability": 0.776791751385,"value": "not_aggressive"},"mood_electronic": {"all": {"electronic": 0.302838504314,"not_electronic": 0.697161495686},"probability": 0.697161495686,"value": "not_electronic"},"mood_happy": {"all": {"happy": 0.368597537279,"not_happy": 0.631402432919},"probability": 0.631402432919,"value": "not_happy"},"mood_party": {"all": {"not_party": 0.552924931049,"party": 0.447075098753},"probability": 0.552924931049,"value": "not_party"},"mood_relaxed": {"all": {"not_relaxed": 0.634557127953,"relaxed": 0.36544290185},"probability": 0.634557127953,"value": "not_relaxed"},"mood_sad": {"all": {"not_sad": 0.713091492653,"sad": 0.286908537149},"probability": 0.713091492653,"value": "not_sad"},"moods_mirex": {"all": {"Cluster1": 0.0917837843299,"Cluster2": 0.101344540715,"Cluster3": 0.258419156075,"Cluster4": 0.132150918245,"Cluster5": 0.416301608086},"probability": 0.416301608086,"value": "Cluster5"},"timbre": {"all": {"bright": 0.738800883293,"dark": 0.261199086905},"probability": 0.738800883293,"value": "bright"},"tonal_atonal": {"all": {"atonal": 0.5,"tonal": 0.5},"probability": 0.5,"value": "tonal"},"voice_instrumental": {"all": {"instrumental": 0.533599555492,"voice": 0.466400414705},"probability": 0.533599555492,"value": "instrumental"}},"metadata": {"audio_properties": {"analysis_sample_rate": 44100,"bit_rate": 197843,"equal_loudness": 0,"length": 475.583984375,"lossless": 0,"replay_gain": -7.28837776184,"sample_rate": 48000,"codec": "mp3","downmix": "mix","md5_encoded": "62afdf00b1aca4ae9493da28bfe622c0"},"tags": {"file_name": "10 - Steppin' Out (Gilman Demo).mp3","album": ["Seedy"],"albumartist": ["Operation Ivy"],"albumartistsort": ["Operation Ivy"],"artist": ["Operation Ivy"],"artistsort": ["Operation Ivy"],"artistwebpage": ["www.HxCTeam.tk"],"asin": ["B00004TWGD"],"catalognumber": ["KARCD-1"],"date": ["1993"],"discnumber": ["1\/1"],"genre": ["Ska"],"label": ["Karma Kredit"],"length": ["475000"],"media": ["CD"],"musicbrainz album release country": ["CA"],"musicbrainz album status": ["official"],"musicbrainz album type": ["album\/compilation"],"musicbrainz_albumartistid": ["931e1d1f-6b2f-4ff8-9f70-aa537210cd46"],"musicbrainz_albumid": ["e2df526e-16ae-4627-9b0c-ceec05d1a220"],"musicbrainz_artistid": ["931e1d1f-6b2f-4ff8-9f70-aa537210cd46"],"musicbrainz_recordingid": ["d134b663-2343-4f57-b0a8-71f949e9672b"],"musicbrainz_releasegroupid": ["c85c3f71-11c7-36b3-ab91-5f45a6e7dbcb"],"originaldate": ["1993"],"script": ["Latn"],"title": ["Steppin' Up"],"tracknumber": ["10\/11"]},"version": {"highlevel": {"essentia": "2.1-beta5-dev","essentia_build_sha": "e74af04b57b164eed312abeef4963962215860f0","essentia_git_sha": "v2.1_beta4-499-g4013ebc","extractor": "music 2.0","gaia": "2.4.5","gaia_git_sha": "v2.4.4-44-g95f4851","models_essentia_git_sha": "v2.1_beta1"},"lowlevel": {"essentia": "2.1-beta2","essentia_build_sha": "70f2e5ece6736b2c40cc944ad0e695b16b925413","essentia_git_sha": "v2.1_beta2","extractor": "music 1.0"}}}}