{"highlevel": {"danceability": {"all": {"danceable": 0.477625340223,"not_danceable": 0.522374629974},"probability": 0.522374629974,"value": "not_danceable"},"gender": {"all": {"female": 0.443381547928,"male": 0.556618452072},"probability": 0.556618452072,"value": "male"},"genre_dortmund": {"all": {"alternative": 0.128703266382,"blues": 0.0469533912838,"electronic": 0.58189034462,"folkcountry": 0.134033977985,"funksoulrnb": 0.0067347814329,"jazz": 0.0160548891872,"pop": 0.0167063549161,"raphiphop": 0.0046333456412,"rock": 0.0642896294594},"probability": 0.58189034462,"value": "electronic"},"genre_electronic": {"all": {"ambient": 0.526548862457,"dnb": 0.0441251769662,"house": 0.275023937225,"techno": 0.0293486192822,"trance": 0.124953381717},"probability": 0.526548862457,"value": "ambient"},"genre_rosamerica": {"all": {"cla": 0.0416835807264,"dan": 0.0210576802492,"hip": 0.0149708669633,"jaz": 0.0237648915499,"pop": 0.223040029407,"rhy": 0.244596526027,"roc": 0.422965168953,"spe": 0.0079212570563},"probability": 0.422965168953,"value": "roc"},"genre_tzanetakis": {"all": {"blu": 0.0626613423228,"cla": 0.0348169617355,"cou": 0.104475811124,"dis": 0.0784321576357,"hip": 0.15692435205,"jaz": 0.313974827528,"met": 0.0448166541755,"pop": 0.0627359300852,"reg": 0.0627360641956,"roc": 0.0784258767962},"probability": 0.313974827528,"value": "jaz"},"ismir04_rhythm": {"all": {"ChaChaCha": 0.108883731067,"Jive": 0.0798220485449,"Quickstep": 0.0100794853643,"Rumba-American": 0.00853041745722,"Rumba-International": 0.0208654291928,"Rumba-Misc": 0.0104257808998,"Samba": 0.0227518398315,"Tango": 0.075463026762,"VienneseWaltz": 0.656491935253,"Waltz": 0.00668631400913},"probability": 0.656491935253,"value": "VienneseWaltz"},"mood_acoustic": {"all": {"acoustic": 0.0802504569292,"not_acoustic": 0.919749557972},"probability": 0.919749557972,"value": "not_acoustic"},"mood_aggressive": {"all": {"aggressive": 7.0697986132e-08,"not_aggressive": 0.999999940395},"probability": 0.999999940395,"value": "not_aggressive"},"mood_electronic": {"all": {"electronic": 0.145998597145,"not_electronic": 0.854001402855},"probability": 0.854001402855,"value": "not_electronic"},"mood_happy": {"all": {"happy": 0.738556444645,"not_happy": 0.261443525553},"probability": 0.738556444645,"value": "happy"},"mood_party": {"all": {"not_party": 0.988661587238,"party": 0.011338384822},"probability": 0.988661587238,"value": "not_party"},"mood_relaxed": {"all": {"not_relaxed": 0.388639271259,"relaxed": 0.611360728741},"probability": 0.611360728741,"value": "relaxed"},"mood_sad": {"all": {"not_sad": 0.555224835873,"sad": 0.444775164127},"probability": 0.555224835873,"value": "not_sad"},"moods_mirex": {"all": {"Cluster1": 0.152162373066,"Cluster2": 0.356597989798,"Cluster3": 0.227982401848,"Cluster4": 0.128255367279,"Cluster5": 0.135001853108},"probability": 0.356597989798,"value": "Cluster2"},"timbre": {"all": {"bright": 0.996401846409,"dark": 0.00359816127457},"probability": 0.996401846409,"value": "bright"},"tonal_atonal": {"all": {"atonal": 0.00937170442194,"tonal": 0.990628302097},"probability": 0.990628302097,"value": "tonal"},"voice_instrumental": {"all": {"instrumental": 0.38051867485,"voice": 0.61948132515},"probability": 0.61948132515,"value": "voice"}},"metadata": {"audio_properties": {"analysis_sample_rate": 44100,"bit_rate": 0,"equal_loudness": 0,"length": 198.266662598,"lossless": 1,"replay_gain": -15.2551231384,"sample_rate": 44100,"codec": "flac","downmix": "mix","md5_encoded": "e4d7617df4d8f923705af3887d84e5f4"},"tags": {"file_name": "03-Coulibaly.flac","acoustid_fingerprint": ["AQABz8kSRUrURENDDs_h7sMPHyesHRdpNEfL5ejRdDv6BM2Xo2sWNIzwhoaPLzyao1YWozn6LEejiWiXHS_jwVzwwlWu4D18nLB2XFyM_mjI4Xng7jj8B5_Cw7hIo0HL5ejRfEdF5wgTRzl6Bo16vMk8wT-uEI00dA2RLEf4pRUaRT6-HM1xJ8fHHUbiFPGOC68nwd3xGx-OtMedCHmXHO-D6rIMc_AYXB9eFmkO7dnxHck7_CkFLz-Ow1eOP0cuCXp25DkaBfVaNMcTHX6PnqLxJUfeI3mOhyOaKHvw6-jxE4f14w1i5S7qb3D-DH0IXTlO5D18hDqa77gcaCXCXDhePHDGHM_w23hCGfkuoYfoI6-DS-Hx48SPF7mOjsmgC-cW_BsuXciz7Aifww9xVNwMNY6OniHSo-kxH2Wqwj_6HFNOhD_6ZCW0OETs6Pgxn-iPX0KuHy_U6_iRLkcpZVzwIW8ghttx5MwS4U03VFMyo9mRKzR6fTC0F_XgTaygHWeFfmiiBX_Q82ieHN-NiM-ORyXOB2jqFD2pIV8O_chz1IevosU35FOGZE-H5hN-YtfxvcgfNGkWD_Ie9Mkwk_gv1A8aJ4Q-VMe_5eh1QUfDH121QlWFU4qRL_hy9LgDn0SpIflR60SY48cv_EdohYMWsUb0cniOXyWCM2A2Gx6P7ywuDffhSjp6XDf0hUaj0kKpO7igaknQt4Gkh8KhH_ehh0dfNMmPyp0GnUsFs0fOjMSLWyO2XjgvIc-OSmQm45GIRx2OCrfi4COuHF2O5vuh52jO48GvCWIOHz_RcNRxKdCFPUeeHdXiwzeOnCt0V3B9hN-FD7wUnBcsXXhrgV4y9IfNB9-RfjhEaw6qKe3QFU30FvtCQsvkiuiTI-9xW2iOsDuuHfLRR8rhH34E7fiPjzmeoT-aX9CT-GjOo5RyXDL6HI6YC7rQF3nw5RhffMg3JcOjHIpIyYfDXTh-fNDVDnd4lOfRifCJazDHB28ihMcbEdduPMfD48_RINmPfD_6HO6FC9Vx5ciPhG9wrXh8PNgR5jm0ZeHR79gYc8SpQ96Pw6mIHP-GlNIM6EeTjcezQs6PS5Jy5EpOXMIf9Aya9Uh-5EcToj_-4ReR64eWB-FYEXN6_PiFHHoP5kV6ZN10PId-pEKPPrjgSMoRHgqPI9ci4-Qt_Cf-4Fwc5OTxR9CeI8xIPBeOZzFRSnzRPB-O0xq6H2GOJ8xwSziPK9lRiVMBKowl2knBhQIIEAGMAEgII5hhRDsplKHCWMAEEUIJQIhwAihEinACCSOAJkwxgTkFwBAkkHBICAEhMAgRUhwgQiAhHWUCEGEIMMgxQxQhAEChCABAKAIckBgJRjhiYCgBKCGCKqKYcQ4KYxkgAAlBAAKMCKOgIkAI4AQQWgBglABAAOAEA0kIgbARQHBHEBNEEAEAIgQJgwBIxDIAgAAQASOEUEgAoYQECAAggiKECI6A0QQEZZAgEAjKBEMAEAWABUIIKoxBiggDGGBACEYZMIIopohRCAsBjACCEYEEgIYQA4AkRBwDBHAEGAeEEcYIU4wQyiGJACEAAQQ4EcAoQRRCBgGBvEKEKISMc4AoIiyDngAgEOaAMCKQkAoAY7AQhAiFqENQCaCEYBYZIgAxwIlFCLHCAQMUAYQCoQhGWhBhDRAAAEAkEygJRAERSAnBoSBNCAEEI9IIoJhA1DAGAOHAGKUAgYYA"],"acoustid_id": ["683a8e35-d365-4492-9110-caee39ef5cd7"],"album": ["Dimanche à Bamako"],"albumartist": ["Amadou & Mariam"],"albumartistsort": ["Amadou & Mariam"],"artist": ["Amadou & Mariam"],"artistsort": ["Amadou & Mariam"],"asin": ["B0009K7RL6"],"barcode": ["3596971999520"],"bpm": ["110"],"catalognumber": ["79912-2"],"compilation": ["false"],"composer": ["Amadou Bagayoko"],"composersort": ["Bagayoko, Amadou"],"date": ["2005"],"discnumber": ["01"],"disctotal": ["01"],"genre": ["International > Afro-Pop"],"initialkey": ["E"],"isrc": ["FR91P0400030"],"label": ["Nonesuch"],"language": ["French"],"lyricist": ["Amadou Bagayoko"],"musicbrainz_albumartistid": ["1fb60b6c-0f4d-42b4-8a5e-de705ec76660"],"musicbrainz_albumid": ["8cfc86aa-56d3-3e73-a45f-63e0567d0c9c"],"musicbrainz_artistid": ["1fb60b6c-0f4d-42b4-8a5e-de705ec76660"],"musicbrainz_discid": ["BXxnopm9aCTONCIe0i_TuL6UvpA-", "GMpDKUTlYKSr2I1kx7uYZmmUqrY-", "TfJBbNwraThEDV7OC3EIMqHDLP4-"],"musicbrainz_recordingid": ["d1905306-2540-4104-8887-37d0662b2812"],"musicbrainz_releasegroupid": ["9d539a6e-3426-3c87-94f0-347a9b657f7a"],"musicip_puid": ["fc3cba17-3b32-7d3f-3d46-10ae3d0045db"],"producer": ["Manu Chao"],"releasecountry": ["ML"],"releasestatus": ["official"],"releasetype": ["album"],"script": ["Latin"],"title": ["Coulibaly"],"totaltracks": ["15"],"tracknumber": ["03"],"tracktotal": ["15"]},"version": {"highlevel": {"essentia": "2.1-beta5-dev","essentia_build_sha": "e74af04b57b164eed312abeef4963962215860f0","essentia_git_sha": "v2.1_beta4-499-g4013ebc","extractor": "music 2.0","gaia": "2.4.5","gaia_git_sha": "v2.4.4-44-g95f4851","models_essentia_git_sha": "v2.1_beta1"},"lowlevel": {"essentia": "2.1-beta2","essentia_build_sha": "c0e182ba78c2de26e491b7b7a4a2c98c1ed34208","essentia_git_sha": "v2.1_beta2-2-gbb40004","extractor": "music 1.0"}}}}