{"highlevel": {"danceability": {"all": {"danceable": 0.633355855942,"not_danceable": 0.366644114256},"probability": 0.633355855942,"value": "danceable"},"gender": {"all": {"female": 0.0266979876906,"male": 0.973302006721},"probability": 0.973302006721,"value": "male"},"genre_dortmund": {"all": {"alternative": 0.0429859906435,"blues": 0.00814430136234,"electronic": 0.920696854591,"folkcountry": 0.0140943871811,"funksoulrnb": 0.000759255257435,"jazz": 0.00215042522177,"pop": 0.000978695810772,"raphiphop": 0.000530236342456,"rock": 0.00965983048081},"probability": 0.920696854591,"value": "electronic"},"genre_electronic": {"all": {"ambient": 0.464532673359,"dnb": 0.0166624169797,"house": 0.0711078345776,"techno": 0.00754437921569,"trance": 0.440152704716},"probability": 0.464532673359,"value": "ambient"},"genre_rosamerica": {"all": {"cla": 0.00749250594527,"dan": 0.0178788285702,"hip": 0.00980856828392,"jaz": 0.0153457960114,"pop": 0.49682110548,"rhy": 0.0239511355758,"roc": 0.425753623247,"spe": 0.00294846156612},"probability": 0.49682110548,"value": "pop"},"genre_tzanetakis": {"all": {"blu": 0.0620671063662,"cla": 0.034474901855,"cou": 0.103433981538,"dis": 0.0620971247554,"hip": 0.15527240932,"jaz": 0.310666948557,"met": 0.044346679002,"pop": 0.0620793737471,"reg": 0.0620816536248,"roc": 0.103479810059},"probability": 0.310666948557,"value": "jaz"},"ismir04_rhythm": {"all": {"ChaChaCha": 0.221507593989,"Jive": 0.184645652771,"Quickstep": 0.0330749005079,"Rumba-American": 0.0529506579041,"Rumba-International": 0.0711615681648,"Rumba-Misc": 0.0266733113676,"Samba": 0.0688524097204,"Tango": 0.146383881569,"VienneseWaltz": 0.174170717597,"Waltz": 0.0205793138593},"probability": 0.221507593989,"value": "ChaChaCha"},"mood_acoustic": {"all": {"acoustic": 0.0609133280814,"not_acoustic": 0.939086675644},"probability": 0.939086675644,"value": "not_acoustic"},"mood_aggressive": {"all": {"aggressive": 0.340356171131,"not_aggressive": 0.659643828869},"probability": 0.659643828869,"value": "not_aggressive"},"mood_electronic": {"all": {"electronic": 0.643659472466,"not_electronic": 0.356340557337},"probability": 0.643659472466,"value": "electronic"},"mood_happy": {"all": {"happy": 0.293007582426,"not_happy": 0.706992387772},"probability": 0.706992387772,"value": "not_happy"},"mood_party": {"all": {"not_party": 0.565777003765,"party": 0.434223026037},"probability": 0.565777003765,"value": "not_party"},"mood_relaxed": {"all": {"not_relaxed": 0.60421282053,"relaxed": 0.395787149668},"probability": 0.60421282053,"value": "not_relaxed"},"mood_sad": {"all": {"not_sad": 0.715638577938,"sad": 0.284361451864},"probability": 0.715638577938,"value": "not_sad"},"moods_mirex": {"all": {"Cluster1": 0.101615227759,"Cluster2": 0.106860183179,"Cluster3": 0.244542300701,"Cluster4": 0.202254638076,"Cluster5": 0.344727665186},"probability": 0.344727665186,"value": "Cluster5"},"timbre": {"all": {"bright": 0.631627857685,"dark": 0.368372172117},"probability": 0.631627857685,"value": "bright"},"tonal_atonal": {"all": {"atonal": 0.59868979454,"tonal": 0.401310175657},"probability": 0.59868979454,"value": "atonal"},"voice_instrumental": {"all": {"instrumental": 0.87455868721,"voice": 0.125441327691},"probability": 0.87455868721,"value": "instrumental"}},"metadata": {"audio_properties": {"analysis_sample_rate": 44100,"bit_rate": 192021,"equal_loudness": 0,"length": 241.815505981,"lossless": 0,"replay_gain": -5.51215934753,"sample_rate": 44100,"codec": "mp3","downmix": "mix","md5_encoded": "23eacedb97295748d5104841e972194f"},"tags": {"file_name": "George Thorogood & The Destroyers - Help Me.mp3","acoustid_fingerprint": ["AQADtJKy6FISKTiFJ8eboCfRhE_w-sR3JMjRDJOUSMcz4-KLV_iDK0dy5NtxfDl8EzzTDD9uJIi1CM3S7AJj4TvyCvoRUT2eDIef48dz_NiPBz_yZGCe42SCDz76r3h-4ufRD03MHD9xOUWTrjpOeFyOvGGFSjdeR2iTzfAlHHnGQ6cQKnoYBT8KlwdzpviPLA076BEqkQ_y5hFONnhH1Icf5ExwQ43-4K8QXkcOnhV0_AiTragS5sEjPM2Gq0d4iBzRJ0Z-XKmC7wpqBVnCRcdZqEeDdsfPET6t4Md3_GjyoBqXCLyGP8V9NCqqMTd2JTt6XGIOf4TGByGT7TGaJjxu5pieSwhzhYTq5ciXgI-FX0J9K2h84SGySYshP-EQMlF24pQlHK06XGKMB8nWFWFydXieHWceoKlC1MmRH1zSI5Z1fMuDJzmOkE-hZRmPI4-FmxaqJEaYHj-kF1lyopSGH02c5aii6IzwEaey4Toq03DS5GAe3E-GX8gPjTuRFtT1YLry4FIiIcf1Bnp0NEfHL_iFK9Ly4YeWM0eZc8NuMI6cCVpy9LvR5NAT5fjxC15eXDyuxQlOHd1zSElknJOLP5OCizEah0bF40flon-GfBfx5DilojwaLixiLxtILVDoBz9CR4drVGmNatgZhNfxHMqF-A6a5EdfCm_Q_mieGLmKKzK-6MiPPmieHU-CdTjzIM13PMfFQEeTg1mHOzuuYPJh58R9eCSFXugZKkFTa4GeBKFYNDpGMSueXfhROcfL5HCcPwgPPclw6QgzTsJzPHoRJtaDK8kOnR7C40-KhscT4zz-HKVsBfkOMTtyvPjC4NSCPscf5NExTj3qY_tRbYfcSKiOHH8-lNI-PM0W8BJi_dCiIpSzB5d6PDqP_miOuzuyJRb0XHhUXEd4W2jaEw96hLmUCfyTwOkekI9QSmiWRSMufELX4hmJ5wuhK8nQVEyLH7L2YVQXIneHL8fj44kSCfuF8MchhgpRhaGPg0c17WjU7LiE_tASMxdoJXXQ_EKf6HiPpkeV4uFx_EHm0UcPc0czUjiRP8WDC7UDJsg9_HSCk-iUsQeTLQ9-JDtyHk0uPA-ujcIphQzMhcdu6uiPhj1-E42Deqpw6h1CbcyQNPmmYPqDC8wTopnw40sUjWi3oGLz4Omxzi7CS1CUh8hL_PgT8KuEMB20Rwi9w7uE80ITOiPO3TiVIn-hFVmyB19unOGI2saX40eaKz6uwx-0F5cf9EearDmuqURoSWjxG77wNHug_ggf8MgPzTmO_IWTZjkqH7c2PNuOFj7CZ_j2QVpyUUG-ow8OV0GzJUvxxBzyHJrSI1LyZJNwUR6ePHgm9BF83EH-4XseXCIXhFx0HO8jzKeCpmLQM0ecKdCYw9GN7DvcnENo9Uezo1qUTcGzHJV0-DCHXj-uHJz0FHmYoyeaUOkkXMN1IYfzDXqYBM-NX-DjwPWDL4EupB-u5_jh48nxFa6YHHk-JOqP5_hy_I-CK0vRREqJdsezFNVOdLHy4LzwJC1xNPvRZ8d_xKcH7Uc-EfvhGzu6ucf34CM15MqDz9BjovGG0NtxPKD64jmu7EPzFO1SnBeyG_rwK0R_ovlxSnSQH3eCtMe5FM8DTS6uIy-YnMRTBfmeo5mUQ-s9ND_KHI-PXHmGJpaF8ImG84fEhMe_HLkoJoHdTDg-XSgffMxRLeIjnCFOhUPDH8l-xAeX5uCjPGiHL9ULi6Xw4zm2i2gqJriGXE-g6wh7YUpO4VGU5ehhp_ATOpieVsdjIgwjptCOMEU1Lgqq8EJTdUuCG_8ROoN46sgxKcfN47yCKT_6FxeJW5h45AyhPfnwY9rTIPWOSkLkfLgzQ3uwqSdy40dl4nqRR9ASPH-MNDv6WPgTCiFXClNKQecyxLrQXbHgiDw-4cTxwA9CGmoTVkEYlR0qyceFhkf5HVcivDqYJNtS4eTR0Dl-EY1JPMf9o0l640dtwc6RQ3R4I_xwTprwpMd1Db_wg7mNpj9yqGJi5EpFVB3qp8iJZE_RrDsxPz0eTbgV4gzH4MOlXBn848J1VPtgGWEi7Qr0SCTyHy8afsOPUMPTHHqDEP5xHelZYTo0Zc4kRIu0UQr6F_Pa4DmagZGPL0JMjYN2-C2Rq-jDCqUOv0XP44yDH0cy6UGqH71CXMlR9Yng83CIUg_yzNPxg7xwCY4oHXl-9Dma6UFOCmGeF_0RP8eTh2AzHTf-QXlCI8ykoz3Oo0oZfFkwXWzwkJJwhDfEH6FGPEX_BFl_XC9Ez0eewzsOJ-0wiUr04D1CXxBRPsiXGUd77CdqH1UPc1yRMRIzQdIRP4fPBhV3nIpYnBODf0f4w4NCZ0I4rRFxkcfsI5_w5GjGZIZ24Alz4uZTPGmK-ofIHz1T3MF14VcOXXnQfIgPn5nQEyWTH82xfyHKNR-uXDj6LJj0E96LfhZe5cGRQ7OO9PJQTUeViYEfwb-E-riOXIfWQ8WbI82D3uCxf2j2CdcRxjQuphzU58dbw9Ghf3ic42guaEuo5Lh_rC940UlgK0qhPEKe6WhWHj3843Yi_EeYKjmSXScuH-dxXyIqM2jqCx_x49WO3Wgeg_3hZFGOE36GvjnOK8g5MIm6HJrS9Ch-PEKtBcdl4dGuQ88ZKDf6JsOUXjku4uFQ5djiQ6w5hI9m7Mdv_MHjJchyNOfRKwqypMUTVEKjX_jCB6V-NE4bJNORPjsYudFxE3_wCyCII0YBgRCAEBFLAWAAKKgUINQJ5AiFgAhICFIKUSIUJWAAB6AWhgBADCBAEAKAAwgxqxACwAJgAIACCKCUEQAIQgwwghCGPCKACWkgUEhIAgBQSihDCJYEKQOIJkoIIQARgAhCmACICEIIcYIAQBBikEAEEMJCOAkUMQJQAIRC0gmFgEIEMQAIYAY4QMxhBhiqABJOCCGAURgphoQCBihDBDKCMMAEMkgppgQEiAotJCAKEGQUQJApoAwDQCCFoAYEWoCQFQYQwRARAABLEGACCEAIUQRQRgAwADDmEEGCAAoUUUQpIw0ABhEmABEIAEIEEMAwZABgCgBkDBSNKECQNMQYwIxRTgoEBMDCASAEBEoxBpESQlImQIRAEGIQEMwJhBABAgBFCSFACIQAk0YoYAAAChIChGJAACAAZIQAJZAQSBBAABMCEAGAQABBwwghADCEhBIACQcQJIoQQ4yiCACgAACEIQMMAE4QAgCAAlspBCEWACEUElIAwRxgghAFGIDSEEeMIsIQwQwAAiGGADCIGSKEEUJgAAgiwgCgDGICAgCUQQARB5QiACgAGBPYKKOkAhABgRAVDgljDBGEAQAMckIYIAQAhhCKDAAEQCMISIYIZQARAACmEJKAAMEMEEgYBgBjQgkBqAACaCWkIAAJISAhQDggkKFKAk6JQMARIhAwjAAhgFhkGCAUEMgwBhRQgCgFhACAeAKAMUgKYgRhSDADkCUCAQAMMYAIjQQAQAHClGEEICQZEEgIgYGDSgCgnAJEICAAABwpYgwVgCjEgAFKCEGAIJyJoIgCBAojiIIGASQQAE4YQIwxyAIAhBEGAAEEAAIABgyAggAABCJiGGOIAZIYgAUQ0DCDgYBIKQAVcQgIIgRRiAGiCDAUGAEIAUYxAwASzBgkCFBIEeYQAAYgBYggwiClLAAGICCAAZQRowgjilFmAQKMCAMUMYAhAIUEAA"],"acoustid_id": ["9a55bf7f-6017-4614-9aa7-71b2c9cff23e"],"album": ["2120 South Michigan Ave."],"artist": ["George Thorogood & The Destroyers"],"bpm": ["124.01"],"catalognumber": ["5509992933825"],"date": ["2011"],"genre": ["Blues Rock"],"label": ["Capitol Records"],"language": ["eng"],"musicbrainz album release country": ["US"],"musicbrainz album type": ["Album"],"musicbrainz_albumartistid": ["bc01f01c-a401-40d8-9472-b377ac33af05"],"musicbrainz_albumid": ["4942352d-7ce1-462e-b144-6e446c8db4a6"],"musicbrainz_artistid": ["bc01f01c-a401-40d8-9472-b377ac33af05"],"musicbrainz_recordingid": ["52634ea7-c3eb-4994-9f05-99f94c044904"],