{"highlevel": {"danceability": {"all": {"danceable": 0.994082868099,"not_danceable": 0.0059171365574},"probability": 0.994082868099,"value": "danceable"},"gender": {"all": {"female": 0.622127532959,"male": 0.377872496843},"probability": 0.622127532959,"value": "female"},"genre_dortmund": {"all": {"alternative": 0.280420273542,"blues": 0.127134501934,"electronic": 0.320403367281,"folkcountry": 0.105413705111,"funksoulrnb": 0.0125506119803,"jazz": 0.0256754998118,"pop": 0.0343438945711,"raphiphop": 0.00853378511965,"rock": 0.0855243578553},"probability": 0.320403367281,"value": "electronic"},"genre_electronic": {"all": {"ambient": 0.643266618252,"dnb": 0.0462693348527,"house": 0.169165343046,"techno": 0.0154190687463,"trance": 0.125879645348},"probability": 0.643266618252,"value": "ambient"},"genre_rosamerica": {"all": {"cla": 0.00690615223721,"dan": 0.0638443529606,"hip": 0.00627169851214,"jaz": 0.0857898741961,"pop": 0.461253345013,"rhy": 0.352436155081,"roc": 0.0198490023613,"spe": 0.00364941870794},"probability": 0.461253345013,"value": "pop"},"genre_tzanetakis": {"all": {"blu": 0.0457140915096,"cla": 0.0639867335558,"cou": 0.0639747679234,"dis": 0.0533076897264,"hip": 0.0533068925142,"jaz": 0.159922450781,"met": 0.0533106848598,"pop": 0.106623336673,"reg": 0.0799703970551,"roc": 0.319882959127},"probability": 0.319882959127,"value": "roc"},"ismir04_rhythm": {"all": {"ChaChaCha": 0.0212345644832,"Jive": 0.0284808799624,"Quickstep": 0.0049843727611,"Rumba-American": 0.0403576642275,"Rumba-International": 0.0271004196256,"Rumba-Misc": 0.00618363916874,"Samba": 0.0346256308258,"Tango": 0.824365437031,"VienneseWaltz": 0.00997201167047,"Waltz": 0.00269536115229},"probability": 0.824365437031,"value": "Tango"},"mood_acoustic": {"all": {"acoustic": 0.994207322598,"not_acoustic": 0.00579268950969},"probability": 0.994207322598,"value": "acoustic"},"mood_aggressive": {"all": {"aggressive": 3.00000096379e-14,"not_aggressive": 1},"probability": 1,"value": "not_aggressive"},"mood_electronic": {"all": {"electronic": 0.237458795309,"not_electronic": 0.762541234493},"probability": 0.762541234493,"value": "not_electronic"},"mood_happy": {"all": {"happy": 0.476134032011,"not_happy": 0.523865997791},"probability": 0.523865997791,"value": "not_happy"},"mood_party": {"all": {"not_party": 0.999703884125,"party": 0.000296091951896},"probability": 0.999703884125,"value": "not_party"},"mood_relaxed": {"all": {"not_relaxed": 0.190465450287,"relaxed": 0.809534549713},"probability": 0.809534549713,"value": "relaxed"},"mood_sad": {"all": {"not_sad": 0.420915424824,"sad": 0.579084575176},"probability": 0.579084575176,"value": "sad"},"moods_mirex": {"all": {"Cluster1": 0.0772226452827,"Cluster2": 0.0444035679102,"Cluster3": 0.227747872472,"Cluster4": 0.0306320860982,"Cluster5": 0.61999386549},"probability": 0.61999386549,"value": "Cluster5"},"timbre": {"all": {"bright": 0.285929679871,"dark": 0.714070320129},"probability": 0.714070320129,"value": "dark"},"tonal_atonal": {"all": {"atonal": 0.355777084827,"tonal": 0.644222915173},"probability": 0.644222915173,"value": "tonal"},"voice_instrumental": {"all": {"instrumental": 0.667650640011,"voice": 0.332349330187},"probability": 0.667650640011,"value": "instrumental"}},"metadata": {"audio_properties": {"analysis_sample_rate": 44100,"bit_rate": 0,"equal_loudness": 0,"length": 160.559997559,"lossless": 1,"replay_gain": 0.995615005493,"sample_rate": 44100,"codec": "flac","downmix": "mix","md5_encoded": "6f68c27c6e7974e123b52c15787dc818"},"tags": {"file_name": "11 Tom's Diner (reprise).flac","acoustid_id": ["a7f664bf-ae0d-45bf-bedd-82169703cdcc"],"album": ["Solitude Standing"],"albumartist": ["Suzanne Vega"],"albumartistsort": ["Vega, Suzanne"],"artist": ["Suzanne Vega"],"artists": ["Suzanne Vega"],"artistsort": ["Vega, Suzanne"],"asin": ["B000002GHB"],"barcode": ["075021513624"],"catalognumber": ["CD 5136"],"composer": ["Suzanne Vega"],"composersort": ["Vega, Suzanne"],"date": ["1987-04"],"discnumber": ["1"],"disctotal": ["1"],"engineer": ["George Cowan", "Mark McKenna", "Arthur Zarate", "Joe Martin", "Marc DeSisto", "Dan Nash", "Jeff Lippay", "John Gallagher", "Geoff Keehn", "Steve Addabbo", "Rod O'Brien", "Robin Danar"],"genre": ["Folk Rock"],"label": ["A&M Records"],"language": ["eng"],"lyricist": ["Suzanne Vega"],"media": ["CD"],"mixer": ["Shelly Yakus"],"musicbrainz_albumartistid": ["cf119120-7df5-47d7-9dec-49f8837a4e40"],"musicbrainz_albumid": ["beee86e3-f5d4-4d5a-b985-0aa652360514"],"musicbrainz_artistid": ["cf119120-7df5-47d7-9dec-49f8837a4e40"],"musicbrainz_recordingid": ["5282336a-a560-408f-987a-89aac0c42e7e"],"musicbrainz_releasegroupid": ["b53a036b-06c6-3d94-82a3-092598b44675"],"musicbrainz_releasetrackid": ["d192d947-8650-38ad-a187-cb8d6e819833"],"musicbrainz_workid": ["b287f15f-b1a9-3124-b723-2995bde29e3c"],"originaldate": ["1987-04"],"performer": ["Michael Visceglia (bass guitar)", "Suzanne Vega (acoustic guitar)", "Michael Visceglia (additional synthesizer)", "Marc Shulman (electric guitar)", "Anton Sanko (synthesizer)"],"producer": ["Ronald K. Fierstein", "Steve Addabbo", "Lenny Kaye"],"releasecountry": ["US"],"releasestatus": ["official"],"releasetype": ["album"],"script": ["Latn"],"title": ["Tom's Diner (reprise)"],"totaldiscs": ["1"],"totaltracks": ["11"],"tracknumber": ["11"],"tracktotal": ["11"],"work": ["Tom's Diner (reprise)"]},"version": {"highlevel": {"essentia": "2.1-beta5-dev","essentia_build_sha": "e74af04b57b164eed312abeef4963962215860f0","essentia_git_sha": "v2.1_beta4-499-g4013ebc","extractor": "music 2.0","gaia": "2.4.5","gaia_git_sha": "v2.4.4-44-g95f4851","models_essentia_git_sha": "v2.1_beta1"},"lowlevel": {"essentia": "2.1-beta1","essentia_build_sha": "ca57ba49d9b1854bd80e60cf9ccf267278fb7d6b","essentia_git_sha": "v2.1_beta1-28-g21ef5f4-dirty","extractor": "music 1.0"}}}}