{"highlevel": {"danceability": {"all": {"danceable": 0.805715382099,"not_danceable": 0.194284632802},"probability": 0.805715382099,"value": "danceable"},"gender": {"all": {"female": 0.948490262032,"male": 0.0515097267926},"probability": 0.948490262032,"value": "female"},"genre_dortmund": {"all": {"alternative": 0.0643863752484,"blues": 0.00380707182921,"electronic": 0.916794776917,"folkcountry": 0.00788839254528,"funksoulrnb": 0.000106128616608,"jazz": 0.00182353577111,"pop": 0.00116217485629,"raphiphop": 7.70486221882e-05,"rock": 0.00395448692143},"probability": 0.916794776917,"value": "electronic"},"genre_electronic": {"all": {"ambient": 0.338629215956,"dnb": 0.0178086105734,"house": 0.0534555576742,"techno": 0.01528601069,"trance": 0.574820578098},"probability": 0.574820578098,"value": "trance"},"genre_rosamerica": {"all": {"cla": 0.00866842083633,"dan": 0.380369573832,"hip": 0.0250080116093,"jaz": 0.0327880755067,"pop": 0.217143505812,"rhy": 0.0486626811326,"roc": 0.276461303234,"spe": 0.0108984233811},"probability": 0.380369573832,"value": "dan"},"genre_tzanetakis": {"all": {"blu": 0.0626613423228,"cla": 0.0348169617355,"cou": 0.104475811124,"dis": 0.0784321576357,"hip": 0.15692435205,"jaz": 0.313974827528,"met": 0.0448166541755,"pop": 0.0627359300852,"reg": 0.0627360641956,"roc": 0.0784258767962},"probability": 0.313974827528,"value": "jaz"},"ismir04_rhythm": {"all": {"ChaChaCha": 0.40192848444,"Jive": 0.138082623482,"Quickstep": 0.0206774994731,"Rumba-American": 0.095730163157,"Rumba-International": 0.0417875610292,"Rumba-Misc": 0.0213502254337,"Samba": 0.0859499201179,"Tango": 0.131207853556,"VienneseWaltz": 0.049141112715,"Waltz": 0.0141445547342},"probability": 0.40192848444,"value": "ChaChaCha"},"mood_acoustic": {"all": {"acoustic": 0.0646728500724,"not_acoustic": 0.935327172279},"probability": 0.935327172279,"value": "not_acoustic"},"mood_aggressive": {"all": {"aggressive": 0.228722736239,"not_aggressive": 0.771277248859},"probability": 0.771277248859,"value": "not_aggressive"},"mood_electronic": {"all": {"electronic": 0.770423531532,"not_electronic": 0.229576483369},"probability": 0.770423531532,"value": "electronic"},"mood_happy": {"all": {"happy": 0.0699083581567,"not_happy": 0.930091619492},"probability": 0.930091619492,"value": "not_happy"},"mood_party": {"all": {"not_party": 0.298533797264,"party": 0.701466202736},"probability": 0.701466202736,"value": "party"},"mood_relaxed": {"all": {"not_relaxed": 0.804081022739,"relaxed": 0.195918977261},"probability": 0.804081022739,"value": "not_relaxed"},"mood_sad": {"all": {"not_sad": 0.73811095953,"sad": 0.261889010668},"probability": 0.73811095953,"value": "not_sad"},"moods_mirex": {"all": {"Cluster1": 0.168739706278,"Cluster2": 0.141991719604,"Cluster3": 0.306458830833,"Cluster4": 0.182044789195,"Cluster5": 0.200764968991},"probability": 0.306458830833,"value": "Cluster3"},"timbre": {"all": {"bright": 0.883694350719,"dark": 0.11630564183},"probability": 0.883694350719,"value": "bright"},"tonal_atonal": {"all": {"atonal": 0.146459937096,"tonal": 0.853540062904},"probability": 0.853540062904,"value": "tonal"},"voice_instrumental": {"all": {"instrumental": 0.42847931385,"voice": 0.57152068615},"probability": 0.57152068615,"value": "voice"}},"metadata": {"audio_properties": {"analysis_sample_rate": 44100,"bit_rate": 220499,"equal_loudness": 0,"length": 210.782043457,"lossless": 0,"replay_gain": -13.4170265198,"sample_rate": 44100,"codec": "mp3","downmix": "mix","md5_encoded": "8276b375429f3fe7c475dccb1a51b95d"},"tags": {"file_name": "09_klee_-_ich_vermiss_dich.mp3","album": ["Zwischen Himmel und Erde"],"albumartist": ["Klee"],"albumartistsort": ["Klee"],"artist": ["Klee"],"artistsort": ["Klee"],"asin": ["B000FQIT3E"],"date": ["2006"],"discnumber": ["1\/1"],"genre": ["Deutsch Pop\/Deutsch\/Indie\/Female Vocalists\/Pop\/German\/All Time Favourite\/Alternative - Deutsch\/Blues"],"label": ["Ministry of Sound Recordings (Germany)"],"media": ["CD"],"musicbrainz album release country": ["DE"],"musicbrainz album status": ["official"],"musicbrainz album type": ["album"],"musicbrainz_albumartistid": ["ed46f02c-0801-40f1-872c-5259ce334476"],"musicbrainz_albumid": ["ae605841-47c2-49be-adb6-94d038712362"],"musicbrainz_artistid": ["ed46f02c-0801-40f1-872c-5259ce334476"],"musicbrainz_recordingid": ["ecd77f93-3e30-438f-8e18-b75c153cad2e"],"musicbrainz_releasegroupid": ["ff0e8874-030b-3e8e-a4f9-86101f86ee6f"],"originaldate": ["2006"],"script": ["Latn"],"title": ["Ich vermiss dich"],"tracknumber": ["9\/12"]},"version": {"highlevel": {"essentia": "2.1-beta5-dev","essentia_build_sha": "e74af04b57b164eed312abeef4963962215860f0","essentia_git_sha": "v2.1_beta4-499-g4013ebc","extractor": "music 2.0","gaia": "2.4.5","gaia_git_sha": "v2.4.4-44-g95f4851","models_essentia_git_sha": "v2.1_beta1"},"lowlevel": {"essentia": "2.1-beta2","essentia_build_sha": "70f2e5ece6736b2c40cc944ad0e695b16b925413","essentia_git_sha": "v2.1_beta2","extractor": "music 1.0"}}}}