{"highlevel": {"danceability": {"all": {"danceable": 0.970938920975,"not_danceable": 0.0290610510856},"probability": 0.970938920975,"value": "danceable"},"gender": {"all": {"female": 0.012766558677,"male": 0.987233459949},"probability": 0.987233459949,"value": "male"},"genre_dortmund": {"all": {"alternative": 0.00710266409442,"blues": 0.00725679192692,"electronic": 0.971888780594,"folkcountry": 0.00242523243651,"funksoulrnb": 0.000475492415717,"jazz": 0.00725333532318,"pop": 0.000236647727434,"raphiphop": 0.000205369389732,"rock": 0.00315570668317},"probability": 0.971888780594,"value": "electronic"},"genre_electronic": {"all": {"ambient": 0.341973304749,"dnb": 0.0524819046259,"house": 0.446761101484,"techno": 0.0387124158442,"trance": 0.120071269572},"probability": 0.446761101484,"value": "house"},"genre_rosamerica": {"all": {"cla": 0.0070308605209,"dan": 0.0127600934356,"hip": 0.896732449532,"jaz": 0.0173925068229,"pop": 0.00798564963043,"rhy": 0.0374005697668,"roc": 0.00950339436531,"spe": 0.0111944815144},"probability": 0.896732449532,"value": "hip"},"genre_tzanetakis": {"all": {"blu": 0.0626613423228,"cla": 0.0348169617355,"cou": 0.104475811124,"dis": 0.0784321576357,"hip": 0.15692435205,"jaz": 0.313974827528,"met": 0.0448166541755,"pop": 0.0627359300852,"reg": 0.0627360641956,"roc": 0.0784258767962},"probability": 0.313974827528,"value": "jaz"},"ismir04_rhythm": {"all": {"ChaChaCha": 0.978018581867,"Jive": 0.00203490094282,"Quickstep": 0.00108583818655,"Rumba-American": 0.00872318167239,"Rumba-International": 0.000993975787424,"Rumba-Misc": 0.00070977548603,"Samba": 0.00265776040033,"Tango": 0.00364632974379,"VienneseWaltz": 0.00186925940216,"Waltz": 0.000260426633758},"probability": 0.978018581867,"value": "ChaChaCha"},"mood_acoustic": {"all": {"acoustic": 0.0569577738643,"not_acoustic": 0.943042218685},"probability": 0.943042218685,"value": "not_acoustic"},"mood_aggressive": {"all": {"aggressive": 0.42023447156,"not_aggressive": 0.579765498638},"probability": 0.579765498638,"value": "not_aggressive"},"mood_electronic": {"all": {"electronic": 0.80773037672,"not_electronic": 0.19226962328},"probability": 0.80773037672,"value": "electronic"},"mood_happy": {"all": {"happy": 0.0725632756948,"not_happy": 0.927436709404},"probability": 0.927436709404,"value": "not_happy"},"mood_party": {"all": {"not_party": 0.260044723749,"party": 0.739955306053},"probability": 0.739955306053,"value": "party"},"mood_relaxed": {"all": {"not_relaxed": 0.537240147591,"relaxed": 0.462759852409},"probability": 0.537240147591,"value": "not_relaxed"},"mood_sad": {"all": {"not_sad": 0.805959939957,"sad": 0.194040089846},"probability": 0.805959939957,"value": "not_sad"},"moods_mirex": {"all": {"Cluster1": 0.122061803937,"Cluster2": 0.135713323951,"Cluster3": 0.0640531554818,"Cluster4": 0.182307302952,"Cluster5": 0.495864421129},"probability": 0.495864421129,"value": "Cluster5"},"timbre": {"all": {"bright": 0.771605074406,"dark": 0.228394910693},"probability": 0.771605074406,"value": "bright"},"tonal_atonal": {"all": {"atonal": 0.915465891361,"tonal": 0.0845341235399},"probability": 0.915465891361,"value": "atonal"},"voice_instrumental": {"all": {"instrumental": 0.455986708403,"voice": 0.5440133214},"probability": 0.5440133214,"value": "voice"}},"metadata": {"audio_properties": {"analysis_sample_rate": 44100,"bit_rate": 256027,"equal_loudness": 0,"length": 246.778778076,"lossless": 0,"replay_gain": -13.5885009766,"sample_rate": 44100,"codec": "mp3","downmix": "mix","md5_encoded": "29e676043d349fe71fd153bb555a86d2"},"tags": {"file_name": "07 Jungle Brothers - Straight Out the Jungle - On the Run.mp3","acoustid_id": ["aad8a229-7897-442e-9f6d-adf5a03cc5ed"],"album": ["Straight Out the Jungle"],"albumartist": ["Jungle Brothers"],"albumartistsort": ["Jungle Brothers"],"artist": ["Jungle Brothers"],"artistsort": ["Jungle Brothers"],"asin": ["B000003ZR0"],"catalognumber": ["WARCD-2704"],"date": ["1988"],"discnumber": ["1\/1"],"label": ["Warlock Records"],"media": ["CD"],"musicbrainz album release country": ["US"],"musicbrainz album status": ["official"],"musicbrainz album type": ["album"],"musicbrainz_albumartistid": ["ce3bc975-a76f-415b-a6cd-1e568c5714dd"],"musicbrainz_albumid": ["6ed8c4e9-1223-40dd-8713-450aaea3240f"],"musicbrainz_artistid": ["ce3bc975-a76f-415b-a6cd-1e568c5714dd"],"musicbrainz_recordingid": ["ecd926f5-09a0-40d2-8daf-6abc7390206d"],"musicbrainz_releasegroupid": ["b5a9ff19-308f-3c88-8310-38b30d96f877"],"originaldate": ["1988"],"script": ["Latn"],"title": ["On the Run"],"tracknumber": ["7\/13"]},"version": {"highlevel": {"essentia": "2.1-beta5-dev","essentia_build_sha": "e74af04b57b164eed312abeef4963962215860f0","essentia_git_sha": "v2.1_beta4-499-g4013ebc","extractor": "music 2.0","gaia": "2.4.5","gaia_git_sha": "v2.4.4-44-g95f4851","models_essentia_git_sha": "v2.1_beta1"},"lowlevel": {"essentia": "2.1-beta2","essentia_build_sha": "2d9f1f26377add8aeb1075a9c2973f962c4f09fd","essentia_git_sha": "v2.1_beta2-1-ge3940c0","extractor": "music 1.0"}}}}