{"highlevel": {"danceability": {"all": {"danceable": 0.423192918301,"not_danceable": 0.576807081699},"probability": 0.576807081699,"value": "not_danceable"},"gender": {"all": {"female": 0.0379554033279,"male": 0.962044596672},"probability": 0.962044596672,"value": "male"},"genre_dortmund": {"all": {"alternative": 0.00051899603568,"blues": 1.75410787051e-05,"electronic": 0.999336004257,"folkcountry": 3.36569937645e-05,"funksoulrnb": 2.49631710858e-07,"jazz": 6.24298672847e-06,"pop": 1.99384453481e-06,"raphiphop": 1.75285663317e-07,"rock": 8.51347285789e-05},"probability": 0.999336004257,"value": "electronic"},"genre_electronic": {"all": {"ambient": 0.353691220284,"dnb": 0.0136754000559,"house": 0.0371580794454,"techno": 0.0114357341081,"trance": 0.584039568901},"probability": 0.584039568901,"value": "trance"},"genre_rosamerica": {"all": {"cla": 0.000279663800029,"dan": 0.000774123065639,"hip": 0.000652623362839,"jaz": 0.000377099931939,"pop": 0.0170942451805,"rhy": 0.000146214573761,"roc": 0.980520009995,"spe": 0.000156017922563},"probability": 0.980520009995,"value": "roc"},"genre_tzanetakis": {"all": {"blu": 0.0620671063662,"cla": 0.034474901855,"cou": 0.103433981538,"dis": 0.0620971247554,"hip": 0.15527240932,"jaz": 0.310666948557,"met": 0.044346679002,"pop": 0.0620793737471,"reg": 0.0620816536248,"roc": 0.103479810059},"probability": 0.310666948557,"value": "jaz"},"ismir04_rhythm": {"all": {"ChaChaCha": 0.101927936077,"Jive": 0.135462358594,"Quickstep": 0.0153771294281,"Rumba-American": 0.0332884937525,"Rumba-International": 0.0125008244067,"Rumba-Misc": 0.0145997069776,"Samba": 0.0340873785317,"Tango": 0.354513287544,"VienneseWaltz": 0.28449895978,"Waltz": 0.0137439249083},"probability": 0.354513287544,"value": "Tango"},"mood_acoustic": {"all": {"acoustic": 0.00367977307178,"not_acoustic": 0.99632024765},"probability": 0.99632024765,"value": "not_acoustic"},"mood_aggressive": {"all": {"aggressive": 0.985745608807,"not_aggressive": 0.0142544200644},"probability": 0.985745608807,"value": "aggressive"},"mood_electronic": {"all": {"electronic": 0.280075699091,"not_electronic": 0.719924271107},"probability": 0.719924271107,"value": "not_electronic"},"mood_happy": {"all": {"happy": 0.211123839021,"not_happy": 0.78887617588},"probability": 0.78887617588,"value": "not_happy"},"mood_party": {"all": {"not_party": 0.444793045521,"party": 0.555206954479},"probability": 0.555206954479,"value": "party"},"mood_relaxed": {"all": {"not_relaxed": 0.944639146328,"relaxed": 0.0553608499467},"probability": 0.944639146328,"value": "not_relaxed"},"mood_sad": {"all": {"not_sad": 0.791695594788,"sad": 0.208304405212},"probability": 0.791695594788,"value": "not_sad"},"moods_mirex": {"all": {"Cluster1": 0.0740793719888,"Cluster2": 0.0543174296618,"Cluster3": 0.119075842202,"Cluster4": 0.0388800501823,"Cluster5": 0.713647305965},"probability": 0.713647305965,"value": "Cluster5"},"timbre": {"all": {"bright": 0.0273245088756,"dark": 0.9726755023},"probability": 0.9726755023,"value": "dark"},"tonal_atonal": {"all": {"atonal": 0.809988379478,"tonal": 0.19001160562},"probability": 0.809988379478,"value": "atonal"},"voice_instrumental": {"all": {"instrumental": 0.738941788673,"voice": 0.261058241129},"probability": 0.738941788673,"value": "instrumental"}},"metadata": {"audio_properties": {"analysis_sample_rate": 44100,"bit_rate": 0,"equal_loudness": 0,"length": 409.799987793,"lossless": 1,"replay_gain": -14.5592002869,"sample_rate": 44100,"codec": "flac","downmix": "mix","md5_encoded": "63df42abff6a05bc6178d3cc48a48e98"},"tags": {"file_name": "02. Iron Maiden - Ghost of the Navigator.flac","acoustid_id": ["ab524ad5-f4cf-4198-b31d-a77c0418bb73"],"album": ["Brave New World"],"album artist": ["Iron Maiden"],"albumartist": ["Iron Maiden"],"albumartistsort": ["Iron Maiden"],"artist": ["Iron Maiden"],"artistsort": ["Iron Maiden"],"asin": ["B00004SV6S"],"barcode": ["724352660520"],"catalognumber": ["526 6052"],"date": ["2000-05-30"],"disc": ["1"],"discid": ["9411740C"],"discnumber": ["1"],"disctotal": ["1"],"encoder": ["reference libFLAC 1.2.1 20070917"],"engineer": ["Denis Caribaux"],"ensemble": ["Iron Maiden"],"genre": ["Heavy Metal"],"label": ["EMI"],"language": ["eng"],"media": ["CD"],"mixer": ["Kevin Shirley"],"musicbrainz_albumartistid": ["ca891d65-d9b0-4258-89f7-e6ba29d83767"],"musicbrainz_albumid": ["f64e95fb-5e84-42c7-90e6-6cad939d8eec"],"musicbrainz_artistid": ["ca891d65-d9b0-4258-89f7-e6ba29d83767"],"musicbrainz_recordingid": ["2a81e062-5069-4160-a2c7-15830adc77fe"],"musicbrainz_workid": ["0495e0bd-664d-41ec-9117-11132cd24ae3"],"originaldate": ["2000-05-30"],"performer": ["Nicko McBrain (drums)", "Adrian Smith (guitar)", "Dave Murray (guitar)", "Janick Gers (guitar)", "Adrian Smith (background vocals vocal)", "Steve Harris (background vocals vocal)", "Steve Harris (bass guitar and keyboard)", "Bruce Dickinson (lead vocals vocal)"],"producer": ["Kevin Shirley", "Steve Harris"],"releasecountry": ["GB"],"releasestatus": ["official"],"releasetype": ["album"],"replaygain_album_gain": ["-9.06999969482422 dB"],"replaygain_track_gain": ["-9.18000030517578 dB"],"replaygain_track_peak": ["1"],"script": ["Latn"],"title": ["Ghost of the Navigator"],"totaldiscs": ["1"],"totaltracks": ["10"],"tracknumber": ["2"],"tracktotal": ["10"],"writer": ["Bruce Dickinson", "Steve Harris", "Janick Gers"]},"version": {"highlevel": {"essentia": "2.1-beta5-dev","essentia_build_sha": "e74af04b57b164eed312abeef4963962215860f0","essentia_git_sha": "v2.1_beta4-499-g4013ebc","extractor": "music 2.0","gaia": "2.4.5","gaia_git_sha": "v2.4.4-44-g95f4851","models_essentia_git_sha": "v2.1_beta1"},"lowlevel": {"essentia": "2.1-beta1","essentia_build_sha": "ca57ba49d9b1854bd80e60cf9ccf267278fb7d6b","essentia_git_sha": "v2.1_beta1-28-g21ef5f4-dirty","extractor": "music 1.0"}}}}