{"highlevel": {"danceability": {"all": {"danceable": 0.00418741395697,"not_danceable": 0.995812594891},"probability": 0.995812594891,"value": "not_danceable"},"gender": {"all": {"female": 0.412000119686,"male": 0.587999880314},"probability": 0.587999880314,"value": "male"},"genre_dortmund": {"all": {"alternative": 0.385663002729,"blues": 0.0392003469169,"electronic": 0.279532283545,"folkcountry": 0.0393732786179,"funksoulrnb": 0.00552746420726,"jazz": 0.016647785902,"pop": 0.00577580183744,"raphiphop": 0.00240374961868,"rock": 0.225876286626},"probability": 0.385663002729,"value": "alternative"},"genre_electronic": {"all": {"ambient": 0.226392969489,"dnb": 0.0631170719862,"house": 0.073113463819,"techno": 0.0151332383975,"trance": 0.622243285179},"probability": 0.622243285179,"value": "trance"},"genre_rosamerica": {"all": {"cla": 0.000529666431248,"dan": 0.00839541107416,"hip": 0.00812153611332,"jaz": 0.00192210869864,"pop": 0.000624374952167,"rhy": 0.00115876295604,"roc": 0.978980362415,"spe": 0.000267767260084},"probability": 0.978980362415,"value": "roc"},"genre_tzanetakis": {"all": {"blu": 0.0626613423228,"cla": 0.0348169617355,"cou": 0.104475811124,"dis": 0.0784321576357,"hip": 0.15692435205,"jaz": 0.313974827528,"met": 0.0448166541755,"pop": 0.0627359300852,"reg": 0.0627360641956,"roc": 0.0784258767962},"probability": 0.313974827528,"value": "jaz"},"ismir04_rhythm": {"all": {"ChaChaCha": 0.501358151436,"Jive": 0.0660972520709,"Quickstep": 0.0112624177709,"Rumba-American": 0.0194341763854,"Rumba-International": 0.00985109061003,"Rumba-Misc": 0.00560649530962,"Samba": 0.0767213180661,"Tango": 0.0936138257384,"VienneseWaltz": 0.209799915552,"Waltz": 0.00625534774736},"probability": 0.501358151436,"value": "ChaChaCha"},"mood_acoustic": {"all": {"acoustic": 0.00276219495572,"not_acoustic": 0.997237801552},"probability": 0.997237801552,"value": "not_acoustic"},"mood_aggressive": {"all": {"aggressive": 0.980225622654,"not_aggressive": 0.0197744015604},"probability": 0.980225622654,"value": "aggressive"},"mood_electronic": {"all": {"electronic": 0.298927754164,"not_electronic": 0.701072275639},"probability": 0.701072275639,"value": "not_electronic"},"mood_happy": {"all": {"happy": 0.385148227215,"not_happy": 0.614851772785},"probability": 0.614851772785,"value": "not_happy"},"mood_party": {"all": {"not_party": 0.460866093636,"party": 0.539133906364},"probability": 0.539133906364,"value": "party"},"mood_relaxed": {"all": {"not_relaxed": 0.969306826591,"relaxed": 0.0306931976229},"probability": 0.969306826591,"value": "not_relaxed"},"mood_sad": {"all": {"not_sad": 0.876607298851,"sad": 0.123392723501},"probability": 0.876607298851,"value": "not_sad"},"moods_mirex": {"all": {"Cluster1": 0.193519130349,"Cluster2": 0.0148861296475,"Cluster3": 0.0196428205818,"Cluster4": 0.00767598766834,"Cluster5": 0.76427590847},"probability": 0.76427590847,"value": "Cluster5"},"timbre": {"all": {"bright": 0.083012342453,"dark": 0.916987657547},"probability": 0.916987657547,"value": "dark"},"tonal_atonal": {"all": {"atonal": 0.0162818692625,"tonal": 0.983718156815},"probability": 0.983718156815,"value": "tonal"},"voice_instrumental": {"all": {"instrumental": 0.290836960077,"voice": 0.709163069725},"probability": 0.709163069725,"value": "voice"}},"metadata": {"audio_properties": {"analysis_sample_rate": 44100,"bit_rate": 0,"equal_loudness": 0,"length": 194.63999939,"lossless": 1,"replay_gain": -14.091676712,"codec": "flac","downmix": "mix","md5_encoded": "7f245ec447f7fe70047ae729a96e9855"},"tags": {"file_name": "05 Blasting the Hornet.flac","album": ["Metal Kombat for the Mortal Man"],"albumartist": ["Powerglove"],"albumartistsort": ["Powerglove"],"artist": ["Powerglove"],"artistsort": ["Powerglove"],"asin": ["B0015DFI12"],"barcode": ["747728969928"],"date": ["2007-10-31"],"format": ["CD"],"genre": ["Metal"],"language": ["eng"],"musicbrainz_albumartistid": ["09deef08-8610-4295-9ea4-544950f45b32"],"musicbrainz_albumid": ["f9f8cf62-953b-4ce2-9e72-4257c233931a"],"musicbrainz_artistid": ["09deef08-8610-4295-9ea4-544950f45b32"],"musicbrainz_recordingid": ["537385b4-0103-429a-aabc-2f2611e1ada6"],"releasecountry": ["US"],"releasestatus": ["official"],"releasetype": ["album"],"replaygain_album_gain": ["-8.47 dB"],"replaygain_album_peak": ["1.00000000"],"replaygain_reference_loudness": ["89.0 dB"],"replaygain_track_gain": ["-8.95 dB"],"replaygain_track_peak": ["1.00000000"],"script": ["Latn"],"title": ["Blasting the Hornet"],"totaltracks": ["11"],"tracknumber": ["5"],"tracktotal": ["11"]},"version": {"highlevel": {"essentia": "2.1-beta5-dev","essentia_build_sha": "e74af04b57b164eed312abeef4963962215860f0","essentia_git_sha": "v2.1_beta4-499-g4013ebc","extractor": "music 2.0","gaia": "2.4.5","gaia_git_sha": "v2.4.4-44-g95f4851","models_essentia_git_sha": "v2.1_beta1"},"lowlevel": {"essentia": "2.1-beta1","essentia_build_sha": "03b4ca2e34afff16e4ca03b046c45039d872eff7","essentia_git_sha": "v2.1_beta1-6-g5578087-dirty","extractor": "music 1.0"}}}}