{"highlevel": {"danceability": {"all": {"danceable": 0.325693488121,"not_danceable": 0.674306511879},"probability": 0.674306511879,"value": "not_danceable"},"gender": {"all": {"female": 0.793991267681,"male": 0.20600874722},"probability": 0.793991267681,"value": "female"},"genre_dortmund": {"all": {"alternative": 0.000603652850259,"blues": 4.01802280976e-05,"electronic": 0.999157547951,"folkcountry": 9.48003944359e-05,"funksoulrnb": 1.89771049008e-06,"jazz": 1.49705156218e-05,"pop": 3.58566808245e-06,"raphiphop": 2.54708083958e-07,"rock": 8.31172146718e-05},"probability": 0.999157547951,"value": "electronic"},"genre_electronic": {"all": {"ambient": 0.583294153214,"dnb": 0.0112433116883,"house": 0.0341766886413,"techno": 0.0117055810988,"trance": 0.359580248594},"probability": 0.583294153214,"value": "ambient"},"genre_rosamerica": {"all": {"cla": 0.0176711250097,"dan": 0.00755630852655,"hip": 0.00244165188633,"jaz": 0.0188182145357,"pop": 0.0969059839845,"rhy": 0.0146194444969,"roc": 0.84001147747,"spe": 0.00197578198276},"probability": 0.84001147747,"value": "roc"},"genre_tzanetakis": {"all": {"blu": 0.0626541376114,"cla": 0.0348133966327,"cou": 0.0783501937985,"dis": 0.104547761381,"hip": 0.15693578124,"jaz": 0.313987255096,"met": 0.044816005975,"pop": 0.0627349764109,"reg": 0.0627352520823,"roc": 0.0784252434969},"probability": 0.313987255096,"value": "jaz"},"ismir04_rhythm": {"all": {"ChaChaCha": 0.102652035654,"Jive": 0.0596004799008,"Quickstep": 0.0104217138141,"Rumba-American": 0.0189727544785,"Rumba-International": 0.0106512224302,"Rumba-Misc": 0.00880942773074,"Samba": 0.0205603931099,"Tango": 0.110142357647,"VienneseWaltz": 0.649303793907,"Waltz": 0.00888581108302},"probability": 0.649303793907,"value": "VienneseWaltz"},"mood_acoustic": {"all": {"acoustic": 0.484269857407,"not_acoustic": 0.515730142593},"probability": 0.515730142593,"value": "not_acoustic"},"mood_aggressive": {"all": {"aggressive": 0.278143286705,"not_aggressive": 0.721856713295},"probability": 0.721856713295,"value": "not_aggressive"},"mood_electronic": {"all": {"electronic": 0.400662392378,"not_electronic": 0.59933757782},"probability": 0.59933757782,"value": "not_electronic"},"mood_happy": {"all": {"happy": 0.648737072945,"not_happy": 0.351262927055},"probability": 0.648737072945,"value": "happy"},"mood_party": {"all": {"not_party": 0.555977702141,"party": 0.444022268057},"probability": 0.555977702141,"value": "not_party"},"mood_relaxed": {"all": {"not_relaxed": 0.568459570408,"relaxed": 0.431540429592},"probability": 0.568459570408,"value": "not_relaxed"},"mood_sad": {"all": {"not_sad": 0.706797063351,"sad": 0.293202966452},"probability": 0.706797063351,"value": "not_sad"},"moods_mirex": {"all": {"Cluster1": 0.0865172818303,"Cluster2": 0.0827566236258,"Cluster3": 0.378030091524,"Cluster4": 0.124533958733,"Cluster5": 0.328162014484},"probability": 0.378030091524,"value": "Cluster3"},"timbre": {"all": {"bright": 0.989047169685,"dark": 0.0109528377652},"probability": 0.989047169685,"value": "bright"},"tonal_atonal": {"all": {"atonal": 0.0443021431565,"tonal": 0.955697834492},"probability": 0.955697834492,"value": "tonal"},"voice_instrumental": {"all": {"instrumental": 0.373731821775,"voice": 0.626268148422},"probability": 0.626268148422,"value": "voice"}},"metadata": {"audio_properties": {"analysis_sample_rate": 44100,"bit_rate": 128000,"equal_loudness": 0,"length": 346.017944336,"lossless": 0,"replay_gain": -12.6996498108,"sample_rate": 44100,"codec": "mp3","downmix": "mix","md5_encoded": "ec6b726f805444a6bee961767d81e167"},"tags": {"file_name": "1-02 Wake Up.mp3","acoustid_fingerprint": ["AQADtFEiLVLCJArS8DhO4zj-DzlkH0dq4TmO9IePH20u_Oh3-LiK6xB-HOGFS9VxBM1j9Bp66Md_fNBKYXph3Di0a8eFHj4OHz9O-MSBCz9So7jRpkHaDQ9u6OqxnUevoTh8HPLxyMgLR_iCDx_eHE-Pw-sC-_hwYr-Qn3iDHzrEfHHQRwe6H3ngVNFhcvgp5ApuiDpC4T8mFj9y4Yeqw_qRHt_xIG9QvRXuQKU_wfiRo4epPgiqR8d6BZp-pJ9RvOhxIz_844H6GxdynHgH__jE4sfhE-nh7NB-HN-IZmTQH0e58PhzXBNS7Xhga0d95GgGrWnwakfkReiRB7ouNMi1HBeaOkYvDziPZK1ShB_-oPCuoy_y_TgV6D9CqWh-nI7xIOqHqkxQWoZOnOTQnEE_Qr1xWriM44WWZ-iP_-jhGWJzfEF--Og9PEeOKzm03kIzMmnwDAcOVcdD3ZhnxPSxH-Guo-mPl8ejCYeW3uiDrjiFMvLx4xuaB_2hXsijJsdx5Ziyo-yCHz9y6EeO-siLh8eLq1FTUPqO_2g-fEd4uDvY4ig7FYHq5Hhy5GXRS7hxEs_hHe_xJfhxIayDVwcOnfhzaD-aN3iHWzmaM8H07Lgi9HCVxahMHM-F8ziTKEEtGs_hM0V7412c4MGDK4Fm-Wikhcdx4UlxKrOgOcZcIhcsET3-4se1C88R5jt05vjx8eCJ_3ihN6nwUEePHT0TNMePKzMah0GhmLmEP8dP6EwuPDe-HPVBkehr3NCSHm2UHyHJo_kOfkH8PDjeE7KSqohE6fDRJ3iOP3jiHJGno34Q5sUpHY9wHffxiQ2ua0HlI0xnEy_0qMSFsEsCH3_hM8O_I63QQzty_Pjh7vhxBumvCdKPk_CLl0czH8ejQPtyHPm044FP8McJH-aJ_8gTF98NXcmCnggX-LmC78iPS8pTdKkOXTh55E4RljuoXaj_gj-OnDMuB73A48feIyVPnB90I18MH6fQn7iJPMfFPEhe9C8e_LB-fDvOFMhHEsmOLx7-4yoqkcAlHn4R7yi748RfaDdOeI_xxceJ73B4otfRHzc80ng2D_1wKYX2w8cJnyh7fHXwy9AWCVeOMzp-pNGO_sR3tJty5PlwvnB4owegqlnxIR-P_cdndEl09F6CmwgvBVpyIvTRKEkm_A36fGhw5EmiQ46Qw3uKTzmeCqEL-RNyiVfQSsvxo4RFozc-7ciTF-VPfDk-HReeQzyuLEe5M_hlPMkl6MeRP2hzDt7BPOGLU8Z3hKRyCeYP_UjVHNWx57ge4Mco5jjx6VmAVjk8akb450hQLug03Mb7EL-C5kyE0Ap0I_9u1OKDM0Km0tB64TkD_TiVox98Hll4gj6uFzd45kY5nfgO78elFF2jIznCK8dE5tgnBT-IpjFqRcdD_MJlPEl7XAxC8lAUBCemVEdx_Qh7QdmEHw95eHkKX8fZ4yd8vLBwHppo_DgqNH2HE8-ND82PntDRH5a24FvQHBdKZkFT8cKPZzlOog2fIh165niG8ERTHXITND8qZdKRlzhJ5Ed1NH0h52iHMCPT48qE_2hw5zgJM4pQkkaPxoi9GPqCi0eovfCIekSPVIfOCOmHdjw-FkfzITx-vEdbHV4v9Kgr-NB7mD36Ge_xI_ThH-VE_Cjlw9qPX3D6DPWgE-YzXHdwHa9yvEdFxcV3fD-cHSV_PAyenzizp2ijjYTXHS-OSN_xDCch80V_5GQqPNKD4wn8IxBrlEqYD_nRhUXzFJdxeriU5Ih5_PBp6D9enCvx4wyDR8R_QcvRH7FeXMGjJDmD2Bf0o3n4oUfe4zeOl8cv4pECzoly5McZaA8cPsL5IF94lJSN_8fNgHSU4_rw4PiGS8ezo2PwrMStHe4P-7hyvMDdwsleo5WO5DzyPGAvCc-F5hb-HF9eWFkS1Mh1SYOOP7ho9AfFoccfcBdyMUelw8dX9D3yXOgF6Udp4WM-XM9QWceWzIJe-N3xagnM0UdP6Gxx4dSP5oHa4xmiVT3Kow0PRxeOTCPBQ1z4oNfxf9glPD-OlseL54YPHT-OFruKLgjTythxoci145l06PjhHedxaJ-OGmlG5ai3YMgP7diPHDgO_0KOH_phOcKPHO7QSjge4sqOb8uBLjryF38OXTouffBx5ngPM9KhZxmsEn3w4FmOYz--o3kx9S9Oo9-H5sGHL0Z9NNyE38jx5rhqNE3wzvBz5B-aQ2dx7Due41KPTsuJZg9ufDt0F02H0UVP4rik449G4r3wjUQvzBcAgZ1UABCHwAGOEEIFU5YIYY0SQCQBHAIIAmGEA8ICIDiy1iklhBjGUiGAEERZSqhwFCgmjAnOMAGAAtYAAoSRAACkjQFAIekIIY4BKZESxCHDACACIKKURYwgYIRx1CChAIDCEAUcIIYRAwBhVDAyhIjGCCeMIgQSIIhQAgkAEAEOCgIIFsQQIawQQjAgBCEUGMIYAwwY4ZAhACDCiAMECGIQIkYAYRQRiBkiCUCCHKMIEIQAAYCoykiBhDCKSYYIMkxAFIgATDAjGBBAANIMUUAIQIh0BCEURJASKiMQUEgQJBh0yBABiDECI4GERIwIQIkAjjhiBVJEOEIIMKQQA4yTVBBAlCAQCoAcIYoxyCgxAABjhRqUOMkQQ8AQAoSg3ggBihADcAsIIUAxQgQAxhCAAEEEGuCAMIgBYjVERiCCIECMEIAoMEIIaQQBSDDCmCBAEgEYYAgoLgAhjgACGBBEMkUwE8QI4AgzUCFDABNMCCUYA4YIQgwBgjhCBGFGECeIUgIgppwAChEAFDHgAhMQEAAS4phwQgDAFCJMAEiQsYwhg5ggigiAiGEGGACAIEAQowChgCgGICJAGSQEQ8QABwgkwliIAHKOEgAcFIIAIRxAkBJjCHHBCWEAIggJBEQQnjFCBGAcGwIEUwgYR5AABBACFDBEgAAAIoQJSgggHANCiFCEOmANY0w4wgAAgglBmCAQGQEEYEIIYIB1BjEgFBHEIImIIABIBqAyVAADkBCEGCKAUghCQyCAAFkGmKIEAWQIoNwiJpgABAiGoGKIFMGIAQoAhQwDQCCHEFKKAAMYAUACighQFkjgAIDAKGgBNMIJgQBQgiBMBACKAWqIBYYZAIgQADClBBGOUEoQQcQoKoAEjgACACCPUYMIIQUACSijYgkAiDFEAKSMwUwoQZCQTDGjHAFAEAIQIkIgUgwiCBCGARNSIcKQBAgY4YgxQAEAIA"],"acoustid_id": ["e9f99cd4-f780-4e20-8875-9de01f634dcd"],"album": ["Live EP (live at Fashion Rocks)"],"albumartist": ["Arcade Fire & David Bowie"],"albumartistsort": ["Arcade Fire & Bowie, David"],"artist": ["Arcade Fire & David Bowie"],"artistsort": ["Arcade Fire & Bowie, David"],"catalognumber": ["none"],"contentgroup": ["Rock"],"date": ["2005"],"discnumber": ["1\/1"],"genre": ["Alternative Rock"],"label": ["EMI"],"language": ["eng"],"musicbrainz album release country": ["US"],"musicbrainz album status": ["official"],"musicbrainz album type": ["live"],"musicbrainz_albumartistid": ["52074ba6-e495-4ef3-9bb4-0703888a9f68", "5441c29d-3602-4898-b1a1-b77fa23b8e50"],"musicbrainz_albumid": ["c53feeb8-a12e-484f-aa64-0689c8245b59"],"musicbrainz_artistid": ["52074ba6-e495-4ef3-9bb4-0703888a9f68", "5441c29d-3602-4898-b1a1-b77fa23b8e50"],"musicbrainz_recordingid": ["05d5b435-e164-444b-b167-ea61aa73ad50"],"musicbrainz_releasegroupid": ["639bfe73-9aac-3c28-9ecd-1bd1fc850660"],"musicbrainz_workid": ["0c06b12a-a812-49b0-9ad9-a719854f96c0"],"musicip_puid": ["5ce0b303-e29d-1b97-109b-63c82aeb12ed"],