{"highlevel": {"danceability": {"all": {"danceable": 0.0249409787357,"not_danceable": 0.97505903244},"probability": 0.97505903244,"value": "not_danceable"},"gender": {"all": {"female": 0.99927341938,"male": 0.000726551283151},"probability": 0.99927341938,"value": "female"},"genre_dortmund": {"all": {"alternative": 0.0312870405614,"blues": 0.198784977198,"electronic": 0.0362472645938,"folkcountry": 0.62959498167,"funksoulrnb": 0.00770495180041,"jazz": 0.0598558224738,"pop": 0.0135132754222,"raphiphop": 0.00133267941419,"rock": 0.0216790195554},"probability": 0.62959498167,"value": "folkcountry"},"genre_electronic": {"all": {"ambient": 0.981954991817,"dnb": 0.00548629881814,"house": 0.00715123536065,"techno": 0.00354326656088,"trance": 0.0018641971983},"probability": 0.981954991817,"value": "ambient"},"genre_rosamerica": {"all": {"cla": 0.656203389168,"dan": 0.00132644688711,"hip": 0.00217413599603,"jaz": 0.247244536877,"pop": 0.0182044357061,"rhy": 0.0666467621922,"roc": 0.00227180519141,"spe": 0.00592851825058},"probability": 0.656203389168,"value": "cla"},"genre_tzanetakis": {"all": {"blu": 0.0642182379961,"cla": 0.0343329682946,"cou": 0.102870240808,"dis": 0.0776338875294,"hip": 0.15459318459,"jaz": 0.309034377337,"met": 0.0441364385188,"pop": 0.0617526546121,"reg": 0.0742029547691,"roc": 0.0772250816226},"probability": 0.309034377337,"value": "jaz"},"ismir04_rhythm": {"all": {"ChaChaCha": 0.0560700409114,"Jive": 0.00759359681979,"Quickstep": 0.050246629864,"Rumba-American": 0.0249130167067,"Rumba-International": 0.0265230145305,"Rumba-Misc": 0.012035031803,"Samba": 0.024421017617,"Tango": 0.211471259594,"VienneseWaltz": 0.305139601231,"Waltz": 0.281586796045},"probability": 0.305139601231,"value": "VienneseWaltz"},"mood_acoustic": {"all": {"acoustic": 0.95410835743,"not_acoustic": 0.0458916500211},"probability": 0.95410835743,"value": "acoustic"},"mood_aggressive": {"all": {"aggressive": 0.0233376808465,"not_aggressive": 0.97666233778},"probability": 0.97666233778,"value": "not_aggressive"},"mood_electronic": {"all": {"electronic": 0.0355618707836,"not_electronic": 0.964438140392},"probability": 0.964438140392,"value": "not_electronic"},"mood_happy": {"all": {"happy": 0.257632911205,"not_happy": 0.742367088795},"probability": 0.742367088795,"value": "not_happy"},"mood_party": {"all": {"not_party": 0.991522550583,"party": 0.00847742054611},"probability": 0.991522550583,"value": "not_party"},"mood_relaxed": {"all": {"not_relaxed": 0.149085849524,"relaxed": 0.850914120674},"probability": 0.850914120674,"value": "relaxed"},"mood_sad": {"all": {"not_sad": 0.120237827301,"sad": 0.879762172699},"probability": 0.879762172699,"value": "sad"},"moods_mirex": {"all": {"Cluster1": 0.0451284758747,"Cluster2": 0.100156091154,"Cluster3": 0.565202414989,"Cluster4": 0.275187045336,"Cluster5": 0.0143260126933},"probability": 0.565202414989,"value": "Cluster3"},"timbre": {"all": {"bright": 0.849329590797,"dark": 0.150670424104},"probability": 0.849329590797,"value": "bright"},"tonal_atonal": {"all": {"atonal": 0.192803427577,"tonal": 0.807196557522},"probability": 0.807196557522,"value": "tonal"},"voice_instrumental": {"all": {"instrumental": 0.0286735296249,"voice": 0.971326470375},"probability": 0.971326470375,"value": "voice"}},"metadata": {"audio_properties": {"analysis_sample_rate": 44100,"bit_rate": 0,"equal_loudness": 0,"length": 125.440002441,"lossless": 1,"replay_gain": -4.34873771667,"codec": "flac","downmix": "mix","md5_encoded": "2ce70f989a38cffca8d114e7c62bea96"},"tags": {"file_name": "02-11. Turning.flac","album": ["Les Misérables (1985 original London cast)"],"album artist": ["Claude-Michel Schönberg"],"albumartist": ["Claude-Michel Schönberg"],"albumartist_credit": ["Claude-Michel Schönberg"],"albumartistsort": ["Schönberg, Claude-Michel"],"artist": ["Claude-Michel Schönberg"],"artist_credit": ["Claude-Michel Schönberg"],"artistsort": ["Schönberg, Claude-Michel"],"asin": ["B0000071KE"],"barcode": ["5014636100121"],"bpm": ["0"],"catalognumber": ["Encore CD1"],"compilation": ["0"],"date": ["1986"],"disc": ["2"],"discc": ["2"],"discnumber": ["2"],"disctotal": ["2"],"genre": ["Soundtrack"],"label": ["First Night Records"],"language": ["eng"],"media": ["CD"],"musicbrainz_albumartistid": ["e605aaba-e920-456a-9c8a-0836c46d4764"],"musicbrainz_albumid": ["d519bb0e-4c98-43e1-abfc-d53c41931180"],"musicbrainz_albumstatus": ["Official"],"musicbrainz_albumtype": ["soundtrack"],"musicbrainz_artistid": ["e605aaba-e920-456a-9c8a-0836c46d4764"],"musicbrainz_recordingid": ["ffaf9b41-0437-4137-903b-bc4d79f1a599"],"musicbrainz_releasegroupid": ["91908df7-d70b-3665-9a4c-e0c0aa0a549e"],"originaldate": ["1986"],"publisher": ["First Night Records"],"releasecountry": ["GB"],"releasestatus": ["official"],"releasetype": ["soundtrack"],"replaygain_album_gain": ["-2.25 dB"],"replaygain_album_peak": ["1.000000"],"replaygain_reference_loudness": ["89.0 dB"],"replaygain_track_gain": ["-0.23 dB"],"replaygain_track_peak": ["0.847198"],"script": ["Latn"],"title": ["Turning"],"totaldiscs": ["2"],"totaltracks": ["14"],"track": ["11"],"trackc": ["14"],"tracknumber": ["11"],"tracktotal": ["14"],"year": ["1986"]},"version": {"highlevel": {"essentia": "2.1-beta5-dev","essentia_build_sha": "e74af04b57b164eed312abeef4963962215860f0","essentia_git_sha": "v2.1_beta4-499-g4013ebc","extractor": "music 2.0","gaia": "2.4.5","gaia_git_sha": "v2.4.4-44-g95f4851","models_essentia_git_sha": "v2.1_beta1"},"lowlevel": {"essentia": "2.1-beta1","essentia_build_sha": "12879b851c9f4b0d899e1af4e221aa110f283a84","essentia_git_sha": "v2.1_beta1-7-ge0e83e8-dirty","extractor": "music 1.0"}}}}