{"highlevel": {"danceability": {"all": {"danceable": 0.999999880791,"not_danceable": 1.00000008274e-07},"probability": 0.999999880791,"value": "danceable"},"gender": {"all": {"female": 0.632747113705,"male": 0.367252916098},"probability": 0.632747113705,"value": "female"},"genre_dortmund": {"all": {"alternative": 0.0339494943619,"blues": 0.00154932157602,"electronic": 0.803368151188,"folkcountry": 0.00677529396489,"funksoulrnb": 0.00152838719077,"jazz": 0.0398003719747,"pop": 0.0530980229378,"raphiphop": 0.0306005310267,"rock": 0.02933040075},"probability": 0.803368151188,"value": "electronic"},"genre_electronic": {"all": {"ambient": 0.0581497475505,"dnb": 0.0715733543038,"house": 0.0133319627494,"techno": 0.00738133722916,"trance": 0.849563598633},"probability": 0.849563598633,"value": "trance"},"genre_rosamerica": {"all": {"cla": 0.000210798854823,"dan": 0.802464544773,"hip": 0.00508914049715,"jaz": 0.000182038464118,"pop": 0.159258887172,"rhy": 0.000363783183275,"roc": 0.0323444977403,"spe": 8.6278130766e-05},"probability": 0.802464544773,"value": "dan"},"genre_tzanetakis": {"all": {"blu": 0.0626613423228,"cla": 0.0348169617355,"cou": 0.104475811124,"dis": 0.0784321576357,"hip": 0.15692435205,"jaz": 0.313974827528,"met": 0.0448166541755,"pop": 0.0627359300852,"reg": 0.0627360641956,"roc": 0.0784258767962},"probability": 0.313974827528,"value": "jaz"},"ismir04_rhythm": {"all": {"ChaChaCha": 0.577282905579,"Jive": 0.0329934507608,"Quickstep": 0.00384021620266,"Rumba-American": 0.0184784736484,"Rumba-International": 0.0154251689091,"Rumba-Misc": 0.0017038929509,"Samba": 0.344091624022,"Tango": 0.00129991979338,"VienneseWaltz": 0.00321014388464,"Waltz": 0.00167420692742},"probability": 0.577282905579,"value": "ChaChaCha"},"mood_acoustic": {"all": {"acoustic": 1.10181519464e-09,"not_acoustic": 1},"probability": 1,"value": "not_acoustic"},"mood_aggressive": {"all": {"aggressive": 0.756956160069,"not_aggressive": 0.243043854833},"probability": 0.756956160069,"value": "aggressive"},"mood_electronic": {"all": {"electronic": 0.989211380482,"not_electronic": 0.0107886483893},"probability": 0.989211380482,"value": "electronic"},"mood_happy": {"all": {"happy": 0.660023450851,"not_happy": 0.339976549149},"probability": 0.660023450851,"value": "happy"},"mood_party": {"all": {"not_party": 0.0247593447566,"party": 0.975240647793},"probability": 0.975240647793,"value": "party"},"mood_relaxed": {"all": {"not_relaxed": 0.721582770348,"relaxed": 0.278417229652},"probability": 0.721582770348,"value": "not_relaxed"},"mood_sad": {"all": {"not_sad": 0.976592838764,"sad": 0.0234071575105},"probability": 0.976592838764,"value": "not_sad"},"moods_mirex": {"all": {"Cluster1": 0.165176615119,"Cluster2": 0.0393236801028,"Cluster3": 0.0398629084229,"Cluster4": 0.0747162625194,"Cluster5": 0.680920541286},"probability": 0.680920541286,"value": "Cluster5"},"timbre": {"all": {"bright": 0.965470552444,"dark": 0.0345294475555},"probability": 0.965470552444,"value": "bright"},"tonal_atonal": {"all": {"atonal": 0.0158001817763,"tonal": 0.984199821949},"probability": 0.984199821949,"value": "tonal"},"voice_instrumental": {"all": {"instrumental": 0.108686514199,"voice": 0.891313493252},"probability": 0.891313493252,"value": "voice"}},"metadata": {"audio_properties": {"analysis_sample_rate": 44100,"bit_rate": 0,"equal_loudness": 0,"length": 36.9199981689,"lossless": 1,"replay_gain": -12.1954460144,"sample_rate": 44100,"codec": "flac","downmix": "mix","md5_encoded": "e562d3ab9bba00cb1a3759033c8bf02f"},"tags": {"file_name": "01.13. Alex Monakhov - Roundabout.flac","acoustid_fingerprint": ["AQABFckkKVGiJFEhfjlywWIY2AnR80PDEX2Wzuh5-IQt4mPhh0d-WEwI7ULPwz-ekrhylCyhiYIfFk9IiMUTBaXwf0MPO6HxybCY4vCH5vjWE80YvIadsDiaJ7hplAwsSYdjBumO97ADvxb68MWtSmieBZdxafh5PGjuI18Uo3vROOGhnYIfvkhfHLaIk4ef5XgMfxmuo3kW9LCapUd64amha_BhhzzM1YJmZUEluMpS4XgzDi5RO7j6QacW9BksEf6Ja4ef47CFw8_h44eNPlGLkh_8Exal4GOQZzn8wk6Ww-NyVM5CVL_hdTn62qic4YfJoxqJV14RfjDlQ7SUvDhSazkOO1lwws9S-DxOwhaPs0fOwJ8HS9Li4Tr88Mgr2MmC83CVBZf0jPDDILXx7PgSlGRxJ4deG81x-DxO-Cl8ol0vVCL8HHaOH81z_Ef5wzpMhR9isfCJH8-SqMSJ87hHwZ9hqjgPrySuXxH8zDiROlkA8dIFoyURzjzs8Himwy_8FtcOnwiPXtHiwTqe0LiGfLiO87iUoyeaUFmKEw_hfOgZGjnxfEMrBqIa4yb8HD5-2HpxHf7xo3nQ72jCHXqORj4mSceVfNAyfUN4XEefVZgSZzlOVcZ9XDvslMNxH5UYe0jHFv9hJ0oM8TnyDD6DPjv6ZId_-HyEL4afBYedLMcXmMvCIB8PUVKyGJeC73iThYJYlyiZ5eiJ9Flw0YSbZCHyo2fwxNDFCNcYY_1x5eh3-LTwHPnAIz58AMGYAEIoYQBTRgiilEIMKAYAUYwVAQhjABjIFBCEAGgAAgwogoQAQlgmgJPCAECFUAgRqoBCQBiGgCEwGOCIMEIZBRARhgAAATJECCFEAwAawoASTAImmQMEMOQAMkIKI4RAwABHhATGAACCcEAx54hwAhABoBAMMACAIgIRoxhThhEiBVNCCEascMIiA4hADAEgoBMEGqAY4UAgoAhRRQqCEFNAEECUE4IBwxghzDGABEBMCUYAUEgRIIwTWio"],"acoustid_id": ["74553153-8f4a-4279-8ae2-722918a5c82b"],"album": ["A State of Trance: Year Mix 2006"],"albumartist": ["Armin van Buuren"],"albumartistsort": ["Buuren, van, Armin"],"artist": ["Alex Monakhov"],"artistsort": ["Monakhov, Alex"],"asin": ["B000KWZ9HC"],"bpm": ["0"],"catalognumber": ["CLDM 2006018"],"compilation": ["0"],"date": ["2006-12-15"],"discnumber": ["1"],"disctotal": ["2"],"genre": ["Trance"],"label": ["Cloud 9 Music"],"language": ["eng"],"media": ["CD"],"musicbrainz_albumartistid": ["477b8c0c-c5fc-4ad2-b5b2-191f0bf2a9df"],"musicbrainz_albumid": ["e0e83849-e26a-33b1-a25d-9fffd7d3dbb7"],"musicbrainz_artistid": ["58c12dfb-dfff-4055-88d6-fd920c1fa030"],"musicbrainz_recordingid": ["a73d2eec-f731-4414-a29d-db8313f0139d"],"musicbrainz_releasegroupid": ["9059a2a8-d54d-3039-99f4-2366a4e6412b"],"originaldate": ["2006-12-15"],"releasecountry": ["NL"],"script": ["Latn"],"title": ["Roundabout"],"totaldiscs": ["2"],"totaltracks": ["45"],"tracknumber": ["13"],"tracktotal": ["45"]},"version": {"highlevel": {"essentia": "2.1-beta5-dev","essentia_build_sha": "e74af04b57b164eed312abeef4963962215860f0","essentia_git_sha": "v2.1_beta4-499-g4013ebc","extractor": "music 2.0","gaia": "2.4.5","gaia_git_sha": "v2.4.4-44-g95f4851","models_essentia_git_sha": "v2.1_beta1"},"lowlevel": {"essentia": "2.1-beta2","essentia_build_sha": "70f2e5ece6736b2c40cc944ad0e695b16b925413","essentia_git_sha": "v2.1_beta2","extractor": "music 1.0"}}}}