{"highlevel": {"danceability": {"all": {"danceable": 1.91440321373e-07,"not_danceable": 0.999999821186},"probability": 0.999999821186,"value": "not_danceable"},"gender": {"all": {"female": 0.698316335678,"male": 0.30168363452},"probability": 0.698316335678,"value": "female"},"genre_dortmund": {"all": {"alternative": 0.117486909032,"blues": 0.0396343693137,"electronic": 0.0387907959521,"folkcountry": 0.608125209808,"funksoulrnb": 0.00328339054249,"jazz": 0.0832847654819,"pop": 0.0792748481035,"raphiphop": 0.00277219037525,"rock": 0.0273475274444},"probability": 0.608125209808,"value": "folkcountry"},"genre_electronic": {"all": {"ambient": 0.973482966423,"dnb": 0.00335245742463,"house": 0.0129350498319,"techno": 0.00777630601078,"trance": 0.00245320727117},"probability": 0.973482966423,"value": "ambient"},"genre_rosamerica": {"all": {"cla": 0.208026856184,"dan": 0.00408865883946,"hip": 0.00986698362976,"jaz": 0.710503041744,"pop": 0.0122293652967,"rhy": 0.035291954875,"roc": 0.00654052384198,"spe": 0.0134526304901},"probability": 0.710503041744,"value": "jaz"},"genre_tzanetakis": {"all": {"blu": 0.0626613423228,"cla": 0.0348169617355,"cou": 0.104475811124,"dis": 0.0784321576357,"hip": 0.15692435205,"jaz": 0.313974827528,"met": 0.0448166541755,"pop": 0.0627359300852,"reg": 0.0627360641956,"roc": 0.0784258767962},"probability": 0.313974827528,"value": "jaz"},"ismir04_rhythm": {"all": {"ChaChaCha": 0.050017349422,"Jive": 0.0023698147852,"Quickstep": 0.0112249348313,"Rumba-American": 0.0537357218564,"Rumba-International": 0.432943195105,"Rumba-Misc": 0.0615690089762,"Samba": 0.00835739355534,"Tango": 0.0135167986155,"VienneseWaltz": 0.0138759454712,"Waltz": 0.352389842272},"probability": 0.432943195105,"value": "Rumba-International"},"mood_acoustic": {"all": {"acoustic": 0.997164368629,"not_acoustic": 0.00283561227843},"probability": 0.997164368629,"value": "acoustic"},"mood_aggressive": {"all": {"aggressive": 2.23004818167e-07,"not_aggressive": 0.999999761581},"probability": 0.999999761581,"value": "not_aggressive"},"mood_electronic": {"all": {"electronic": 0.424915373325,"not_electronic": 0.575084626675},"probability": 0.575084626675,"value": "not_electronic"},"mood_happy": {"all": {"happy": 0.0160548407584,"not_happy": 0.983945131302},"probability": 0.983945131302,"value": "not_happy"},"mood_party": {"all": {"not_party": 0.995665967464,"party": 0.00433400319889},"probability": 0.995665967464,"value": "not_party"},"mood_relaxed": {"all": {"not_relaxed": 0.185809418559,"relaxed": 0.81419056654},"probability": 0.81419056654,"value": "relaxed"},"mood_sad": {"all": {"not_sad": 0.0515517741442,"sad": 0.948448240757},"probability": 0.948448240757,"value": "sad"},"moods_mirex": {"all": {"Cluster1": 0.121795088053,"Cluster2": 0.24273045361,"Cluster3": 0.491464614868,"Cluster4": 0.0999804288149,"Cluster5": 0.0440294221044},"probability": 0.491464614868,"value": "Cluster3"},"timbre": {"all": {"bright": 0.156190052629,"dark": 0.843809962273},"probability": 0.843809962273,"value": "dark"},"tonal_atonal": {"all": {"atonal": 0.67210650444,"tonal": 0.327893465757},"probability": 0.67210650444,"value": "atonal"},"voice_instrumental": {"all": {"instrumental": 0.314553201199,"voice": 0.685446798801},"probability": 0.685446798801,"value": "voice"}},"metadata": {"audio_properties": {"analysis_sample_rate": 44100,"bit_rate": 320000,"equal_loudness": 0,"length": 97.6195907593,"lossless": 0,"replay_gain": -8.70452690125,"sample_rate": 44100,"codec": "mp3","downmix": "mix","md5_encoded": "d430368de9af78b14d3505ea50afaa97"},"tags": {"file_name": "96302.mp3","album": ["Some things Just Stick in Your Mind \/ I Want to Be Alone"],"albumartist": ["Vashti Bunyan"],"artist": ["Vashti Bunyan"],"date": ["2007"],"genre": ["Alternative Folk"],"musicbrainz_recordingid": ["56608b49-4626-4361-87cc-372fa1ead664"],"title": ["Girl's Song In Winter"],"tracknumber": ["9"]},"version": {"highlevel": {"essentia": "2.1-beta5-dev","essentia_build_sha": "e74af04b57b164eed312abeef4963962215860f0","essentia_git_sha": "v2.1_beta4-499-g4013ebc","extractor": "music 2.0","gaia": "2.4.5","gaia_git_sha": "v2.4.4-44-g95f4851","models_essentia_git_sha": "v2.1_beta1"},"lowlevel": {"essentia": "2.1-beta2","essentia_build_sha": "70f2e5ece6736b2c40cc944ad0e695b16b925413","essentia_git_sha": "v2.1_beta2","extractor": "music 1.0"}}}}