{"highlevel": {"danceability": {"all": {"danceable": 0.701877057552,"not_danceable": 0.298122942448},"probability": 0.701877057552,"value": "danceable"},"gender": {"all": {"female": 0.260722875595,"male": 0.739277124405},"probability": 0.739277124405,"value": "male"},"genre_dortmund": {"all": {"alternative": 0.0705910921097,"blues": 0.0167359467596,"electronic": 0.844228506088,"folkcountry": 0.0287105869502,"funksoulrnb": 0.00211479049176,"jazz": 0.0122231598943,"pop": 0.00395108899102,"raphiphop": 0.00167565862648,"rock": 0.0197691693902},"probability": 0.844228506088,"value": "electronic"},"genre_electronic": {"all": {"ambient": 0.570241391659,"dnb": 0.0589469000697,"house": 0.216688081622,"techno": 0.0240607429296,"trance": 0.130062878132},"probability": 0.570241391659,"value": "ambient"},"genre_rosamerica": {"all": {"cla": 0.00745260203257,"dan": 0.16225643456,"hip": 0.167139723897,"jaz": 0.109759882092,"pop": 0.335246533155,"rhy": 0.153421625495,"roc": 0.0589573010802,"spe": 0.00576589349657},"probability": 0.335246533155,"value": "pop"},"genre_tzanetakis": {"all": {"blu": 0.0620671063662,"cla": 0.034474901855,"cou": 0.103433981538,"dis": 0.0620971247554,"hip": 0.15527240932,"jaz": 0.310666948557,"met": 0.044346679002,"pop": 0.0620793737471,"reg": 0.0620816536248,"roc": 0.103479810059},"probability": 0.310666948557,"value": "jaz"},"ismir04_rhythm": {"all": {"ChaChaCha": 0.624240458012,"Jive": 0.0363506861031,"Quickstep": 0.0153073798865,"Rumba-American": 0.0377965867519,"Rumba-International": 0.0189770143479,"Rumba-Misc": 0.00793527066708,"Samba": 0.0609920918941,"Tango": 0.175555929542,"VienneseWaltz": 0.0172992907465,"Waltz": 0.00554527109489},"probability": 0.624240458012,"value": "ChaChaCha"},"mood_acoustic": {"all": {"acoustic": 0.103853330016,"not_acoustic": 0.896146655083},"probability": 0.896146655083,"value": "not_acoustic"},"mood_aggressive": {"all": {"aggressive": 0.16988992691,"not_aggressive": 0.83011007309},"probability": 0.83011007309,"value": "not_aggressive"},"mood_electronic": {"all": {"electronic": 0.894972145557,"not_electronic": 0.105027832091},"probability": 0.894972145557,"value": "electronic"},"mood_happy": {"all": {"happy": 0.189315631986,"not_happy": 0.810684382915},"probability": 0.810684382915,"value": "not_happy"},"mood_party": {"all": {"not_party": 0.192155987024,"party": 0.807844042778},"probability": 0.807844042778,"value": "party"},"mood_relaxed": {"all": {"not_relaxed": 0.949567317963,"relaxed": 0.0504327006638},"probability": 0.949567317963,"value": "not_relaxed"},"mood_sad": {"all": {"not_sad": 0.722303748131,"sad": 0.277696251869},"probability": 0.722303748131,"value": "not_sad"},"moods_mirex": {"all": {"Cluster1": 0.13996078074,"Cluster2": 0.138468056917,"Cluster3": 0.276846498251,"Cluster4": 0.184913024306,"Cluster5": 0.259811669588},"probability": 0.276846498251,"value": "Cluster3"},"timbre": {"all": {"bright": 0.447417795658,"dark": 0.552582204342},"probability": 0.552582204342,"value": "dark"},"tonal_atonal": {"all": {"atonal": 0.408935368061,"tonal": 0.591064631939},"probability": 0.591064631939,"value": "tonal"},"voice_instrumental": {"all": {"instrumental": 0.227386847138,"voice": 0.772613167763},"probability": 0.772613167763,"value": "voice"}},"metadata": {"audio_properties": {"analysis_sample_rate": 44100,"bit_rate": 0,"equal_loudness": 0,"length": 261.440002441,"lossless": 1,"replay_gain": -9.27613639832,"sample_rate": 44100,"codec": "flac","downmix": "mix","md5_encoded": "a93e82a134f5aa82044fa1b42b082276"},"tags": {"file_name": "01-78_Stone_Wobble.flac","album": ["78 Stone Wobble"],"artist": ["Gomez"],"date": ["1998-00-00"],"musicbrainz_albumid": ["b5691c92-f011-4e9e-9024-0dd121e11920"],"musicbrainz_artistid": ["304cdd9d-a04e-4eb2-865c-980a553a0efd"],"musicbrainz_recordingid": ["4fedbf45-62c6-4b1d-b7d8-194da627aaf1"],"title": ["78 Stone Wobble"],"tracknumber": ["1"]},"version": {"highlevel": {"essentia": "2.1-beta5-dev","essentia_build_sha": "e74af04b57b164eed312abeef4963962215860f0","essentia_git_sha": "v2.1_beta4-499-g4013ebc","extractor": "music 2.0","gaia": "2.4.5","gaia_git_sha": "v2.4.4-44-g95f4851","models_essentia_git_sha": "v2.1_beta1"},"lowlevel": {"essentia": "2.1-beta2","essentia_build_sha": "c0e182ba78c2de26e491b7b7a4a2c98c1ed34208","essentia_git_sha": "v2.1_beta2-2-gbb40004","extractor": "music 1.0"}}}}