{"highlevel": {"danceability": {"all": {"danceable": 0.998562455177,"not_danceable": 0.0014375600731},"probability": 0.998562455177,"value": "danceable"},"gender": {"all": {"female": 0.994526326656,"male": 0.00547367567196},"probability": 0.994526326656,"value": "female"},"genre_dortmund": {"all": {"alternative": 0.00294857565314,"blues": 0.00354741327465,"electronic": 0.972156763077,"folkcountry": 0.00244925078005,"funksoulrnb": 0.000273261830444,"jazz": 0.0104990508407,"pop": 0.000512333353981,"raphiphop": 0.0056254141964,"rock": 0.00198792642914},"probability": 0.972156763077,"value": "electronic"},"genre_electronic": {"all": {"ambient": 0.278173983097,"dnb": 0.0449624955654,"house": 0.397862523794,"techno": 0.127735778689,"trance": 0.151265218854},"probability": 0.397862523794,"value": "house"},"genre_rosamerica": {"all": {"cla": 0.00599650293589,"dan": 0.0209560096264,"hip": 0.732526540756,"jaz": 0.0155810778961,"pop": 0.0150753362104,"rhy": 0.198523938656,"roc": 0.00463472632691,"spe": 0.00670589413494},"probability": 0.732526540756,"value": "hip"},"genre_tzanetakis": {"all": {"blu": 0.0626613423228,"cla": 0.0348169617355,"cou": 0.104475811124,"dis": 0.0784321576357,"hip": 0.15692435205,"jaz": 0.313974827528,"met": 0.0448166541755,"pop": 0.0627359300852,"reg": 0.0627360641956,"roc": 0.0784258767962},"probability": 0.313974827528,"value": "jaz"},"ismir04_rhythm": {"all": {"ChaChaCha": 0.664647400379,"Jive": 0.0321184806526,"Quickstep": 0.00955931469798,"Rumba-American": 0.0131090702489,"Rumba-International": 0.0322147980332,"Rumba-Misc": 0.01350492239,"Samba": 0.0673996508121,"Tango": 0.136540815234,"VienneseWaltz": 0.0246410574764,"Waltz": 0.00626450404525},"probability": 0.664647400379,"value": "ChaChaCha"},"mood_acoustic": {"all": {"acoustic": 0.188343450427,"not_acoustic": 0.811656534672},"probability": 0.811656534672,"value": "not_acoustic"},"mood_aggressive": {"all": {"aggressive": 0.199945062399,"not_aggressive": 0.800054907799},"probability": 0.800054907799,"value": "not_aggressive"},"mood_electronic": {"all": {"electronic": 0.875470042229,"not_electronic": 0.124529950321},"probability": 0.875470042229,"value": "electronic"},"mood_happy": {"all": {"happy": 0.449317008257,"not_happy": 0.550683021545},"probability": 0.550683021545,"value": "not_happy"},"mood_party": {"all": {"not_party": 0.230313941836,"party": 0.769686043262},"probability": 0.769686043262,"value": "party"},"mood_relaxed": {"all": {"not_relaxed": 0.728040337563,"relaxed": 0.271959662437},"probability": 0.728040337563,"value": "not_relaxed"},"mood_sad": {"all": {"not_sad": 0.813101351261,"sad": 0.186898678541},"probability": 0.813101351261,"value": "not_sad"},"moods_mirex": {"all": {"Cluster1": 0.0995572656393,"Cluster2": 0.162817507982,"Cluster3": 0.248149320483,"Cluster4": 0.226379930973,"Cluster5": 0.263095974922},"probability": 0.263095974922,"value": "Cluster5"},"timbre": {"all": {"bright": 0.0599359050393,"dark": 0.940064072609},"probability": 0.940064072609,"value": "dark"},"tonal_atonal": {"all": {"atonal": 0.877382993698,"tonal": 0.122616991401},"probability": 0.877382993698,"value": "atonal"},"voice_instrumental": {"all": {"instrumental": 0.233019769192,"voice": 0.766980230808},"probability": 0.766980230808,"value": "voice"}},"metadata": {"audio_properties": {"analysis_sample_rate": 44100,"bit_rate": 192022,"equal_loudness": 0,"length": 227.578781128,"lossless": 0,"replay_gain": -9.07864952087,"sample_rate": 44100,"codec": "mp3","downmix": "mix","md5_encoded": "510f24acabcdc2b258c341ee5886827c"},"tags": {"file_name": "10 Ain't With Being Broke.mp3","album": ["We Can't Be Stopped"],"albumartist": ["Geto Boys"],"albumartistsort": ["Geto Boys"],"artist": ["Geto Boys"],"artistsort": ["Geto Boys"],"asin": ["B000000W7U"],"catalognumber": ["03474 41992 4 9"],"date": ["1991"],"discnumber": ["01\/01"],"genre": ["Gangsta"],"label": ["Asylum\/Rap-A-Lot"],"media": ["(MC)"],"musicbrainz album release country": ["US"],"musicbrainz album status": ["official"],"musicbrainz album type": ["album"],"musicbrainz_albumartistid": ["a78ca453-3a53-4b19-8b2d-61b10dd45558"],"musicbrainz_albumid": ["a4f2a194-38ca-49c3-8cb4-bf369a004b33"],"musicbrainz_artistid": ["a78ca453-3a53-4b19-8b2d-61b10dd45558"],"musicbrainz_recordingid": ["116aba7b-d8bd-4ef1-994f-289159ac1847"],"musicip_puid": ["0201b8b8-14db-c341-f0cc-8712c81d1df0"],"title": ["Ain't With Being Broke"],"tracknumber": ["10\/15"]},"version": {"highlevel": {"essentia": "2.1-beta5-dev","essentia_build_sha": "e74af04b57b164eed312abeef4963962215860f0","essentia_git_sha": "v2.1_beta4-499-g4013ebc","extractor": "music 2.0","gaia": "2.4.5","gaia_git_sha": "v2.4.4-44-g95f4851","models_essentia_git_sha": "v2.1_beta1"},"lowlevel": {"essentia": "2.1-beta2","essentia_build_sha": "2d9f1f26377add8aeb1075a9c2973f962c4f09fd","essentia_git_sha": "v2.1_beta2-1-ge3940c0","extractor": "music 1.0"}}}}