{"highlevel": {"danceability": {"all": {"danceable": 0.990565478802,"not_danceable": 0.00943452492356},"probability": 0.990565478802,"value": "danceable"},"gender": {"all": {"female": 0.300410479307,"male": 0.699589550495},"probability": 0.699589550495,"value": "male"},"genre_dortmund": {"all": {"alternative": 0.0356995984912,"blues": 0.0100450683385,"electronic": 0.885046899319,"folkcountry": 0.0311789102852,"funksoulrnb": 0.00319406483322,"jazz": 0.00568032078445,"pop": 0.00917603541166,"raphiphop": 0.00647558970377,"rock": 0.0135035216808},"probability": 0.885046899319,"value": "electronic"},"genre_electronic": {"all": {"ambient": 0.181918621063,"dnb": 0.0265408270061,"house": 0.371583282948,"techno": 0.0095234895125,"trance": 0.410433799028},"probability": 0.410433799028,"value": "trance"},"genre_rosamerica": {"all": {"cla": 0.00149991491344,"dan": 0.0450382828712,"hip": 0.0178645588458,"jaz": 0.0031348571647,"pop": 0.523465037346,"rhy": 0.38308930397,"roc": 0.0249919686466,"spe": 0.000916070013773},"probability": 0.523465037346,"value": "pop"},"genre_tzanetakis": {"all": {"blu": 0.063259229064,"cla": 0.0351214334369,"cou": 0.0790196210146,"dis": 0.0526951625943,"hip": 0.158124744892,"jaz": 0.316520601511,"met": 0.0632875487208,"pop": 0.063269995153,"reg": 0.0632629841566,"roc": 0.105438686907},"probability": 0.316520601511,"value": "jaz"},"ismir04_rhythm": {"all": {"ChaChaCha": 0.868737578392,"Jive": 0.0139849558473,"Quickstep": 0.00700041512027,"Rumba-American": 0.0145295811817,"Rumba-International": 0.00881307665259,"Rumba-Misc": 0.00627412181348,"Samba": 0.0205394588411,"Tango": 0.0329080820084,"VienneseWaltz": 0.0249367449433,"Waltz": 0.00227597053163},"probability": 0.868737578392,"value": "ChaChaCha"},"mood_acoustic": {"all": {"acoustic": 0.116323202848,"not_acoustic": 0.883676767349},"probability": 0.883676767349,"value": "not_acoustic"},"mood_aggressive": {"all": {"aggressive": 0.0646352767944,"not_aggressive": 0.935364723206},"probability": 0.935364723206,"value": "not_aggressive"},"mood_electronic": {"all": {"electronic": 0.434290230274,"not_electronic": 0.565709769726},"probability": 0.565709769726,"value": "not_electronic"},"mood_happy": {"all": {"happy": 0.773915171623,"not_happy": 0.226084813476},"probability": 0.773915171623,"value": "happy"},"mood_party": {"all": {"not_party": 0.218991875648,"party": 0.781008124352},"probability": 0.781008124352,"value": "party"},"mood_relaxed": {"all": {"not_relaxed": 0.813615202904,"relaxed": 0.186384767294},"probability": 0.813615202904,"value": "not_relaxed"},"mood_sad": {"all": {"not_sad": 0.763375461102,"sad": 0.236624523997},"probability": 0.763375461102,"value": "not_sad"},"moods_mirex": {"all": {"Cluster1": 0.0982620418072,"Cluster2": 0.332282543182,"Cluster3": 0.0627173930407,"Cluster4": 0.38267493248,"Cluster5": 0.12406308949},"probability": 0.38267493248,"value": "Cluster4"},"timbre": {"all": {"bright": 0.848715901375,"dark": 0.151284128428},"probability": 0.848715901375,"value": "bright"},"tonal_atonal": {"all": {"atonal": 0.232385367155,"tonal": 0.767614603043},"probability": 0.767614603043,"value": "tonal"},"voice_instrumental": {"all": {"instrumental": 0.00122212118004,"voice": 0.998777866364},"probability": 0.998777866364,"value": "voice"}},"metadata": {"audio_properties": {"analysis_sample_rate": 44100,"bit_rate": 128000,"equal_loudness": 0,"length": 213.368164062,"lossless": 0,"replay_gain": -9.72054290771,"sample_rate": 44100,"codec": "mp3","downmix": "mix","md5_encoded": "e7dfa22aa20e4e4c9f83c58cb4dc4f27"},"tags": {"file_name": "10. Summertime.mp3","album": ["Level 6"],"albumartist": ["DJ BoBo"],"albumartistsort": ["BoBo, DJ"],"artist": ["DJ BoBo"],"artistsort": ["BoBo, DJ"],"asin": ["B0000646KS"],"barcode": ["4016888401125"],"catalognumber": ["EAMS 4011-2"],"date": ["1999"],"discnumber": ["1\/1"],"genre": ["Pop"],"label": ["EAMS"],"language": ["eng"],"media": ["CD"],"musicbrainz album release country": ["DE"],"musicbrainz album status": ["official"],"musicbrainz album type": ["album"],"musicbrainz_albumartistid": ["4603ee86-4f73-471e-8fc7-4a26549ed119"],"musicbrainz_albumid": ["135fcf74-081e-386f-b2ef-52499909bf7a"],"musicbrainz_artistid": ["4603ee86-4f73-471e-8fc7-4a26549ed119"],"musicbrainz_recordingid": ["11b221ba-12b1-431e-a120-50811979550c"],"originaldate": ["1999"],"script": ["Latn"],"title": ["Summertime"],"tracknumber": ["10\/14"]},"version": {"highlevel": {"essentia": "2.1-beta5-dev","essentia_build_sha": "e74af04b57b164eed312abeef4963962215860f0","essentia_git_sha": "v2.1_beta4-499-g4013ebc","extractor": "music 2.0","gaia": "2.4.5","gaia_git_sha": "v2.4.4-44-g95f4851","models_essentia_git_sha": "v2.1_beta1"},"lowlevel": {"essentia": "2.1-beta2","essentia_build_sha": "70f2e5ece6736b2c40cc944ad0e695b16b925413","essentia_git_sha": "v2.1_beta2","extractor": "music 1.0"}}}}