{"highlevel": {"danceability": {"all": {"danceable": 0.992823839188,"not_danceable": 0.00717614451423},"probability": 0.992823839188,"value": "danceable"},"gender": {"all": {"female": 0.26998591423,"male": 0.73001408577},"probability": 0.73001408577,"value": "male"},"genre_dortmund": {"all": {"alternative": 0.000792810402345,"blues": 2.48399846896e-05,"electronic": 0.998974859715,"folkcountry": 7.48056700104e-05,"funksoulrnb": 1.13180476546e-06,"jazz": 3.6996716517e-05,"pop": 5.00355736222e-06,"raphiphop": 1.11676615688e-06,"rock": 8.845890261e-05},"probability": 0.998974859715,"value": "electronic"},"genre_electronic": {"all": {"ambient": 0.192295342684,"dnb": 0.0122859692201,"house": 0.481960475445,"techno": 0.0329706221819,"trance": 0.280487596989},"probability": 0.481960475445,"value": "house"},"genre_rosamerica": {"all": {"cla": 0.0107575766742,"dan": 0.0330191142857,"hip": 0.86314201355,"jaz": 0.00842897221446,"pop": 0.0258519761264,"rhy": 0.0108061013743,"roc": 0.0429971180856,"spe": 0.00499713001773},"probability": 0.86314201355,"value": "hip"},"genre_tzanetakis": {"all": {"blu": 0.0626613423228,"cla": 0.0348169617355,"cou": 0.104475811124,"dis": 0.0784321576357,"hip": 0.15692435205,"jaz": 0.313974827528,"met": 0.0448166541755,"pop": 0.0627359300852,"reg": 0.0627360641956,"roc": 0.0784258767962},"probability": 0.313974827528,"value": "jaz"},"ismir04_rhythm": {"all": {"ChaChaCha": 0.200520426035,"Jive": 0.144468873739,"Quickstep": 0.0354911237955,"Rumba-American": 0.0463515818119,"Rumba-International": 0.0357843451202,"Rumba-Misc": 0.0298935696483,"Samba": 0.111814431846,"Tango": 0.305672287941,"VienneseWaltz": 0.0678702294827,"Waltz": 0.0221331249923},"probability": 0.305672287941,"value": "Tango"},"mood_acoustic": {"all": {"acoustic": 0.00627014320344,"not_acoustic": 0.993729829788},"probability": 0.993729829788,"value": "not_acoustic"},"mood_aggressive": {"all": {"aggressive": 0.972208023071,"not_aggressive": 0.0277919583023},"probability": 0.972208023071,"value": "aggressive"},"mood_electronic": {"all": {"electronic": 0.686107158661,"not_electronic": 0.313892841339},"probability": 0.686107158661,"value": "electronic"},"mood_happy": {"all": {"happy": 0.216334462166,"not_happy": 0.783665537834},"probability": 0.783665537834,"value": "not_happy"},"mood_party": {"all": {"not_party": 0.178714722395,"party": 0.821285247803},"probability": 0.821285247803,"value": "party"},"mood_relaxed": {"all": {"not_relaxed": 0.875192642212,"relaxed": 0.12480738014},"probability": 0.875192642212,"value": "not_relaxed"},"mood_sad": {"all": {"not_sad": 0.87020856142,"sad": 0.129791468382},"probability": 0.87020856142,"value": "not_sad"},"moods_mirex": {"all": {"Cluster1": 0.0817648023367,"Cluster2": 0.0652233064175,"Cluster3": 0.109690003097,"Cluster4": 0.0899117663503,"Cluster5": 0.6534101367},"probability": 0.6534101367,"value": "Cluster5"},"timbre": {"all": {"bright": 0.928143799305,"dark": 0.0718562155962},"probability": 0.928143799305,"value": "bright"},"tonal_atonal": {"all": {"atonal": 0.966762185097,"tonal": 0.0332378149033},"probability": 0.966762185097,"value": "atonal"},"voice_instrumental": {"all": {"instrumental": 0.993771314621,"voice": 0.00622865837067},"probability": 0.993771314621,"value": "instrumental"}},"metadata": {"audio_properties": {"analysis_sample_rate": 44100,"bit_rate": 0,"equal_loudness": 0,"length": 332.480010986,"lossless": 1,"replay_gain": -15.334230423,"sample_rate": 44100,"codec": "flac","downmix": "mix","md5_encoded": "a1aa3cb410cd981509fe4a1c7c5a9223"},"tags": {"file_name": "16 - The Easy Spell.flac","acoustid_id": ["057aa4d4-31bd-4876-8ca8-45558d505fb5"],"album": ["The New Danger"],"albumartist": ["Mos Def"],"albumartistsort": ["Mos Def"],"artist": ["Mos Def"],"artists": ["Mos Def"],"artistsort": ["Mos Def"],"asin": ["B00030EEO0"],"barcode": ["602498640227"],"catalognumber": ["B0003558-02"],"date": ["2004-10-19"],"label": ["Geffen Records"],"media": ["CD"],"musicbrainz_albumartistid": ["9f4551c6-1324-4ac5-b3fe-a5c5cfacd54d"],"musicbrainz_albumid": ["56c76359-e7d8-465c-8e84-fdcce75dbb80"],"musicbrainz_artistid": ["9f4551c6-1324-4ac5-b3fe-a5c5cfacd54d"],"musicbrainz_recordingid": ["19dfb48d-7d4c-4c41-a8fe-e7030046b0cb"],"musicbrainz_releasegroupid": ["4d0fd091-18c3-3c0d-8161-017296db71e9"],"musicbrainz_releasetrackid": ["796b62ed-a007-39a3-9684-09e242e10064"],"originaldate": ["2004"],"performer": ["Black Jack Johnson", "Mos Def"],"releasecountry": ["US"],"releasestatus": ["official"],"releasetype": ["album"],"script": ["Latn"],"title": ["The Easy Spell"],"totaltracks": ["18"],"tracknumber": ["16"],"tracktotal": ["18"]},"version": {"highlevel": {"essentia": "2.1-beta5-dev","essentia_build_sha": "e74af04b57b164eed312abeef4963962215860f0","essentia_git_sha": "v2.1_beta4-499-g4013ebc","extractor": "music 2.0","gaia": "2.4.5","gaia_git_sha": "v2.4.4-44-g95f4851","models_essentia_git_sha": "v2.1_beta1"},"lowlevel": {"essentia": "2.1-beta1","essentia_build_sha": "ca57ba49d9b1854bd80e60cf9ccf267278fb7d6b","essentia_git_sha": "v2.1_beta1-28-g21ef5f4-dirty","extractor": "music 1.0"}}}}