{"highlevel": {"danceability": {"all": {"danceable": 0.044487670064,"not_danceable": 0.955512344837},"probability": 0.955512344837,"value": "not_danceable"},"gender": {"all": {"female": 0.0628823339939,"male": 0.937117695808},"probability": 0.937117695808,"value": "male"},"genre_dortmund": {"all": {"alternative": 0.0648931190372,"blues": 0.0111678922549,"electronic": 0.868310153484,"folkcountry": 0.0423681549728,"funksoulrnb": 0.000647576933261,"jazz": 0.00262454268523,"pop": 0.00177229987457,"raphiphop": 0.00053378456505,"rock": 0.00768245058134},"probability": 0.868310153484,"value": "electronic"},"genre_electronic": {"all": {"ambient": 0.82742202282,"dnb": 0.00432628905401,"house": 0.0741933956742,"techno": 0.0119028836489,"trance": 0.0821553766727},"probability": 0.82742202282,"value": "ambient"},"genre_rosamerica": {"all": {"cla": 0.165471091866,"dan": 0.00712927011773,"hip": 0.00675927242264,"jaz": 0.0136469965801,"pop": 0.0974854007363,"rhy": 0.641702413559,"roc": 0.0568436644971,"spe": 0.010961888358},"probability": 0.641702413559,"value": "rhy"},"genre_tzanetakis": {"all": {"blu": 0.0626541376114,"cla": 0.0348133966327,"cou": 0.0783501937985,"dis": 0.104547761381,"hip": 0.15693578124,"jaz": 0.313987255096,"met": 0.044816005975,"pop": 0.0627349764109,"reg": 0.0627352520823,"roc": 0.0784252434969},"probability": 0.313987255096,"value": "jaz"},"ismir04_rhythm": {"all": {"ChaChaCha": 0.00101541448385,"Jive": 0.000457459071185,"Quickstep": 7.50045728637e-05,"Rumba-American": 0.000304240384139,"Rumba-International": 0.00222094752826,"Rumba-Misc": 0.0009517322178,"Samba": 0.000434473797213,"Tango": 0.000899422098882,"VienneseWaltz": 0.984282255173,"Waltz": 0.00935904495418},"probability": 0.984282255173,"value": "VienneseWaltz"},"mood_acoustic": {"all": {"acoustic": 0.876867890358,"not_acoustic": 0.123132094741},"probability": 0.876867890358,"value": "acoustic"},"mood_aggressive": {"all": {"aggressive": 2.37794915847e-06,"not_aggressive": 0.999997615814},"probability": 0.999997615814,"value": "not_aggressive"},"mood_electronic": {"all": {"electronic": 0.0473622195423,"not_electronic": 0.952637791634},"probability": 0.952637791634,"value": "not_electronic"},"mood_happy": {"all": {"happy": 0.442685872316,"not_happy": 0.557314157486},"probability": 0.557314157486,"value": "not_happy"},"mood_party": {"all": {"not_party": 0.974047124386,"party": 0.0259529035538},"probability": 0.974047124386,"value": "not_party"},"mood_relaxed": {"all": {"not_relaxed": 0.00773270521313,"relaxed": 0.992267310619},"probability": 0.992267310619,"value": "relaxed"},"mood_sad": {"all": {"not_sad": 0.323464810848,"sad": 0.676535189152},"probability": 0.676535189152,"value": "sad"},"moods_mirex": {"all": {"Cluster1": 0.060425195843,"Cluster2": 0.351455539465,"Cluster3": 0.335418075323,"Cluster4": 0.102177903056,"Cluster5": 0.150523275137},"probability": 0.351455539465,"value": "Cluster2"},"timbre": {"all": {"bright": 0.675226330757,"dark": 0.324773669243},"probability": 0.675226330757,"value": "bright"},"tonal_atonal": {"all": {"atonal": 0.0115703754127,"tonal": 0.988429605961},"probability": 0.988429605961,"value": "tonal"},"voice_instrumental": {"all": {"instrumental": 0.484631717205,"voice": 0.515368282795},"probability": 0.515368282795,"value": "voice"}},"metadata": {"audio_properties": {"analysis_sample_rate": 44100,"bit_rate": 128000,"equal_loudness": 0,"length": 221.28326416,"lossless": 0,"replay_gain": -5.20262718201,"sample_rate": 44100,"codec": "mp3","downmix": "mix","md5_encoded": "7f977d58881dcce530fa842ca2c15233"},"tags": {"file_name": "Randy Travis - O Holy Night.mp3","acoustid_fingerprint": ["AQADtIkW6gqaH5UZPEfzoc5kVFJxFZW64MIDn8cXPKHwZIKaGGdwX8MPLQ_qTDmuIlawNlFxH3xA_cihfMnxZRrC5Mc9D46XHHl0NOegp8GlGpaqOLhufGEG_8fhE2ei4BGPKlGYFL4siHF49D_6HI1b4Z_QH2l2wiuPKg-O5jNq5UTj6CieSGGH2M8gLgvyoy-apjiT8OgtwdEvdOJyXMdzIOfx6MOz4MevZMhDHX8iw2lT4YlflHGC5uiXHVOaigLjo5lUDkmeeELoxgvOZApOhCf0NEGewNEV3ErwQD8uJVmKKdUzMMKeEXek44kqPMokhI1-qGKQk3jhTzdC69AvpMWf6EiTNMpx_NAfYXtGI0euHA8FPSOeEPGP5kP1IN8OUsfFRGEShDmNHsRV48ouVFFOXEfyF9lzND-uH08-_Gh-jK-RTxnEHPWDX8OuCGdusN-EpmdQ54WeXRsunGi4_CiJJ1mOUxfe_GjQ-bjHEKvS41GO5vhhPkXlHGF3OFKmMHgDK0aYbMeZBxeaB32GJxKuNEOFN0uHonLQtHiYSnh-OIeO5nTQR0h34TsKU1OFylmOTydC4Rn-aLhQH08S9Pvhoz2HX1DzD9Fr9Mf25Thl4kkfNOfxGD-6O4dztImPK8eJ4x_8GLs5oSaB89hHfMKJF5uOJB-CB5eO5jjuH1-jIW6j6NAoJcfhG--hA88L2_A0TO_xG_KHbJLRODX6o8lkMMbFHHuP8g9a3sglQ3uDtMbRFD-Pf7iYw6zxRMoa_EGYDaH-4TmF_srxwjlqO8d_HCfGG3l0sE8hH_mi4iIYHTt8HicPV7j242rhikePHDpyCZcTU-iSFX424yI-Iv4g3kfaFyWON8elI0x2aDxyf-j2o3Hy4dLxfQg_JEsVHU_kFYd_HH8wgkmPaTni44Z2HaIb1KhumN3xIz_-4Dp6BTl0HbHhHn_QOg8aVYrxHmE0MTuS8fiLamtT-HnxZseV4Tz85aiw_7gykIyEXGeEKW8ciFWkoRJxJTtxokqO2Klx8sHFGKaEeiMuhUHrI80htibC18LHTUGPJs5wH80Rng4UicoRhspRSiGaE7FzJNqJOz3aKPnhtMb54CX8o3qQpDERD6U0NJfSBJXzodnz4UuH7oXDZYWvB22V49qLIOHL43xw4i9qG817PEOP5jkuYWz0g2xGvMIk_bjSaELO5NCFvBw-ws9x4ha-MEaeHZpkvcit5LjxhPh-1Mcv7PTh5ygfPAzuK_iuo3rQdNNwvJFRMlGxZWMiocepI5yLS8LHHDdy2DYeSoeHG-k_1OKhjzli3mikC5XxY-eDY7piND8uLkY_oWlyXB2e5EMTvkJfaXhqXB-O5AhzlMc3Hr_QlKhO5DrUI6dIXAuuC70Gx0V_XPqRoyd05Yh1-DHGUMrhpZ0yMJSOCcaJK0d_nHnxpBn-I9nGI99inDgPWBsnPMdz5NBHpL5w1YB5XIc7WFJeHL9xz4WZHb9w_JTgvijXG-OyI1vCHwqOH49wonrwH-pXXDx-5Aycaqii4LyG8Dy0vEXQfCilBdeOOzu-46dwGf-DvvD0oOUy5IVO8dBXlE9u-ITJoHqKK4d-oeyRoj2OkfGFb-B5jGIWvPFxdHPw0YcjHn3xIz_UG_lxBV9wEbONHlnOYD2F-0N_iONkPPmQ__CJF1eP4-Lx4y_MHCE7CSqFMzFuZUQzK1DU0SgR5stxGmH6QuN95FmEyrCawll0oz9xG8-Q-4R-hB88cNluOPjRI-yhC_nRhMG-4w_244p4lNI7JMyPfHiM5zCP68eLdA8ObdSOZ_gHXT7aG37448jEoyeCGtvr48GR4-PwEhfh8PjwCDdy0RCPnEd1_EMk0Yd4ZM6x1U5wlN_xtcfx49uRO9C-pEOaHt9xvMJx4Yd_9LPQhCifLXgTITfxQs-FD_WWF019XMJ3PEYPMefQH19U48QlEU8jXEFzaOoRyeJxHc7x44V7lJuOHzfC_JDyxEc-hM4DJwrupoeytRTSPyi-I09jaJ_RLB8udsaPUzLe44Luoofn48Qp_BBToSeiH_1xHU2c40rwHz_2ILkepJ9nzCGPd_jhHj-uHCUfNPxBIUd1FVKiZ3h0Yuxx7dAueM_x44cs4jzMFT8OHD90HDfWhkdePEU8-fChUkPO40N1qbhyYuiJMA8PtRfeBfHRCz5OGDfydA3Ow8EuHlWW4-gtNGcO_fhy3Dy6Qj_sPMiRtxWuHrpR_riL_LhyJMoR5uHx9cLDV_gF18fFGJdE40eWkAuSH38pPGKeYhoP3AmFMzTeEjmNXsdpXPgOa4dj7PgO0UGbdshRmUejhniK80N4-C364-OO6xJIFr_QwtXR9xCy58M-48eX4dTRD_425DyKf4e-o8-xwSEY_jg-HLqG3jD1CTw0-zgR3vCOHkd_uEOPfDhlnMFRZeKxDw9-HD5u4rgBhwQjUHAQiCOIASGGdAQYrIAAlFgggBKIACAcAgIkYggQwhChCGECACcKMQApxBAxAgAgKBMGIUMJAEABCAAkBhIGljAOCgGAcQJIYYRkAiBDgBACHQYckMIYCCSBUBgJgHREIACRYQAJZAgSVFiAgIVEGiMUYECQRgQCgAkEABEIWCoAQYgQwpEgRCDAkMGCAkSIIIwRqIwQAglAAQDMAYAQAAIwQ4AVCDGOhAAMCAJMRIg4DQVAgiCqCKIGCAaMJAQQA4QgAjgFgDOEAEaBIAwQwRQAgDDOmBCIMGMEI0IBgYhJygCAkCVCGKKIUgwQRAhRABmICBLmGcCFEQ4RIYRwiDgAjAMACEKEUAwQZRATQhgFhADAAASJQExaIECwWBAFmCUEAAAJEhAQAQwRQhADBIGGCcCYBoAAY4EyghJhgCGIEEIAAIQgwZgRADlAgBBGGKpEIcAIJI2ggjAgAHQKGEKAgZYAgRxRCDj2HQBEAYicEIRhgogwBAtqBFCYA6GIMMAQRJwxyhmoCEGMMUaBUYYw0wwARAhEiDJEGCIQQUwRJAAgRgAigIEEAAIABkIBIQ0hhCFGEGLEEGiAwEwhhIUUDlFBgFKEEQIgIEhQBIhTBAkgBBOCKAEMYcg4YICjwmFBBRBEIMAEIIwKK4kSShhCAUQIAACYIEAwsRAQAClrhCJSMAggI4II2AVQQDCDEAGRCiWIENAYYgIwgnmFmEAKUQQgEY4SYqFAyiAgjBVAIIGIIQAIhwBBEFEgjCQGAUQ4YAIAQAYxAhAGkZJIKAiYIAYigrhwzgAKIIPKOockAIoZy4AwBglggLAAOUWcEEIZBZwDCAEoHDMAAEQAQgRRQQgQAjlCFGBIGQCMEIABRYxQzDCArBQIGAUQAQQJAI0AhBhgBBBEEUCIIQQQQQRgxRIDDHPELAcMsahAhQCzwgA"],"acoustid_id": ["4d3a8f73-31c2-43b3-a170-8b5141442766"],"album": ["Songs of the Season"],"artist": ["Randy Travis"],"bpm": ["110.61"],"catalognumber": ["WD2-887146"],"date": ["2007"],"genre": ["Country Christmas"],"language": ["eng"],"musicbrainz album release country": ["US"],"musicbrainz album type": ["Album"],"musicbrainz_albumartistid": ["09b697e3-a849-4670-ae49-e0b821a6271a"],"musicbrainz_albumid": ["08b7b4ba-42f6-449b-8559-e8ff5a9ea653"],"musicbrainz_artistid": ["09b697e3-a849-4670-ae49-e0b821a6271a"],"musicbrainz_recordingid": ["19eaf97a-f16e-44c1-a32c-0a54155b8274"],"musicbrainz_releasegroupid": ["830d515d-4896-33f6-ab2b-3cb475d73f72"],"title": ["O Holy Night"],"tracknumber": ["03\/13"]},"version": {"highlevel": {"essentia": "2.1-beta5-dev","essentia_build_sha": "e74af04b57b164eed312abeef4963962215860f0","essentia_git_sha": "v2.1_beta4-499-g4013ebc","extractor": "music 2.0","gaia": "2.4.5","gaia_git_sha": "v2.4.4-44-g95f4851",