{"highlevel": {"danceability": {"all": {"danceable": 0.156013056636,"not_danceable": 0.843986928463},"probability": 0.843986928463,"value": "not_danceable"},"gender": {"all": {"female": 0.274990200996,"male": 0.725009799004},"probability": 0.725009799004,"value": "male"},"genre_dortmund": {"all": {"alternative": 0.333875387907,"blues": 0.0426731370389,"electronic": 0.508833348751,"folkcountry": 0.0415845252573,"funksoulrnb": 0.0035001616925,"jazz": 0.00481027876958,"pop": 0.0128817372024,"raphiphop": 0.0021995252464,"rock": 0.0496418848634},"probability": 0.508833348751,"value": "electronic"},"genre_electronic": {"all": {"ambient": 0.431844949722,"dnb": 0.0697807520628,"house": 0.0629361867905,"techno": 0.0129001541063,"trance": 0.422537952662},"probability": 0.431844949722,"value": "ambient"},"genre_rosamerica": {"all": {"cla": 0.000305357156321,"dan": 0.00070471415529,"hip": 3.88153239328e-05,"jaz": 0.000433097855421,"pop": 0.0142966164276,"rhy": 0.000731983804144,"roc": 0.983427882195,"spe": 6.15289827692e-05},"probability": 0.983427882195,"value": "roc"},"genre_tzanetakis": {"all": {"blu": 0.0626613423228,"cla": 0.0348169617355,"cou": 0.104475811124,"dis": 0.0784321576357,"hip": 0.15692435205,"jaz": 0.313974827528,"met": 0.0448166541755,"pop": 0.0627359300852,"reg": 0.0627360641956,"roc": 0.0784258767962},"probability": 0.313974827528,"value": "jaz"},"ismir04_rhythm": {"all": {"ChaChaCha": 0.0906452015042,"Jive": 0.149278864264,"Quickstep": 0.0139414705336,"Rumba-American": 0.0123274577782,"Rumba-International": 0.0227958839387,"Rumba-Misc": 0.019441017881,"Samba": 0.028558883816,"Tango": 0.0592624098063,"VienneseWaltz": 0.589023947716,"Waltz": 0.0147248683497},"probability": 0.589023947716,"value": "VienneseWaltz"},"mood_acoustic": {"all": {"acoustic": 1.2095177226e-05,"not_acoustic": 0.999987900257},"probability": 0.999987900257,"value": "not_acoustic"},"mood_aggressive": {"all": {"aggressive": 0.810696721077,"not_aggressive": 0.189303293824},"probability": 0.810696721077,"value": "aggressive"},"mood_electronic": {"all": {"electronic": 0.269236475229,"not_electronic": 0.730763554573},"probability": 0.730763554573,"value": "not_electronic"},"mood_happy": {"all": {"happy": 0.817788600922,"not_happy": 0.182211399078},"probability": 0.817788600922,"value": "happy"},"mood_party": {"all": {"not_party": 0.279764831066,"party": 0.720235168934},"probability": 0.720235168934,"value": "party"},"mood_relaxed": {"all": {"not_relaxed": 0.595010459423,"relaxed": 0.404989540577},"probability": 0.595010459423,"value": "not_relaxed"},"mood_sad": {"all": {"not_sad": 0.805295050144,"sad": 0.194704964757},"probability": 0.805295050144,"value": "not_sad"},"moods_mirex": {"all": {"Cluster1": 0.222258701921,"Cluster2": 0.194700405002,"Cluster3": 0.22476477921,"Cluster4": 0.118048138916,"Cluster5": 0.240227967501},"probability": 0.240227967501,"value": "Cluster5"},"timbre": {"all": {"bright": 0.570196688175,"dark": 0.429803341627},"probability": 0.570196688175,"value": "bright"},"tonal_atonal": {"all": {"atonal": 0.14147284627,"tonal": 0.858527183533},"probability": 0.858527183533,"value": "tonal"},"voice_instrumental": {"all": {"instrumental": 0.0512593127787,"voice": 0.948740661144},"probability": 0.948740661144,"value": "voice"}},"metadata": {"audio_properties": {"analysis_sample_rate": 44100,"bit_rate": 0,"equal_loudness": 0,"length": 216.800003052,"lossless": 1,"replay_gain": -12.6297931671,"sample_rate": 44100,"codec": "flac","downmix": "mix","md5_encoded": "344872a5fd954a2fd99e16cbea24940a"},"tags": {"file_name": "10 - Good Morning Joan.flac","acoustid_id": ["eafa6392-18e6-42e3-ab03-096faeeb18b3"],"album": ["Super Extra Gravity"],"albumartist": ["The Cardigans"],"albumartistsort": ["Cardigans, The"],"artist": ["The Cardigans"],"artists": ["The Cardigans"],"artistsort": ["Cardigans, The"],"asin": ["B000B8I99K"],"barcode": ["602498728376"],"catalognumber": ["987 283-7"],"date": ["2005"],"isrc": ["SEUM70500007"],"label": ["Universal Music AB"],"media": ["CD"],"musicbrainz_albumartistid": ["3e55d51d-687f-4a9d-af96-2fabccf802e5"],"musicbrainz_albumid": ["f78acdf4-bde4-3813-a6f8-33cb535533c7"],"musicbrainz_artistid": ["3e55d51d-687f-4a9d-af96-2fabccf802e5"],"musicbrainz_recordingid": ["71098147-c207-4ab5-98aa-b706ad6e97e9"],"musicbrainz_releasegroupid": ["7f423853-9496-3d0a-ab98-92de1d942aa4"],"musicbrainz_releasetrackid": ["6e957d01-f78f-39f4-a9b7-5871ca873b84"],"originaldate": ["2005"],"releasecountry": ["SE"],"releasestatus": ["official"],"releasetype": ["album"],"script": ["Latn"],"title": ["Good Morning Joan"],"totaltracks": ["11"],"tracknumber": ["10"],"tracktotal": ["11"]},"version": {"highlevel": {"essentia": "2.1-beta5-dev","essentia_build_sha": "e74af04b57b164eed312abeef4963962215860f0","essentia_git_sha": "v2.1_beta4-499-g4013ebc","extractor": "music 2.0","gaia": "2.4.5","gaia_git_sha": "v2.4.4-44-g95f4851","models_essentia_git_sha": "v2.1_beta1"},"lowlevel": {"essentia": "2.1-beta1","essentia_build_sha": "ca57ba49d9b1854bd80e60cf9ccf267278fb7d6b","essentia_git_sha": "v2.1_beta1-28-g21ef5f4-dirty","extractor": "music 1.0"}}}}