{"highlevel": {"danceability": {"all": {"danceable": 0.187350600958,"not_danceable": 0.812649428844},"probability": 0.812649428844,"value": "not_danceable"},"gender": {"all": {"female": 0.337140411139,"male": 0.662859618664},"probability": 0.662859618664,"value": "male"},"genre_dortmund": {"all": {"alternative": 0.0398415327072,"blues": 0.00503033353016,"electronic": 0.94325119257,"folkcountry": 0.00477727595717,"funksoulrnb": 0.000288722541882,"jazz": 0.000623034604359,"pop": 0.000759169226512,"raphiphop": 0.000217586741201,"rock": 0.00521114608273},"probability": 0.94325119257,"value": "electronic"},"genre_electronic": {"all": {"ambient": 0.470815092325,"dnb": 0.0300450567156,"house": 0.113094776869,"techno": 0.0148344794288,"trance": 0.371210575104},"probability": 0.470815092325,"value": "ambient"},"genre_rosamerica": {"all": {"cla": 0.0104996645823,"dan": 0.0132297221571,"hip": 0.00784475728869,"jaz": 0.0032074530609,"pop": 0.0163549222052,"rhy": 0.0072025815025,"roc": 0.940959334373,"spe": 0.00070154084824},"probability": 0.940959334373,"value": "roc"},"genre_tzanetakis": {"all": {"blu": 0.0626613423228,"cla": 0.0348169617355,"cou": 0.104475811124,"dis": 0.0784321576357,"hip": 0.15692435205,"jaz": 0.313974827528,"met": 0.0448166541755,"pop": 0.0627359300852,"reg": 0.0627360641956,"roc": 0.0784258767962},"probability": 0.313974827528,"value": "jaz"},"ismir04_rhythm": {"all": {"ChaChaCha": 0.279714852571,"Jive": 0.175917491317,"Quickstep": 0.0291546490043,"Rumba-American": 0.0287998523563,"Rumba-International": 0.0264262184501,"Rumba-Misc": 0.0216848794371,"Samba": 0.0619592480361,"Tango": 0.259120881557,"VienneseWaltz": 0.0986815616488,"Waltz": 0.0185403842479},"probability": 0.279714852571,"value": "ChaChaCha"},"mood_acoustic": {"all": {"acoustic": 0.00441364850849,"not_acoustic": 0.995586335659},"probability": 0.995586335659,"value": "not_acoustic"},"mood_aggressive": {"all": {"aggressive": 0.820249855518,"not_aggressive": 0.179750144482},"probability": 0.820249855518,"value": "aggressive"},"mood_electronic": {"all": {"electronic": 0.832311928272,"not_electronic": 0.167688056827},"probability": 0.832311928272,"value": "electronic"},"mood_happy": {"all": {"happy": 0.332522928715,"not_happy": 0.667477071285},"probability": 0.667477071285,"value": "not_happy"},"mood_party": {"all": {"not_party": 0.160734966397,"party": 0.839265048504},"probability": 0.839265048504,"value": "party"},"mood_relaxed": {"all": {"not_relaxed": 0.939824044704,"relaxed": 0.0601759254932},"probability": 0.939824044704,"value": "not_relaxed"},"mood_sad": {"all": {"not_sad": 0.884725272655,"sad": 0.115274704993},"probability": 0.884725272655,"value": "not_sad"},"moods_mirex": {"all": {"Cluster1": 0.0873503834009,"Cluster2": 0.0552345365286,"Cluster3": 0.0499433018267,"Cluster4": 0.0387251265347,"Cluster5": 0.768746674061},"probability": 0.768746674061,"value": "Cluster5"},"timbre": {"all": {"bright": 0.486671477556,"dark": 0.513328552246},"probability": 0.513328552246,"value": "dark"},"tonal_atonal": {"all": {"atonal": 0.950694739819,"tonal": 0.0493052713573},"probability": 0.950694739819,"value": "atonal"},"voice_instrumental": {"all": {"instrumental": 0.220205813646,"voice": 0.779794156551},"probability": 0.779794156551,"value": "voice"}},"metadata": {"audio_properties": {"analysis_sample_rate": 44100,"bit_rate": 0,"equal_loudness": 0,"length": 254.14666748,"lossless": 1,"replay_gain": -9.15536117554,"sample_rate": 44100,"codec": "flac","downmix": "mix","md5_encoded": "007f62f4fdbbe77de1f237fc197ed0a6"},"tags": {"file_name": "07 - Flyin' High.flac","acoustid_id": ["e669955f-4c1e-4bd2-a392-2bd06f758d8f"],"album": ["Heart Attack"],"albumartist": ["Krokus"],"albumartistsort": ["Krokus"],"artist": ["Krokus"],"artistsort": ["Krokus"],"asin": ["B00000DWHY"],"barcode": ["076742208721"],"catalognumber": ["MCAD-42087"],"date": ["1988"],"discnumber": ["1"],"disctotal": ["1"],"genre": ["Classic Rock"],"grouping": ["Classic Rock"],"label": ["MCA Records"],"media": ["CD"],"musicbrainz_albumartistid": ["cb15cff6-82b8-40b7-af51-a9f596923444"],"musicbrainz_albumid": ["2d55f537-1638-4fcc-8b7e-c1e7c664753e"],"musicbrainz_artistid": ["cb15cff6-82b8-40b7-af51-a9f596923444"],"musicbrainz_recordingid": ["7145d082-c411-4ea2-a091-9881f453e1c4"],"musicbrainz_releasegroupid": ["fe4b00ec-cebc-3cf3-8d0b-5055d1ec7398"],"musicbrainz_releasetrackid": ["c4c46a35-7f1a-3dc5-8bfa-a670666e5bc7"],"originaldate": ["1988"],"originalyear": ["1988"],"releasecountry": ["US"],"releasestatus": ["official"],"releasetype": ["album"],"script": ["Latn"],"title": ["Flyin' High"],"totaldiscs": ["1"],"totaltracks": ["10"],"tracknumber": ["7"],"tracktotal": ["10"]},"version": {"highlevel": {"essentia": "2.1-beta5-dev","essentia_build_sha": "e74af04b57b164eed312abeef4963962215860f0","essentia_git_sha": "v2.1_beta4-499-g4013ebc","extractor": "music 2.0","gaia": "2.4.5","gaia_git_sha": "v2.4.4-44-g95f4851","models_essentia_git_sha": "v2.1_beta1"},"lowlevel": {"essentia": "2.1-beta2","essentia_build_sha": "2d9f1f26377add8aeb1075a9c2973f962c4f09fd","essentia_git_sha": "v2.1_beta2-1-ge3940c0","extractor": "music 1.0"}}}}