{"highlevel": {"danceability": {"all": {"danceable": 5.16398085892e-06,"not_danceable": 0.999994814396},"probability": 0.999994814396,"value": "not_danceable"},"gender": {"all": {"female": 0.0336524508893,"male": 0.966347575188},"probability": 0.966347575188,"value": "male"},"genre_dortmund": {"all": {"alternative": 0.0777767896652,"blues": 0.0137247191742,"electronic": 0.861975967884,"folkcountry": 0.0101050743833,"funksoulrnb": 0.00167659879662,"jazz": 0.0032888466958,"pop": 0.00270873960108,"raphiphop": 0.00097856996581,"rock": 0.027764685452},"probability": 0.861975967884,"value": "electronic"},"genre_electronic": {"all": {"ambient": 0.260169148445,"dnb": 0.073909573257,"house": 0.0589515045285,"techno": 0.0138448653743,"trance": 0.59312492609},"probability": 0.59312492609,"value": "trance"},"genre_rosamerica": {"all": {"cla": 0.000802082009614,"dan": 0.000463258998934,"hip": 0.000809702265542,"jaz": 0.000227463402553,"pop": 0.0582943409681,"rhy": 0.000147831815411,"roc": 0.939210295677,"spe": 4.50391489721e-05},"probability": 0.939210295677,"value": "roc"},"genre_tzanetakis": {"all": {"blu": 0.0626613423228,"cla": 0.0348169617355,"cou": 0.104475811124,"dis": 0.0784321576357,"hip": 0.15692435205,"jaz": 0.313974827528,"met": 0.0448166541755,"pop": 0.0627359300852,"reg": 0.0627360641956,"roc": 0.0784258767962},"probability": 0.313974827528,"value": "jaz"},"ismir04_rhythm": {"all": {"ChaChaCha": 0.863208830357,"Jive": 0.0263004899025,"Quickstep": 0.00284106121399,"Rumba-American": 0.00408938108012,"Rumba-International": 0.00255138333887,"Rumba-Misc": 0.00228457502089,"Samba": 0.00823656842113,"Tango": 0.00961140170693,"VienneseWaltz": 0.0793095529079,"Waltz": 0.00156676699407},"probability": 0.863208830357,"value": "ChaChaCha"},"mood_acoustic": {"all": {"acoustic": 1.6037189198e-05,"not_acoustic": 0.999983966351},"probability": 0.999983966351,"value": "not_acoustic"},"mood_aggressive": {"all": {"aggressive": 0.964040458202,"not_aggressive": 0.0359595343471},"probability": 0.964040458202,"value": "aggressive"},"mood_electronic": {"all": {"electronic": 0.619114398956,"not_electronic": 0.380885630846},"probability": 0.619114398956,"value": "electronic"},"mood_happy": {"all": {"happy": 0.147834956646,"not_happy": 0.852165043354},"probability": 0.852165043354,"value": "not_happy"},"mood_party": {"all": {"not_party": 0.246920332313,"party": 0.753079652786},"probability": 0.753079652786,"value": "party"},"mood_relaxed": {"all": {"not_relaxed": 0.910053193569,"relaxed": 0.0899468064308},"probability": 0.910053193569,"value": "not_relaxed"},"mood_sad": {"all": {"not_sad": 0.982890427113,"sad": 0.0171096008271},"probability": 0.982890427113,"value": "not_sad"},"moods_mirex": {"all": {"Cluster1": 0.114803232253,"Cluster2": 0.0572635531425,"Cluster3": 0.0546412281692,"Cluster4": 0.0451142452657,"Cluster5": 0.728177726269},"probability": 0.728177726269,"value": "Cluster5"},"timbre": {"all": {"bright": 0.189220741391,"dark": 0.81077927351},"probability": 0.81077927351,"value": "dark"},"tonal_atonal": {"all": {"atonal": 0.870831787586,"tonal": 0.129168182611},"probability": 0.870831787586,"value": "atonal"},"voice_instrumental": {"all": {"instrumental": 0.484328150749,"voice": 0.515671849251},"probability": 0.515671849251,"value": "voice"}},"metadata": {"audio_properties": {"analysis_sample_rate": 44100,"bit_rate": 0,"equal_loudness": 0,"length": 190.720001221,"lossless": 1,"replay_gain": -15.3332214355,"sample_rate": 44100,"codec": "flac","downmix": "mix","md5_encoded": "7b9889ad81474c899ec89399fa9a7b32"},"tags": {"file_name": "f9ca66cd4fc1abe769b304b8d47f.flac","acoustid_id": ["0f0bf9ca-66cd-4fc1-abe7-69b304b8d47f"],"album": ["Love Is the New Hate"],"albumartist": ["Shihad"],"albumartistsort": ["Shihad"],"artist": ["Shihad"],"artistsort": ["Shihad"],"asin": ["B0009NR7WM"],"barcode": ["9325583028250"],"catalognumber": ["5046781282"],"date": ["2005-05-02"],"discnumber": ["1"],"disctotal": ["1"],"label": ["wea"],"media": ["CD"],"musicbrainz_albumartistid": ["0c98815e-054c-48c4-b3f7-e0fe0dff548a"],"musicbrainz_albumid": ["c155845d-55ec-4493-97e7-4fcb06c5ffe7"],"musicbrainz_artistid": ["0c98815e-054c-48c4-b3f7-e0fe0dff548a"],"musicbrainz_recordingid": ["e4264723-662f-4702-b813-c94649433f67"],"musicbrainz_releasegroupid": ["ab9b8f7a-cc76-3b80-ada1-31e1fed27a73"],"musicbrainz_releasetrackid": ["6c9a6157-bfcc-34f3-9218-d759e3ff6f66"],"originaldate": ["2005-05-02"],"originalyear": ["2005"],"releasecountry": ["NZ"],"releasestatus": ["official"],"releasetype": ["album"],"script": ["Latn"],"title": ["All the Young Fascists"],"totaldiscs": ["1"],"totaltracks": ["12"],"tracknumber": ["4"],"tracktotal": ["12"]},"version": {"highlevel": {"essentia": "2.1-beta5-dev","essentia_build_sha": "e74af04b57b164eed312abeef4963962215860f0","essentia_git_sha": "v2.1_beta4-499-g4013ebc","extractor": "music 2.0","gaia": "2.4.5","gaia_git_sha": "v2.4.4-44-g95f4851","models_essentia_git_sha": "v2.1_beta1"},"lowlevel": {"essentia": "2.1-beta2","essentia_build_sha": "2d9f1f26377add8aeb1075a9c2973f962c4f09fd","essentia_git_sha": "v2.1_beta2-1-ge3940c0","extractor": "music 1.0"}}}}