{"highlevel": {"danceability": {"all": {"danceable": 0.998826265335,"not_danceable": 0.00117371149827},"probability": 0.998826265335,"value": "danceable"},"gender": {"all": {"female": 0.999386370182,"male": 0.000613606767729},"probability": 0.999386370182,"value": "female"},"genre_dortmund": {"all": {"alternative": 2.67012822443e-12,"blues": 3.03658313772e-12,"electronic": 0.999999403954,"folkcountry": 2.49202880553e-08,"funksoulrnb": 1.67037939036e-08,"jazz": 4.02012432232e-07,"pop": 1.52251438124e-08,"raphiphop": 1.99664267342e-08,"rock": 1.19589955716e-07},"probability": 0.999999403954,"value": "electronic"},"genre_electronic": {"all": {"ambient": 0.246533542871,"dnb": 0.00198208889924,"house": 0.0272941887379,"techno": 0.0266190934926,"trance": 0.697571098804},"probability": 0.697571098804,"value": "trance"},"genre_rosamerica": {"all": {"cla": 0.0108013385907,"dan": 0.135521113873,"hip": 0.129656717181,"jaz": 0.0256028566509,"pop": 0.241049364209,"rhy": 0.441241502762,"roc": 0.0100124711171,"spe": 0.00611463049427},"probability": 0.441241502762,"value": "rhy"},"genre_tzanetakis": {"all": {"blu": 0.0620671063662,"cla": 0.034474901855,"cou": 0.103433981538,"dis": 0.0620971247554,"hip": 0.15527240932,"jaz": 0.310666948557,"met": 0.044346679002,"pop": 0.0620793737471,"reg": 0.0620816536248,"roc": 0.103479810059},"probability": 0.310666948557,"value": "jaz"},"ismir04_rhythm": {"all": {"ChaChaCha": 0.0210053045303,"Jive": 0.0236109215766,"Quickstep": 0.00155360111967,"Rumba-American": 0.00438788160682,"Rumba-International": 0.00326711684465,"Rumba-Misc": 0.00339339324273,"Samba": 0.0140891075134,"Tango": 0.0106707988307,"VienneseWaltz": 0.915842473507,"Waltz": 0.00217941729352},"probability": 0.915842473507,"value": "VienneseWaltz"},"mood_acoustic": {"all": {"acoustic": 0.255107432604,"not_acoustic": 0.744892537594},"probability": 0.744892537594,"value": "not_acoustic"},"mood_aggressive": {"all": {"aggressive": 0.127402767539,"not_aggressive": 0.87259721756},"probability": 0.87259721756,"value": "not_aggressive"},"mood_electronic": {"all": {"electronic": 0.758439183235,"not_electronic": 0.241560816765},"probability": 0.758439183235,"value": "electronic"},"mood_happy": {"all": {"happy": 0.384056299925,"not_happy": 0.615943729877},"probability": 0.615943729877,"value": "not_happy"},"mood_party": {"all": {"not_party": 0.845296144485,"party": 0.154703855515},"probability": 0.845296144485,"value": "not_party"},"mood_relaxed": {"all": {"not_relaxed": 0.358642905951,"relaxed": 0.641357064247},"probability": 0.641357064247,"value": "relaxed"},"mood_sad": {"all": {"not_sad": 0.647226393223,"sad": 0.352773576975},"probability": 0.647226393223,"value": "not_sad"},"moods_mirex": {"all": {"Cluster1": 0.070718921721,"Cluster2": 0.0481943935156,"Cluster3": 0.273395091295,"Cluster4": 0.0436496846378,"Cluster5": 0.564041912556},"probability": 0.564041912556,"value": "Cluster5"},"timbre": {"all": {"bright": 0.882826864719,"dark": 0.117173120379},"probability": 0.882826864719,"value": "bright"},"tonal_atonal": {"all": {"atonal": 0.75779569149,"tonal": 0.24220430851},"probability": 0.75779569149,"value": "atonal"},"voice_instrumental": {"all": {"instrumental": 0.982989549637,"voice": 0.0170104242861},"probability": 0.982989549637,"value": "instrumental"}},"metadata": {"audio_properties": {"analysis_sample_rate": 44100,"bit_rate": 250129,"equal_loudness": 0,"length": 433.371429443,"lossless": 0,"replay_gain": -9.10923957825,"sample_rate": 44100,"codec": "mp3","downmix": "mix","md5_encoded": "63bd6548f1b02831dca850d1d1c27aaa"},"tags": {"file_name": "09. Karunesh - Krishna's Song.mp3","acoustid_fingerprint": ["AQADtJKUZAmVcLj2RPiDHs1xXFl6XHkC_cHRH67o4CjZ4zuu4stHJMtetCN-4_if4UkuXMMhnimeRsaT4NKD_jg0_niO20E_K2ie40WbB_pjbEf-Y2p8vA-qDz5l4koUnPgO3cHh4Uf_ol_Q5Dj-ILmyI18ONNTRt8aVYiiaM0Uw5YoIbT6G6_jQHzn844eP6sKPPNAG7w_-o8SPPtAyJhryh_hTlB2OIw9EPAj3Fn9wojzSD32go8eF-wiP_OiDH8fx9Th0bNOHVjuOoyUtaDn6Q0uqBfnxDz2P_gaePMbVw98RJDf2g8-O0_iF6jvSZURy4zd-fHiP__ghnvgv-ODhDlceWPcxPTiD_NDx6zjxKziPHumD8ENxiYd64n5wnLgLoyXxHKdJ_Al09EIzK9iLZ8dxHccPjT8OX7gO3HD0QniRwkcv_JHR5UEY9gr0I9fQ6EXlvDiFP2B--MfQJ8UrvAjTI-FR3cITRsczPahf_HjWBzkzYkd--ElQiRqe5MeB3Efyo-SDMjjxtGhylCd-4TrewxGHo4qOBj_yQzuaHflxDlXgHGcOJh9-PCP44he6oMnxo0eY6kj0HU9wPHmKUVFc_DJ6-EyI8NxyJOfx46RwTPfhONyRWYe2o8dIRcDhZ_CBH_2D8seP__iLfYQOL9xRPviDPwOTU-ih482RH93xHLfhD8ePG8gLHelX_PAedDqRX8F7Y1QOLWOWE_0jHIfyPjAOX9DxXMf1Knhw9IePfscfHD-aJjoYmahyHGV6_AsaQz-8PEWlJ7BSN7gy6E0D3miC8CHeN_hzXAmN7ARzePAhlMVxFOpx3D2Ow8c3HH_xFD8O-DiD43jRHP-Oo2EVlMeH5scB8TT6Gc-Okmjy4Mdn_IdG7keOyRYK7_hl_IKfo5SfYRw4MceUo2eCp8GJH_2GhscB4Mcvoif8yTic3Ih__BCP44dw8niMPAiP99Cs0EEa48UPn67QjsaZ4zy-YU8O3kG8JEdyV2Cyo8eUMYN5VFLyBZ_CiPiRHKEPpzkaxfjwormUKpjsB9kj6MSOyscv_OhKHKOPG9dRXzj0wcOJ6orxPyiPHxqDHs2L54B-9LuC48jRrMuD_IAuNHsQThFVPDuuB71w_TAi9Q8eF7qGHD9-4HiaKka9Hc2RHwn2tDh5kKyM6sKHMGN2JL-FejR-HPfxF2l9ItnBF70vWMe57PiD6evx4RKSH3GO6kc68ni-QFyPHlcQSgtzOJFy9Ee_4zq848eP9sh1aMpJxJPhr8Kn46Hgcg_ykcJDvA_EOhuqy-iO1DsuXoGpoDyOPkWaC9qs4w9iHQ0XlE_QIw1VbA81aBd-_ApCaTkeH-luCDty-BP8E6XKKXikIx9UfUZevJHxccGTB6Ue-DnCS9D0ICSPOb5AfmESHFk8CN0S5HiOSpkrzBd-NE2kIN-OmcvRXdDCFSopfELo48h0aPos5MKPq2i-6Kgp_ENOHdJ-5LNxpsSXhegP7yqqEx9V_NKQGzo5pLvB9PCPH6nDDJp1DXmO43mOS7TQC76ON8hKiIzToWwwXRoLlYKT6ghfnMF1LciZxSIuHaqHRtGCatFxVihnuJsMhdfxXFQQ485gKqioHaGXB6Lo4zuc36g2KcYVyDFCvfCko--x78HXYCeHMF2OKqEC9Wh5pH-Kn8dzuKPx40-PX8c31MeX_OiPN0ePp8iRXCEuGT-uzmiiB36O-0hvaP-CvPiLhkpx5NeDZMkPhkdDLjiJ_ND0I4zSJcZX5fgVNEWPH8mRPV2E63gSH--H2h_8ItTVQsd3BaF0mEqPqxLC6Ecy_QET-_hePLuE8vgPVwyYZzwu4knwH12PUczRxsfJBE-OHumgdQ-mB44uvMefDt-NHx-Dfgz6Ha6MPsd3K3iPPoVPQlcS5PHx5QmOPhG-48vRPENoKhF-HRoNq8e3DFeWFXaOSwzUR_C34-3gOIHmHz_Coz_QJ4VPHvlS6C8incOpHM8eNEmk6JienDiNnDkaJ0aZCw8ThG44_Me7C08WHf2PnNCy5DXCpcP9oEdPXMHx5Mg9Qk0SW6i0H-4z_PAP9XgchQvSaj_CH3pyhPSDJil-7mCcKDeakit-PDd8HlcmCckbNEXpH-qaHbxQRbiUI_wjhG9iaPl05MKzo5RiNDjubkEYTckH_eCaBWIV5GiW3bjNBM-coXl29MePJMoRMg--eAuemWge9MpxfcUT5cJbTbhk42U8-DnuB3PyLPgOLhPif9ByhNZj9MqP5joui-hzNBv4qEc15SQejfgTEXmOhDfRK3iUHM_RkD36BM1T9EPRLD3issL_oYfWUDHu5bhy9HBVhFXyGUf9g_mRQ_sAI5ADnSJhDJAQAYcAIAIZQsAggiAigiBIIEIBIQIRBIgCgAgCCCESIMIcoUgRI4CAhBChlECASEeAAmIBpzAiAhJggJBCEciQu0wCIg0USh1HCCFQE4E0BAgSgkhWjBiChBMGKQQEAAcBAYQQAhICAGhMEIEsEEYx0gARggkBhUAMKYMAIgJZJKyxQAIiNXEGuAAdNMBgIoSVlhAAoADGGEOQE4oQZIgEAggCEBUECEcZAE5QpRRSDEhlHDMEWMCUEBhQYAwDBhJGgEMYWCWEY0AgpYAQSjCLCAACGWGEooIgwQASQACiJHGMAAOIJYIhK4UlwGArPAFCQOEEAkAYUg5wwAEgACFiGEUEUxQBJ4hgACrggGFCAGAAAUoxUgQQ2AhrAQEGiuAYEBgAIoUTyApCgGVKAOEAoAIQARAQBgmAiBOCTOCQAM4AxpQyDQEEkFJEACAAQdAYAw1xJBMBBGcGEAAIAIgIopHSUADHHBDASGYwYIQZAYgBQQolFCHOAAGAsIYQ5yhLwjJqgCCQCECkA8YKIQRQCCAJjHBMIoGUMAphBxhBBBBKqGDMGUYEcRIwQoQQBhiIlADQSIGBEQIKZRjRlCCBBEGAAIQcIMIAAJxnyAFmBIFAUQVAckYgAoRBAgAjDFQCAMQIAIg6oggFhABCgCJCEQMEE4IJIgCCRCAAkLOMIICIMRgggIBQxAIgiAAECGKEIgqYBgoi0ggAhHEEACKEAMAIRqAwCgjCFBSIACAIIAAAJJAgABAggCNEQIWIEBQCQYQERCGOCBcCEGaoIIY4BQAgRgEChDFMAUAsAEQggBABQAkBGCMMAGCYMQIBooAgTDkkhAGEEAGUsAAYIaBkRglBmGHGAQIAAUoAAAxRBACAjAEAEyMAEMATRIGQQBgAgBJKIegIQxAAIAyCAgCAEGEAAQIIEAgKwQABRCgCjBJMCYsIFABwICBRggFBpBMA"],"album": ["Global Village"],"albumartist": ["Karunesh"],"albumartistsort": ["Karunesh", "Karunesh"],"artist": ["Karunesh"],"artistsort": ["Karunesh"],"asin": ["B000E1YVPK"],"barcode": ["689973627829"],"bpm": ["76"],"catalognumber": ["ORM 62782"],"date": ["2006"],"discnumber": ["1\/1"],"genre": ["Ambient, Electronic, Chillout"],"label": ["Oreade Music"],"language": ["eng"],"media": ["CD"],"musicbrainz album release country": ["DE"],"musicbrainz album status": ["Official"],"musicbrainz album type": ["album"],"musicbrainz_albumartistid": ["bf35e4fb-d6d9-42aa-a60e-822960444c6e"],"musicbrainz_albumid": ["7fdf60ba-6274-3bdd-88a2-69a882f25af6"],"musicbrainz_artistid": ["bf35e4fb-d6d9-42aa-a60e-822960444c6e"],"musicbrainz_recordingid": ["e43b480e-4753-4825-82a0-bc070c15638f"],"musicbrainz_releasegroupid": ["76e9b188-2873-34a5-9acc-933fe9d3c556"],"originaldate": ["2006-01"],"script": ["Latn"],"title": ["Krishna's Song"],"tracknumber": ["9\/9"]},"version": {"highlevel": {"essentia": "2.1-beta5-dev",