{"highlevel": {"danceability": {"all": {"danceable": 3.00000096379e-14,"not_danceable": 1},"probability": 1,"value": "not_danceable"},"gender": {"all": {"female": 0.622126698494,"male": 0.377873301506},"probability": 0.622126698494,"value": "female"},"genre_dortmund": {"all": {"alternative": 0.00435623340309,"blues": 0.00505877798423,"electronic": 0.965941548347,"folkcountry": 0.000739337294362,"funksoulrnb": 0.00245995912701,"jazz": 0.0101751964539,"pop": 0.000332718947902,"raphiphop": 0.00304664555006,"rock": 0.00788958184421},"probability": 0.965941548347,"value": "electronic"},"genre_electronic": {"all": {"ambient": 0.403940528631,"dnb": 0.0758409500122,"house": 0.329453021288,"techno": 0.164360120893,"trance": 0.0264053698629},"probability": 0.403940528631,"value": "ambient"},"genre_rosamerica": {"all": {"cla": 0.000292556680506,"dan": 0.00125247391406,"hip": 0.985629379749,"jaz": 0.000927033659536,"pop": 0.00175152265001,"rhy": 0.00339870341122,"roc": 0.00602560443804,"spe": 0.000722747936379},"probability": 0.985629379749,"value": "hip"},"genre_tzanetakis": {"all": {"blu": 0.0617713928223,"cla": 0.0343018434942,"cou": 0.102904699743,"dis": 0.0514719486237,"hip": 0.154438391328,"jaz": 0.309046447277,"met": 0.0441263727844,"pop": 0.0772129744291,"reg": 0.0617708563805,"roc": 0.102955065668},"probability": 0.309046447277,"value": "jaz"},"ismir04_rhythm": {"all": {"ChaChaCha": 0.858357608318,"Jive": 0.0257190018892,"Quickstep": 0.00834435783327,"Rumba-American": 0.0402466654778,"Rumba-International": 0.00652433047071,"Rumba-Misc": 0.00419321702793,"Samba": 0.0275508649647,"Tango": 0.0206587295979,"VienneseWaltz": 0.00658794678748,"Waltz": 0.00181728531606},"probability": 0.858357608318,"value": "ChaChaCha"},"mood_acoustic": {"all": {"acoustic": 0.0899494215846,"not_acoustic": 0.910050570965},"probability": 0.910050570965,"value": "not_acoustic"},"mood_aggressive": {"all": {"aggressive": 3.00000096379e-14,"not_aggressive": 1},"probability": 1,"value": "not_aggressive"},"mood_electronic": {"all": {"electronic": 0.979391694069,"not_electronic": 0.0206083003432},"probability": 0.979391694069,"value": "electronic"},"mood_happy": {"all": {"happy": 0.114186987281,"not_happy": 0.885812997818},"probability": 0.885812997818,"value": "not_happy"},"mood_party": {"all": {"not_party": 0.999984204769,"party": 1.57784197654e-05},"probability": 0.999984204769,"value": "not_party"},"mood_relaxed": {"all": {"not_relaxed": 0.191182896495,"relaxed": 0.808817088604},"probability": 0.808817088604,"value": "relaxed"},"mood_sad": {"all": {"not_sad": 0.967881858349,"sad": 0.0321181491017},"probability": 0.967881858349,"value": "not_sad"},"moods_mirex": {"all": {"Cluster1": 0.0716852471232,"Cluster2": 0.0510292388499,"Cluster3": 0.176457032561,"Cluster4": 0.0370245911181,"Cluster5": 0.663803875446},"probability": 0.663803875446,"value": "Cluster5"},"timbre": {"all": {"bright": 0.000572863267735,"dark": 0.999427139759},"probability": 0.999427139759,"value": "dark"},"tonal_atonal": {"all": {"atonal": 0.999989390373,"tonal": 1.06269972093e-05},"probability": 0.999989390373,"value": "atonal"},"voice_instrumental": {"all": {"instrumental": 0.98984348774,"voice": 0.0101565150544},"probability": 0.98984348774,"value": "instrumental"}},"metadata": {"audio_properties": {"analysis_sample_rate": 44100,"bit_rate": 160000,"equal_loudness": 0,"length": 165.355102539,"lossless": 0,"replay_gain": -9.0658493042,"sample_rate": 44100,"codec": "mp3","downmix": "mix","md5_encoded": "8e14ea299adfd76b4f82d3b956647897"},"tags": {"file_name": "02-The Roots-False Media.mp3","album": ["Game Theory"],"albumartist": ["The Roots"],"albumartistsort": ["Roots, The"],"artist": ["The Roots"],"asin": ["B000GPIPJC"],"barcode": ["602517001268"],"catalognumber": ["B0007222-02"],"composer": ["A.P. Thompson\/C. Ridenhour\/E. Sadler\/H. Shocklee\/J. Gray\/J. Poyser\/K. Jenkins\/T. Trotter"],"date": ["2006"],"encodedby": ["iTunes v4.7.1"],"genre": ["Rap & Hip-Hop"],"label": ["Def Jam Recordings"],"musicbrainz album artist": ["The Roots"],"musicbrainz album artist sortname": ["Roots, The"],"musicbrainz album release country": ["US"],"musicbrainz album status": ["official"],"musicbrainz album type": ["album"],"musicbrainz non-album": ["0"],"musicbrainz_albumartistid": ["80b3cf5e-18fe-4c59-98c7-e5bb87210710"],"musicbrainz_albumid": ["f9255385-d041-477d-a601-d11e62180e13"],"musicbrainz_artistid": ["80b3cf5e-18fe-4c59-98c7-e5bb87210710"],"musicbrainz_recordingid": ["504b5727-9219-41ea-9fd5-908b35c9d902"],"musicip_puid": ["9297b697-47ed-feae-e3a8-b3e3a40f94e4"],"musicmagic data": ["AgEBPhjwiBOQRKj6gkJw3UcfjCiBf5TGwgGTllOv5agByYABgAG5cbAx0aPnasweg7yAAfL6iE3m1AdVgAHyF9039Gql6tjjghOAAZkIlkK38Z0eHCf5LZxJgueUx8FQklpDEsE77BqGGoD9u0+5YbGX+\/q7AIP6gAHgTod13AH\/o4B97vLiAwTLpWDKVYDGgAE="],"musicmagic fingerprint": ["AVK2PKYleCafGboSZxRuDTwNIA0+DXcLOQbOB+sG3wctBdEHBwVBBagIOwZnBMYEEwQSA4IEfQPaBBYD6APmBP4FAAPOA54DNgJZAncCVgIKpN0PHx\/JMIcWTBOcHu8QfRDfE54TNg6hCeALighVCPoF9AoFBkEIsA2dCDQF1APmBIsDDgSDBCIFGANVAhgCTAGsBAUEiALUAlgCIALoAlwfO54Q6OQInh4aFuYWVxOuEbcPHxM7EUEKLwndCYELlwmECX4JZgjdC6MIpQbdBrcHVga0Bl8G\/Qb0BvcHAQh5CHsGDwVFBSYDTANqApoCLfoUGmACIZ\/47CX\/1AzBDUESCRlZGR4fuBLVFAoUohKgEUAOSQw8DgMVGAsPBHgBsQLmAs0CEQCuARICHAKVAxcE7gN4A7QCHgHfAcsDLAKGBZ4R3bVXMsq81+71A9kHrvgAET0hoQ3ZDBwPDAUzCfcNfwX8B7YLuQzzAOH9df4i+wr\/LvnQ+n\/7TvzS\/Kn8E\/zS\/CD87\/um\/Ob9rv73\/gr0ASe0sP71jFBGDeLpIwnw8xfs0\/lU\/O8BUwSEAmQGegSWBDAEowPcAwYDNwK4AzEELAO1BY4IPQXRBbYEjQUeA5gDNgEhAkMBxAHxAG0BDQAODG7j9uzt+RoNIlfBKfECjxPG+4LbguhA6q7qVOfF7OH1SvO876TnkvltADEAiv+j\/wv9eP5\/\/xoBDgDhAcsCJgIJAiIBFgD\/AKkBGwCfJRsYDQ=="],"replaygain_album_gain": ["-7.51 dB"],"replaygain_track_gain": ["-6.24 dB"],"replaygain_track_peak": ["0.999969"],"title": ["False Media"],"tracknumber": ["2\/13"]},"version": {"highlevel": {"essentia": "2.1-beta5-dev","essentia_build_sha": "e74af04b57b164eed312abeef4963962215860f0","essentia_git_sha": "v2.1_beta4-499-g4013ebc","extractor": "music 2.0","gaia": "2.4.5","gaia_git_sha": "v2.4.4-44-g95f4851","models_essentia_git_sha": "v2.1_beta1"},"lowlevel": {"essentia": "2.1-beta1","essentia_build_sha": "ca57ba49d9b1854bd80e60cf9ccf267278fb7d6b","essentia_git_sha": "v2.1_beta1-28-g21ef5f4-dirty","extractor": "music 1.0"}}}}