{"highlevel": {"danceability": {"all": {"danceable": 0.906392991543,"not_danceable": 0.0936070010066},"probability": 0.906392991543,"value": "danceable"},"gender": {"all": {"female": 0.00586667656898,"male": 0.994133353233},"probability": 0.994133353233,"value": "male"},"genre_dortmund": {"all": {"alternative": 0.00822242069989,"blues": 0.000487331039039,"electronic": 0.989175260067,"folkcountry": 0.000804224109743,"funksoulrnb": 2.84339221253e-05,"jazz": 0.000199799615075,"pop": 8.04532392067e-05,"raphiphop": 2.30620753428e-05,"rock": 0.000979006639682},"probability": 0.989175260067,"value": "electronic"},"genre_electronic": {"all": {"ambient": 0.294612437487,"dnb": 0.0502509586513,"house": 0.165146738291,"techno": 0.0359163358808,"trance": 0.454073548317},"probability": 0.454073548317,"value": "trance"},"genre_rosamerica": {"all": {"cla": 0.00632628845051,"dan": 0.0538937970996,"hip": 0.191232725978,"jaz": 0.0240505654365,"pop": 0.129859402776,"rhy": 0.0652157068253,"roc": 0.523170888424,"spe": 0.00625064456835},"probability": 0.523170888424,"value": "roc"},"genre_tzanetakis": {"all": {"blu": 0.0626613423228,"cla": 0.0348169617355,"cou": 0.104475811124,"dis": 0.0784321576357,"hip": 0.15692435205,"jaz": 0.313974827528,"met": 0.0448166541755,"pop": 0.0627359300852,"reg": 0.0627360641956,"roc": 0.0784258767962},"probability": 0.313974827528,"value": "jaz"},"ismir04_rhythm": {"all": {"ChaChaCha": 0.176608875394,"Jive": 0.19203966856,"Quickstep": 0.0305504761636,"Rumba-American": 0.0500955022871,"Rumba-International": 0.0279575306922,"Rumba-Misc": 0.0268159322441,"Samba": 0.0800079852343,"Tango": 0.239601925015,"VienneseWaltz": 0.157410159707,"Waltz": 0.0189119447023},"probability": 0.239601925015,"value": "Tango"},"mood_acoustic": {"all": {"acoustic": 0.0117239141837,"not_acoustic": 0.988276064396},"probability": 0.988276064396,"value": "not_acoustic"},"mood_aggressive": {"all": {"aggressive": 0.753908514977,"not_aggressive": 0.246091470122},"probability": 0.753908514977,"value": "aggressive"},"mood_electronic": {"all": {"electronic": 0.362837076187,"not_electronic": 0.637162923813},"probability": 0.637162923813,"value": "not_electronic"},"mood_happy": {"all": {"happy": 0.358009189367,"not_happy": 0.64199078083},"probability": 0.64199078083,"value": "not_happy"},"mood_party": {"all": {"not_party": 0.245689228177,"party": 0.754310786724},"probability": 0.754310786724,"value": "party"},"mood_relaxed": {"all": {"not_relaxed": 0.969151854515,"relaxed": 0.0308481529355},"probability": 0.969151854515,"value": "not_relaxed"},"mood_sad": {"all": {"not_sad": 0.892176866531,"sad": 0.107823126018},"probability": 0.892176866531,"value": "not_sad"},"moods_mirex": {"all": {"Cluster1": 0.0715146809816,"Cluster2": 0.0466956719756,"Cluster3": 0.172006472945,"Cluster4": 0.0305482093245,"Cluster5": 0.679234981537},"probability": 0.679234981537,"value": "Cluster5"},"timbre": {"all": {"bright": 0.356813937426,"dark": 0.643186092377},"probability": 0.643186092377,"value": "dark"},"tonal_atonal": {"all": {"atonal": 0.700818121433,"tonal": 0.299181848764},"probability": 0.700818121433,"value": "atonal"},"voice_instrumental": {"all": {"instrumental": 0.301658183336,"voice": 0.698341786861},"probability": 0.698341786861,"value": "voice"}},"metadata": {"audio_properties": {"analysis_sample_rate": 44100,"bit_rate": 257480,"equal_loudness": 0,"length": 328.359191895,"lossless": 0,"replay_gain": -15.7407999039,"sample_rate": 44100,"codec": "mp3","downmix": "mix","md5_encoded": "71d8dfba7bd319260b7e6c2f71e08961"},"tags": {"file_name": "107368.mp3","album": ["Mas Borracho"],"albumartist": ["Infectious Grooves"],"artist": ["Infectious Grooves"],"date": ["2000"],"encodedby": ["Exact Audio Copy   (Secure mode)"],"genre": ["Funk"],"musicbrainz_recordingid": ["d40f02ac-379d-48bc-b4d2-59d548b4e133"],"title": ["Going, Going, Gone"],"tracknumber": ["8"]},"version": {"highlevel": {"essentia": "2.1-beta5-dev","essentia_build_sha": "e74af04b57b164eed312abeef4963962215860f0","essentia_git_sha": "v2.1_beta4-499-g4013ebc","extractor": "music 2.0","gaia": "2.4.5","gaia_git_sha": "v2.4.4-44-g95f4851","models_essentia_git_sha": "v2.1_beta1"},"lowlevel": {"essentia": "2.1-beta2","essentia_build_sha": "70f2e5ece6736b2c40cc944ad0e695b16b925413","essentia_git_sha": "v2.1_beta2","extractor": "music 1.0"}}}}