{"highlevel": {"danceability": {"all": {"danceable": 0.0117048528045,"not_danceable": 0.988295137882},"probability": 0.988295137882,"value": "not_danceable"},"gender": {"all": {"female": 0.944406509399,"male": 0.0555935204029},"probability": 0.944406509399,"value": "female"},"genre_dortmund": {"all": {"alternative": 0.0754969716072,"blues": 0.0545648410916,"electronic": 0.165741160512,"folkcountry": 0.582292735577,"funksoulrnb": 0.00417552888393,"jazz": 0.017056113109,"pop": 0.0362500175834,"raphiphop": 0.00298128603026,"rock": 0.06144137308},"probability": 0.582292735577,"value": "folkcountry"},"genre_electronic": {"all": {"ambient": 0.933122336864,"dnb": 0.00758887454867,"house": 0.0473128147423,"techno": 0.00497444625944,"trance": 0.0070015527308},"probability": 0.933122336864,"value": "ambient"},"genre_rosamerica": {"all": {"cla": 0.142710700631,"dan": 0.00399234425277,"hip": 0.00893898308277,"jaz": 0.471383631229,"pop": 0.102212190628,"rhy": 0.247193679214,"roc": 0.0109876720235,"spe": 0.0125808119774},"probability": 0.471383631229,"value": "jaz"},"genre_tzanetakis": {"all": {"blu": 0.0626613423228,"cla": 0.0348169617355,"cou": 0.104475811124,"dis": 0.0784321576357,"hip": 0.15692435205,"jaz": 0.313974827528,"met": 0.0448166541755,"pop": 0.0627359300852,"reg": 0.0627360641956,"roc": 0.0784258767962},"probability": 0.313974827528,"value": "jaz"},"ismir04_rhythm": {"all": {"ChaChaCha": 0.0700248405337,"Jive": 0.0104121286422,"Quickstep": 0.0182850454003,"Rumba-American": 0.0317282006145,"Rumba-International": 0.0451813004911,"Rumba-Misc": 0.0558519139886,"Samba": 0.0218672193587,"Tango": 0.508855044842,"VienneseWaltz": 0.129994377494,"Waltz": 0.107799962163},"probability": 0.508855044842,"value": "Tango"},"mood_acoustic": {"all": {"acoustic": 0.989994823933,"not_acoustic": 0.0100051574409},"probability": 0.989994823933,"value": "acoustic"},"mood_aggressive": {"all": {"aggressive": 0.0429655462503,"not_aggressive": 0.957034468651},"probability": 0.957034468651,"value": "not_aggressive"},"mood_electronic": {"all": {"electronic": 1.90700575331e-05,"not_electronic": 0.999980926514},"probability": 0.999980926514,"value": "not_electronic"},"mood_happy": {"all": {"happy": 0.132539257407,"not_happy": 0.867460727692},"probability": 0.867460727692,"value": "not_happy"},"mood_party": {"all": {"not_party": 0.989546716213,"party": 0.0104533061385},"probability": 0.989546716213,"value": "not_party"},"mood_relaxed": {"all": {"not_relaxed": 0.03620794788,"relaxed": 0.963792026043},"probability": 0.963792026043,"value": "relaxed"},"mood_sad": {"all": {"not_sad": 0.0737198516726,"sad": 0.926280140877},"probability": 0.926280140877,"value": "sad"},"moods_mirex": {"all": {"Cluster1": 0.0725615024567,"Cluster2": 0.651244342327,"Cluster3": 0.136488601565,"Cluster4": 0.119705319405,"Cluster5": 0.0200002454221},"probability": 0.651244342327,"value": "Cluster2"},"timbre": {"all": {"bright": 0.983208596706,"dark": 0.0167913921177},"probability": 0.983208596706,"value": "bright"},"tonal_atonal": {"all": {"atonal": 0.0426024869084,"tonal": 0.957397520542},"probability": 0.957397520542,"value": "tonal"},"voice_instrumental": {"all": {"instrumental": 0.000369744113414,"voice": 0.999630272388},"probability": 0.999630272388,"value": "voice"}},"metadata": {"audio_properties": {"analysis_sample_rate": 44100,"bit_rate": 0,"equal_loudness": 0,"length": 191.813339233,"lossless": 1,"replay_gain": -10.6188983917,"codec": "flac","downmix": "mix","md5_encoded": "96fbfd5b6b7b5b6aeabb9fabb28a3dea"},"tags": {"file_name": "13 Let Him Fly.flac","acoustid_id": ["3ae93461-17c7-446c-853a-0519f148455b"],"album": ["A Public Affair"],"album artist": ["Jessica Simpson"],"albumartist": ["Jessica Simpson"],"albumartistsort": ["Simpson, Jessica"],"artist": ["Jessica Simpson"],"artistsort": ["Simpson, Jessica"],"asin": ["B000I2IQP6"],"barcode": ["0886970017428"],"catalognumber": ["700174"],"date": ["2006-08-29"],"disc": ["1\/1"],"discnumber": ["1"],"disctotal": ["1"],"encoder": ["MediaMonkey 3.2.4"],"ensemble": ["Jessica Simpson"],"label": ["Epic"],"media": ["CD"],"musicbrainz_albumartistid": ["fe37acd4-893c-4b2c-8ad2-7fd394280354"],"musicbrainz_albumid": ["33c9fbff-c9f7-4e04-bf9c-f5651aeb7fc9"],"musicbrainz_artistid": ["fe37acd4-893c-4b2c-8ad2-7fd394280354"],"musicbrainz_recordingid": ["d42e9348-aa22-4145-a691-4e34108bbc00"],"musicbrainz_releasegroupid": ["30d0cf12-5fed-345c-84b7-8a336c4011ac"],"originaldate": ["2006-08-29"],"releasecountry": ["US"],"releasestatus": ["official"],"releasetype": ["album"],"script": ["Latn"],"title": ["Let Him Fly"],"totaldiscs": ["1"],"totaltracks": ["14"],"tracknumber": ["13"],"tracktotal": ["14"]},"version": {"highlevel": {"essentia": "2.1-beta5-dev","essentia_build_sha": "e74af04b57b164eed312abeef4963962215860f0","essentia_git_sha": "v2.1_beta4-499-g4013ebc","extractor": "music 2.0","gaia": "2.4.5","gaia_git_sha": "v2.4.4-44-g95f4851","models_essentia_git_sha": "v2.1_beta1"},"lowlevel": {"essentia": "2.1-beta1","essentia_build_sha": "7f154e5731828a63663f0144680ef47bd640f88b","essentia_git_sha": "v2.1_beta1-6-g5578087","extractor": "music 1.0"}}}}