{"highlevel": {"danceability": {"all": {"danceable": 0.996413052082,"not_danceable": 0.00358692859299},"probability": 0.996413052082,"value": "danceable"},"gender": {"all": {"female": 0.535170853138,"male": 0.46482911706},"probability": 0.535170853138,"value": "female"},"genre_dortmund": {"all": {"alternative": 0.0104884468019,"blues": 0.00262422626838,"electronic": 0.964939236641,"folkcountry": 0.00902974139899,"funksoulrnb": 0.000536682025995,"jazz": 0.00712142884731,"pop": 0.00150381855201,"raphiphop": 0.000763809832279,"rock": 0.0029925906565},"probability": 0.964939236641,"value": "electronic"},"genre_electronic": {"all": {"ambient": 0.316500276327,"dnb": 0.0235549937934,"house": 0.55566483736,"techno": 0.0404246486723,"trance": 0.06385525316},"probability": 0.55566483736,"value": "house"},"genre_rosamerica": {"all": {"cla": 0.00450665131211,"dan": 0.0558313056827,"hip": 0.0620355084538,"jaz": 0.0235086716712,"pop": 0.0896759107709,"rhy": 0.727177619934,"roc": 0.0201328452677,"spe": 0.0171315129846},"probability": 0.727177619934,"value": "rhy"},"genre_tzanetakis": {"all": {"blu": 0.0639495998621,"cla": 0.0355222076178,"cou": 0.0799230188131,"dis": 0.0532812662423,"hip": 0.0639388561249,"jaz": 0.319704860449,"met": 0.0639496147633,"pop": 0.0799347534776,"reg": 0.0799329280853,"roc": 0.159862920642},"probability": 0.319704860449,"value": "jaz"},"ismir04_rhythm": {"all": {"ChaChaCha": 0.44903409481,"Jive": 0.0577509701252,"Quickstep": 0.0169595703483,"Rumba-American": 0.0379749983549,"Rumba-International": 0.0587320439517,"Rumba-Misc": 0.0373362153769,"Samba": 0.096063837409,"Tango": 0.177984371781,"VienneseWaltz": 0.0574852526188,"Waltz": 0.0106786675751},"probability": 0.44903409481,"value": "ChaChaCha"},"mood_acoustic": {"all": {"acoustic": 0.120220646262,"not_acoustic": 0.879779338837},"probability": 0.879779338837,"value": "not_acoustic"},"mood_aggressive": {"all": {"aggressive": 0.01059676148,"not_aggressive": 0.989403247833},"probability": 0.989403247833,"value": "not_aggressive"},"mood_electronic": {"all": {"electronic": 0.844690203667,"not_electronic": 0.155309781432},"probability": 0.844690203667,"value": "electronic"},"mood_happy": {"all": {"happy": 0.0178516004235,"not_happy": 0.98214840889},"probability": 0.98214840889,"value": "not_happy"},"mood_party": {"all": {"not_party": 0.601665377617,"party": 0.398334592581},"probability": 0.601665377617,"value": "not_party"},"mood_relaxed": {"all": {"not_relaxed": 0.289171040058,"relaxed": 0.710828959942},"probability": 0.710828959942,"value": "relaxed"},"mood_sad": {"all": {"not_sad": 0.489986807108,"sad": 0.510013222694},"probability": 0.510013222694,"value": "sad"},"moods_mirex": {"all": {"Cluster1": 0.171502768993,"Cluster2": 0.359422087669,"Cluster3": 0.20163294673,"Cluster4": 0.206977397203,"Cluster5": 0.0604647956789},"probability": 0.359422087669,"value": "Cluster2"},"timbre": {"all": {"bright": 0.553557932377,"dark": 0.446442067623},"probability": 0.553557932377,"value": "bright"},"tonal_atonal": {"all": {"atonal": 0.985830485821,"tonal": 0.0141695346683},"probability": 0.985830485821,"value": "atonal"},"voice_instrumental": {"all": {"instrumental": 0.00946779828519,"voice": 0.99053221941},"probability": 0.99053221941,"value": "voice"}},"metadata": {"audio_properties": {"analysis_sample_rate": 44100,"bit_rate": 0,"equal_loudness": 0,"length": 250.533340454,"lossless": 1,"replay_gain": -11.0940475464,"sample_rate": 44100,"codec": "flac","downmix": "mix","md5_encoded": "aceeb2ddb789893f83836b9478ea656a"},"tags": {"file_name": "2-15 Warren G feat. Nate Dogg - Regulate (feat. Nate Dogg).flac","acoustid_id": ["7ff9a3a2-e71d-4bc8-b2ff-1c2f9b6172d0"],"album": ["Die ultimative Chart Show: Die erfolgreichsten Black Music Hits aller Zeiten"],"albumartist": ["Various Artists"],"albumartistsort": ["Various Artists"],"artist": ["Warren G"],"artistsort": ["Warren G feat. Nate Dogg"],"asin": ["B001H26D1U"],"barcode": ["0600753134870"],"catalognumber": ["06007 5313487"],"compilation": ["1"],"date": ["2008-10-31"],"discnumber": ["2"],"disctotal": ["2"],"genre": ["Rap", "G-Funk"],"grouping": ["Hip-Hop"],"label": ["Polystar"],"media": ["CD"],"mood": ["Smooth"],"musicbrainz_albumartistid": ["89ad4ac3-39f7-470e-963a-56509c546377"],"musicbrainz_albumid": ["83855205-7925-473a-9b0b-5bbd7ba3e229"],"musicbrainz_artistid": ["405528df-2632-4730-80fc-83e775a97651", "85d7666c-d3ce-4e2c-8b1b-f20db7cdae4f"],"musicbrainz_recordingid": ["0e0f87fd-e1fd-4ca0-bb6c-ec6e274df14b"],"musicbrainz_releasegroupid": ["cc7a03d0-8270-43c0-845c-afc3d27a1a55"],"musicbrainz_releasetrackid": ["9ab0d948-e6b3-3118-bb80-49cf464d924e"],"originaldate": ["2008-10-31"],"originalyear": ["2008"],"performer": ["Nate Dogg (additional)"],"releasecountry": ["DE"],"releasestatus": ["official"],"releasetype": ["album", "compilation"],"script": ["Latn"],"title": ["Regulate (feat. Nate Dogg)"],"totaldiscs": ["2"],"totaltracks": ["19"],"tracknumber": ["15"],"tracktotal": ["19"]},"version": {"highlevel": {"essentia": "2.1-beta5-dev","essentia_build_sha": "e74af04b57b164eed312abeef4963962215860f0","essentia_git_sha": "v2.1_beta4-499-g4013ebc","extractor": "music 2.0","gaia": "2.4.5","gaia_git_sha": "v2.4.4-44-g95f4851","models_essentia_git_sha": "v2.1_beta1"},"lowlevel": {"essentia": "2.1-beta2","essentia_build_sha": "70f2e5ece6736b2c40cc944ad0e695b16b925413","essentia_git_sha": "v2.1_beta2","extractor": "music 1.0"}}}}