{"highlevel": {"danceability": {"all": {"danceable": 0.00500153563917,"not_danceable": 0.994998455048},"probability": 0.994998455048,"value": "not_danceable"},"gender": {"all": {"female": 0.0987884253263,"male": 0.901211559772},"probability": 0.901211559772,"value": "male"},"genre_dortmund": {"all": {"alternative": 5.63335822434e-10,"blues": 6.78924305664e-10,"electronic": 0.999999284744,"folkcountry": 9.46554123971e-08,"funksoulrnb": 1.90196267624e-08,"jazz": 5.00622945765e-07,"pop": 1.88420958835e-08,"raphiphop": 1.4967344697e-08,"rock": 9.24052017126e-08},"probability": 0.999999284744,"value": "electronic"},"genre_electronic": {"all": {"ambient": 0.174824595451,"dnb": 0.00779267307371,"house": 0.0225149784237,"techno": 0.0105996960774,"trance": 0.784268081188},"probability": 0.784268081188,"value": "trance"},"genre_rosamerica": {"all": {"cla": 0.000390991539462,"dan": 8.37687621242e-05,"hip": 4.4704091124e-05,"jaz": 0.000268992473138,"pop": 0.000330508948537,"rhy": 3.58692850568e-05,"roc": 0.998821616173,"spe": 2.3556407541e-05},"probability": 0.998821616173,"value": "roc"},"genre_tzanetakis": {"all": {"blu": 0.0626613423228,"cla": 0.0348169617355,"cou": 0.104475811124,"dis": 0.0784321576357,"hip": 0.15692435205,"jaz": 0.313974827528,"met": 0.0448166541755,"pop": 0.0627359300852,"reg": 0.0627360641956,"roc": 0.0784258767962},"probability": 0.313974827528,"value": "jaz"},"ismir04_rhythm": {"all": {"ChaChaCha": 0.0758433640003,"Jive": 0.0411598496139,"Quickstep": 0.00523539399728,"Rumba-American": 0.011848103255,"Rumba-International": 0.00544874509797,"Rumba-Misc": 0.00485461438075,"Samba": 0.0124323032796,"Tango": 0.168111428618,"VienneseWaltz": 0.669970273972,"Waltz": 0.00509592657909},"probability": 0.669970273972,"value": "VienneseWaltz"},"mood_acoustic": {"all": {"acoustic": 1.58635393745e-05,"not_acoustic": 0.999984145164},"probability": 0.999984145164,"value": "not_acoustic"},"mood_aggressive": {"all": {"aggressive": 0.992415785789,"not_aggressive": 0.00758423330262},"probability": 0.992415785789,"value": "aggressive"},"mood_electronic": {"all": {"electronic": 0.49317085743,"not_electronic": 0.50682914257},"probability": 0.50682914257,"value": "not_electronic"},"mood_happy": {"all": {"happy": 0.0485102906823,"not_happy": 0.951489686966},"probability": 0.951489686966,"value": "not_happy"},"mood_party": {"all": {"not_party": 0.305218040943,"party": 0.694781959057},"probability": 0.694781959057,"value": "party"},"mood_relaxed": {"all": {"not_relaxed": 0.761655628681,"relaxed": 0.238344371319},"probability": 0.761655628681,"value": "not_relaxed"},"mood_sad": {"all": {"not_sad": 0.738719403744,"sad": 0.261280566454},"probability": 0.738719403744,"value": "not_sad"},"moods_mirex": {"all": {"Cluster1": 0.0749617516994,"Cluster2": 0.0452869720757,"Cluster3": 0.264982908964,"Cluster4": 0.0493138208985,"Cluster5": 0.565454542637},"probability": 0.565454542637,"value": "Cluster5"},"timbre": {"all": {"bright": 0.661084055901,"dark": 0.338915973902},"probability": 0.661084055901,"value": "bright"},"tonal_atonal": {"all": {"atonal": 0.600598573685,"tonal": 0.399401426315},"probability": 0.600598573685,"value": "atonal"},"voice_instrumental": {"all": {"instrumental": 0.0161487087607,"voice": 0.983851313591},"probability": 0.983851313591,"value": "voice"}},"metadata": {"audio_properties": {"analysis_sample_rate": 44100,"bit_rate": 0,"equal_loudness": 0,"length": 456.466674805,"lossless": 1,"replay_gain": -12.854763031,"sample_rate": 44100,"codec": "flac","downmix": "mix","md5_encoded": "9984f841ff28e8fb5c1696f67661c0c7"},"tags": {"file_name": "09. You Can't Keep a Bad Man Down.flac","album": ["Everyone Into Position"],"albumartist": ["Oceansize"],"albumartistsort": ["Oceansize"],"artist": ["Oceansize"],"artistsort": ["Oceansize"],"asin": ["B000AGL1CU"],"barcode": ["607618024420"],"catalognumber": ["BBQCD 244"],"date": ["2005-09-19"],"discnumber": ["1"],"disctotal": ["1"],"genre": ["Rock", "Pregaptrack", "Post Rock", "Indie Rock", "Alternative Rock"],"label": ["Beggars Banquet"],"language": ["eng"],"media": ["CD"],"musicbrainz_albumartistid": ["c147b96e-3428-4604-9b6c-d931f980f684"],"musicbrainz_albumid": ["188d704b-678d-499d-b488-516a7247cc01"],"musicbrainz_artistid": ["c147b96e-3428-4604-9b6c-d931f980f684"],"musicbrainz_recordingid": ["1da33fa2-8240-49e8-b485-945fee305c11"],"musicbrainz_releasegroupid": ["a68fb753-3137-3684-9159-110ba8a14fea"],"musicip_puid": ["2911761d-96d9-0d4b-098a-bffcfd21637d"],"originaldate": ["2005-09-19"],"owner": ["-=udachee=-"],"releasecountry": ["GB"],"releasestatus": ["official"],"releasetype": ["album"],"script": ["Latn"],"title": ["You Can't Keep a Bad Man Down"],"totaldiscs": ["1"],"totaltracks": ["10"],"tracknumber": ["9"],"tracktotal": ["10"]},"version": {"highlevel": {"essentia": "2.1-beta5-dev","essentia_build_sha": "e74af04b57b164eed312abeef4963962215860f0","essentia_git_sha": "v2.1_beta4-499-g4013ebc","extractor": "music 2.0","gaia": "2.4.5","gaia_git_sha": "v2.4.4-44-g95f4851","models_essentia_git_sha": "v2.1_beta1"},"lowlevel": {"essentia": "2.1-beta2","essentia_build_sha": "70f2e5ece6736b2c40cc944ad0e695b16b925413","essentia_git_sha": "v2.1_beta2","extractor": "music 1.0"}}}}