{"highlevel": {"danceability": {"all": {"danceable": 0.226533740759,"not_danceable": 0.773466229439},"probability": 0.773466229439,"value": "not_danceable"},"gender": {"all": {"female": 0.62866717577,"male": 0.37133282423},"probability": 0.62866717577,"value": "female"},"genre_dortmund": {"all": {"alternative": 0.0299756098539,"blues": 0.307653576136,"electronic": 0.00782345235348,"folkcountry": 0.0990868136287,"funksoulrnb": 0.017581095919,"jazz": 0.35603761673,"pop": 0.0779880955815,"raphiphop": 0.00551935238764,"rock": 0.0983343869448},"probability": 0.35603761673,"value": "jazz"},"genre_electronic": {"all": {"ambient": 0.751012027264,"dnb": 0.0244644153863,"house": 0.16907826066,"techno": 0.0149856116623,"trance": 0.0404596515},"probability": 0.751012027264,"value": "ambient"},"genre_rosamerica": {"all": {"cla": 0.025480221957,"dan": 0.0181526001543,"hip": 0.0357960388064,"jaz": 0.14127060771,"pop": 0.170214563608,"rhy": 0.516757249832,"roc": 0.0665173828602,"spe": 0.0258113443851},"probability": 0.516757249832,"value": "rhy"},"genre_tzanetakis": {"all": {"blu": 0.0462854430079,"cla": 0.0925570949912,"cou": 0.0740315914154,"dis": 0.0740292295814,"hip": 0.0528797917068,"jaz": 0.185087636113,"met": 0.074046432972,"pop": 0.123411402106,"reg": 0.0925585925579,"roc": 0.185112789273},"probability": 0.185112789273,"value": "roc"},"ismir04_rhythm": {"all": {"ChaChaCha": 0.102966569364,"Jive": 0.027874937281,"Quickstep": 0.051853325218,"Rumba-American": 0.0455311276019,"Rumba-International": 0.350937902927,"Rumba-Misc": 0.20995734632,"Samba": 0.0775019600987,"Tango": 0.063663162291,"VienneseWaltz": 0.0504949167371,"Waltz": 0.0192187596112},"probability": 0.350937902927,"value": "Rumba-International"},"mood_acoustic": {"all": {"acoustic": 0.914480626583,"not_acoustic": 0.0855193957686},"probability": 0.914480626583,"value": "acoustic"},"mood_aggressive": {"all": {"aggressive": 0.0174145661294,"not_aggressive": 0.982585430145},"probability": 0.982585430145,"value": "not_aggressive"},"mood_electronic": {"all": {"electronic": 0.553884983063,"not_electronic": 0.446115016937},"probability": 0.553884983063,"value": "electronic"},"mood_happy": {"all": {"happy": 0.0743015781045,"not_happy": 0.925698399544},"probability": 0.925698399544,"value": "not_happy"},"mood_party": {"all": {"not_party": 0.238511219621,"party": 0.76148879528},"probability": 0.76148879528,"value": "party"},"mood_relaxed": {"all": {"not_relaxed": 0.204841122031,"relaxed": 0.795158863068},"probability": 0.795158863068,"value": "relaxed"},"mood_sad": {"all": {"not_sad": 0.278195410967,"sad": 0.721804618835},"probability": 0.721804618835,"value": "sad"},"moods_mirex": {"all": {"Cluster1": 0.400287121534,"Cluster2": 0.195158228278,"Cluster3": 0.136127740145,"Cluster4": 0.146327123046,"Cluster5": 0.122099786997},"probability": 0.400287121534,"value": "Cluster1"},"timbre": {"all": {"bright": 0.0257187411189,"dark": 0.974281251431},"probability": 0.974281251431,"value": "dark"},"tonal_atonal": {"all": {"atonal": 0.796529233456,"tonal": 0.203470751643},"probability": 0.796529233456,"value": "atonal"},"voice_instrumental": {"all": {"instrumental": 0.972920238972,"voice": 0.0270797349513},"probability": 0.972920238972,"value": "instrumental"}},"metadata": {"audio_properties": {"analysis_sample_rate": 44100,"bit_rate": 0,"equal_loudness": 0,"length": 57.6666679382,"lossless": 1,"replay_gain": -8.19616508484,"sample_rate": 44100,"codec": "flac","downmix": "mix","md5_encoded": "70c6ccfb2550acfd83c281addefd5c1f"},"tags": {"file_name": "15 - Airport.flac","acoustid_id": ["28725a37-c6a0-4887-85d3-69eadd97b00a"],"album": ["Songs and Music From the Motion Picture \"She's the One\""],"albumartist": ["Tom Petty and the Heartbreakers"],"albumartistsort": ["Petty, Tom and the Heartbreakers"],"artist": ["Tom Petty and the Heartbreakers"],"artistsort": ["Petty, Tom and the Heartbreakers"],"date": ["1996"],"musicbrainz_albumartistid": ["f93dbc64-6f08-4033-bcc7-8a0bb4689849"],"musicbrainz_albumid": ["9e4e1c18-9e2d-4dd3-992f-819a31b1f388"],"musicbrainz_artistid": ["f93dbc64-6f08-4033-bcc7-8a0bb4689849"],"musicbrainz_recordingid": ["81017609-b3f2-4e3a-a886-9602f97987d4"],"title": ["Airport"],"totaltracks": ["15"],"tracknumber": ["15"],"tracktotal": ["15"]},"version": {"highlevel": {"essentia": "2.1-beta5-dev","essentia_build_sha": "e74af04b57b164eed312abeef4963962215860f0","essentia_git_sha": "v2.1_beta4-499-g4013ebc","extractor": "music 2.0","gaia": "2.4.5","gaia_git_sha": "v2.4.4-44-g95f4851","models_essentia_git_sha": "v2.1_beta1"},"lowlevel": {"essentia": "2.1-beta1","essentia_build_sha": "ca57ba49d9b1854bd80e60cf9ccf267278fb7d6b","essentia_git_sha": "v2.1_beta1-28-g21ef5f4-dirty","extractor": "music 1.0"}}}}