{"highlevel": {"danceability": {"all": {"danceable": 0.999988257885,"not_danceable": 1.17198069347e-05},"probability": 0.999988257885,"value": "danceable"},"gender": {"all": {"female": 0.937890529633,"male": 0.0621094480157},"probability": 0.937890529633,"value": "female"},"genre_dortmund": {"all": {"alternative": 0.0028650010936,"blues": 0.000293474498903,"electronic": 0.996114850044,"folkcountry": 0.000245200440986,"funksoulrnb": 1.4009788174e-05,"jazz": 0.00021471711807,"pop": 4.01882753067e-05,"raphiphop": 2.81418233499e-05,"rock": 0.000184431162779},"probability": 0.996114850044,"value": "electronic"},"genre_electronic": {"all": {"ambient": 0.04552314803,"dnb": 0.00866707414389,"house": 0.0999603867531,"techno": 0.0143709881231,"trance": 0.83147841692},"probability": 0.83147841692,"value": "trance"},"genre_rosamerica": {"all": {"cla": 0.00148533296306,"dan": 0.710507929325,"hip": 0.112341545522,"jaz": 0.00249941973016,"pop": 0.0853082314134,"rhy": 0.0801741182804,"roc": 0.00609628716484,"spe": 0.00158715446014},"probability": 0.710507929325,"value": "dan"},"genre_tzanetakis": {"all": {"blu": 0.0626613423228,"cla": 0.0348169617355,"cou": 0.104475811124,"dis": 0.0784321576357,"hip": 0.15692435205,"jaz": 0.313974827528,"met": 0.0448166541755,"pop": 0.0627359300852,"reg": 0.0627360641956,"roc": 0.0784258767962},"probability": 0.313974827528,"value": "jaz"},"ismir04_rhythm": {"all": {"ChaChaCha": 0.240141451359,"Jive": 0.0875605046749,"Quickstep": 0.0251748636365,"Rumba-American": 0.0865692049265,"Rumba-International": 0.0935058370233,"Rumba-Misc": 0.0361536704004,"Samba": 0.169067040086,"Tango": 0.162258684635,"VienneseWaltz": 0.0789393037558,"Waltz": 0.020629433915},"probability": 0.240141451359,"value": "ChaChaCha"},"mood_acoustic": {"all": {"acoustic": 0.00619503809139,"not_acoustic": 0.993804991245},"probability": 0.993804991245,"value": "not_acoustic"},"mood_aggressive": {"all": {"aggressive": 0.240805253386,"not_aggressive": 0.759194731712},"probability": 0.759194731712,"value": "not_aggressive"},"mood_electronic": {"all": {"electronic": 0.925681591034,"not_electronic": 0.0743184313178},"probability": 0.925681591034,"value": "electronic"},"mood_happy": {"all": {"happy": 0.190947428346,"not_happy": 0.809052586555},"probability": 0.809052586555,"value": "not_happy"},"mood_party": {"all": {"not_party": 0.239793494344,"party": 0.760206520557},"probability": 0.760206520557,"value": "party"},"mood_relaxed": {"all": {"not_relaxed": 0.696819365025,"relaxed": 0.303180664778},"probability": 0.696819365025,"value": "not_relaxed"},"mood_sad": {"all": {"not_sad": 0.81957679987,"sad": 0.18042320013},"probability": 0.81957679987,"value": "not_sad"},"moods_mirex": {"all": {"Cluster1": 0.116614177823,"Cluster2": 0.0912166312337,"Cluster3": 0.387361049652,"Cluster4": 0.1007354334,"Cluster5": 0.304072707891},"probability": 0.387361049652,"value": "Cluster3"},"timbre": {"all": {"bright": 0.254318147898,"dark": 0.7456818223},"probability": 0.7456818223,"value": "dark"},"tonal_atonal": {"all": {"atonal": 0.964252650738,"tonal": 0.0357473455369},"probability": 0.964252650738,"value": "atonal"},"voice_instrumental": {"all": {"instrumental": 0.658221542835,"voice": 0.341778486967},"probability": 0.658221542835,"value": "instrumental"}},"metadata": {"audio_properties": {"analysis_sample_rate": 44100,"bit_rate": 0,"equal_loudness": 0,"length": 245.466659546,"lossless": 1,"replay_gain": -12.7596988678,"codec": "flac","downmix": "mix","md5_encoded": "d7c1829cea7ba124d44201be5e4e04df"},"tags": {"file_name": "16 - Holla If Ya Need Me.flac","album": ["Ready"],"albumartist": ["Trey Songz"],"albumartistsort": ["Trey Songz"],"albumsort": ["Ready"],"artist": ["Trey Songz"],"artistsort": ["Trey Songz"],"asin": ["B00278U1WU"],"barcode": ["075678966606"],"catalognumber": ["7567-89666-0"],"compilation": ["1"],"date": ["2009-08-31"],"discnumber": ["1"],"disctotal": ["1"],"encoding": ["--best -e -V --replay-gain"],"format": ["CD"],"genre": ["R&B", "Hip-Hop", "Hip-Hop", "Contemporary R&B"],"label": ["Atlantic"],"language": ["eng"],"media": ["CD"],"musicbrainz_albumartistid": ["4d7304f6-7fe3-4959-9d98-01a5af84afe6"],"musicbrainz_albumid": ["efdf890b-838c-43f7-b402-8ebbad5fece8"],"musicbrainz_artistid": ["4d7304f6-7fe3-4959-9d98-01a5af84afe6"],"musicbrainz_recordingid": ["81560990-bf03-4071-bfc3-a315296afd15"],"musicbrainz_releasegroupid": ["5ce92d26-c60b-4fcf-8d0d-9c5d0d928c8c"],"musicip_puid": ["0ae75646-4809-4c76-9fdc-f6d1829bb491"],"originaldate": ["2009-08-31"],"releasecountry": ["US"],"releasestatus": ["official"],"releasetype": ["album"],"replaygain_album_gain": ["-7.11 dB"],"replaygain_album_peak": ["0.96759033"],"replaygain_reference_loudness": ["89.0 dB"],"replaygain_track_gain": ["-7.11 dB"],"replaygain_track_peak": ["0.96759033"],"script": ["Latn"],"title": ["Holla If Ya Need Me"],"titlesort": ["Holla If Ya Need Me"],"totaldiscs": ["1"],"totaltracks": ["17"],"tracknumber": ["16"],"tracktotal": ["17"]},"version": {"highlevel": {"essentia": "2.1-beta5-dev","essentia_build_sha": "e74af04b57b164eed312abeef4963962215860f0","essentia_git_sha": "v2.1_beta4-499-g4013ebc","extractor": "music 2.0","gaia": "2.4.5","gaia_git_sha": "v2.4.4-44-g95f4851","models_essentia_git_sha": "v2.1_beta1"},"lowlevel": {"essentia": "2.1-beta1","essentia_build_sha": "8c2fd3ff3b9381f962a27951d857ce39398228bf","essentia_git_sha": "v2.1_beta1-7-ge0e83e8","extractor": "music 1.0"}}}}