{"highlevel": {"danceability": {"all": {"danceable": 0.627006471157,"not_danceable": 0.372993558645},"probability": 0.627006471157,"value": "danceable"},"gender": {"all": {"female": 0.0414787009358,"male": 0.958521306515},"probability": 0.958521306515,"value": "male"},"genre_dortmund": {"all": {"alternative": 0.283378571272,"blues": 0.104696266353,"electronic": 0.271744698286,"folkcountry": 0.136397585273,"funksoulrnb": 0.0167068410665,"jazz": 0.0291420500726,"pop": 0.0311525631696,"raphiphop": 0.0118264369667,"rock": 0.114954985678},"probability": 0.283378571272,"value": "alternative"},"genre_electronic": {"all": {"ambient": 0.432205110788,"dnb": 0.0432385206223,"house": 0.373938947916,"techno": 0.0153355980292,"trance": 0.135281801224},"probability": 0.432205110788,"value": "ambient"},"genre_rosamerica": {"all": {"cla": 0.00229944568127,"dan": 0.0208408106118,"hip": 0.0104922186583,"jaz": 0.0256963521242,"pop": 0.295862823725,"rhy": 0.595884919167,"roc": 0.0381489060819,"spe": 0.0107744922861},"probability": 0.595884919167,"value": "rhy"},"genre_tzanetakis": {"all": {"blu": 0.0626613423228,"cla": 0.0348169617355,"cou": 0.104475811124,"dis": 0.0784321576357,"hip": 0.15692435205,"jaz": 0.313974827528,"met": 0.0448166541755,"pop": 0.0627359300852,"reg": 0.0627360641956,"roc": 0.0784258767962},"probability": 0.313974827528,"value": "jaz"},"ismir04_rhythm": {"all": {"ChaChaCha": 0.187201425433,"Jive": 0.109695643187,"Quickstep": 0.0257287696004,"Rumba-American": 0.0421333089471,"Rumba-International": 0.0992007255554,"Rumba-Misc": 0.0535368397832,"Samba": 0.0512271784246,"Tango": 0.0897741168737,"VienneseWaltz": 0.326350778341,"Waltz": 0.0151512250304},"probability": 0.326350778341,"value": "VienneseWaltz"},"mood_acoustic": {"all": {"acoustic": 0.704628944397,"not_acoustic": 0.295371055603},"probability": 0.704628944397,"value": "acoustic"},"mood_aggressive": {"all": {"aggressive": 0.0723788961768,"not_aggressive": 0.927621126175},"probability": 0.927621126175,"value": "not_aggressive"},"mood_electronic": {"all": {"electronic": 0.286127865314,"not_electronic": 0.713872134686},"probability": 0.713872134686,"value": "not_electronic"},"mood_happy": {"all": {"happy": 0.353162705898,"not_happy": 0.646837294102},"probability": 0.646837294102,"value": "not_happy"},"mood_party": {"all": {"not_party": 0.744102060795,"party": 0.255897939205},"probability": 0.744102060795,"value": "not_party"},"mood_relaxed": {"all": {"not_relaxed": 0.0359350033104,"relaxed": 0.964065015316},"probability": 0.964065015316,"value": "relaxed"},"mood_sad": {"all": {"not_sad": 0.478153854609,"sad": 0.521846175194},"probability": 0.521846175194,"value": "sad"},"moods_mirex": {"all": {"Cluster1": 0.145623475313,"Cluster2": 0.260519146919,"Cluster3": 0.356239408255,"Cluster4": 0.112770326436,"Cluster5": 0.124847628176},"probability": 0.356239408255,"value": "Cluster3"},"timbre": {"all": {"bright": 0.953810989857,"dark": 0.0461889840662},"probability": 0.953810989857,"value": "bright"},"tonal_atonal": {"all": {"atonal": 0.071623891592,"tonal": 0.928376078606},"probability": 0.928376078606,"value": "tonal"},"voice_instrumental": {"all": {"instrumental": 0.00139411294367,"voice": 0.998605906963},"probability": 0.998605906963,"value": "voice"}},"metadata": {"audio_properties": {"analysis_sample_rate": 44100,"bit_rate": 261460,"equal_loudness": 0,"length": 163.538146973,"lossless": 0,"replay_gain": -11.6859302521,"sample_rate": 44100,"codec": "aac","downmix": "mix","md5_encoded": "9157f4ff60f9b05ed4241fae49a4709d"},"tags": {"file_name": "Frank Boeijen - Verjaardagsfeest.m4a","album": ["Het Mooiste & Het Beste (disc 2: Het Beste)"],"albumartistsort": ["Boeijen, Frank"],"artist": ["Frank Boeijen"],"artistsort": ["Boeijen, Frank"],"barcode": ["743215173724"],"bpm": ["0"],"catalognumber": ["74321 517372"],"compilation": ["0"],"composer": ["Frank Boeijen Groep"],"date": ["1997"],"discnumber": ["2\/2"],"discsubtitle": ["Het Beste"],"encodedby": ["iTunes 9.1.0.79, QuickTime 7.6.6"],"genre": ["Nederlandse Muziek"],"label": ["Ariola"],"language": ["Dutch"],"media": ["CD"],"musicbrainz_albumartistid": ["ea2cd565-e53e-4165-a02d-7a97c5233309"],"musicbrainz_albumid": ["79eb8729-4788-4bb7-a586-4830ddd4a144"],"musicbrainz_artistid": ["ea2cd565-e53e-4165-a02d-7a97c5233309"],"musicbrainz_recordingid": ["81a2ea29-2636-4ad4-b591-d9cd758dc3a9"],"musicbrainz_releasegroupid": ["9e1a6f26-992e-34dc-8a85-07accd6167ec"],"script": ["Latin"],"title": ["Verjaardagsfeest"],"tracknumber": ["18\/18"]},"version": {"highlevel": {"essentia": "2.1-beta5-dev","essentia_build_sha": "e74af04b57b164eed312abeef4963962215860f0","essentia_git_sha": "v2.1_beta4-499-g4013ebc","extractor": "music 2.0","gaia": "2.4.5","gaia_git_sha": "v2.4.4-44-g95f4851","models_essentia_git_sha": "v2.1_beta1"},"lowlevel": {"essentia": "2.1-beta2","essentia_build_sha": "2d9f1f26377add8aeb1075a9c2973f962c4f09fd","essentia_git_sha": "v2.1_beta2-1-ge3940c0","extractor": "music 1.0"}}}}