{"highlevel": {"danceability": {"all": {"danceable": 0.239700183272,"not_danceable": 0.760299801826},"probability": 0.760299801826,"value": "not_danceable"},"gender": {"all": {"female": 0.0432284735143,"male": 0.956771552563},"probability": 0.956771552563,"value": "male"},"genre_dortmund": {"all": {"alternative": 0.396226257086,"blues": 0.0445616804063,"electronic": 0.224798485637,"folkcountry": 0.0445628799498,"funksoulrnb": 0.00555734802037,"jazz": 0.00628364551812,"pop": 0.0154216978699,"raphiphop": 0.00297740916722,"rock": 0.259610623121},"probability": 0.396226257086,"value": "alternative"},"genre_electronic": {"all": {"ambient": 0.278617560863,"dnb": 0.122781217098,"house": 0.0362866930664,"techno": 0.0261386856437,"trance": 0.536175847054},"probability": 0.536175847054,"value": "trance"},"genre_rosamerica": {"all": {"cla": 0.000153722256073,"dan": 0.00013895133452,"hip": 0.00011353570153,"jaz": 0.00018526808708,"pop": 0.000874885416124,"rhy": 0.000123223668197,"roc": 0.998391747475,"spe": 1.86942306755e-05},"probability": 0.998391747475,"value": "roc"},"genre_tzanetakis": {"all": {"blu": 0.0626613423228,"cla": 0.0348169617355,"cou": 0.104475811124,"dis": 0.0784321576357,"hip": 0.15692435205,"jaz": 0.313974827528,"met": 0.0448166541755,"pop": 0.0627359300852,"reg": 0.0627360641956,"roc": 0.0784258767962},"probability": 0.313974827528,"value": "jaz"},"ismir04_rhythm": {"all": {"ChaChaCha": 0.189570590854,"Jive": 0.610955059528,"Quickstep": 0.0105126081035,"Rumba-American": 0.0139427427202,"Rumba-International": 0.00948518328369,"Rumba-Misc": 0.00755734508857,"Samba": 0.0315920673311,"Tango": 0.02667674236,"VienneseWaltz": 0.0930355936289,"Waltz": 0.00667204381898},"probability": 0.610955059528,"value": "Jive"},"mood_acoustic": {"all": {"acoustic": 0.0087712071836,"not_acoustic": 0.991228818893},"probability": 0.991228818893,"value": "not_acoustic"},"mood_aggressive": {"all": {"aggressive": 0.991950511932,"not_aggressive": 0.00804946664721},"probability": 0.991950511932,"value": "aggressive"},"mood_electronic": {"all": {"electronic": 0.0820024088025,"not_electronic": 0.917997598648},"probability": 0.917997598648,"value": "not_electronic"},"mood_happy": {"all": {"happy": 0.574919939041,"not_happy": 0.425080090761},"probability": 0.574919939041,"value": "happy"},"mood_party": {"all": {"not_party": 0.487665206194,"party": 0.512334764004},"probability": 0.512334764004,"value": "party"},"mood_relaxed": {"all": {"not_relaxed": 0.994982838631,"relaxed": 0.00501716928557},"probability": 0.994982838631,"value": "not_relaxed"},"mood_sad": {"all": {"not_sad": 0.978982150555,"sad": 0.0210178662091},"probability": 0.978982150555,"value": "not_sad"},"moods_mirex": {"all": {"Cluster1": 0.170703411102,"Cluster2": 0.0695247352123,"Cluster3": 0.0411962866783,"Cluster4": 0.120398804545,"Cluster5": 0.598176777363},"probability": 0.598176777363,"value": "Cluster5"},"timbre": {"all": {"bright": 0.0869569629431,"dark": 0.913043022156},"probability": 0.913043022156,"value": "dark"},"tonal_atonal": {"all": {"atonal": 0.198730692267,"tonal": 0.801269292831},"probability": 0.801269292831,"value": "tonal"},"voice_instrumental": {"all": {"instrumental": 0.000541256333236,"voice": 0.999458730221},"probability": 0.999458730221,"value": "voice"}},"metadata": {"audio_properties": {"analysis_sample_rate": 44100,"bit_rate": 0,"equal_loudness": 0,"length": 112.973335266,"lossless": 1,"replay_gain": -13.6198253632,"sample_rate": 44100,"codec": "flac","downmix": "mix","md5_encoded": "a69fa6e1de8a89e33065321b93299287"},"tags": {"file_name": "04 - Modern Man.flac","album": ["All Ages"],"albumartist": ["Bad Religion"],"albumartistsort": ["Bad Religion"],"artist": ["Bad Religion"],"artists": ["Bad Religion"],"artistsort": ["Bad Religion"],"asin": ["B0000248N1"],"catalognumber": ["86443-2"],"composer": ["Greg Graffin"],"composersort": ["Graffin, Greg"],"date": ["1995"],"label": ["Epitaph Europe"],"lyricist": ["Greg Graffin"],"media": ["CD"],"musicbrainz_albumartistid": ["149e6720-4e4a-41a4-afca-6d29083fc091"],"musicbrainz_albumid": ["549c0ea1-f42f-41f1-8276-e9bb8404fd3d"],"musicbrainz_artistid": ["149e6720-4e4a-41a4-afca-6d29083fc091"],"musicbrainz_discid": ["LkGGpB20YkYcxAQolltOYnn87ak-"],"musicbrainz_recordingid": ["b4377d4e-e9ad-4b86-a1a9-7fdc6628cd40"],"musicbrainz_releasegroupid": ["db9652b8-7b27-3ed8-8e08-27606db1b041"],"musicbrainz_releasetrackid": ["340c8103-dac5-343e-9fc8-95da6679e942"],"musicbrainz_workid": ["595a84ec-080f-333e-b194-0d8720e68aa4"],"originaldate": ["1995"],"performer": ["Peter Finestone (drums)", "Brett Gurewitz (guitar)"],"releasecountry": ["GB"],"releasestatus": ["official"],"releasetype": ["album", "compilation"],"script": ["Latn"],"title": ["Modern Man"],"totaltracks": ["22"],"tracknumber": ["4"],"tracktotal": ["22"],"work": ["Modern Man"]},"version": {"highlevel": {"essentia": "2.1-beta5-dev","essentia_build_sha": "e74af04b57b164eed312abeef4963962215860f0","essentia_git_sha": "v2.1_beta4-499-g4013ebc","extractor": "music 2.0","gaia": "2.4.5","gaia_git_sha": "v2.4.4-44-g95f4851","models_essentia_git_sha": "v2.1_beta1"},"lowlevel": {"essentia": "2.1-beta1","essentia_build_sha": "ca57ba49d9b1854bd80e60cf9ccf267278fb7d6b","essentia_git_sha": "v2.1_beta1-28-g21ef5f4-dirty","extractor": "music 1.0"}}}}