{"highlevel": {"danceability": {"all": {"danceable": 0.972289681435,"not_danceable": 0.0277103390545},"probability": 0.972289681435,"value": "danceable"},"gender": {"all": {"female": 0.992715775967,"male": 0.00728420587257},"probability": 0.992715775967,"value": "female"},"genre_dortmund": {"all": {"alternative": 0.000816050800495,"blues": 0.000110130305984,"electronic": 0.998219966888,"folkcountry": 0.000373255723389,"funksoulrnb": 3.87363206755e-06,"jazz": 0.000334336451488,"pop": 2.31388876273e-05,"raphiphop": 7.18082219464e-06,"rock": 0.000112056572107},"probability": 0.998219966888,"value": "electronic"},"genre_electronic": {"all": {"ambient": 0.107225172222,"dnb": 0.00884915143251,"house": 0.396528333426,"techno": 0.0250513851643,"trance": 0.462345957756},"probability": 0.462345957756,"value": "trance"},"genre_rosamerica": {"all": {"cla": 0.005403584335,"dan": 0.243259444833,"hip": 0.437103450298,"jaz": 0.0128252105787,"pop": 0.0240585636348,"rhy": 0.262129157782,"roc": 0.00433222204447,"spe": 0.0108883623034},"probability": 0.437103450298,"value": "hip"},"genre_tzanetakis": {"all": {"blu": 0.0626613423228,"cla": 0.0348169617355,"cou": 0.104475811124,"dis": 0.0784321576357,"hip": 0.15692435205,"jaz": 0.313974827528,"met": 0.0448166541755,"pop": 0.0627359300852,"reg": 0.0627360641956,"roc": 0.0784258767962},"probability": 0.313974827528,"value": "jaz"},"ismir04_rhythm": {"all": {"ChaChaCha": 0.256457298994,"Jive": 0.0620145797729,"Quickstep": 0.0454170703888,"Rumba-American": 0.0412813909352,"Rumba-International": 0.0794210582972,"Rumba-Misc": 0.0420435629785,"Samba": 0.113782279193,"Tango": 0.158629357815,"VienneseWaltz": 0.178434923291,"Waltz": 0.022518498823},"probability": 0.256457298994,"value": "ChaChaCha"},"mood_acoustic": {"all": {"acoustic": 0.342526257038,"not_acoustic": 0.657473742962},"probability": 0.657473742962,"value": "not_acoustic"},"mood_aggressive": {"all": {"aggressive": 0.0151687888429,"not_aggressive": 0.984831213951},"probability": 0.984831213951,"value": "not_aggressive"},"mood_electronic": {"all": {"electronic": 0.754900932312,"not_electronic": 0.245099082589},"probability": 0.754900932312,"value": "electronic"},"mood_happy": {"all": {"happy": 0.3276014328,"not_happy": 0.6723985672},"probability": 0.6723985672,"value": "not_happy"},"mood_party": {"all": {"not_party": 0.441549092531,"party": 0.558450877666},"probability": 0.558450877666,"value": "party"},"mood_relaxed": {"all": {"not_relaxed": 0.0187870934606,"relaxed": 0.98121291399},"probability": 0.98121291399,"value": "relaxed"},"mood_sad": {"all": {"not_sad": 0.35372376442,"sad": 0.64627623558},"probability": 0.64627623558,"value": "sad"},"moods_mirex": {"all": {"Cluster1": 0.0917811468244,"Cluster2": 0.125027656555,"Cluster3": 0.176751747727,"Cluster4": 0.0537146516144,"Cluster5": 0.552724778652},"probability": 0.552724778652,"value": "Cluster5"},"timbre": {"all": {"bright": 0.171276479959,"dark": 0.828723490238},"probability": 0.828723490238,"value": "dark"},"tonal_atonal": {"all": {"atonal": 0.564121067524,"tonal": 0.435878932476},"probability": 0.564121067524,"value": "atonal"},"voice_instrumental": {"all": {"instrumental": 0.0201631076634,"voice": 0.979836881161},"probability": 0.979836881161,"value": "voice"}},"metadata": {"audio_properties": {"analysis_sample_rate": 44100,"bit_rate": 0,"equal_loudness": 0,"length": 416.666656494,"lossless": 1,"replay_gain": -3.2818775177,"sample_rate": 44100,"codec": "flac","downmix": "mix","md5_encoded": "02f5fdc865cd6411f33bc49c1ca1cc39"},"tags": {"file_name": "07. Gary Numan - You Walk in My Soul.flac","acoustid_id": ["a85d150e-984b-4bef-b1e1-118adf017f06"],"album": ["Sacrifice (Extended Mixes)"],"albumartist": ["Gary Numan"],"albumartistsort": ["Numan, Gary"],"artist": ["Gary Numan"],"artistsort": ["Numan, Gary"],"barcode": ["5014249039528"],"catalognumber": ["NUMACDX 1011"],"date": ["1995-01"],"discnumber": ["1"],"disctotal": ["1"],"genre": ["Electronic, Rock"],"label": ["Numa"],"media": ["CD"],"musicbrainz_albumartistid": ["6cb79cb2-9087-44d4-828b-5c6fdff2c957"],"musicbrainz_albumid": ["d28f47ec-9808-45bd-8302-456567e8dca3"],"musicbrainz_artistid": ["6cb79cb2-9087-44d4-828b-5c6fdff2c957"],"musicbrainz_recordingid": ["b4e0d81c-222b-49de-9e46-4985ac9e40ce"],"musicbrainz_releasegroupid": ["f96373ba-bbc1-3e0e-b4f5-910edaa84e0f"],"musicbrainz_releasetrackid": ["abde0d86-ece6-3bdd-9685-46b8ff31fb22"],"originaldate": ["1994-10"],"originalyear": ["1994"],"releasecountry": ["GB"],"releasestatus": ["official"],"releasetype": ["album"],"script": ["Latn"],"title": ["You Walk in My Soul"],"totaldiscs": ["1"],"totaltracks": ["10"],"tracknumber": ["7"],"tracktotal": ["10"]},"version": {"highlevel": {"essentia": "2.1-beta5-dev","essentia_build_sha": "e74af04b57b164eed312abeef4963962215860f0","essentia_git_sha": "v2.1_beta4-499-g4013ebc","extractor": "music 2.0","gaia": "2.4.5","gaia_git_sha": "v2.4.4-44-g95f4851","models_essentia_git_sha": "v2.1_beta1"},"lowlevel": {"essentia": "2.1-beta2","essentia_build_sha": "70f2e5ece6736b2c40cc944ad0e695b16b925413","essentia_git_sha": "v2.1_beta2","extractor": "music 1.0"}}}}