{"highlevel": {"danceability": {"all": {"danceable": 0.129237964749,"not_danceable": 0.870762050152},"probability": 0.870762050152,"value": "not_danceable"},"gender": {"all": {"female": 0.413591772318,"male": 0.58640819788},"probability": 0.58640819788,"value": "male"},"genre_dortmund": {"all": {"alternative": 0.107625328004,"blues": 0.0211539734155,"electronic": 0.806931436062,"folkcountry": 0.0237625576556,"funksoulrnb": 0.00312136439607,"jazz": 0.00909970048815,"pop": 0.00462651485577,"raphiphop": 0.00255175749771,"rock": 0.0211273599416},"probability": 0.806931436062,"value": "electronic"},"genre_electronic": {"all": {"ambient": 0.599580109119,"dnb": 0.0290412642062,"house": 0.182049155235,"techno": 0.0124960308895,"trance": 0.176833420992},"probability": 0.599580109119,"value": "ambient"},"genre_rosamerica": {"all": {"cla": 0.0650314614177,"dan": 0.0146992839873,"hip": 0.0199658777565,"jaz": 0.146670356393,"pop": 0.390971183777,"rhy": 0.0770594775677,"roc": 0.27963706851,"spe": 0.00596528640017},"probability": 0.390971183777,"value": "pop"},"genre_tzanetakis": {"all": {"blu": 0.0626541376114,"cla": 0.0348133966327,"cou": 0.0783501937985,"dis": 0.104547761381,"hip": 0.15693578124,"jaz": 0.313987255096,"met": 0.044816005975,"pop": 0.0627349764109,"reg": 0.0627352520823,"roc": 0.0784252434969},"probability": 0.313987255096,"value": "jaz"},"ismir04_rhythm": {"all": {"ChaChaCha": 0.124071367085,"Jive": 0.117644608021,"Quickstep": 0.028169054538,"Rumba-American": 0.0252469815314,"Rumba-International": 0.0165447648615,"Rumba-Misc": 0.0166858937591,"Samba": 0.0281344801188,"Tango": 0.387578010559,"VienneseWaltz": 0.241074711084,"Waltz": 0.014850136824},"probability": 0.387578010559,"value": "Tango"},"mood_acoustic": {"all": {"acoustic": 0.0991567745805,"not_acoustic": 0.900843203068},"probability": 0.900843203068,"value": "not_acoustic"},"mood_aggressive": {"all": {"aggressive": 0.581316530704,"not_aggressive": 0.418683469296},"probability": 0.581316530704,"value": "aggressive"},"mood_electronic": {"all": {"electronic": 0.317633599043,"not_electronic": 0.682366430759},"probability": 0.682366430759,"value": "not_electronic"},"mood_happy": {"all": {"happy": 0.669942975044,"not_happy": 0.330057054758},"probability": 0.669942975044,"value": "happy"},"mood_party": {"all": {"not_party": 0.5,"party": 0.5},"probability": 0.5,"value": "not_party"},"mood_relaxed": {"all": {"not_relaxed": 0.5,"relaxed": 0.5},"probability": 0.5,"value": "not_relaxed"},"mood_sad": {"all": {"not_sad": 0.723293125629,"sad": 0.276706874371},"probability": 0.723293125629,"value": "not_sad"},"moods_mirex": {"all": {"Cluster1": 0.192647382617,"Cluster2": 0.259622961283,"Cluster3": 0.0790426656604,"Cluster4": 0.103368498385,"Cluster5": 0.365318506956},"probability": 0.365318506956,"value": "Cluster5"},"timbre": {"all": {"bright": 0.935777068138,"dark": 0.0642229095101},"probability": 0.935777068138,"value": "bright"},"tonal_atonal": {"all": {"atonal": 0.26721227169,"tonal": 0.73278772831},"probability": 0.73278772831,"value": "tonal"},"voice_instrumental": {"all": {"instrumental": 0.922079920769,"voice": 0.0779200866818},"probability": 0.922079920769,"value": "instrumental"}},"metadata": {"audio_properties": {"analysis_sample_rate": 44100,"bit_rate": 192000,"equal_loudness": 0,"length": 263.444885254,"lossless": 0,"replay_gain": -5.33123397827,"sample_rate": 44100,"codec": "mp3","downmix": "mix","md5_encoded": "110b21f15cd41980f74f8dd64ad73856"},"tags": {"file_name": ".38 Special - The Love That I've Lost.mp3","acoustid_fingerprint": ["AQABz9sqSksUtMRPVONCDlLZ46OK50V341RwOOrR7vgVvMdT5ApBOTz0RLQQncap4Q-cTCS-HW_Qt0dznMe7I7ygxWF89ERz6FUwe8ezg3-gWd2x98ilNgo85vj848aTWLjQn7iAH0_QMDqqG4-WbCEaC6X4CLFJDaV3aFEyFvkUB98YNN2DMkcXDX6O6gkePPzRK-iNS8_wMDISXxlyvJiyG-2NWaKFH5WWcwTqHhdeo0dT8Rue5AzeHE0uVGkUHteDR3Vwo56SB80WPIuM_GnQ79DyHBcuXgnyS-jRRDouHkVzHE9Q63Bk9DnyP9AjWrgO_Tqa7AiP4zpC8RB3hM_wXvjxYw8SxchzNNG-IlemF9dNaGfCI8yPowyjHG5E425glOGSIQuZ8UiW5olxpVSIC3xy_Ei4EDGFhz_6JEieKAi_HPtuvA-uo3EYeJR0hI3yEDrjSMifoM_h-uh1PMaPPhExJZTUGY8YXEarkAKlaER_JDsi6cdFCo_y4EGeZIcmyQ4a_Tgv6KGQw31UfEn04Tvh6MXz4Dui39CPbFqOR-GDsuyRFtp3fFfwlFAzI0waZiiTHeexB36Oq8ePMtON30IyWUecPTjKElMYIYdG5UGzLiWRPAe9-pi7Bz-aEnVw-ei06ISnxcfrI8yzIzke5cTzJLhO9LAYJUFFJUZy5A-aKtfgrei548pm9NHQVMURXdD7BPwR9tmKtVfgH-Xxo7GeY_Jw5eiD5jdxoS8ojmEQ8iOU-2hS8UHXHNGL68KPJluOPsd_fEnxGGVPUM4VvD386EFo55COfHqGX6gP70E5XXi-4Ubl0Gi0RDn-FO_R5WiWPjhzfEqwf8ilHOpL5DSe7PjheciTdDouZQ6Cw6dwHV_iDSXzo_mHW8e-KPkQiwe5JA9OSSa0PMPkK8hz_Bae6_CZGpeC5yF6ShSa5wlyp9B35Aq8ZQ2eCxH34IL2IFOVoX_QE2cw_cclJ0GPZDzyCD_6K_CJPvhRHgmZ9cjzwLnx4bRgH9Xx47hn_EjGIz2q63gurDWRP0hUMgNfPMLEo1H1HNdSfEdoU0mQ_Oh84eSPa0fTykN5YyeeSke2B1pPIb8EnseTMMe3HT_8uagyccKZMDv2ICf0f8HzHHoShI1z-EJ_JNcR98ZEKT-ah_h4nCROWsKPizmYPCjXSCno-Eh-RGjyo1H34HlwJlmOhuPRB-eH58O1GG8S4RNz3EFzYWKOkEylBOKJSD8eHVeroI4C5z_eFv_R_PhQJ4d7hKeNfzHWCtcD6RVKYborxNkzfNnR-EV97BP-oemWCVeKhs9xkQeX4Wl65Al2DXqU4xcR5lGMvsa8Y78AJoBDiiDGsATGUKMAogASYwQRDhBigSUEEWMIIMIQIABFiBmKnLLGEGCUBIBAsgQwCCgClBTCKQEgw8II4qAgjiBghCAGKQ6IFFgphryChgAEhDLEECqSQYwrQYCE0iiBgABCEAGJQAQhqBSUABGLBAGKEAcEAooopgAikQFLBLIAQiaoEIYRAR0TwBDCCDNGEUCAAAAgAh1BDhAEKDFECSUbUgIIKgABCCBgNBGMAKO0E4AYAKgGBihhhNEAEQAFIoAA5QRABioCpCCICWaIQEYIAAZBBkhiGAHIMYABUMgB5YxiSAhCCKyEAQIAIQQAQQBSzAACAACEAAWMUQoBxpQSxhIECNOCEAeIEoo44YQQjCInvUIAY0EgMYoZJwRSBhkACFBMAIAMUYQIgxAiRABkHACAESAYIQQwBBAChCDlnLEKSeCAQYApQQBFCAgGHANMOEEMAAIAp5yzQgAAAAMIIAAAwQQ4YJDwBhGkBMBGAA"],"acoustid_id": ["84f4cf06-5a3b-493f-9cf4-2644d3fd5f39"],"album": ["Rockin' Into the Night"],"artist": [".38 Special"],"bpm": ["118.69"],"date": ["1980"],"genre": ["Southern Rock"],"musicbrainz album release country": ["United States"],"musicbrainz album type": ["Album"],"musicbrainz_albumid": ["4bdb8cb8-d44b-4201-80cf-540b0e68579c"],"musicbrainz_recordingid": ["5d06aa2f-cd0e-4b8f-9b66-c301667cc065"],"musicip_puid": ["7b347746-01f7-1da7-f503-7cf9c1bb17d5"],"title": ["The Love That I've Lost"],"tracknumber": ["05\/09"]},"version": {"highlevel": {"essentia": "2.1-beta5-dev","essentia_build_sha": "e74af04b57b164eed312abeef4963962215860f0","essentia_git_sha": "v2.1_beta4-499-g4013ebc","extractor": "music 2.0","gaia": "2.4.5","gaia_git_sha": "v2.4.4-44-g95f4851","models_essentia_git_sha": "v2.1_beta1"},"lowlevel": {"essentia": "2.1-beta2","essentia_build_sha": "2d9f1f26377add8aeb1075a9c2973f962c4f09fd","essentia_git_sha": "v2.1_beta2-1-ge3940c0","extractor": "music 1.0"}}}}