{"highlevel": {"danceability": {"all": {"danceable": 0.999355256557,"not_danceable": 0.000644768238999},"probability": 0.999355256557,"value": "danceable"},"gender": {"all": {"female": 0.220939189196,"male": 0.779060781002},"probability": 0.779060781002,"value": "male"},"genre_dortmund": {"all": {"alternative": 0.0227670315653,"blues": 0.00912765040994,"electronic": 0.949373424053,"folkcountry": 0.00517797656357,"funksoulrnb": 0.000632384908386,"jazz": 0.00378616992384,"pop": 0.000915107375477,"raphiphop": 0.00327658420429,"rock": 0.00494364276528},"probability": 0.949373424053,"value": "electronic"},"genre_electronic": {"all": {"ambient": 0.200565949082,"dnb": 0.0253452565521,"house": 0.510373771191,"techno": 0.0216146335006,"trance": 0.24210037291},"probability": 0.510373771191,"value": "house"},"genre_rosamerica": {"all": {"cla": 0.00717840949073,"dan": 0.228256568313,"hip": 0.4202709198,"jaz": 0.00759621523321,"pop": 0.103853151202,"rhy": 0.184710279107,"roc": 0.0418535843492,"spe": 0.00628088414669},"probability": 0.4202709198,"value": "hip"},"genre_tzanetakis": {"all": {"blu": 0.0626613423228,"cla": 0.0348169617355,"cou": 0.104475811124,"dis": 0.0784321576357,"hip": 0.15692435205,"jaz": 0.313974827528,"met": 0.0448166541755,"pop": 0.0627359300852,"reg": 0.0627360641956,"roc": 0.0784258767962},"probability": 0.313974827528,"value": "jaz"},"ismir04_rhythm": {"all": {"ChaChaCha": 0.212594285607,"Jive": 0.16632387042,"Quickstep": 0.0377037450671,"Rumba-American": 0.046245418489,"Rumba-International": 0.0491825565696,"Rumba-Misc": 0.0398854054511,"Samba": 0.133351176977,"Tango": 0.117670662701,"VienneseWaltz": 0.172560289502,"Waltz": 0.0244825966656},"probability": 0.212594285607,"value": "ChaChaCha"},"mood_acoustic": {"all": {"acoustic": 0.00726647023112,"not_acoustic": 0.992733538151},"probability": 0.992733538151,"value": "not_acoustic"},"mood_aggressive": {"all": {"aggressive": 0.28471788764,"not_aggressive": 0.715282142162},"probability": 0.715282142162,"value": "not_aggressive"},"mood_electronic": {"all": {"electronic": 0.687038183212,"not_electronic": 0.312961786985},"probability": 0.687038183212,"value": "electronic"},"mood_happy": {"all": {"happy": 0.0588886141777,"not_happy": 0.941111385822},"probability": 0.941111385822,"value": "not_happy"},"mood_party": {"all": {"not_party": 0.249755337834,"party": 0.750244677067},"probability": 0.750244677067,"value": "party"},"mood_relaxed": {"all": {"not_relaxed": 0.55094987154,"relaxed": 0.449050158262},"probability": 0.55094987154,"value": "not_relaxed"},"mood_sad": {"all": {"not_sad": 0.857471823692,"sad": 0.142528146505},"probability": 0.857471823692,"value": "not_sad"},"moods_mirex": {"all": {"Cluster1": 0.0772212967277,"Cluster2": 0.0444082766771,"Cluster3": 0.227710977197,"Cluster4": 0.0306325182319,"Cluster5": 0.620026946068},"probability": 0.620026946068,"value": "Cluster5"},"timbre": {"all": {"bright": 0.288192003965,"dark": 0.711808025837},"probability": 0.711808025837,"value": "dark"},"tonal_atonal": {"all": {"atonal": 0.608929276466,"tonal": 0.391070753336},"probability": 0.608929276466,"value": "atonal"},"voice_instrumental": {"all": {"instrumental": 0.168815046549,"voice": 0.831184923649},"probability": 0.831184923649,"value": "voice"}},"metadata": {"audio_properties": {"analysis_sample_rate": 44100,"bit_rate": 0,"equal_loudness": 0,"length": 183.960006714,"lossless": 1,"replay_gain": -12.3383178711,"sample_rate": 44100,"codec": "flac","downmix": "mix","md5_encoded": "57a7b2d0cad7c7e585ea9efc9d2ec3d8"},"tags": {"file_name": "08 Centurion.flac","album": ["Doris"],"albumartist": ["Earl Sweatshirt"],"albumartistsort": ["Earl Sweatshirt"],"artist": ["Earl Sweatshirt feat. Vince Staples"],"artistsort": ["Earl Sweatshirt feat. Staples, Vince"],"asin": ["B00DUUBCJ0"],"bpm": ["0"],"catalognumber": ["88883751702"],"compilation": ["0"],"date": ["2013-08-20"],"discnumber": ["1"],"disctotal": ["1"],"genre": ["Hip Hop"],"label": ["Columbia"],"language": ["eng"],"media": ["CD"],"musicbrainz_albumartistid": ["8b22acd6-20e6-4463-a75c-c14b5cfdb666"],"musicbrainz_albumid": ["cce11ff7-7a5b-4a0b-b415-fa55e2cfca00"],"musicbrainz_artistid": ["8b22acd6-20e6-4463-a75c-c14b5cfdb666"],"musicbrainz_recordingid": ["5d6157e0-56a2-4d03-9626-2c60c8c17a71"],"musicbrainz_releasegroupid": ["6de45ac3-5eca-44c4-8b71-cdc60c41bf5d"],"originaldate": ["2013-08-20"],"releasecountry": ["US"],"script": ["Latn"],"title": ["Centurion"],"totaldiscs": ["1"],"totaltracks": ["15"],"tracknumber": ["8"],"tracktotal": ["15"]},"version": {"highlevel": {"essentia": "2.1-beta5-dev","essentia_build_sha": "e74af04b57b164eed312abeef4963962215860f0","essentia_git_sha": "v2.1_beta4-499-g4013ebc","extractor": "music 2.0","gaia": "2.4.5","gaia_git_sha": "v2.4.4-44-g95f4851","models_essentia_git_sha": "v2.1_beta1"},"lowlevel": {"essentia": "2.1-beta2","essentia_build_sha": "70f2e5ece6736b2c40cc944ad0e695b16b925413","essentia_git_sha": "v2.1_beta2","extractor": "music 1.0"}}}}