{"highlevel": {"danceability": {"all": {"danceable": 0.030384644866,"not_danceable": 0.969615340233},"probability": 0.969615340233,"value": "not_danceable"},"gender": {"all": {"female": 0.365898877382,"male": 0.63410115242},"probability": 0.63410115242,"value": "male"},"genre_dortmund": {"all": {"alternative": 0.130218848586,"blues": 0.154145792127,"electronic": 0.419733017683,"folkcountry": 0.144247293472,"funksoulrnb": 0.0131925391033,"jazz": 0.0246166028082,"pop": 0.0205807313323,"raphiphop": 0.00996251869947,"rock": 0.0833026394248},"probability": 0.419733017683,"value": "electronic"},"genre_electronic": {"all": {"ambient": 0.618014752865,"dnb": 0.0408766567707,"house": 0.211576104164,"techno": 0.0147515162826,"trance": 0.114780969918},"probability": 0.618014752865,"value": "ambient"},"genre_rosamerica": {"all": {"cla": 0.0819109752774,"dan": 0.00876664090902,"hip": 0.00805287901312,"jaz": 0.0343062318861,"pop": 0.102906115353,"rhy": 0.0431414283812,"roc": 0.711506068707,"spe": 0.00940966047347},"probability": 0.711506068707,"value": "roc"},"genre_tzanetakis": {"all": {"blu": 0.0626613423228,"cla": 0.0348169617355,"cou": 0.104475811124,"dis": 0.0784321576357,"hip": 0.15692435205,"jaz": 0.313974827528,"met": 0.0448166541755,"pop": 0.0627359300852,"reg": 0.0627360641956,"roc": 0.0784258767962},"probability": 0.313974827528,"value": "jaz"},"ismir04_rhythm": {"all": {"ChaChaCha": 0.147838070989,"Jive": 0.1545432657,"Quickstep": 0.033116068691,"Rumba-American": 0.0289779528975,"Rumba-International": 0.0296972282231,"Rumba-Misc": 0.0179559867829,"Samba": 0.0404561199248,"Tango": 0.385835468769,"VienneseWaltz": 0.143082514405,"Waltz": 0.0184973217547},"probability": 0.385835468769,"value": "Tango"},"mood_acoustic": {"all": {"acoustic": 0.0599494017661,"not_acoustic": 0.940050601959},"probability": 0.940050601959,"value": "not_acoustic"},"mood_aggressive": {"all": {"aggressive": 0.562169373035,"not_aggressive": 0.437830626965},"probability": 0.562169373035,"value": "aggressive"},"mood_electronic": {"all": {"electronic": 0.148944318295,"not_electronic": 0.851055681705},"probability": 0.851055681705,"value": "not_electronic"},"mood_happy": {"all": {"happy": 0.872211754322,"not_happy": 0.127788260579},"probability": 0.872211754322,"value": "happy"},"mood_party": {"all": {"not_party": 0.330744683743,"party": 0.669255316257},"probability": 0.669255316257,"value": "party"},"mood_relaxed": {"all": {"not_relaxed": 0.964113891125,"relaxed": 0.0358861163259},"probability": 0.964113891125,"value": "not_relaxed"},"mood_sad": {"all": {"not_sad": 0.802836179733,"sad": 0.197163790464},"probability": 0.802836179733,"value": "not_sad"},"moods_mirex": {"all": {"Cluster1": 0.138558581471,"Cluster2": 0.152704283595,"Cluster3": 0.207194626331,"Cluster4": 0.323414206505,"Cluster5": 0.178128302097},"probability": 0.323414206505,"value": "Cluster4"},"timbre": {"all": {"bright": 0.979586660862,"dark": 0.0204133298248},"probability": 0.979586660862,"value": "bright"},"tonal_atonal": {"all": {"atonal": 0.522093951702,"tonal": 0.4779060781},"probability": 0.522093951702,"value": "atonal"},"voice_instrumental": {"all": {"instrumental": 0.725035965443,"voice": 0.27496406436},"probability": 0.725035965443,"value": "instrumental"}},"metadata": {"audio_properties": {"analysis_sample_rate": 44100,"bit_rate": 225344,"equal_loudness": 0,"length": 164.571426392,"lossless": 0,"replay_gain": -7.63796806335,"sample_rate": 44100,"codec": "mp3","downmix": "mix","md5_encoded": "6eaa686ea5f6ac7c33fde87bc2bbd2eb"},"tags": {"file_name": "05. Treat Her Right_2-45.mp3","acoustid_fingerprint": ["AQADtFmnRFIZ5Mfx4FFEhG-qQL805MzxZ_DIo7pC4YyF60L6ZlBLXDtyZhaaNFKC8EUpPRB5XB4-hFETS4if4Dq0Fs12_DHOZAkqUU9gvjh0KcOHX6hSKVSgL-hjpD1aHb0UNEmjHHE_HfUVJMuJX0NlNLpE4V8a4brQj2h4vHiaXQi1MYPRawu-ED_C53AyZce348i5A-Jz9Djd4eGFP0SPxj1-xBRVPMeLH31M-Md_xFQfmAt0pA_KH3eWBpdoBflhqsF1nJnQiMnQt0EoSQ-cDVcKj-TRTVE2BW_j4A-Dhj_6B7MeBX2UHM1IxMPDHMqfDJGVWBp6HVO43Pgi3B7uHD-arEfoScWLWjma48dTC3kWC-8VvCp6hGGUH49YlDrEI1eYHN_xHb-y4znCKEwl6KKTI56-oKlR4saVhYObiA5-PN2RPCGRH8_xC48IJ_hx4osyoefxi-jyVEG_w8fho_nxLJaRrxAbH18mIz9eoemWo-qDUDwOfcQXhOsq4Rc-hH7RGHoOXSFOnUG4H09y-DmQh9DIB3kYMorwGU0m1D0eI1fWIFmuo86l4BemC3_AJX2Edn3wGzncQz_iNDduemByZRRKHRciJw90I60S5XgevJk2IaROQTxxDk_hF00yMVC1kAxyNN6OyYo63DoiRQ806RfyzFxxhQ76o-kvBLpr5El0tBGjHId1dDnyKFagSiqTIE9h4sd_VFyULAizPYL-4kO4h_iHPlFK7BaDJ0Ip9UHD5bh0PBeuLESzo12O88F14ToaOkESUS-RTw16HObRMw0ejch3aFaUDmGq47WM5DriLTN6ZUeT_DjFBLWyHM2HvBc0fgvCdMvxox3xUPjxTcizRkhKodkaHFcdYk90tBEzNMaXI-eD3ofPQEfzHHdTPIkunJGHKem2IrTy4j9-opmOTiqaSaWO6RPxo5GYKwi_OEHyZ4cb_MJPfFmIOpHkCNG0I5ke3BmeBbexm0twpgj7QlE-HTEtCs-VGKW0INWRjD6eHI-Ofkl1PF2G_kFiMUcTigj7FN-RQ_uqoDnzDLGi49HxDL2O_DkmWQv07MFEHo6y_NCPvilyNyKqB72OF5-OKyh5BtWeBpH2wzm0J4LkFdlfPNnRRJIlGT0ftD-e4TucC0mkHDmPP8Zt1AkTBn6Odm_QZ5mQPK2OWNrxHf6yoFciPBdCi9AyIufxX4i9pEdTJRIJzQ9-5FGKH9eeoymVIvyNx4ceLmgqGv2kJqhtQRxzhGGEN8cbB5UuDT5hlRmPPkHeFBotI7hxZQ7eXEZT7niOR8d3XDxxR9tQ5fC9oMV39IXLI7SqSEFy5qiPZ3BudPnxJ8HMHLkKkUJOHT_YJYuPppKkBe2PD5yPfqHw-PCRU8FHKEN_5D_6wj--B58y4sTL4WeHw1XWIf2SQM8RC45boZRyBUf1_AjzQ2eJ8EGjiZHx79hR7RvOBN2RU4dqlnCpHNexV2jyQPulI1zPwN1y_EEu-EsEHfGV4tIDX5oG50PjGvlxGZp2hDkjvMF_PA96wqeMS8dFww9xIY1syOERestRPRZMBmV3nIvCIEi2dHnheCmJP1PQVLQQPvChHbk6Cb1wwV8q9EOvw1m2HF0X8fgRatzhQ_uD8JTh7B9--LLwCGdEHekNPcclCvmUuEg5yrCgx0gfXfguPLrg_yiXKClqtkhHol8aXKmG9sdEK8SFZzuq52gmH7vao11yNF6EZxfOoBcDp0kOzWJ23CPyB__xHD_6HT7OjAxiHiEnnEdJNHgkicgXJR2e6UOyp0LzCu_xHH0Fn7gy4S12ZUHdSnjxJqnxyYtwhPmRTB-u48PTB3sSG70UwlWOMItyQueFPFfQPA-qhjW-4WLyo8X5BGknVUh-NCNeHJWYjGgS7UQuPcaD6-ixY3qkSDj14K6DfIMpHHmkBH3CQZysLfBzhGPwiCIaNQy6q8g_3D2aMZNxQTT0yEifoRTnoE9GBg474iechDB5oVdwhHmg_chx5UHPG65TVOlRcUezXUa-Qe_h5JaC-MZJoiV8XHoQ1ytE7Qoq2SvCE-5-1AmBnhKuh0qQo8mWGJcU4yv0H_2FdDrekMSV4EeTC3ckvEeyfDlCX_jR_miSbRlxulmRP9CMnDyuoQ-eXThjLkHYFc0p6Dqu1fiWHdXOonkEnfnwIV-O5snxH6-eoDYnPMgFrUP6sEGdHjWP5nh-5AlTXDry6PiOZtfRo47MwdWPH95TIWxyaFaMkESPTxKq0wk-ymgi5Wh34x1ObiiVMNEmuJIZfH7wNEH_40KeC9qRS0oqPB7u-Tjp4zy-GWF_FdouhMmzCE-yHY8k4Q-s9Pi9CAhTkYLGiUaeHT2uXajeJeiyMESancaHs9B59A6ez2jToIkPXTqO_nDGVQm6I5Q0-EOeonlwXHJU_IEnEo8U9If47IcfhNfxM_gS49lRekJzcThfnFIeOCKN5D7yVah5-EGL47bwP8ifOEg6o4-P8-iFo3EyVF6G_0ZSsxkuHbVsXHkgPutQHRcv_McJLV3moa-GT7HQcMyh-UL4owmFZxIaHb0S_AuSj7Ck4sePH9qYkAuaUEd-HHmFK4O-D38sVMnzYMqhJ8ftIMyFnniOW8eVaGh2DfUxHnkavtA0C_l2vMfDBP5QZlIc9E_QjFlEXIuAntnQRD8unri08Qhv-D905Mer6XgH90J_hMcrQ_3R4xJzaIeXHOkPPzfqHOeNXUdJyoPZLwhJqM6Rt0XFJHngPpi-kHiOnFCVI3SSVfhU_ISfo6Txa8ifQAdiQQOAGCsEEYARBQQREjEgKVEEEEEMQhQArTgRQABljSAAIMOoCYJwShQAQHgiDGEAAIYIsQAwj7QAxgABLAIKECkAYAZBBIgADiAkgBCIIIAIsoAQoihABilBpCFCKSQEcgAJAIQgwFAEKEBIOIIQQwBQBCQSggCKITJMGQAgBcyA4QAly0ECBBGIAAMREIAaYAgRAiADiDDAAQQIUgoC4IAghlqRgCAECAQQAMAQABBYRgIiACPEECKEUAARpwgSgBhkgFBKEyYQgUwRZAwQTABBBGCMgWIVJQYAJ5QSAAkBhCAKKMGEEoQwIQRAyEBiHDOMCQaAYUIRRgwQgAkkAFGKAAAEYwJAIJBQRBAGjDUAKYCEAIIIAIAiABiEGGAEMYUAAoIIQhWhjAgjACCOSOGAAgAZYQBgyiElgaAGAQGYMkoJBIAlyAJiBGFKEEaIEQBIwQhjBhhqDAKGCQIMAIIxAChAxIADADICAwAMYJAIoAQwABABAHGCCKEEYABJIIAB1AjBBAJUCQIAMEAgZIwYxChArBBSAQIEQ4IawqCAxggAhDNIAMKAwgBJYIQwjDAlCIVAEGiFAQJY4xxSBACBmGCAAQEEBoIqB4D2wCChBDAKICCAIAwIALIQikHAtCAGGAEQMEY4AwQRADhHLEXCGGWEEIIYBAAhFBEkiFBAAESIQQhAgKhw1BjBjFJMAKSUkQQogAADAgAJABIGMQMEABYCIoUQygDNiFHCCAUoEURJILRwBAggCOBEKcMMAEAYJIBECBhgECCEKEIIQBAJB4BAwDPABBXWUUEEBEAgYJBxxAEAhDCEIesgMAAQARiQSBigBDRADAOMcAAJBwyDkhHCDIHQCGYJQYAAIgA0BBnhDANaAQuEEAooARgSQggBAEBAAMIAYIoCTIThBACKAAIOGQQAAMIJxwQRwABkkBMK"],"acoustid_id": ["e64688e0-c870-4f21-af94-41c2c9d55002"],"album": ["Second Album"],"albumartist": ["Roy Buchanan"],"albumartistsort": ["Roy Buchanan"],"artist": ["Roy Buchanan"],"artistsort": ["Roy Buchanan"],"catalognumber": ["PD-5046"],"date": ["1973"],"discnumber": ["01\/01"],"genre": ["Rock"],"label": ["Polydor"],"language": ["eng"],"length": ["164520"],"media": ["12\" Vinyl"],"musicbrainz album release country": ["US"],"musicbrainz album status": ["Official"],"musicbrainz album type": ["Album"],"musicbrainz_albumartistid": ["82ad256f-8036-4318-98cb-e9b1e36c39e6"],"musicbrainz_albumid": ["9647919f-1928-453d-b15f-0fe026dd278a"],