{"highlevel": {"danceability": {"all": {"danceable": 0.00322478078306,"not_danceable": 0.996775209904},"probability": 0.996775209904,"value": "not_danceable"},"gender": {"all": {"female": 0.47870734334,"male": 0.521292686462},"probability": 0.521292686462,"value": "male"},"genre_dortmund": {"all": {"alternative": 0.287621378899,"blues": 0.0453811399639,"electronic": 0.475067615509,"folkcountry": 0.0852591097355,"funksoulrnb": 0.00644649891183,"jazz": 0.00655176537111,"pop": 0.011702905409,"raphiphop": 0.00306510040537,"rock": 0.0789044871926},"probability": 0.475067615509,"value": "electronic"},"genre_electronic": {"all": {"ambient": 0.773169755936,"dnb": 0.00930862687528,"house": 0.0289588589221,"techno": 0.00255930772983,"trance": 0.186003431678},"probability": 0.773169755936,"value": "ambient"},"genre_rosamerica": {"all": {"cla": 0.344327181578,"dan": 0.00682801986113,"hip": 0.00162642926443,"jaz": 0.0105496728793,"pop": 0.101161792874,"rhy": 0.0168025996536,"roc": 0.512660086155,"spe": 0.00604421040043},"probability": 0.512660086155,"value": "roc"},"genre_tzanetakis": {"all": {"blu": 0.0626613423228,"cla": 0.0348169617355,"cou": 0.104475811124,"dis": 0.0784321576357,"hip": 0.15692435205,"jaz": 0.313974827528,"met": 0.0448166541755,"pop": 0.0627359300852,"reg": 0.0627360641956,"roc": 0.0784258767962},"probability": 0.313974827528,"value": "jaz"},"ismir04_rhythm": {"all": {"ChaChaCha": 0.0134491082281,"Jive": 0.073377572,"Quickstep": 0.00279135978781,"Rumba-American": 0.0025765215978,"Rumba-International": 0.00229650177062,"Rumba-Misc": 0.00195346167311,"Samba": 0.0028828738723,"Tango": 0.0569285526872,"VienneseWaltz": 0.83293235302,"Waltz": 0.0108117200434},"probability": 0.83293235302,"value": "VienneseWaltz"},"mood_acoustic": {"all": {"acoustic": 0.011973679997,"not_acoustic": 0.988026320934},"probability": 0.988026320934,"value": "not_acoustic"},"mood_aggressive": {"all": {"aggressive": 0.903050720692,"not_aggressive": 0.0969493016601},"probability": 0.903050720692,"value": "aggressive"},"mood_electronic": {"all": {"electronic": 0.353772878647,"not_electronic": 0.646227121353},"probability": 0.646227121353,"value": "not_electronic"},"mood_happy": {"all": {"happy": 0.878300368786,"not_happy": 0.121699608862},"probability": 0.878300368786,"value": "happy"},"mood_party": {"all": {"not_party": 0.4223998487,"party": 0.577600181103},"probability": 0.577600181103,"value": "party"},"mood_relaxed": {"all": {"not_relaxed": 0.721544086933,"relaxed": 0.278455913067},"probability": 0.721544086933,"value": "not_relaxed"},"mood_sad": {"all": {"not_sad": 0.798840939999,"sad": 0.2011590451},"probability": 0.798840939999,"value": "not_sad"},"moods_mirex": {"all": {"Cluster1": 0.119624264538,"Cluster2": 0.210224553943,"Cluster3": 0.111128807068,"Cluster4": 0.444512367249,"Cluster5": 0.114509992301},"probability": 0.444512367249,"value": "Cluster4"},"timbre": {"all": {"bright": 0.934706628323,"dark": 0.0652933642268},"probability": 0.934706628323,"value": "bright"},"tonal_atonal": {"all": {"atonal": 0.444052875042,"tonal": 0.555947124958},"probability": 0.555947124958,"value": "tonal"},"voice_instrumental": {"all": {"instrumental": 0.00618291180581,"voice": 0.993817090988},"probability": 0.993817090988,"value": "voice"}},"metadata": {"audio_properties": {"analysis_sample_rate": 44100,"bit_rate": 0,"equal_loudness": 0,"length": 181.493331909,"lossless": 1,"replay_gain": -12.2602996826,"sample_rate": 44100,"codec": "flac","downmix": "mix","md5_encoded": "9f1a2bcd4a29c6d4d848eb810e116549"},"tags": {"file_name": "01 - We've Got Airplanes.flac","acoustid_id": ["5f158986-6bed-44ae-8ea2-2062d4203b99"],"album": ["King Shit And The Golden Boys"],"albumartist": ["Guided by Voices"],"albumartistsort": ["Guided by Voices"],"artist": ["Guided By Voices"],"artistsort": ["Guided by Voices"],"catalognumber": ["40-1"],"date": ["1995-02-28"],"discnumber": ["1"],"disctotal": ["1"],"genre": ["Indie"],"label": ["Scat Records"],"media": ["Vinyl"],"musicbrainz_albumartistid": ["6c85f4c3-026c-4c16-9a7c-f546f42ed0fb"],"musicbrainz_albumid": ["c29f7123-3412-34bb-8663-aef495761d1a"],"musicbrainz_artistid": ["6c85f4c3-026c-4c16-9a7c-f546f42ed0fb"],"musicbrainz_recordingid": ["5dc84eb4-c96b-4558-a6ea-dfd659f05934"],"musicbrainz_releasegroupid": ["3ed55e77-9465-3998-8284-8bcf1dded242"],"originaldate": ["1995-02-28"],"releasecountry": ["US"],"releasestatus": ["official"],"releasetype": ["album", "compilation"],"script": ["Latn"],"title": ["We've Got Airplanes"],"tracknumber": ["1"],"tracktotal": ["19"]},"version": {"highlevel": {"essentia": "2.1-beta5-dev","essentia_build_sha": "e74af04b57b164eed312abeef4963962215860f0","essentia_git_sha": "v2.1_beta4-499-g4013ebc","extractor": "music 2.0","gaia": "2.4.5","gaia_git_sha": "v2.4.4-44-g95f4851","models_essentia_git_sha": "v2.1_beta1"},"lowlevel": {"essentia": "2.1-beta2","essentia_build_sha": "2d9f1f26377add8aeb1075a9c2973f962c4f09fd","essentia_git_sha": "v2.1_beta2-1-ge3940c0","extractor": "music 1.0"}}}}