{"highlevel": {"danceability": {"all": {"danceable": 0.89614212513,"not_danceable": 0.103857882321},"probability": 0.89614212513,"value": "danceable"},"gender": {"all": {"female": 0.986403107643,"male": 0.0135968867689},"probability": 0.986403107643,"value": "female"},"genre_dortmund": {"all": {"alternative": 0.00652756169438,"blues": 0.000777504988946,"electronic": 0.989217579365,"folkcountry": 0.00196635955945,"funksoulrnb": 3.94819398934e-05,"jazz": 0.000653243914712,"pop": 0.000124111145851,"raphiphop": 1.61021034728e-05,"rock": 0.00067802995909},"probability": 0.989217579365,"value": "electronic"},"genre_electronic": {"all": {"ambient": 0.492902576923,"dnb": 0.0260469894856,"house": 0.182645082474,"techno": 0.0124800251797,"trance": 0.285925328732},"probability": 0.492902576923,"value": "ambient"},"genre_rosamerica": {"all": {"cla": 0.00702899554744,"dan": 0.0185701772571,"hip": 0.0178252905607,"jaz": 0.0815734863281,"pop": 0.752126276493,"rhy": 0.0670497342944,"roc": 0.0541636422276,"spe": 0.00166239135433},"probability": 0.752126276493,"value": "pop"},"genre_tzanetakis": {"all": {"blu": 0.0626613423228,"cla": 0.0348169617355,"cou": 0.104475811124,"dis": 0.0784321576357,"hip": 0.15692435205,"jaz": 0.313974827528,"met": 0.0448166541755,"pop": 0.0627359300852,"reg": 0.0627360641956,"roc": 0.0784258767962},"probability": 0.313974827528,"value": "jaz"},"ismir04_rhythm": {"all": {"ChaChaCha": 0.200386226177,"Jive": 0.178491264582,"Quickstep": 0.0566228553653,"Rumba-American": 0.0531590953469,"Rumba-International": 0.0409029722214,"Rumba-Misc": 0.0389395169914,"Samba": 0.0731086283922,"Tango": 0.17817312479,"VienneseWaltz": 0.158084049821,"Waltz": 0.0221322644502},"probability": 0.200386226177,"value": "ChaChaCha"},"mood_acoustic": {"all": {"acoustic": 0.0654541254044,"not_acoustic": 0.934545874596},"probability": 0.934545874596,"value": "not_acoustic"},"mood_aggressive": {"all": {"aggressive": 0.346082031727,"not_aggressive": 0.653917968273},"probability": 0.653917968273,"value": "not_aggressive"},"mood_electronic": {"all": {"electronic": 0.462204158306,"not_electronic": 0.537795841694},"probability": 0.537795841694,"value": "not_electronic"},"mood_happy": {"all": {"happy": 0.0857469290495,"not_happy": 0.914253056049},"probability": 0.914253056049,"value": "not_happy"},"mood_party": {"all": {"not_party": 0.430873572826,"party": 0.569126427174},"probability": 0.569126427174,"value": "party"},"mood_relaxed": {"all": {"not_relaxed": 0.251044541597,"relaxed": 0.748955488205},"probability": 0.748955488205,"value": "relaxed"},"mood_sad": {"all": {"not_sad": 0.605497360229,"sad": 0.394502639771},"probability": 0.605497360229,"value": "not_sad"},"moods_mirex": {"all": {"Cluster1": 0.108413390815,"Cluster2": 0.187934160233,"Cluster3": 0.197721421719,"Cluster4": 0.105627007782,"Cluster5": 0.400304019451},"probability": 0.400304019451,"value": "Cluster5"},"timbre": {"all": {"bright": 0.984638869762,"dark": 0.0153611209244},"probability": 0.984638869762,"value": "bright"},"tonal_atonal": {"all": {"atonal": 0.0825062543154,"tonal": 0.917493760586},"probability": 0.917493760586,"value": "tonal"},"voice_instrumental": {"all": {"instrumental": 0.923541247845,"voice": 0.0764587670565},"probability": 0.923541247845,"value": "instrumental"}},"metadata": {"audio_properties": {"analysis_sample_rate": 44100,"bit_rate": 192017,"equal_loudness": 0,"length": 292.101226807,"lossless": 0,"replay_gain": -5.05315208435,"sample_rate": 44100,"codec": "mp3","downmix": "mix","md5_encoded": "5f6d06f1c213f0780bba5c8301e6e929"},"tags": {"file_name": "Samantha Fox - Dream City.mp3","acoustid_fingerprint": ["AQADtIuSJOESScWPIydJ1NHyQgsj3Mg-dOuDMFYU7D7Oo4yCKdMD9bEUXMEfuEQ-XcGvgEe9Bc15vMgPjUqEMKGy4MYxsTTcfGijG7GYQLnQ7Bpq6cHxodEkBRpPITu-xoIbRSmGY05UeIqOXEmgI1dCNHVRbg-uDD-YJwua-viR3dA3uFOC_Dp-nEmLZlke5N-EPodKEdqnoNG0gn-EnEedZIEZozyyH9-UGHahHPqDVtoxZdIefHhmTJuk7NDiY-aDb8gPilF4HD-OcEwCLdUSHDF59KKDbcknnDkxyWh-1EpwsgpyBmGo0Eef5UR-gw_OHWGqoDKP60ceNY7hKh_-Q1cQrkUzUfhT_MINxsqC5pyRE7qOXLCspLhw3mic0CouHc-JJ8e1JIc9oX7wCxePZNGSLFUQHv_xPAXVKPiPJzgLJk1SotQr5BMXQdWTI5csNM2VolaUYzRe6bgYPFfgrVaw_wTSh5DOF80jVEezc-iSPfiOMM104gmHH7wePFHGog8DVjx-5IcyMclw_CnKKDya7gqUnzjxKYG4HfL24LwI_miqHj1-XBS0i0cYXcbxKR1KbSquHDmaUInxtAj9FU17nEetLE3g08gh7sgcZU5wJR-64yP8TzifIF8iDh_0uAiTbykqaVEeXOpKcGKGn7iiNOiHZNmDPD36o_GDF40-fIFf5OqTQI9CIw9qdviH32g8MJSyIx8e2cb0LC2aNAzuH0-OZt7RZ0-gkpZxonYQZlF-jNKu4Dioh8eHH0zyIJyyQH0a5JfgcwGvsMe3IFYHfwkkKpLwMiEuHkL1GvmDTomOiTqco8_w48Y34mKUo42OMBqbWdCDk9mCMH9Q6jE-sfiN0kcTh9g9cKyI6OmhZx_yMHpi9GhOPOGN8xGeCs0YBT2xC1-mCNyJpkqOri12qngZw_zxugmRZ1qGTdOhH29etC-aS4cefAJ5Bv0h5kf4jbiRlW3xi9Bi_ajHI8e7C-3hiUWfBbUzNMf5IXsObVOW4g6o04jaBF5iVFLSB8dFGc1XVD6eXXg0I0dzBRqJJw12LcezKwKj-3B1lGMONkZzo78y5AR3omRgJXkS9LmGh3iUoXkR3ugPV8xR-qCDPDtqhWhiXjh5tHGKMFP0CHqOh7g1WMf1JPhy4QcTJ0R_I-8DHGGuo6Zy_Dc-UZgSPcazo8cTZsfFo0F_KJvE49HxLQrxUQmYF2mVCz0doeSxfUeOe4X4Ivx2HCfx8rhelKQD96j-IOegi0e6HV8UvA9-VFoyoakY4cLD4WiaBOXRXGmCalserA4uGmF2Qfvx5cGdY3qORkwiHqd2HEe_Fx6TC82JeDl-nEbnB36Hqj1CS8qJJyizHOcV3KLQV_jH4qmhQ_uhH-eHoE9F3IK1Ek6PfsizPNCXiwhz1MePd8SNsQ8CbVOmwXxcVOPBcUdP40vyg9K0w6PQLzhfKH8SXImCfjkaMXgC9QgfNE7x_NirdDgzNN2OPgiTPui2pUnxBdqLhtHwKEmUCr-kCCB0NMm-IYuTHBeP50HewKWCK0nxbU8xJpSFMD_6HE9efDeuHO7x48ebG9XxisclhIf2FC885kHf4uiYI81xOUN6_dBe5D_uD2d-NOHR9fjxo32OZLmEfHHxHtcTVBumXMOF8Ie8H6GO3EfzXNCe8Oh1NPGQa4lS5D3anGhiCKp0Cj-ijRqO9mhwD_cRJkefHToR80abhN_QyMJFBo-LUpKPpmmMPwhbTWh-QV-OM_qxPxH-DTr6ZHnRMDryG3_wTMdWJTpyXMfEKLqgpXsS_MUXnDq84dmV4gIPO8UP3ThCK0UjRvrwCr9QKWSFdDLxQ1eiQm-O5ltwPUJ-9GGORo2CH-T44DemWAtC6D5yY2O0D-8Z_DKusUhd_An-gdVOo7EWlOTx4z6EVJRwJXjxLKGMJkrEC8nIS8gTnGGCJhTRHz-enEE6RXQgZHnQ5HLw3bgzBs_hEQ-PvEshb0e-5sFjI_xDSMlJ5FE-rAquDB_6sAmmHHkyHvq0Qctf-EH4a6iUg8n6JMR_9CEsR8eHpE4-5DnKY8d9nEqM8EdzyMkylKIMLaK-BJcpI19qfAs8P7j0YN-Jv2jcID_aXvgOhZ_gNsEf5Dsmq0ezLC_u41OJpzl8iXhwXsiaCGIYsUqRH9fBPEqK5vqIx3gkPHzRXArCH3qPJwxyGmX4BM16XDpx3UQ-N9BRuT-0LNyDkvrRpA_CjXrQPAu-I8x_oVLiD_qS-VApHo_QG0xKD9eRRwftF5cthHFCTKKYGsetQGPio3HyJciT413RMwyaSs9xFjteHlciZMl_MKP04hHxG-rr4Isn5MZJNCdq3Me3Co9xyQoiXYO7o90RLjrstOhzdJFCo-E14xuOSykaPkX4Fd9jhHH6oN0RNvvgUcMPX1CUh0f24kporIqiLkEJxzqOUnpw1cOljAjPQMtF4RfydVjz4NlxUmAiNkWP58P06Wh-IZKVzWgU3jjuMEFzH-GJ7_iYCfSNMOoP7aj2oVz6DfqRnzLqD82J80HyqBYRWjnh8-iToLqPRsNxC8nDTcjOVHiWF5U-Y0u83HiEpsfR_An6IddyvDk-Gl_THNHyEL-CR86RXcdJQlUUPcg05sIf_GjE6QjtHI8Orf0Q5vlEnE_waB-qEz6Yoz6aLcfDg7fxoxEVnehxfEaYJcqh_YrwI1cWNM6CUnyEG-R09AnR9PiPXwjJoLkUyM9xchgdHs14PIeuoCfCN7iOekcs4kuMM8oIHZEOP0f_gPc2dOWKMAekyBIECwEAYMAJIoAjAhADBDVJMCWMc1qIpBkTYDBADAAAAIIcMMIJAIgRxhElOBCCcGYQAokBkxyhAigCFBNCCCCEEgYRwAQBwihmmNHACCYgEMQQxBwyCjgkMBGAAGQIZYwIoIgTChgjAABEUEkMIkY6QgQBCDmIGBGAKEMRIUgIB7SRBAAiFWBuGSAckIQYaoVCAjhIgGBGCSkMIQgYhAUAjDkEABECAUA0AIIZAhwCSiHNDSIKCCoAEUYQQ6RgEinADCJIIGeEMEIAA4BESABFjXZOQgAcUIoLBAQQyCRhjAIMEiKEJ4ABApQwFigHLQMIUUIIAMYQJigBBilBlKMYICOAVAQgZSQgyBDDhVDEEKGAIMQJIggSCBAKlABCEaGEMgIYIxFxQjgjGEEUCIMUZdQRAYgEhgCiAALGEGEMY8QxowSBkAgkAAAMAaOQEAAYQYCBEBpEBEBKEAMUMcQQJAgzlBkAkFOGGgGMhAhgwiQBQFjBCCAKEaAJcwo4AZwR1gh4pQFCICEEEcYAgCRgCghgAHIAKCGAkwYAAoQRAAHhnCLdIYCEQIAAJpxQBDkABCIMQCCYEIgpBDwBggjhEDIABOSARFYppohBBjiCgEBOEAEEIgQIQBxBEAgjiYGKAaGAEQwRo4QTCFlCHBLAGAEVIWCQgQBQVAghACBKMCGcAwsApAhACgFDgBJMEkEUQAwhZohACAFQjEIQCGCQIIgZQRxSRBEhgFABEAEQAYwQAQAgzCrlgBNEFAGEIkIIJYgCwAjhLABEMgERkAgAwwQRCCoAHAAESAEBIsRQZIgAADhoCBEMAGCAYggJ5AQURlAJFDGACGKAAMIIASgiBAmgrATGCgOkIYA54oBhzECFmHGGMQAIUEghJBU1BhAvrChICCiNAANAAwRlQAgIKHFEACSpEZoBIhCQAA"],"acoustid_id": ["2b6fbb35-a387-4bee-a2bb-db974fa0ccbb"],"album": ["Samantha Fox"],"artist": ["Samantha Fox"],"bpm": ["116.16"],"date": ["1987"],"genre": ["Pop\/Rock"],"language": ["eng"],"musicbrainz album release country": ["Unknown"],"musicbrainz album type": ["Album"],"musicbrainz_albumartistid": ["ffdb2b8f-ecbf-427a-abc7-c47f4ebc8ae3"],"musicbrainz_albumid": ["75052b13-d66d-49dd-947e-bb769c2bbeb0"],"musicbrainz_artistid": ["ffdb2b8f-ecbf-427a-abc7-c47f4ebc8ae3"],"musicbrainz_recordingid": ["9257a3be-2f13-4e63-92f4-d9ff119b504f"],"musicip_puid": ["8d5e4703-ad2f-f0bb-9aeb-2624a115c7ac"],"title": ["Dream City"],"tracknumber": ["09"]},