{"highlevel": {"danceability": {"all": {"danceable": 0.999999880791,"not_danceable": 1.00000008274e-07},"probability": 0.999999880791,"value": "danceable"},"gender": {"all": {"female": 0.622126698494,"male": 0.377873301506},"probability": 0.622126698494,"value": "female"},"genre_dortmund": {"all": {"alternative": 0.0762365013361,"blues": 0.0762421935797,"electronic": 0.564971625805,"folkcountry": 0.171011060476,"funksoulrnb": 0.0110924160108,"jazz": 0.0205060094595,"pop": 0.0129531510174,"raphiphop": 0.00585095630959,"rock": 0.0611360892653},"probability": 0.564971625805,"value": "electronic"},"genre_electronic": {"all": {"ambient": 0.743937969208,"dnb": 0.0275835208595,"house": 0.0533055365086,"techno": 0.0109492903575,"trance": 0.164223670959},"probability": 0.743937969208,"value": "ambient"},"genre_rosamerica": {"all": {"cla": 0.0855158269405,"dan": 0.0104267988354,"hip": 0.0123563772067,"jaz": 0.212602749467,"pop": 0.230471819639,"rhy": 0.402526855469,"roc": 0.0397137440741,"spe": 0.0063858423382},"probability": 0.402526855469,"value": "rhy"},"genre_tzanetakis": {"all": {"blu": 1.13367287766e-14,"cla": 3.04301668499e-14,"cou": 1.17068559165e-14,"dis": 4.21400551444e-14,"hip": 2.93635795746e-14,"jaz": 0.999999940395,"met": 2.0000017642e-08,"pop": 2.0000017642e-08,"reg": 2.50000233848e-08,"roc": 1.66666822565e-08},"probability": 0.999999940395,"value": "jaz"},"ismir04_rhythm": {"all": {"ChaChaCha": 0.00870329421014,"Jive": 0.00264185643755,"Quickstep": 0.000700675009284,"Rumba-American": 0.00340138981119,"Rumba-International": 0.00084872712614,"Rumba-Misc": 0.000672207213938,"Samba": 0.00198970083147,"Tango": 0.0309694595635,"VienneseWaltz": 0.947046339512,"Waltz": 0.00302633852698},"probability": 0.947046339512,"value": "VienneseWaltz"},"mood_acoustic": {"all": {"acoustic": 0.0955903604627,"not_acoustic": 0.904409646988},"probability": 0.904409646988,"value": "not_acoustic"},"mood_aggressive": {"all": {"aggressive": 0.999999880791,"not_aggressive": 1.00000008274e-07},"probability": 0.999999880791,"value": "aggressive"},"mood_electronic": {"all": {"electronic": 0.979391694069,"not_electronic": 0.0206082761288},"probability": 0.979391694069,"value": "electronic"},"mood_happy": {"all": {"happy": 0.767520904541,"not_happy": 0.232479095459},"probability": 0.767520904541,"value": "happy"},"mood_party": {"all": {"not_party": 0.999984204769,"party": 1.57784197654e-05},"probability": 0.999984204769,"value": "not_party"},"mood_relaxed": {"all": {"not_relaxed": 0.191182896495,"relaxed": 0.808817088604},"probability": 0.808817088604,"value": "relaxed"},"mood_sad": {"all": {"not_sad": 0.852446615696,"sad": 0.147553354502},"probability": 0.852446615696,"value": "not_sad"},"moods_mirex": {"all": {"Cluster1": 0.0772226452827,"Cluster2": 0.0444035679102,"Cluster3": 0.227747857571,"Cluster4": 0.0306320842355,"Cluster5": 0.61999386549},"probability": 0.61999386549,"value": "Cluster5"},"timbre": {"all": {"bright": 0.975041747093,"dark": 0.02495826222},"probability": 0.975041747093,"value": "bright"},"tonal_atonal": {"all": {"atonal": 0.0476115942001,"tonal": 0.9523884058},"probability": 0.9523884058,"value": "tonal"},"voice_instrumental": {"all": {"instrumental": 0.00760018732399,"voice": 0.992399811745},"probability": 0.992399811745,"value": "voice"}},"metadata": {"audio_properties": {"analysis_sample_rate": 44100,"bit_rate": 259018,"equal_loudness": 0,"length": 193.004257202,"lossless": 0,"replay_gain": -9.25703048706,"sample_rate": 44100,"codec": "aac","downmix": "mix","md5_encoded": "2d9bb812fc5a751a485d7633438313ee"},"tags": {"file_name": "01 - I Heard It Through the Grapevine.m4a","album": ["I Heard It Through the Grapevine"],"albumartistsort": ["Gaye, Marvin"],"artist": ["Marvin Gaye"],"artistsort": ["Gaye, Marvin"],"asin": ["B000001AHR"],"barcode": ["737463539524"],"catalognumber": ["ZB 40701"],"composer": ["Barrett Strong"],"composersort": ["Strong, Barrett"],"date": ["1968-08-26"],"discnumber": ["1\/1"],"genre": ["Soundtrack"],"label": ["Tamla Motown"],"language": ["eng"],"media": ["7\" Vinyl"],"musicbrainz_albumartistid": ["afdb7919-059d-43c1-b668-ba1d265e7e42"],"musicbrainz_albumid": ["1a71ed56-5b37-459c-810e-764648e7f4ae"],"musicbrainz_artistid": ["afdb7919-059d-43c1-b668-ba1d265e7e42"],"musicbrainz_recordingid": ["0289ed37-c126-4ab0-9f80-7b0182163096"],"musicbrainz_releasegroupid": ["e2bef64d-cc0e-340e-b8de-85968992127c"],"script": ["Latin"],"title": ["I Heard It Through the Grapevine"],"tracknumber": ["1\/2"]},"version": {"highlevel": {"essentia": "2.1-beta5-dev","essentia_build_sha": "e74af04b57b164eed312abeef4963962215860f0","essentia_git_sha": "v2.1_beta4-499-g4013ebc","extractor": "music 2.0","gaia": "2.4.5","gaia_git_sha": "v2.4.4-44-g95f4851","models_essentia_git_sha": "v2.1_beta1"},"lowlevel": {"essentia": "2.1-beta2","essentia_build_sha": "2d9f1f26377add8aeb1075a9c2973f962c4f09fd","essentia_git_sha": "v2.1_beta2-1-ge3940c0","extractor": "music 1.0"}}}}