{"highlevel": {"danceability": {"all": {"danceable": 0.895266830921,"not_danceable": 0.104733146727},"probability": 0.895266830921,"value": "danceable"},"gender": {"all": {"female": 0.581659018993,"male": 0.418341010809},"probability": 0.581659018993,"value": "female"},"genre_dortmund": {"all": {"alternative": 0.00170911638997,"blues": 0.000356841803296,"electronic": 0.995422899723,"folkcountry": 0.000474884494906,"funksoulrnb": 4.37910566689e-05,"jazz": 0.00146894878708,"pop": 7.51637198846e-05,"raphiphop": 9.08032234292e-05,"rock": 0.0003575682058},"probability": 0.995422899723,"value": "electronic"},"genre_electronic": {"all": {"ambient": 0.430537611246,"dnb": 0.0491749234498,"house": 0.333754330873,"techno": 0.0988465920091,"trance": 0.087686561048},"probability": 0.430537611246,"value": "ambient"},"genre_rosamerica": {"all": {"cla": 0.00031898659654,"dan": 0.00182834768202,"hip": 0.958025932312,"jaz": 0.00147630029824,"pop": 0.00194548082072,"rhy": 0.0357176624238,"roc": 0.000325442088069,"spe": 0.00036184291821},"probability": 0.958025932312,"value": "hip"},"genre_tzanetakis": {"all": {"blu": 0.0535335727036,"cla": 0.0749339163303,"cou": 0.0749236345291,"dis": 0.0749211609364,"hip": 0.0535169243813,"jaz": 0.187317803502,"met": 0.074938736856,"pop": 0.124898359179,"reg": 0.0936735570431,"roc": 0.187342315912},"probability": 0.187342315912,"value": "roc"},"ismir04_rhythm": {"all": {"ChaChaCha": 0.277239531279,"Jive": 0.106833487749,"Quickstep": 0.0500668957829,"Rumba-American": 0.0478080399334,"Rumba-International": 0.0502313040197,"Rumba-Misc": 0.0333872511983,"Samba": 0.127893179655,"Tango": 0.23364315927,"VienneseWaltz": 0.0502212271094,"Waltz": 0.0226759333163},"probability": 0.277239531279,"value": "ChaChaCha"},"mood_acoustic": {"all": {"acoustic": 0.00678231287748,"not_acoustic": 0.99321770668},"probability": 0.99321770668,"value": "not_acoustic"},"mood_aggressive": {"all": {"aggressive": 0.147452965379,"not_aggressive": 0.852547049522},"probability": 0.852547049522,"value": "not_aggressive"},"mood_electronic": {"all": {"electronic": 0.963904678822,"not_electronic": 0.0360952988267},"probability": 0.963904678822,"value": "electronic"},"mood_happy": {"all": {"happy": 0.0242502894253,"not_happy": 0.975749731064},"probability": 0.975749731064,"value": "not_happy"},"mood_party": {"all": {"not_party": 0.277883380651,"party": 0.722116589546},"probability": 0.722116589546,"value": "party"},"mood_relaxed": {"all": {"not_relaxed": 0.235065534711,"relaxed": 0.76493448019},"probability": 0.76493448019,"value": "relaxed"},"mood_sad": {"all": {"not_sad": 0.733675181866,"sad": 0.266324788332},"probability": 0.733675181866,"value": "not_sad"},"moods_mirex": {"all": {"Cluster1": 0.150401502848,"Cluster2": 0.15153580904,"Cluster3": 0.0890608131886,"Cluster4": 0.0922398418188,"Cluster5": 0.516762018204},"probability": 0.516762018204,"value": "Cluster5"},"timbre": {"all": {"bright": 0.00152632186655,"dark": 0.998473703861},"probability": 0.998473703861,"value": "dark"},"tonal_atonal": {"all": {"atonal": 0.999999880791,"tonal": 9.51920355874e-08},"probability": 0.999999880791,"value": "atonal"},"voice_instrumental": {"all": {"instrumental": 0.0405520685017,"voice": 0.959447920322},"probability": 0.959447920322,"value": "voice"}},"metadata": {"audio_properties": {"analysis_sample_rate": 44100,"bit_rate": 0,"equal_loudness": 0,"length": 250.600006104,"lossless": 1,"replay_gain": -15.5330486298,"sample_rate": 44100,"codec": "flac","downmix": "mix","md5_encoded": "63885487283a17d7157e6405e3e69b57"},"tags": {"file_name": "03 - Pistol Whipped.flac","acoustid_id": ["2d4ac036-a43e-4484-b240-83546e0b5b5f"],"album": ["Born Villain"],"albumartist": ["Marilyn Manson"],"albumartistsort": ["Marilyn Manson"],"artist": ["Marilyn Manson"],"artistsort": ["Marilyn Manson"],"asin": ["B007KIZ6IG"],"barcode": ["711297495423"],"catalognumber": ["COOKCD554", "[none]"],"composer": ["Marilyn Manson"],"composersort": ["Manson, Marilyn"],"date": ["2012-05-01"],"discnumber": ["1"],"disctotal": ["1"],"genre": ["Metal"],"grouping": ["Metal"],"isrc": ["GBCEJ1200118"],"label": ["Cooking Vinyl", "Hell, etc."],"language": ["eng"],"lyricist": ["Marilyn Manson"],"media": ["CD"],"mood": ["Sexy"],"musicbrainz_albumartistid": ["5dfdca28-9ddc-4853-933c-8bc97d87beec"],"musicbrainz_albumid": ["45cf07ba-bd4b-4e7f-a4da-0f53ceb2b48f"],"musicbrainz_artistid": ["5dfdca28-9ddc-4853-933c-8bc97d87beec"],"musicbrainz_recordingid": ["7b2d500e-8435-42e3-a383-73b3547aad01"],"musicbrainz_releasegroupid": ["f645671e-e21f-49a6-9152-5fc57c5b6bb1"],"musicbrainz_releasetrackid": ["0c6eb5c8-7aaf-3b6c-893d-74248966b1f8"],"musicbrainz_workid": ["3c61db9b-b351-491c-99c3-6f0fd76d5199"],"originaldate": ["2012-04-24"],"originalyear": ["2012"],"producer": ["Chris Vrenna", "Marilyn Manson"],"releasecountry": ["US"],"releasestatus": ["official"],"releasetype": ["album"],"script": ["Latn"],"title": ["Pistol Whipped"],"totaldiscs": ["1"],"totaltracks": ["14"],"tracknumber": ["3"],"tracktotal": ["14"],"work": ["Pistol Whipped"]},"version": {"highlevel": {"essentia": "2.1-beta5-dev","essentia_build_sha": "e74af04b57b164eed312abeef4963962215860f0","essentia_git_sha": "v2.1_beta4-499-g4013ebc","extractor": "music 2.0","gaia": "2.4.5","gaia_git_sha": "v2.4.4-44-g95f4851","models_essentia_git_sha": "v2.1_beta1"},"lowlevel": {"essentia": "2.1-beta2","essentia_build_sha": "2d9f1f26377add8aeb1075a9c2973f962c4f09fd","essentia_git_sha": "v2.1_beta2-1-ge3940c0","extractor": "music 1.0"}}}}