{"highlevel": {"danceability": {"all": {"danceable": 0.999999880791,"not_danceable": 1.00000008274e-07},"probability": 0.999999880791,"value": "danceable"},"gender": {"all": {"female": 0.621605217457,"male": 0.378394812346},"probability": 0.621605217457,"value": "female"},"genre_dortmund": {"all": {"alternative": 0.156123295426,"blues": 0.00557102356106,"electronic": 0.00558704836294,"folkcountry": 0.00522740697488,"funksoulrnb": 0.00113205763046,"jazz": 0.00181450892705,"pop": 0.0149899953976,"raphiphop": 0.000969518849161,"rock": 0.808585166931},"probability": 0.808585166931,"value": "rock"},"genre_electronic": {"all": {"ambient": 0.125853076577,"dnb": 0.50621253252,"house": 0.0274895839393,"techno": 0.00667301705107,"trance": 0.333771795034},"probability": 0.50621253252,"value": "dnb"},"genre_rosamerica": {"all": {"cla": 1.61038697115e-05,"dan": 0.00063893920742,"hip": 4.38071110693e-05,"jaz": 2.27924574574e-05,"pop": 3.16285404551e-05,"rhy": 1.32516051963e-05,"roc": 0.99921220541,"spe": 2.12589038711e-05},"probability": 0.99921220541,"value": "roc"},"genre_tzanetakis": {"all": {"blu": 1.13367287766e-14,"cla": 3.04301668499e-14,"cou": 1.17068559165e-14,"dis": 4.21400551444e-14,"hip": 2.93635795746e-14,"jaz": 0.999999940395,"met": 2.0000017642e-08,"pop": 2.0000017642e-08,"reg": 2.50000233848e-08,"roc": 1.66666822565e-08},"probability": 0.999999940395,"value": "jaz"},"ismir04_rhythm": {"all": {"ChaChaCha": 0.0237007532269,"Jive": 0.612440109253,"Quickstep": 0.00896414089948,"Rumba-American": 0.00149112998042,"Rumba-International": 0.00680513400584,"Rumba-Misc": 0.0013917152537,"Samba": 0.0307789891958,"Tango": 0.0179328899831,"VienneseWaltz": 0.292300522327,"Waltz": 0.00419463263825},"probability": 0.612440109253,"value": "Jive"},"mood_acoustic": {"all": {"acoustic": 0.0955903604627,"not_acoustic": 0.904409646988},"probability": 0.904409646988,"value": "not_acoustic"},"mood_aggressive": {"all": {"aggressive": 0.999999880791,"not_aggressive": 1.00000008274e-07},"probability": 0.999999880791,"value": "aggressive"},"mood_electronic": {"all": {"electronic": 0.979391694069,"not_electronic": 0.0206082761288},"probability": 0.979391694069,"value": "electronic"},"mood_happy": {"all": {"happy": 0.0605689808726,"not_happy": 0.939431011677},"probability": 0.939431011677,"value": "not_happy"},"mood_party": {"all": {"not_party": 0.999984204769,"party": 1.57784197654e-05},"probability": 0.999984204769,"value": "not_party"},"mood_relaxed": {"all": {"not_relaxed": 0.191182896495,"relaxed": 0.808817088604},"probability": 0.808817088604,"value": "relaxed"},"mood_sad": {"all": {"not_sad": 0.967598199844,"sad": 0.0324018001556},"probability": 0.967598199844,"value": "not_sad"},"moods_mirex": {"all": {"Cluster1": 0.0772226452827,"Cluster2": 0.0444035679102,"Cluster3": 0.227747857571,"Cluster4": 0.0306320842355,"Cluster5": 0.61999386549},"probability": 0.61999386549,"value": "Cluster5"},"timbre": {"all": {"bright": 0.00953589379787,"dark": 0.990464091301},"probability": 0.990464091301,"value": "dark"},"tonal_atonal": {"all": {"atonal": 0.924569964409,"tonal": 0.0754300132394},"probability": 0.924569964409,"value": "atonal"},"voice_instrumental": {"all": {"instrumental": 0.00601960578933,"voice": 0.993980407715},"probability": 0.993980407715,"value": "voice"}},"metadata": {"audio_properties": {"analysis_sample_rate": 44100,"bit_rate": 0,"equal_loudness": 0,"length": 36.906665802,"lossless": 1,"replay_gain": -15.1852722168,"sample_rate": 44100,"codec": "flac","downmix": "mix","md5_encoded": "0b359788b5a0d2ba260c77fb1685dc4d"},"tags": {"file_name": "07. Klastrophobic Hibernation.flac","album": ["Layers of Lies"],"artist": ["Darkane"],"date": ["2005-07-12"],"musicbrainz_albumartistid": ["8b4019a4-0189-4bed-abcb-230613cb0474"],"musicbrainz_albumid": ["2664f866-dd49-450a-926c-083f95df771c"],"musicbrainz_artistid": ["8b4019a4-0189-4bed-abcb-230613cb0474"],"musicbrainz_recordingid": ["7b78eeb0-7fd5-45b5-a38c-4e899f46f751"],"releasecountry": ["US"],"title": ["Klastrophobic Hibernation"],"tracknumber": ["7"],"tracktotal": ["12"]},"version": {"highlevel": {"essentia": "2.1-beta5-dev","essentia_build_sha": "e74af04b57b164eed312abeef4963962215860f0","essentia_git_sha": "v2.1_beta4-499-g4013ebc","extractor": "music 2.0","gaia": "2.4.5","gaia_git_sha": "v2.4.4-44-g95f4851","models_essentia_git_sha": "v2.1_beta1"},"lowlevel": {"essentia": "2.1-beta2","essentia_build_sha": "70f2e5ece6736b2c40cc944ad0e695b16b925413","essentia_git_sha": "v2.1_beta2","extractor": "music 1.0"}}}}