{"highlevel": {"danceability": {"all": {"danceable": 0.994255244732,"not_danceable": 0.0057447780855},"probability": 0.994255244732,"value": "danceable"},"gender": {"all": {"female": 0.742185771465,"male": 0.257814198732},"probability": 0.742185771465,"value": "female"},"genre_dortmund": {"all": {"alternative": 0.000754196080379,"blues": 7.14291090844e-05,"electronic": 0.999040663242,"folkcountry": 5.06974247401e-05,"funksoulrnb": 3.92814536099e-06,"jazz": 1.78452046384e-05,"pop": 6.11939276496e-06,"raphiphop": 7.32275748305e-06,"rock": 4.77943867736e-05},"probability": 0.999040663242,"value": "electronic"},"genre_electronic": {"all": {"ambient": 0.200476124883,"dnb": 0.00416774582118,"house": 0.31721290946,"techno": 0.0244968384504,"trance": 0.45364639163},"probability": 0.45364639163,"value": "trance"},"genre_rosamerica": {"all": {"cla": 0.00678690336645,"dan": 0.163356021047,"hip": 0.524124443531,"jaz": 0.00809690635651,"pop": 0.0304218288511,"rhy": 0.249506339431,"roc": 0.00968804396689,"spe": 0.00801952928305},"probability": 0.524124443531,"value": "hip"},"genre_tzanetakis": {"all": {"blu": 0.065188832581,"cla": 0.0488447584212,"cou": 0.0781336128712,"dis": 0.0976772904396,"hip": 0.0977058708668,"jaz": 0.195458501577,"met": 0.0782037377357,"pop": 0.130315601826,"reg": 0.0781816914678,"roc": 0.130290091038},"probability": 0.195458501577,"value": "jaz"},"ismir04_rhythm": {"all": {"ChaChaCha": 0.0346795246005,"Jive": 0.0427463576198,"Quickstep": 0.00534591870382,"Rumba-American": 0.0160720590502,"Rumba-International": 0.0133749209344,"Rumba-Misc": 0.00856779143214,"Samba": 0.0233636181802,"Tango": 0.81426024437,"VienneseWaltz": 0.0361049622297,"Waltz": 0.00548457540572},"probability": 0.81426024437,"value": "Tango"},"mood_acoustic": {"all": {"acoustic": 0.0639351084828,"not_acoustic": 0.936064898968},"probability": 0.936064898968,"value": "not_acoustic"},"mood_aggressive": {"all": {"aggressive": 0.0929069966078,"not_aggressive": 0.907092988491},"probability": 0.907092988491,"value": "not_aggressive"},"mood_electronic": {"all": {"electronic": 0.964885532856,"not_electronic": 0.0351144745946},"probability": 0.964885532856,"value": "electronic"},"mood_happy": {"all": {"happy": 0.802031457424,"not_happy": 0.197968512774},"probability": 0.802031457424,"value": "happy"},"mood_party": {"all": {"not_party": 0.424854844809,"party": 0.575145125389},"probability": 0.575145125389,"value": "party"},"mood_relaxed": {"all": {"not_relaxed": 0.211402207613,"relaxed": 0.788597762585},"probability": 0.788597762585,"value": "relaxed"},"mood_sad": {"all": {"not_sad": 0.621759176254,"sad": 0.378240853548},"probability": 0.621759176254,"value": "not_sad"},"moods_mirex": {"all": {"Cluster1": 0.128998219967,"Cluster2": 0.123675942421,"Cluster3": 0.200899273157,"Cluster4": 0.164321124554,"Cluster5": 0.382105439901},"probability": 0.382105439901,"value": "Cluster5"},"timbre": {"all": {"bright": 0.380050063133,"dark": 0.619949936867},"probability": 0.619949936867,"value": "dark"},"tonal_atonal": {"all": {"atonal": 0.995475232601,"tonal": 0.00452478509396},"probability": 0.995475232601,"value": "atonal"},"voice_instrumental": {"all": {"instrumental": 0.979984879494,"voice": 0.0200151074678},"probability": 0.979984879494,"value": "instrumental"}},"metadata": {"audio_properties": {"analysis_sample_rate": 44100,"bit_rate": 0,"equal_loudness": 0,"length": 278.666290283,"lossless": 1,"replay_gain": -11.6072883606,"sample_rate": 44100,"codec": "flac","downmix": "mix","md5_encoded": "5ca04eaeef11e538da477d0a790d464a"},"tags": {"file_name": "02 - Sign Me Out.flac","album": ["The Song Is in the Drum"],"artist": ["Lulu Rouge"],"date": ["2013-04-29"],"musicbrainz_recordingid": ["7bf6d751-961c-4c40-8052-09ef14a99a79"],"performer": ["Fanney Osk"],"title": ["Sign Me Out"],"totaltracks": ["11"],"tracknumber": ["2"]},"version": {"highlevel": {"essentia": "2.1-beta5-dev","essentia_build_sha": "e74af04b57b164eed312abeef4963962215860f0","essentia_git_sha": "v2.1_beta4-499-g4013ebc","extractor": "music 2.0","gaia": "2.4.5","gaia_git_sha": "v2.4.4-44-g95f4851","models_essentia_git_sha": "v2.1_beta1"},"lowlevel": {"essentia": "2.1-beta2","essentia_build_sha": "2d9f1f26377add8aeb1075a9c2973f962c4f09fd","essentia_git_sha": "v2.1_beta2-1-ge3940c0","extractor": "music 1.0"}}}}