{"highlevel": {"danceability": {"all": {"danceable": 0.546007692814,"not_danceable": 0.453992307186},"probability": 0.546007692814,"value": "danceable"},"gender": {"all": {"female": 0.0342526175082,"male": 0.965747356415},"probability": 0.965747356415,"value": "male"},"genre_dortmund": {"all": {"alternative": 0.184709638357,"blues": 0.187412500381,"electronic": 0.0188871249557,"folkcountry": 0.351649016142,"funksoulrnb": 0.0078647332266,"jazz": 0.0178932677954,"pop": 0.0768866762519,"raphiphop": 0.00319015607238,"rock": 0.151506885886},"probability": 0.351649016142,"value": "folkcountry"},"genre_electronic": {"all": {"ambient": 0.916516125202,"dnb": 0.033195734024,"house": 0.0260899309069,"techno": 0.00541238114238,"trance": 0.0187858492136},"probability": 0.916516125202,"value": "ambient"},"genre_rosamerica": {"all": {"cla": 0.142758697271,"dan": 0.00411134632304,"hip": 0.00890522636473,"jaz": 0.0722220242023,"pop": 0.432073682547,"rhy": 0.247755393386,"roc": 0.0645867586136,"spe": 0.027586877346},"probability": 0.432073682547,"value": "pop"},"genre_tzanetakis": {"all": {"blu": 0.0626613423228,"cla": 0.0348169617355,"cou": 0.104475811124,"dis": 0.0784321576357,"hip": 0.15692435205,"jaz": 0.313974827528,"met": 0.0448166541755,"pop": 0.0627359300852,"reg": 0.0627360641956,"roc": 0.0784258767962},"probability": 0.313974827528,"value": "jaz"},"ismir04_rhythm": {"all": {"ChaChaCha": 0.0696290880442,"Jive": 0.00718511501327,"Quickstep": 0.0202715136111,"Rumba-American": 0.00459416629747,"Rumba-International": 0.0240742452443,"Rumba-Misc": 0.0127318492159,"Samba": 0.0182028505951,"Tango": 0.138115748763,"VienneseWaltz": 0.67743575573,"Waltz": 0.0277596749365},"probability": 0.67743575573,"value": "VienneseWaltz"},"mood_acoustic": {"all": {"acoustic": 0.699048101902,"not_acoustic": 0.300951898098},"probability": 0.699048101902,"value": "acoustic"},"mood_aggressive": {"all": {"aggressive": 0.127448305488,"not_aggressive": 0.872551679611},"probability": 0.872551679611,"value": "not_aggressive"},"mood_electronic": {"all": {"electronic": 0.0531782619655,"not_electronic": 0.94682174921},"probability": 0.94682174921,"value": "not_electronic"},"mood_happy": {"all": {"happy": 0.125086784363,"not_happy": 0.874913215637},"probability": 0.874913215637,"value": "not_happy"},"mood_party": {"all": {"not_party": 0.699831187725,"party": 0.300168812275},"probability": 0.699831187725,"value": "not_party"},"mood_relaxed": {"all": {"not_relaxed": 0.380764812231,"relaxed": 0.619235217571},"probability": 0.619235217571,"value": "relaxed"},"mood_sad": {"all": {"not_sad": 0.332264572382,"sad": 0.66773545742},"probability": 0.66773545742,"value": "sad"},"moods_mirex": {"all": {"Cluster1": 0.0525012798607,"Cluster2": 0.278028935194,"Cluster3": 0.520803749561,"Cluster4": 0.131873950362,"Cluster5": 0.0167921073735},"probability": 0.520803749561,"value": "Cluster3"},"timbre": {"all": {"bright": 0.5,"dark": 0.5},"probability": 0.5,"value": "dark"},"tonal_atonal": {"all": {"atonal": 0.247275114059,"tonal": 0.752724885941},"probability": 0.752724885941,"value": "tonal"},"voice_instrumental": {"all": {"instrumental": 0.0226588677615,"voice": 0.977341115475},"probability": 0.977341115475,"value": "voice"}},"metadata": {"audio_properties": {"analysis_sample_rate": 44100,"bit_rate": 0,"equal_loudness": 0,"length": 123.480003357,"lossless": 1,"replay_gain": -8.92895698547,"sample_rate": 44100,"codec": "flac","downmix": "mix","md5_encoded": "a8d09b5fb454ad228dda427da201858c"},"tags": {"file_name": "01-12 A Taste of Honey.flac","album": ["Please Please Me"],"album artist": ["The Beatles"],"albumartist": ["The Beatles"],"albumartistsort": ["Beatles, The"],"artist": ["The Beatles"],"artistsort": ["Beatles, The"],"asin": ["B000002UA9"],"barcode": ["077774643528"],"catalognumber": ["CDP 7 46435 2"],"composer": ["The Beatles"],"date": ["1987-02-26"],"discnumber": ["1"],"disctotal": ["1"],"genre": ["Classic Rock; Rock; Pop"],"label": ["Parlophone"],"media": ["CD"],"musicbrainz_albumartistid": ["b10bbbfc-cf9e-42e0-be17-e2c3e1d2600d"],"musicbrainz_albumid": ["62cf2288-3ba5-3831-83e5-fb8021d6dd0a"],"musicbrainz_artistid": ["b10bbbfc-cf9e-42e0-be17-e2c3e1d2600d"],"musicbrainz_recordingid": ["a6fbba57-6e43-4a8b-a017-c9c2cf64b282"],"musicbrainz_releasegroupid": ["de208292-8db5-3aed-a14a-b37a84d8c521"],"originaldate": ["1963-03-22"],"performer": ["Paul McCartney (bass guitar)", "Ringo Starr (drums)", "George Harrison (guitar)", "John Lennon (guitar)"],"producer": ["George Martin"],"releasecountry": ["GB"],"releasestatus": ["official"],"releasetype": ["album"],"script": ["Latn"],"title": ["A Taste of Honey"],"totaldiscs": ["1"],"totaltracks": ["14"],"tracknumber": ["12"],"tracktotal": ["14"]},"version": {"highlevel": {"essentia": "2.1-beta5-dev","essentia_build_sha": "e74af04b57b164eed312abeef4963962215860f0","essentia_git_sha": "v2.1_beta4-499-g4013ebc","extractor": "music 2.0","gaia": "2.4.5","gaia_git_sha": "v2.4.4-44-g95f4851","models_essentia_git_sha": "v2.1_beta1"},"lowlevel": {"essentia": "2.1-beta1","essentia_build_sha": "ca57ba49d9b1854bd80e60cf9ccf267278fb7d6b","essentia_git_sha": "v2.1_beta1-28-g21ef5f4-dirty","extractor": "music 1.0"}}}}