{"highlevel": {"danceability": {"all": {"danceable": 0.99987834692,"not_danceable": 0.000121641111036},"probability": 0.99987834692,"value": "danceable"},"gender": {"all": {"female": 0.492393016815,"male": 0.507606983185},"probability": 0.507606983185,"value": "male"},"genre_dortmund": {"all": {"alternative": 0.0781999975443,"blues": 0.00528532918543,"electronic": 0.894187867641,"folkcountry": 0.00499550485983,"funksoulrnb": 0.000426546233939,"jazz": 0.00378533964977,"pop": 0.00146201951429,"raphiphop": 0.000597019272391,"rock": 0.0110603962094},"probability": 0.894187867641,"value": "electronic"},"genre_electronic": {"all": {"ambient": 0.034655045718,"dnb": 0.00442393962294,"house": 0.0212877672166,"techno": 0.00622616801411,"trance": 0.933407068253},"probability": 0.933407068253,"value": "trance"},"genre_rosamerica": {"all": {"cla": 0.000203256407985,"dan": 0.912367880344,"hip": 0.00392436841503,"jaz": 0.000587681250181,"pop": 0.0360459350049,"rhy": 0.00142910750583,"roc": 0.0449885949492,"spe": 0.000453186337836},"probability": 0.912367880344,"value": "dan"},"genre_tzanetakis": {"all": {"blu": 0.0626613423228,"cla": 0.0348169617355,"cou": 0.104475811124,"dis": 0.0784321576357,"hip": 0.15692435205,"jaz": 0.313974827528,"met": 0.0448166541755,"pop": 0.0627359300852,"reg": 0.0627360641956,"roc": 0.0784258767962},"probability": 0.313974827528,"value": "jaz"},"ismir04_rhythm": {"all": {"ChaChaCha": 0.987570941448,"Jive": 0.000577690370847,"Quickstep": 0.000348232249962,"Rumba-American": 0.00437714066356,"Rumba-International": 0.000427671155194,"Rumba-Misc": 0.000419725547545,"Samba": 0.000828788557556,"Tango": 0.0021063843742,"VienneseWaltz": 0.00326534407213,"Waltz": 7.80576083343e-05},"probability": 0.987570941448,"value": "ChaChaCha"},"mood_acoustic": {"all": {"acoustic": 4.3762767632e-08,"not_acoustic": 0.999999940395},"probability": 0.999999940395,"value": "not_acoustic"},"mood_aggressive": {"all": {"aggressive": 0.942772388458,"not_aggressive": 0.0572276115417},"probability": 0.942772388458,"value": "aggressive"},"mood_electronic": {"all": {"electronic": 0.98416531086,"not_electronic": 0.015834691003},"probability": 0.98416531086,"value": "electronic"},"mood_happy": {"all": {"happy": 1.47973914864e-05,"not_happy": 0.999985218048},"probability": 0.999985218048,"value": "not_happy"},"mood_party": {"all": {"not_party": 0.0410754010081,"party": 0.958924591541},"probability": 0.958924591541,"value": "party"},"mood_relaxed": {"all": {"not_relaxed": 0.83664894104,"relaxed": 0.163351073861},"probability": 0.83664894104,"value": "not_relaxed"},"mood_sad": {"all": {"not_sad": 0.953743577003,"sad": 0.0462564080954},"probability": 0.953743577003,"value": "not_sad"},"moods_mirex": {"all": {"Cluster1": 0.084842197597,"Cluster2": 0.0339565575123,"Cluster3": 0.0318587310612,"Cluster4": 0.0758513882756,"Cluster5": 0.77349114418},"probability": 0.77349114418,"value": "Cluster5"},"timbre": {"all": {"bright": 0.1262370646,"dark": 0.873762965202},"probability": 0.873762965202,"value": "dark"},"tonal_atonal": {"all": {"atonal": 0.970016360283,"tonal": 0.0299836415797},"probability": 0.970016360283,"value": "atonal"},"voice_instrumental": {"all": {"instrumental": 0.564318358898,"voice": 0.435681670904},"probability": 0.564318358898,"value": "instrumental"}},"metadata": {"audio_properties": {"analysis_sample_rate": 44100,"bit_rate": 192020,"equal_loudness": 0,"length": 246.256332397,"lossless": 0,"replay_gain": -11.8204803467,"sample_rate": 44100,"codec": "mp3","downmix": "mix","md5_encoded": "785c6b4da31afe4b4d5e9bda66e2980c"},"tags": {"file_name": "01 Against.mp3","acoustid_fingerprint": ["AQADtFeiSFKiBJfw6Gg0TRWS7wg3_PjxP2jGFrXw8oh76Ogj5L6Aw8eF9DjE49PQJ3pwPIeOp2g-9HhG6BGPXgmLMPkjXMeFvzhCkmj4GLke4zmuPGhu9Aue408T_PAZ5IPaIF-ko2Wi47h4CccrJEcOZ9Fx9Dz-RriOX_hCI8c-hF-N_sGPPRyu7oiT6Am0Z0KY4zl-_MeZCueOV0iGtMbZ4cyRGr1kCI90I_zgog_yRcH1oe_RxMwENQ16fNmhf8WB13D2HqdwdIyRH6Ucw98K10Z_xKFy9NDyDi9SfsMjHWdDNFWSHEV1D81rPFlm4kSzlUKf4x1ySsdDHa12ONHCI43ho-ePH7fQ8CiZCP1yODny1EK_BnKIsoKP48UFy9xwHyEaUdIR62hC6JuKPIf7401i4bLRV3D0I1Q089BHXNLxD6GLZp7xpAh-HtXxvNCiaMcZ5MrxHE2Pisrx43cQZoM2LcPL4uJxhNEV9CHyGNePXh2cNOgPnUW-rMN92D7ubPhE7ji6F2ncQWuGS8fRB2EiMjfyJgeqc4h_5A2aMYfOiMilo-6OJnrwEx_R5Ph0VJp0fBSBQJyVI24yvEfzEKXRtR2qCvlaQdUR5h46Rjqe4TzRREfY42kuaDZK6vgR5kFlxniT4zh6I1Wko_-hZ4zxIIypFb2JO0F_OHqKcJp-fMQ56Oiuo7nx4f1RyTL8Hs8UHtrD4hzyo5J8NCKT42ZwE71hxTRCUTl0FRdyo3lQa8ETxPyOX56gWTe-o6mOnHQQ8oMn5dBPmDnyHyWPR8f1o5QMP_gRH2K1IeSa41nw4844oRGZjCh7PNGO37hyNIuaCV1kHznUT2h6hFLE4zoe5TlyaD_CLGlSPEpyFnkv9MzRaBu-mXiy6MKP8EczRniSpsgVzVDaqwj1oNmPUUlw8chzKEc0hUuKJ8alG9-LMP1RTscTffgv5PnQo1mSBteO2C90Hm6TI1YUXMVzxJZOJMt-VEok5biO_GgeCR0PPXlxdYduhOJYbFuKMhGNPIdeFeGeE83k49FxijH6Iz07KGJ15HGO77jww8qYDHmyF_nwB5cyC17UTMinQP9UPEgnH49wsRLy8NB0IsyLK0mPS1GH_HBHnDP05NAbqbiKMO9RJppwJZSEvHkM5YV3IXJyPHhWCfkDLT_CJXHw6fhjdCYa7cin44ku5F2OHp6EMmpixFSgX-iZI8ykBVd0XEce7RR0I51-4YlCasij43AVQt-FJw_0LEb4Yp_QLGpwTcgfQz7SSdqJK8dFHQ-N8BW07MifHtd0XMePMMqTFa10XNqFBznKRFnQbJWNfIfch2iOUEq0C1eIM0Z4FuIRMmtxKWWR70HtoKkJpdnwRMmhI8_RjEOZpKmQK4fS_jgPT2KOyBHuIz-S_WhOPGliXNGJ_PAPnT6eSDkuMdB25IwUNIyKLzTyvfihZdLUo1J0fMczTYHOBuHRLHEqfMlbRNdDnIH4EVcuPFEWB91ziGcqhCyeOEV-Q-81hDpjTIkSCd9x2cYTHeEHLcuDXLqFXSp-9IvRKD2ufsIlCn9wBmbU4FGiI78K9YcnLQmPPDqOPIoK3RTCRJiYONOQJ8LfoOkIbdnxLNApxYiOz_AS48uSCrny4g-0HCGT41KKa0b4DOKPUMoYzEoWTsiP5kFtyIlmXEp06MjDohl3lEmaIrqC9yq0M0EzabkROULeyNBzIfzRjMWT-Liq4YOf46OEXIdiSsFXXDz6o_nSI8fRjEWf9DhV7AiTo7wKPeaOfDqeo-dxVSEaScfVHG-FLyijEI1iBfk-QUXTJkPIFVeCXxRi59CDNEq-48viI59ynIe7BU8yF6os6KGDyke0aQgZMRSuaIf8IGdWeBJvXBGu5chzaCfCRDfmxMGlB9-R9scz5Xii40ce9ESzJE1x6Try6JD7Cf6RJzqu7Lh5hIeIkImT4hviH76EQ45d4sn2QN8Reiy8pUcb0UfOHPqRz4eVB4-OT7zwI5kQpscjKTcuHn_QXEKXIc9unDvy41JmWFJT5Dp-QT3hqQliRfiJfA_0IwzKJEyqIteOX0Xz8NCc48mJq7ug6THSS0WZqLgSGlEbdTH0wj_y5JiV4xmi04KiPAiZiCk-HT9yJYY1H0-i4zxyPjgaRUIZhUGuqIe-oDJzhJl8XFGOS0fs7NAQZiyeUNJSxE3wwSee7dCTE-p3C_Ez1PqFZhEu0YieG7qQ_niS4BKP0ypC_VD2I5QePAmPH-fRdYkRZpFwaS9y_OiSKAuarS9ypVAeNLmCSFIiXPmMd1GRN4d2bQijyAkeZTnyfeieQ8uHR_nxRNlxaOtUpGOGMomL68jzCpq85Ggm8RRiRfgl5IcepA-eJEwqXLuK_CT8cJB34Ul0nKUE7UmFvBmaJWKDK82R5yoOsVVl5FGOS8gfPIf2HGGWOMWzHPkU_egZTNE2HnqES1kOHXmIZtKOVk2RS9Ep6BfyMocnEY9w-sfDE2HeQeNFIU8TXDuwP2iUMRnCZkJOXzguBV6UBhfy5ioUmjk8iUesCLuLPDl06QhzdElu4Uqi4_2RPoQ8-nh0XEqEQ26OdIkmfPWQ71AfNBcqJbmRR0fOC8-O5IanJngUHrnyHV15NF8GOcrxZDv0HuG6pPCKMkla5Dru6Id25kQziUes6MYv5Dt0I1We4IktRI_UFn8ILTLRH3kyfGEc1HqRS9DyxZjzI4_2GP_R_EGP_8GFU0fZH6mkHpqkH_WP5jy-FFojCWFCicODjiHMKHhhjTNyKRDro8dJXMqO6jjEaipCamMBQBwwiEgjACAEMGYAERsshwER5ABunTMECAGEA4gpIJAzzDBFCBFIASYEAMNYq6hlBBgEAkJEE2GEIw4QpJCSUFAgGFCCGEEAY5gQBYQiRAjGhBBUOMGAwIoBBQgxQABhrBBSEKAFAExRIQgWBqjLiBBKAAAEQAwCoQhSCABjBFPAESYAQEwABAATASiihEFQEQQEEAAi5hQCwBiBAFIAA-KApYIBIwRChBjCgCEOAKGYEdJUo4QwQghgBRHCEQ6IckAgAAATRikgHGJAIIGUAQIoQgxxxDDGCFECGgSEFZYRpgAlhCGkAHPAEMwAUJYIAJAAhACmhCEGGeEQUMQRRZABiBIiCFACEcQQYIQZYoBSQCEAgAFCKkQJUAQDggQgjBARjFCKIQKQoI4gpRAAjCgmAARgIAKMBRoxRYAhCjEtEEFAEIQEAAwhBSBQQgkEAHFICKKQBUYSxxglQBCmAAVAESaWUUgxwggGShACFTEKASYYAgwpAggBjCpAjCAECmIUoMIJxZAiQCAmCCWCAIIYEYBQxIAFwhBKCDCEQEKEYcYIIRBSCCFBDICOGCWk0oARJIxDBEhFhEBCGEUcEkI5BBQzRhCgBFAGAOQhEEAgKoQAmAiHDAAMEQcQAcAwQpBBSioBEFBECCUQBUJIoiBRggihiFBAWEKAIAQAoQhgzgGBPABEECyAQ4AIwBgSBBGhGBHGGYMgAw4IICQAmBgAkCBYAaEVM4YgpJkjiDAFnDFYOKAQYYQJgYABABhADPIKCCIcAoIKwhxihAjXGDGcECOAUsQZQIAQxBBgEVMGCIQY0kYQAxiwBBEECFAGCAMUYgQRIYAAwgACvAKCIAQAAQAwoBwBxAFhREHAACcUQUICQoQwwBBFQCKGUsMAUoAJR4QBgAhMABKGAQEEUAwxJiAggiEpBGGMAAOMI0IJEgBBwBACgBBAIEIpIowRQBU"],"acoustid_id": ["e7c8bca6-7c0f-426d-af3b-936928c7dfc7"],"album": ["Evilution"],"albumartist": ["Agonoize"],"albumartistsort": ["Agonoize"],"artist": ["Agonoize"],"artistsort": ["Agonoize"],"date": ["2003"],"discnumber": ["01\/01"],"language": ["eng"],"musicbrainz album release country": ["US"],"musicbrainz album status": ["Promotion"],"musicbrainz album type": ["EP"],"musicbrainz_albumartistid": ["961e5f55-cfe5-4605-965d-028a40242e7e"],"musicbrainz_albumid": ["7c3324e2-5cdb-413b-9a6d-f0c976d920a0"],"musicbrainz_artistid": ["961e5f55-cfe5-4605-965d-028a40242e7e"],