{"highlevel": {"danceability": {"all": {"danceable": 2.49912261552e-07,"not_danceable": 0.999999761581},"probability": 0.999999761581,"value": "not_danceable"},"gender": {"all": {"female": 0.123627156019,"male": 0.876372814178},"probability": 0.876372814178,"value": "male"},"genre_dortmund": {"all": {"alternative": 0.462339639664,"blues": 0.0608141161501,"electronic": 0.0592807941139,"folkcountry": 0.126507744193,"funksoulrnb": 0.0115436529741,"jazz": 0.00997999776155,"pop": 0.0311657767743,"raphiphop": 0.00392811512575,"rock": 0.234440162778},"probability": 0.462339639664,"value": "alternative"},"genre_electronic": {"all": {"ambient": 0.666705489159,"dnb": 0.0684179216623,"house": 0.0795265510678,"techno": 0.00899350177497,"trance": 0.17635653913},"probability": 0.666705489159,"value": "ambient"},"genre_rosamerica": {"all": {"cla": 0.0653933137655,"dan": 0.00815641880035,"hip": 0.00252927327529,"jaz": 0.0047759944573,"pop": 0.0296443775296,"rhy": 0.011401607655,"roc": 0.875898420811,"spe": 0.00220061349683},"probability": 0.875898420811,"value": "roc"},"genre_tzanetakis": {"all": {"blu": 0.0626613423228,"cla": 0.0348169617355,"cou": 0.104475811124,"dis": 0.0784321576357,"hip": 0.15692435205,"jaz": 0.313974827528,"met": 0.0448166541755,"pop": 0.0627359300852,"reg": 0.0627360641956,"roc": 0.0784258767962},"probability": 0.313974827528,"value": "jaz"},"ismir04_rhythm": {"all": {"ChaChaCha": 0.00434576813132,"Jive": 0.0300511866808,"Quickstep": 0.000905619584955,"Rumba-American": 0.000353269919287,"Rumba-International": 0.0012893563835,"Rumba-Misc": 0.000729809107725,"Samba": 0.00260134367272,"Tango": 0.00739668123424,"VienneseWaltz": 0.95042860508,"Waltz": 0.00189834611956},"probability": 0.95042860508,"value": "VienneseWaltz"},"mood_acoustic": {"all": {"acoustic": 0.0288871526718,"not_acoustic": 0.971112847328},"probability": 0.971112847328,"value": "not_acoustic"},"mood_aggressive": {"all": {"aggressive": 0.774201631546,"not_aggressive": 0.225798353553},"probability": 0.774201631546,"value": "aggressive"},"mood_electronic": {"all": {"electronic": 0.207276687026,"not_electronic": 0.792723298073},"probability": 0.792723298073,"value": "not_electronic"},"mood_happy": {"all": {"happy": 0.894667983055,"not_happy": 0.105332009494},"probability": 0.894667983055,"value": "happy"},"mood_party": {"all": {"not_party": 0.558468997478,"party": 0.441531002522},"probability": 0.558468997478,"value": "not_party"},"mood_relaxed": {"all": {"not_relaxed": 0.953812241554,"relaxed": 0.0461877398193},"probability": 0.953812241554,"value": "not_relaxed"},"mood_sad": {"all": {"not_sad": 0.668909549713,"sad": 0.331090480089},"probability": 0.668909549713,"value": "not_sad"},"moods_mirex": {"all": {"Cluster1": 0.177990943193,"Cluster2": 0.24156883359,"Cluster3": 0.241705298424,"Cluster4": 0.165252685547,"Cluster5": 0.173482239246},"probability": 0.241705298424,"value": "Cluster3"},"timbre": {"all": {"bright": 0.916014015675,"dark": 0.0839859694242},"probability": 0.916014015675,"value": "bright"},"tonal_atonal": {"all": {"atonal": 0.347295343876,"tonal": 0.652704656124},"probability": 0.652704656124,"value": "tonal"},"voice_instrumental": {"all": {"instrumental": 0.00144397770055,"voice": 0.998556017876},"probability": 0.998556017876,"value": "voice"}},"metadata": {"audio_properties": {"analysis_sample_rate": 44100,"bit_rate": 0,"equal_loudness": 0,"length": 139.986663818,"lossless": 1,"replay_gain": -12.752576828,"codec": "flac","downmix": "mix","md5_encoded": "8dedc154ddfba8d464e8ac1eea480080"},"tags": {"file_name": "12 Friends of Mine.flac","album": ["If He Is Protecting Our Nation, Then Who Will Protect Big Oil, Our Children?"],"albumartist": ["of Montreal"],"albumartistsort": ["of Montreal"],"artist": ["of Montreal"],"artistsort": ["of Montreal"],"asin": ["B000VFGQAW"],"barcode": ["644110014429"],"catalognumber": ["PRC-144-2"],"date": ["2007-10-23"],"format": ["CD"],"genre": ["Indie Pop\/Lo-Fi"],"label": ["Polyvinyl"],"language": ["eng"],"musicbrainz_albumartistid": ["8475297d-fb78-4630-8d74-9b87b6bb7cc8"],"musicbrainz_albumid": ["8e294cf3-7929-49c2-953f-c4574d46a998"],"musicbrainz_artistid": ["8475297d-fb78-4630-8d74-9b87b6bb7cc8"],"musicbrainz_recordingid": ["a21e5ae2-6cd3-4107-ba15-30a34a0be382"],"releasecountry": ["US"],"releasestatus": ["official"],"releasetype": ["album"],"replaygain_album_gain": ["-6.98 dB"],"replaygain_album_peak": ["0.97088623"],"replaygain_reference_loudness": ["89.0 dB"],"replaygain_track_gain": ["-6.96 dB"],"replaygain_track_peak": ["0.96554565"],"script": ["Latn"],"title": ["Friends of Mine"],"totaltracks": ["13"],"tracknumber": ["12"],"tracktotal": ["13"]},"version": {"highlevel": {"essentia": "2.1-beta5-dev","essentia_build_sha": "e74af04b57b164eed312abeef4963962215860f0","essentia_git_sha": "v2.1_beta4-499-g4013ebc","extractor": "music 2.0","gaia": "2.4.5","gaia_git_sha": "v2.4.4-44-g95f4851","models_essentia_git_sha": "v2.1_beta1"},"lowlevel": {"essentia": "2.1-beta1","essentia_build_sha": "eef087cf131c10083d474ad51def18efd0e38295","essentia_git_sha": "v2.1_beta1-7-ge0e83e8-dirty","extractor": "music 1.0"}}}}