{"highlevel": {"danceability": {"all": {"danceable": 0.887678980827,"not_danceable": 0.112321011722},"probability": 0.887678980827,"value": "danceable"},"gender": {"all": {"female": 0.92345482111,"male": 0.0765451714396},"probability": 0.92345482111,"value": "female"},"genre_dortmund": {"all": {"alternative": 0.115252874792,"blues": 0.0331996008754,"electronic": 0.690307974815,"folkcountry": 0.0486127734184,"funksoulrnb": 0.00381846609525,"jazz": 0.0533741600811,"pop": 0.0106946453452,"raphiphop": 0.00319708767347,"rock": 0.0415424183011},"probability": 0.690307974815,"value": "electronic"},"genre_electronic": {"all": {"ambient": 0.517147183418,"dnb": 0.0537845753133,"house": 0.189433291554,"techno": 0.0196323785931,"trance": 0.22000259161},"probability": 0.517147183418,"value": "ambient"},"genre_rosamerica": {"all": {"cla": 0.0100354338065,"dan": 0.0680306330323,"hip": 0.111380025744,"jaz": 0.0765586942434,"pop": 0.437804996967,"rhy": 0.155758813024,"roc": 0.129395201802,"spe": 0.0110361967236},"probability": 0.437804996967,"value": "pop"},"genre_tzanetakis": {"all": {"blu": 0.0620671063662,"cla": 0.034474901855,"cou": 0.103433981538,"dis": 0.0620971247554,"hip": 0.15527240932,"jaz": 0.310666948557,"met": 0.044346679002,"pop": 0.0620793737471,"reg": 0.0620816536248,"roc": 0.103479810059},"probability": 0.310666948557,"value": "jaz"},"ismir04_rhythm": {"all": {"ChaChaCha": 0.946804583073,"Jive": 0.0068039400503,"Quickstep": 0.00251942547038,"Rumba-American": 0.019109306857,"Rumba-International": 0.00544392177835,"Rumba-Misc": 0.00248146872036,"Samba": 0.00557303614914,"Tango": 0.00614237459376,"VienneseWaltz": 0.00414320966229,"Waltz": 0.000978716299869},"probability": 0.946804583073,"value": "ChaChaCha"},"mood_acoustic": {"all": {"acoustic": 0.226245984435,"not_acoustic": 0.773754000664},"probability": 0.773754000664,"value": "not_acoustic"},"mood_aggressive": {"all": {"aggressive": 0.307751595974,"not_aggressive": 0.692248404026},"probability": 0.692248404026,"value": "not_aggressive"},"mood_electronic": {"all": {"electronic": 0.711828172207,"not_electronic": 0.288171827793},"probability": 0.711828172207,"value": "electronic"},"mood_happy": {"all": {"happy": 0.354190319777,"not_happy": 0.645809710026},"probability": 0.645809710026,"value": "not_happy"},"mood_party": {"all": {"not_party": 0.327336609364,"party": 0.672663390636},"probability": 0.672663390636,"value": "party"},"mood_relaxed": {"all": {"not_relaxed": 0.461847752333,"relaxed": 0.53815227747},"probability": 0.53815227747,"value": "relaxed"},"mood_sad": {"all": {"not_sad": 0.272745907307,"sad": 0.727254092693},"probability": 0.727254092693,"value": "sad"},"moods_mirex": {"all": {"Cluster1": 0.231849893928,"Cluster2": 0.156107485294,"Cluster3": 0.182205945253,"Cluster4": 0.064636349678,"Cluster5": 0.365200310946},"probability": 0.365200310946,"value": "Cluster5"},"timbre": {"all": {"bright": 0.346299052238,"dark": 0.653700947762},"probability": 0.653700947762,"value": "dark"},"tonal_atonal": {"all": {"atonal": 0.5,"tonal": 0.5},"probability": 0.5,"value": "tonal"},"voice_instrumental": {"all": {"instrumental": 0.999982535839,"voice": 1.74842170964e-05},"probability": 0.999982535839,"value": "instrumental"}},"metadata": {"audio_properties": {"analysis_sample_rate": 44100,"bit_rate": 0,"equal_loudness": 0,"length": 208.493331909,"lossless": 1,"replay_gain": -7.97237968445,"sample_rate": 44100,"codec": "flac","downmix": "mix","md5_encoded": "0599f4c25e18e80184f854a00411235e"},"tags": {"file_name": "12. Beastie Boys - The Kangaroo Rat.flac","acoustid_id": ["c7094af2-ceb3-453d-9778-dc5ce7417b48"],"album": ["The Mix-Up"],"albumartist": ["Beastie Boys"],"albumartistsort": ["Beastie Boys"],"artist": ["Beastie Boys"],"artistsort": ["Beastie Boys"],"asin": ["B000QXDGX4"],"barcode": ["5099950011124"],"catalognumber": ["50999 5 00111 2 4"],"composer": ["Mark Ramos-Nishita", "Beastie Boys"],"composersort": ["Ramos-Nishita, Mark", "Beastie Boys"],"date": ["2007-06-22"],"discnumber": ["1"],"disctotal": ["1"],"engineer": ["Jon Weiner", "Beastie Boys"],"isrc": ["USCA20703452"],"label": ["Capitol Records"],"media": ["CD"],"musicbrainz_albumartistid": ["9beb62b2-88db-4cea-801e-162cd344ee53"],"musicbrainz_albumid": ["da94de00-9a88-335c-b86d-2d12edd0d22e"],"musicbrainz_artistid": ["9beb62b2-88db-4cea-801e-162cd344ee53"],"musicbrainz_discid": ["vqN5SI.ypk3skj_XBctbePmE7bQ-"],"musicbrainz_recordingid": ["32887399-6f61-492c-a1f2-69ad473d078f"],"musicbrainz_releasegroupid": ["e24fee15-4e30-35ec-b68b-9fd861dceb41"],"musicbrainz_releasetrackid": ["9c6a37dc-41ba-3188-a45a-db873742e935"],"musicbrainz_workid": ["77d9ca15-4c77-397c-90dc-f453da09d375"],"originaldate": ["2007-06-22"],"originalyear": ["2007"],"performer": ["Michael Diamond (drums)", "Alfredo Ortiz (percussion)", "Adam Yauch (bass and bass guitar)", "Mark Ramos-Nishita (clavinet, farfisa and rhodes piano)", "Adam Horovitz (guitars)"],"producer": ["Beastie Boys"],"releasestatus": ["official"],"releasetype": ["album"],"script": ["Latn"],"title": ["The Kangaroo Rat"],"totaldiscs": ["1"],"totaltracks": ["12"],"tracknumber": ["12"],"tracktotal": ["12"],"work": ["The Kangaroo Rat"]},"version": {"highlevel": {"essentia": "2.1-beta5-dev","essentia_build_sha": "e74af04b57b164eed312abeef4963962215860f0","essentia_git_sha": "v2.1_beta4-499-g4013ebc","extractor": "music 2.0","gaia": "2.4.5","gaia_git_sha": "v2.4.4-44-g95f4851","models_essentia_git_sha": "v2.1_beta1"},"lowlevel": {"essentia": "2.1-beta2","essentia_build_sha": "f28b16357a82881ebc52c8956af6ede9a3c18345","essentia_git_sha": "v2.1_beta2-6-gd3e4459","extractor": "music 1.0"}}}}