{"highlevel": {"danceability": {"all": {"danceable": 0.768538475037,"not_danceable": 0.231461539865},"probability": 0.768538475037,"value": "danceable"},"gender": {"all": {"female": 0.0427724085748,"male": 0.9572275877},"probability": 0.9572275877,"value": "male"},"genre_dortmund": {"all": {"alternative": 0.0318579152226,"blues": 0.00423336075619,"electronic": 0.948778152466,"folkcountry": 0.0106886867434,"funksoulrnb": 0.0001384178031,"jazz": 0.000902637606487,"pop": 0.000662040722091,"raphiphop": 0.000125460093841,"rock": 0.00261330185458},"probability": 0.948778152466,"value": "electronic"},"genre_electronic": {"all": {"ambient": 0.610305726528,"dnb": 0.0356477871537,"house": 0.0412778556347,"techno": 0.0126963062212,"trance": 0.300072312355},"probability": 0.610305726528,"value": "ambient"},"genre_rosamerica": {"all": {"cla": 0.0207713358104,"dan": 0.0243275705725,"hip": 0.012091354467,"jaz": 0.0137775689363,"pop": 0.302136272192,"rhy": 0.0402404628694,"roc": 0.584751009941,"spe": 0.00190440181177},"probability": 0.584751009941,"value": "roc"},"genre_tzanetakis": {"all": {"blu": 0.0626613423228,"cla": 0.0348169617355,"cou": 0.104475811124,"dis": 0.0784321576357,"hip": 0.15692435205,"jaz": 0.313974827528,"met": 0.0448166541755,"pop": 0.0627359300852,"reg": 0.0627360641956,"roc": 0.0784258767962},"probability": 0.313974827528,"value": "jaz"},"ismir04_rhythm": {"all": {"ChaChaCha": 0.202365264297,"Jive": 0.210023030639,"Quickstep": 0.0354615971446,"Rumba-American": 0.0542580187321,"Rumba-International": 0.0387299098074,"Rumba-Misc": 0.032745141536,"Samba": 0.0616911761463,"Tango": 0.111767232418,"VienneseWaltz": 0.227313756943,"Waltz": 0.0256448667496},"probability": 0.227313756943,"value": "VienneseWaltz"},"mood_acoustic": {"all": {"acoustic": 0.567056238651,"not_acoustic": 0.432943761349},"probability": 0.567056238651,"value": "acoustic"},"mood_aggressive": {"all": {"aggressive": 0.16514839232,"not_aggressive": 0.834851622581},"probability": 0.834851622581,"value": "not_aggressive"},"mood_electronic": {"all": {"electronic": 0.158374115825,"not_electronic": 0.841625869274},"probability": 0.841625869274,"value": "not_electronic"},"mood_happy": {"all": {"happy": 0.67013579607,"not_happy": 0.329864174128},"probability": 0.67013579607,"value": "happy"},"mood_party": {"all": {"not_party": 0.282840400934,"party": 0.717159628868},"probability": 0.717159628868,"value": "party"},"mood_relaxed": {"all": {"not_relaxed": 0.914822518826,"relaxed": 0.0851774737239},"probability": 0.914822518826,"value": "not_relaxed"},"mood_sad": {"all": {"not_sad": 0.622549057007,"sad": 0.377450972795},"probability": 0.622549057007,"value": "not_sad"},"moods_mirex": {"all": {"Cluster1": 0.178351178765,"Cluster2": 0.20226290822,"Cluster3": 0.111495159566,"Cluster4": 0.137618690729,"Cluster5": 0.370272070169},"probability": 0.370272070169,"value": "Cluster5"},"timbre": {"all": {"bright": 0.993327975273,"dark": 0.00667204894125},"probability": 0.993327975273,"value": "bright"},"tonal_atonal": {"all": {"atonal": 0.000450209452538,"tonal": 0.999549806118},"probability": 0.999549806118,"value": "tonal"},"voice_instrumental": {"all": {"instrumental": 0.0653998404741,"voice": 0.934600174427},"probability": 0.934600174427,"value": "voice"}},"metadata": {"audio_properties": {"analysis_sample_rate": 44100,"bit_rate": 128000,"equal_loudness": 0,"length": 202.971435547,"lossless": 0,"replay_gain": -6.11417198181,"sample_rate": 44100,"codec": "mp3","downmix": "mix","md5_encoded": "7bdda8b7958d28f1a691cbc9bfaf319f"},"tags": {"file_name": "George Thorogood & The Destroyers - Baby Don't Go.mp3","acoustid_fingerprint": ["AQADtFSyJOkyBuWP6I_R5YdaPQGTHkV_NF9wKYfaG9eHB332wg7hx3g-8JFw5uh1_Kh5WBNT6EQ_4ScYONWDnjlxoqoGvTuOKx6ubLB86MfhP0Hu4gE_4gijatCVoPoQ5gHNI7_RG-KzoPKHYrvQWbiOPtnxx4VI9ujv4QuD6XPgiscLbbaIJyKIW0I1joV_Qf9h_fgaHO8hzSTSMxaOh4QfnJKQqcd_yENlKcR9XHWEH1rOogfLLBV-VLDDBI8Chz7ij8JhPQvczXga4ybOwz-6y8hFGdcOXVlTNI-P8OCP8yh5PDkOn-ER_tCPng5SaYnmwcd3-OFRiRryuajOBeITdFqOm6kw0YLovkjb5Phx-CNxySmcLB_ae0h-hA-a87h27DqqH05yIpe2FeJ4hMcTEj1xsYO_4pOaCa5w4tKFO0c6iSmSHv_giPLwpYJ_7FwIVyiV6YifQdubID7h_WiDayuRI4xvTG0ZnBTRpFJwSYd_hBMZCcmVnOgJvzO-AK1EJBfioxfOw0-io1WFS7mC6Efyw1tD3Dz-HD8eVBIzWEr0IY2sBjr8QhGLx0TIp0d6PKEG8ej2rLiIM32RN2imD77F4X_w9Pg8NGuFj7nxwj2SL5NIhCeaPMOa48qloqmEZx9SQVeYI35xRsZH-LhjK5go4cqKP0X1UEaq486hJy-85SzSok913KgIJ8nyoj_yRjmK39Cx84efokqmCPd86MT0Qst2PMNx9BLSvBpxRe1gUzySD6kq5eiL9rCYHD2aGH3yI9mN70jJL3D-4fGRHeaK4n6hJ8OPRz80Hc8cuHOIXCMuHc8DokkQN0yNR9egPYT4DiGZHW-C90QT8kPtHM-i4HkyJPcRvgt85ii1436KrjwcKktw5PYGPVkzNF-IXDqeNwhDHdp5fEETXejbI9x1ND_yQCfyqdh1_K7QwxnxY39S2CGFM0j4F-GDUziHJuqLy4M_hPahy0V-tPvw7cHzws_R4zy-5GDiC-E0KdCV48mE_htE-cgzHp8JTxquFFTFI3yC5BJz_EfZemie49uMK7iOkIcWBnl45IpUgbwOLQ8qfuATVkRf6FsnvER4KcOLKfmnCSXbUYiXPdCVHGGOPvxwfcH34Yn2IWYaBtoRhjvxC8-x52h6_MdTVviXaviQv-iT49CyH6HaTMaj4VIi9GHgiiySd0eu7KhSWagOz0e7Dpdy7IeO7T2eB0-OS8Ej4UcOvRW0K1ENn0GoNHhQ7Ucz_shDQQvCH2eLhzsuoY-I-_inIA2F_-h76GvAE81-9CuO5oGm_EP8B6-PPseNO2i-hMPHOccaSUeoww9q8yh_NDe-REF0HX3wq_DTDR913DlyKtAf5Ad1Hm2U5SgPu8cPiyGuI8cN0YdmHT0aXfh2TE4O58elONjID9OVHE11aAobnH7Ra0SYCfsU_PiC82CkhTmcfMM1BuGDZ1B-NJFehIqHXyjhU_iW0Qjv4dQOrQ4uIj-LSueHI9SeVPB46D0U9A94dsXxQx-xC1-CZzQxLj_6C35S6Dx4eMex5fwQbsOtJLhxTOFo4xo7UL6QY0of6MQl5H8Rahb0I5T1oC_RkMPR5mjGdniMpDYi5eiP7wr6Ec1WVNEPRzr6EOE1Q1KVEzk1mGKLw_NQ3fjBvNkkuCJC9sTxCxUp2GFedJF2fDrKBw5NQedz5MdOmPmJR4cfDqV1nHqOPISiIwwuCueOPsENl1wGbvqIj3CnCrmkIeEvnF8IzhnhsYD5CR6z4zqOMDfk-MEv5Efzokde_AivIv5RRUsl_NmCPoeO6_g0FimPOL_htEf_QT_CwxfKJT-e4z-8C3uCKxdyIlmoZEe9Rfjx7dGEfmgUiRGOihaD9MlKTA8_HM20Bz2f4h-aFzq86Zh0vCkuTLrxo11CQr2Hew205Ah_nA1-FT4uJUpxk0Q_ogk_bbiIcsjFHF-G6wt0B0921MMptEYTSh_4jItwNmjh6oXOLBsuHv-IL8zxiIefo1-Oiwq-C1eGPoYlor-K-4in9IhpHbmOw_yRLxf-Q_-GRtrRE7ktfCz65jg_5EfT4tOOf-jf4BEh6jiP3Mrw5DimJ0JDJ6iO_EJ3aHmiDidiB9OZHM06F3k4XMOVg5cE_fiPZstz1Met4R5-PJvQw9mkwyRxfbjROMQj6ELbB1qeBRd5_Ar6HM13fMULvcLz4KgOHRkZ4sR3nIf1FKdhRkQeGnZyQbOO_7gJcjuh8YLT6ujxE2VfpD8eHj-8Z1Nx-EIfMGyywye-HT6PNFNo6MyFPxPygs8PbzE-UoU7vvgPxwl63DrClPqgjcmO2MV5tPzAN2HgdSeOF1UTJcJDIqdy-POgj3g4MI0ypEZt9DTODmgj4Yj0KMnRCCryYDpd_AueGh-omXieIxaTQW8o5B_Mk0MvlMwLyuHQl0ETbq3QecgP_cGPU7gWaHuK30iPH-FbtIeYo2uIH_GMvoh_WIV6Hh-0oz-cH12D76iuwjj-CzJ-6MUR2DYe8JoqfLFxnJHwPUJ6_ND0DfqHF__RT3DwZxGkK-NhCvXx7MXd45egWcWHS-DR5LiUyMP5CJ1kiDs0K8eRi0dzdigXvngkBWWFaydC-9BDrwAAARDCKMIIIUAgKgBiRDBFCBNGECOJAEwA6qAR2ApiqaEIIKKQAgwwAYABQAhCFCNAAAAIQcQZA5xCBAACiDCEAGAAA4IZxAgRyBhACQKEEOCEUlQAKwARhgggmEEQEAINE0ABoAhQCBIiiCHIKkGMYYZR4AR0hgEBjTZGkUSIAZYgQBzkAAICCDCGCCQME8Rp5ZEhAigIIAGEAGAAIM4ARYSAkBAmHEBAKKAQIBZQgIQCFAAjCBEqGIEAgJwZS6URQDmllRBAKCaIcEAIBgxyAAnJECNUOQIAAAIIQhQBAgBBgHHKIGAAA0gAJ4QwABkFCAICUAYAIIAJao0RDhpmnFAAAcMII4QIKgwjQEECADAAIIQUcg4RAwwzghMipAAGGCkMMwwAQYQVTjhAFREAACeogFQQQIRBxhBJDDEYCOEUYYxCrwxSACCggCIGSAKMQAYZQAR1hJAHEAEKCIuIAMBpBIBBRjBlADIEAAMZgMAgBwkRRFGAtEAAC8cIYQoIQogwTAEGgVcGGAWQIgAKIoRgxiiADCNEKAaEEAIJiqUCAhBVCFMKCSIQE1RJ4BhCwAqgLQNCG2IAskAKZ4wACCBtgDAQKCEEBMQYxYkRyAgkCHNSCiYIAGYQ4SAwgAjpIANAACGUIIgIYIEAwBiiBTPAKAWQgEIQg4AiWEBLgBCIIKYUIkwBapQBjihFBBEIIOEIAcYIIwghCClhEAFGGQmIEQoIAiQxDgCkGDVAIaGMAUwqhIVgRCImEGJOEcCMAAYoIBEQFjgAGBcACEWAEc4SwYQi3jqBCGGKMCMAM0QJJgxgQAEwFFUGKSAMMIJIIoABQApmjGDMESEYFAYITB2jQEjBBHVAGMSAUEgoQQAVRBCAgCPCScYYEUAYpogBxhAGiAAAGQYAFoIJQgxRCjEgCQFCMwGEgYooSxgQkBkhhGFEGA"],"acoustid_id": ["035f87c1-c550-48b5-815c-441c67b7a712"],"album": ["Haircut"],"artist": ["George Thorogood & The Destroyers"],"bpm": ["83.79"],"catalognumber": ["7 89529 2"],"date": ["1993"],"genre": ["Blues Rock"],"label": ["EMI Records USA"],"language": ["eng"],"musicbrainz album release country": ["US"],"musicbrainz album type": ["Album"],"musicbrainz_albumartistid": ["bc01f01c-a401-40d8-9472-b377ac33af05"],"musicbrainz_albumid": ["d274c2db-5751-40a6-b30f-9e4ab1aa9de6"],"musicbrainz_artistid": ["bc01f01c-a401-40d8-9472-b377ac33af05"],"musicbrainz_recordingid": ["32fa9c86-4584-48d0-9e45-ba5baf0e54d0"],"musicbrainz_releasegroupid": ["faef816e-3934-3afd-9053-9787f39c7a47"],"title": ["Baby Don't Go"],"tracknumber": ["10"]},"version": {"highlevel": {"essentia": "2.1-beta5-dev",