{"highlevel": {"danceability": {"all": {"danceable": 0.154240220785,"not_danceable": 0.845759749413},"probability": 0.845759749413,"value": "not_danceable"},"gender": {"all": {"female": 0.93057924509,"male": 0.0694207400084},"probability": 0.93057924509,"value": "female"},"genre_dortmund": {"all": {"alternative": 0.114220403135,"blues": 0.233073592186,"electronic": 0.413566976786,"folkcountry": 0.0895982012153,"funksoulrnb": 0.00992448627949,"jazz": 0.064363181591,"pop": 0.012696698308,"raphiphop": 0.00768914772198,"rock": 0.054867323488},"probability": 0.413566976786,"value": "electronic"},"genre_electronic": {"all": {"ambient": 0.882360637188,"dnb": 0.00479057151824,"house": 0.0576020404696,"techno": 0.012521173805,"trance": 0.0427255704999},"probability": 0.882360637188,"value": "ambient"},"genre_rosamerica": {"all": {"cla": 0.516853153706,"dan": 0.000824270246085,"hip": 0.00104284181725,"jaz": 0.413383424282,"pop": 0.0188348144293,"rhy": 0.0391739532351,"roc": 0.00604801438749,"spe": 0.00383955193684},"probability": 0.516853153706,"value": "cla"},"genre_tzanetakis": {"all": {"blu": 0.0312065146863,"cla": 0.0134985232726,"cou": 0.039290830493,"dis": 0.0253389272839,"hip": 0.117897465825,"jaz": 0.653485834599,"met": 0.0170195195824,"pop": 0.0236309003085,"reg": 0.0550136640668,"roc": 0.0236178338528},"probability": 0.653485834599,"value": "jaz"},"ismir04_rhythm": {"all": {"ChaChaCha": 0.00269111874513,"Jive": 0.000698708638083,"Quickstep": 0.000494980951771,"Rumba-American": 0.00282969186082,"Rumba-International": 0.00101258454379,"Rumba-Misc": 0.00218975148164,"Samba": 0.00142557977233,"Tango": 0.0439391471446,"VienneseWaltz": 0.902547776699,"Waltz": 0.0421706549823},"probability": 0.902547776699,"value": "VienneseWaltz"},"mood_acoustic": {"all": {"acoustic": 0.939758956432,"not_acoustic": 0.0602410659194},"probability": 0.939758956432,"value": "acoustic"},"mood_aggressive": {"all": {"aggressive": 2.37543349613e-06,"not_aggressive": 0.999997615814},"probability": 0.999997615814,"value": "not_aggressive"},"mood_electronic": {"all": {"electronic": 0.254500061274,"not_electronic": 0.745499968529},"probability": 0.745499968529,"value": "not_electronic"},"mood_happy": {"all": {"happy": 0.441584676504,"not_happy": 0.558415353298},"probability": 0.558415353298,"value": "not_happy"},"mood_party": {"all": {"not_party": 0.959670186043,"party": 0.0403298251331},"probability": 0.959670186043,"value": "not_party"},"mood_relaxed": {"all": {"not_relaxed": 0.0280132573098,"relaxed": 0.97198677063},"probability": 0.97198677063,"value": "relaxed"},"mood_sad": {"all": {"not_sad": 0.100444898009,"sad": 0.89955508709},"probability": 0.89955508709,"value": "sad"},"moods_mirex": {"all": {"Cluster1": 0.0972582325339,"Cluster2": 0.417144268751,"Cluster3": 0.149975225329,"Cluster4": 0.216921970248,"Cluster5": 0.118700295687},"probability": 0.417144268751,"value": "Cluster2"},"timbre": {"all": {"bright": 0.170828104019,"dark": 0.829171895981},"probability": 0.829171895981,"value": "dark"},"tonal_atonal": {"all": {"atonal": 0.848250687122,"tonal": 0.151749327779},"probability": 0.848250687122,"value": "atonal"},"voice_instrumental": {"all": {"instrumental": 0.99999922514,"voice": 7.93280435119e-07},"probability": 0.99999922514,"value": "instrumental"}},"metadata": {"audio_properties": {"analysis_sample_rate": 44100,"bit_rate": 183234,"equal_loudness": 0,"length": 172.251434326,"lossless": 0,"replay_gain": -8.48477745056,"sample_rate": 44100,"codec": "mp3","downmix": "mix","md5_encoded": "fc9724f07d99a515b434763cdd5f6c55"},"tags": {"file_name": "08 Nino Rota - The Godfather, Part II - Remember Vito Andolini.mp3","album": ["The Godfather, Part II"],"albumartist": ["Nino Rota"],"albumartistsort": ["Rota, Nino"],"artist": ["Nino Rota"],"artistsort": ["Rota, Nino"],"catalognumber": ["ABDP-856"],"composer": ["Nino Rota"],"date": ["1974"],"discnumber": ["1\/1"],"label": ["ABC Records"],"media": ["Vinyl"],"musicbrainz album release country": ["US"],"musicbrainz album status": ["official"],"musicbrainz album type": ["album", "soundtrack"],"musicbrainz_albumartistid": ["d52ac009-4ed5-4d01-97d5-8280bb7dd460"],"musicbrainz_albumid": ["9571a765-134c-488e-ac37-064bec4a249a"],"musicbrainz_artistid": ["d52ac009-4ed5-4d01-97d5-8280bb7dd460"],"musicbrainz_recordingid": ["af0dec03-270c-4518-bc95-0c15a90de09b"],"musicbrainz_releasegroupid": ["6d7d5e18-d160-3739-a19f-19409e2da93b"],"musicbrainz_workid": ["3af1df47-44e1-34bb-9354-8d88dedc8a81"],"originaldate": ["1974"],"originalyear": ["1974"],"script": ["Latn"],"taggingdate": ["2006-08-12T18:38:33"],"title": ["Remember Vito Andolini"],"tracknumber": ["8\/14"],"work": ["Remember Vito Andolini"]},"version": {"highlevel": {"essentia": "2.1-beta5-dev","essentia_build_sha": "e74af04b57b164eed312abeef4963962215860f0","essentia_git_sha": "v2.1_beta4-499-g4013ebc","extractor": "music 2.0","gaia": "2.4.5","gaia_git_sha": "v2.4.4-44-g95f4851","models_essentia_git_sha": "v2.1_beta1"},"lowlevel": {"essentia": "2.1-beta2","essentia_build_sha": "2d9f1f26377add8aeb1075a9c2973f962c4f09fd","essentia_git_sha": "v2.1_beta2-1-ge3940c0","extractor": "music 1.0"}}}}