{"highlevel": {"danceability": {"all": {"danceable": 0.841647982597,"not_danceable": 0.158352002501},"probability": 0.841647982597,"value": "danceable"},"gender": {"all": {"female": 0.251109689474,"male": 0.748890280724},"probability": 0.748890280724,"value": "male"},"genre_dortmund": {"all": {"alternative": 0.149726629257,"blues": 0.0718866288662,"electronic": 0.560392439365,"folkcountry": 0.0610739514232,"funksoulrnb": 0.0101940687746,"jazz": 0.0116839306429,"pop": 0.0125671606511,"raphiphop": 0.00505999010056,"rock": 0.117415219545},"probability": 0.560392439365,"value": "electronic"},"genre_electronic": {"all": {"ambient": 0.228357225657,"dnb": 0.0401370227337,"house": 0.0769693702459,"techno": 0.0143447518349,"trance": 0.640191614628},"probability": 0.640191614628,"value": "trance"},"genre_rosamerica": {"all": {"cla": 0.00224826787598,"dan": 0.0660149306059,"hip": 0.00632792338729,"jaz": 0.0067563620396,"pop": 0.12741522491,"rhy": 0.00955650210381,"roc": 0.781045258045,"spe": 0.00063555635279},"probability": 0.781045258045,"value": "roc"},"genre_tzanetakis": {"all": {"blu": 0.0626613423228,"cla": 0.0348169617355,"cou": 0.104475811124,"dis": 0.0784321576357,"hip": 0.15692435205,"jaz": 0.313974827528,"met": 0.0448166541755,"pop": 0.0627359300852,"reg": 0.0627360641956,"roc": 0.0784258767962},"probability": 0.313974827528,"value": "jaz"},"ismir04_rhythm": {"all": {"ChaChaCha": 0.435273259878,"Jive": 0.136241018772,"Quickstep": 0.021997127682,"Rumba-American": 0.024440292269,"Rumba-International": 0.0204161051661,"Rumba-Misc": 0.020780403167,"Samba": 0.0469430498779,"Tango": 0.0467431135476,"VienneseWaltz": 0.231074631214,"Waltz": 0.0160910002887},"probability": 0.435273259878,"value": "ChaChaCha"},"mood_acoustic": {"all": {"acoustic": 0.0105515234172,"not_acoustic": 0.989448487759},"probability": 0.989448487759,"value": "not_acoustic"},"mood_aggressive": {"all": {"aggressive": 0.597398281097,"not_aggressive": 0.4026016891},"probability": 0.597398281097,"value": "aggressive"},"mood_electronic": {"all": {"electronic": 0.182501792908,"not_electronic": 0.817498207092},"probability": 0.817498207092,"value": "not_electronic"},"mood_happy": {"all": {"happy": 0.897409021854,"not_happy": 0.102590948343},"probability": 0.897409021854,"value": "happy"},"mood_party": {"all": {"not_party": 0.232437044382,"party": 0.767562925816},"probability": 0.767562925816,"value": "party"},"mood_relaxed": {"all": {"not_relaxed": 0.150208160281,"relaxed": 0.849791824818},"probability": 0.849791824818,"value": "relaxed"},"mood_sad": {"all": {"not_sad": 0.908416330814,"sad": 0.0915836468339},"probability": 0.908416330814,"value": "not_sad"},"moods_mirex": {"all": {"Cluster1": 0.143391266465,"Cluster2": 0.143452510238,"Cluster3": 0.173445776105,"Cluster4": 0.263363033533,"Cluster5": 0.27634742856},"probability": 0.27634742856,"value": "Cluster5"},"timbre": {"all": {"bright": 0.591189146042,"dark": 0.408810824156},"probability": 0.591189146042,"value": "bright"},"tonal_atonal": {"all": {"atonal": 0.579148352146,"tonal": 0.420851647854},"probability": 0.579148352146,"value": "atonal"},"voice_instrumental": {"all": {"instrumental": 0.00385838607326,"voice": 0.99614161253},"probability": 0.99614161253,"value": "voice"}},"metadata": {"audio_properties": {"analysis_sample_rate": 44100,"bit_rate": 160020,"equal_loudness": 0,"length": 212.192657471,"lossless": 0,"replay_gain": -15.7888660431,"sample_rate": 44100,"codec": "mp3","downmix": "mix","md5_encoded": "995cdea13759c795472998fa421c7257"},"tags": {"file_name": "Abused Romance - Overcome.mp3","album": ["Overcome"],"albumartist": ["Abused Romance"],"albumartistsort": ["Abused Romance"],"artist": ["Abused Romance"],"artistsort": ["Abused Romance"],"asin": ["B004V7G7ZA"],"date": ["2011"],"discnumber": ["1\/1"],"encoding": ["Lavf56.36.100"],"label": ["Bungalo Records\/Freeway Entertainment\/Universal Music Group Distribution"],"media": ["Digital Media"],"musicbrainz album release country": ["US"],"musicbrainz album status": ["official"],"musicbrainz album type": ["single"],"musicbrainz_albumartistid": ["5b20b024-5651-4a6f-b5d2-4cf7e5262bed"],"musicbrainz_albumid": ["71f984f1-8ae4-4d39-b0a2-7f4e6fb1e56c"],"musicbrainz_artistid": ["5b20b024-5651-4a6f-b5d2-4cf7e5262bed"],"musicbrainz_recordingid": ["af7aa727-a3b7-43a1-b11c-fec48c385a1d"],"musicbrainz_releasegroupid": ["ca0b7592-a6d6-429b-ac0b-2136774cb861"],"originaldate": ["2011"],"originalyear": ["2011"],"script": ["Latn"],"title": ["Overcome"],"tracknumber": ["1\/1"]},"version": {"highlevel": {"essentia": "2.1-beta5-dev","essentia_build_sha": "e74af04b57b164eed312abeef4963962215860f0","essentia_git_sha": "v2.1_beta4-499-g4013ebc","extractor": "music 2.0","gaia": "2.4.5","gaia_git_sha": "v2.4.4-44-g95f4851","models_essentia_git_sha": "v2.1_beta1"},"lowlevel": {"essentia": "2.1-beta2","essentia_build_sha": "70f2e5ece6736b2c40cc944ad0e695b16b925413","essentia_git_sha": "v2.1_beta2","extractor": "music 1.0"}}}}