{"highlevel": {"danceability": {"all": {"danceable": 0.17063780129,"not_danceable": 0.829362213612},"probability": 0.829362213612,"value": "not_danceable"},"gender": {"all": {"female": 0.488800436258,"male": 0.511199593544},"probability": 0.511199593544,"value": "male"},"genre_dortmund": {"all": {"alternative": 0.0752438679338,"blues": 0.0214885883033,"electronic": 0.855467438698,"folkcountry": 0.0209804698825,"funksoulrnb": 0.00131995289121,"jazz": 0.013754109852,"pop": 0.00274461065419,"raphiphop": 0.000583662069403,"rock": 0.00841732602566},"probability": 0.855467438698,"value": "electronic"},"genre_electronic": {"all": {"ambient": 0.8386708498,"dnb": 0.0143510233611,"house": 0.0517558641732,"techno": 0.00939733814448,"trance": 0.0858249217272},"probability": 0.8386708498,"value": "ambient"},"genre_rosamerica": {"all": {"cla": 0.0281351655722,"dan": 0.026493858546,"hip": 0.0102455280721,"jaz": 0.259201258421,"pop": 0.295993030071,"rhy": 0.191866964102,"roc": 0.177250251174,"spe": 0.0108139552176},"probability": 0.295993030071,"value": "pop"},"genre_tzanetakis": {"all": {"blu": 0.0626613423228,"cla": 0.0348169617355,"cou": 0.104475811124,"dis": 0.0784321576357,"hip": 0.15692435205,"jaz": 0.313974827528,"met": 0.0448166541755,"pop": 0.0627359300852,"reg": 0.0627360641956,"roc": 0.0784258767962},"probability": 0.313974827528,"value": "jaz"},"ismir04_rhythm": {"all": {"ChaChaCha": 0.00513866683468,"Jive": 0.00135232391767,"Quickstep": 0.000654675764963,"Rumba-American": 0.00689161429182,"Rumba-International": 0.00323428399861,"Rumba-Misc": 0.00422178814188,"Samba": 0.00320381461643,"Tango": 0.849442899227,"VienneseWaltz": 0.115987807512,"Waltz": 0.00987209379673},"probability": 0.849442899227,"value": "Tango"},"mood_acoustic": {"all": {"acoustic": 0.693368256092,"not_acoustic": 0.306631714106},"probability": 0.693368256092,"value": "acoustic"},"mood_aggressive": {"all": {"aggressive": 0.0631251782179,"not_aggressive": 0.936874806881},"probability": 0.936874806881,"value": "not_aggressive"},"mood_electronic": {"all": {"electronic": 0.458923518658,"not_electronic": 0.541076481342},"probability": 0.541076481342,"value": "not_electronic"},"mood_happy": {"all": {"happy": 0.0430006459355,"not_happy": 0.956999361515},"probability": 0.956999361515,"value": "not_happy"},"mood_party": {"all": {"not_party": 0.89254617691,"party": 0.107453837991},"probability": 0.89254617691,"value": "not_party"},"mood_relaxed": {"all": {"not_relaxed": 0.0122906425968,"relaxed": 0.987709343433},"probability": 0.987709343433,"value": "relaxed"},"mood_sad": {"all": {"not_sad": 0.609621524811,"sad": 0.390378475189},"probability": 0.609621524811,"value": "not_sad"},"moods_mirex": {"all": {"Cluster1": 0.196226105094,"Cluster2": 0.163673236966,"Cluster3": 0.322028398514,"Cluster4": 0.139674842358,"Cluster5": 0.178397417068},"probability": 0.322028398514,"value": "Cluster3"},"timbre": {"all": {"bright": 0.0214765071869,"dark": 0.978523492813},"probability": 0.978523492813,"value": "dark"},"tonal_atonal": {"all": {"atonal": 0.234806463122,"tonal": 0.765193521976},"probability": 0.765193521976,"value": "tonal"},"voice_instrumental": {"all": {"instrumental": 0.984936594963,"voice": 0.0150634134188},"probability": 0.984936594963,"value": "instrumental"}},"metadata": {"audio_properties": {"analysis_sample_rate": 44100,"bit_rate": 177111,"equal_loudness": 0,"length": 169.639190674,"lossless": 0,"replay_gain": -7.56281852722,"sample_rate": 44100,"codec": "mp3","downmix": "mix","md5_encoded": "86bcf90d9ca1ab898b7e1fb337b698cf"},"tags": {"file_name": "13 Paper Bubbles.mp3","album": ["The Third Hand"],"albumartist": ["RJD2"],"albumartistsort": ["RJD2"],"artist": ["RJD2"],"artistsort": ["RJD2"],"asin": ["B000MR9EQ2"],"barcode": ["634904026325"],"catalognumber": ["XLCD 263"],"contentgroup": ["Hip-Hop"],"date": ["2007-03-06"],"genre": ["Hip-Hop", "Rap", "Trip-Hop", "Turntablism", "Instrumental Hip-Hop"],"label": ["XL Recordings"],"mood": ["Chill", "Funky", "Mellow"],"musicbrainz album release country": ["US"],"musicbrainz album status": ["official"],"musicbrainz album type": ["album"],"musicbrainz_albumartistid": ["1a120ec5-35b3-4f3e-aa49-7201550d9feb"],"musicbrainz_albumid": ["9e89e7b9-83f8-4ddb-b751-10ba1e47f74f"],"musicbrainz_artistid": ["1a120ec5-35b3-4f3e-aa49-7201550d9feb"],"musicbrainz_recordingid": ["622e5a5b-434f-4a44-b8c7-2da3c3406de4"],"musicip_puid": ["37b04756-0582-8080-49c2-9f45d352d774"],"originaldate": ["2007-03-06"],"title": ["Paper Bubbles"],"tracknumber": ["13\/15"]},"version": {"highlevel": {"essentia": "2.1-beta5-dev","essentia_build_sha": "e74af04b57b164eed312abeef4963962215860f0","essentia_git_sha": "v2.1_beta4-499-g4013ebc","extractor": "music 2.0","gaia": "2.4.5","gaia_git_sha": "v2.4.4-44-g95f4851","models_essentia_git_sha": "v2.1_beta1"},"lowlevel": {"essentia": "2.1-beta2","essentia_build_sha": "70f2e5ece6736b2c40cc944ad0e695b16b925413","essentia_git_sha": "v2.1_beta2","extractor": "music 1.0"}}}}