{"highlevel": {"danceability": {"all": {"danceable": 7.65908498579e-06,"not_danceable": 0.999992370605},"probability": 0.999992370605,"value": "not_danceable"},"gender": {"all": {"female": 0.705837011337,"male": 0.294162988663},"probability": 0.705837011337,"value": "female"},"genre_dortmund": {"all": {"alternative": 0.0107303643599,"blues": 0.645121157169,"electronic": 0.0411458611488,"folkcountry": 0.1026936993,"funksoulrnb": 0.0105636455119,"jazz": 0.136233374476,"pop": 0.00851416494697,"raphiphop": 0.0103340707719,"rock": 0.0346636660397},"probability": 0.645121157169,"value": "blues"},"genre_electronic": {"all": {"ambient": 0.745843231678,"dnb": 0.0317299924791,"house": 0.161133572459,"techno": 0.0363167785108,"trance": 0.0249764341861},"probability": 0.745843231678,"value": "ambient"},"genre_rosamerica": {"all": {"cla": 0.137113064528,"dan": 0.00624923687428,"hip": 0.0422677583992,"jaz": 0.642772674561,"pop": 0.0301272757351,"rhy": 0.111560292542,"roc": 0.00637861154974,"spe": 0.0235310867429},"probability": 0.642772674561,"value": "jaz"},"genre_tzanetakis": {"all": {"blu": 0.0626613423228,"cla": 0.0348169617355,"cou": 0.104475811124,"dis": 0.0784321576357,"hip": 0.15692435205,"jaz": 0.313974827528,"met": 0.0448166541755,"pop": 0.0627359300852,"reg": 0.0627360641956,"roc": 0.0784258767962},"probability": 0.313974827528,"value": "jaz"},"ismir04_rhythm": {"all": {"ChaChaCha": 0.0940702110529,"Jive": 0.0210333932191,"Quickstep": 0.0267440173775,"Rumba-American": 0.0387914963067,"Rumba-International": 0.0113021228462,"Rumba-Misc": 0.0247559584677,"Samba": 0.158523023129,"Tango": 0.584071576595,"VienneseWaltz": 0.0265249088407,"Waltz": 0.0141832949594},"probability": 0.584071576595,"value": "Tango"},"mood_acoustic": {"all": {"acoustic": 0.99755102396,"not_acoustic": 0.00244899885729},"probability": 0.99755102396,"value": "acoustic"},"mood_aggressive": {"all": {"aggressive": 0.0194057468325,"not_aggressive": 0.980594277382},"probability": 0.980594277382,"value": "not_aggressive"},"mood_electronic": {"all": {"electronic": 0.451306343079,"not_electronic": 0.548693656921},"probability": 0.548693656921,"value": "not_electronic"},"mood_happy": {"all": {"happy": 0.974994897842,"not_happy": 0.0250051040202},"probability": 0.974994897842,"value": "happy"},"mood_party": {"all": {"not_party": 0.908856987953,"party": 0.0911430418491},"probability": 0.908856987953,"value": "not_party"},"mood_relaxed": {"all": {"not_relaxed": 0.207772806287,"relaxed": 0.792227208614},"probability": 0.792227208614,"value": "relaxed"},"mood_sad": {"all": {"not_sad": 0.47607973218,"sad": 0.523920297623},"probability": 0.523920297623,"value": "sad"},"moods_mirex": {"all": {"Cluster1": 0.128150075674,"Cluster2": 0.0952833741903,"Cluster3": 0.362386405468,"Cluster4": 0.0777114033699,"Cluster5": 0.336468756199},"probability": 0.362386405468,"value": "Cluster3"},"timbre": {"all": {"bright": 0.906590998173,"dark": 0.0934089943767},"probability": 0.906590998173,"value": "bright"},"tonal_atonal": {"all": {"atonal": 0.826594471931,"tonal": 0.17340554297},"probability": 0.826594471931,"value": "atonal"},"voice_instrumental": {"all": {"instrumental": 0.56017434597,"voice": 0.439825683832},"probability": 0.56017434597,"value": "instrumental"}},"metadata": {"audio_properties": {"analysis_sample_rate": 44100,"bit_rate": 0,"equal_loudness": 0,"length": 137.693328857,"lossless": 1,"replay_gain": -11.8581962585,"sample_rate": 44100,"codec": "flac","downmix": "mix","md5_encoded": "6d74205560b76d8c7c74942c81b960ab"},"tags": {"file_name": "12 Negrito Filomino.flac","acoustid_id": ["e18c4cb3-13a4-4a11-a645-37e47372e64b"],"album": ["The Ultimate Yma Sumac Collection"],"albumartist": ["Yma Sumac"],"albumartistsort": ["Sumac, Yma"],"artist": ["Yma Sumac"],"artistsort": ["Sumac, Yma"],"asin": ["B000031VZ7"],"barcode": ["724352143429"],"bpm": ["111"],"catalognumber": ["7243 5 21434 2 9"],"date": ["2000"],"discnumber": ["1"],"disctotal": ["1"],"genre": ["Exotica"],"isrc": ["USCA29901082"],"label": ["Capitol Records"],"media": ["CD"],"musicbrainz_albumartistid": ["53d86951-706c-41c8-9053-a713ea972395"],"musicbrainz_albumid": ["38017fc8-af97-4190-888d-d958aeba8df2"],"musicbrainz_artistid": ["53d86951-706c-41c8-9053-a713ea972395"],"musicbrainz_recordingid": ["62a83668-d315-4f25-a72a-b677f04ce470"],"musicbrainz_releasegroupid": ["064f8a58-c123-3001-81dd-1839b54b8864"],"musicbrainz_releasetrackid": ["05bd53f1-9bae-37c5-8815-38dd73f00b49"],"musicip_puid": ["f10b8e3c-70f7-f1c2-eff1-544defd00961"],"originaldate": ["2000"],"originalyear": ["2000"],"releasecountry": ["US"],"releasestatus": ["official"],"releasetype": ["album", "compilation"],"script": ["Latn"],"title": ["Negrito Filomino"],"totaldiscs": ["1"],"totaltracks": ["21"],"tracknumber": ["12"],"tracktotal": ["21"]},"version": {"highlevel": {"essentia": "2.1-beta5-dev","essentia_build_sha": "e74af04b57b164eed312abeef4963962215860f0","essentia_git_sha": "v2.1_beta4-499-g4013ebc","extractor": "music 2.0","gaia": "2.4.5","gaia_git_sha": "v2.4.4-44-g95f4851","models_essentia_git_sha": "v2.1_beta1"},"lowlevel": {"essentia": "2.1-beta2","essentia_build_sha": "2d9f1f26377add8aeb1075a9c2973f962c4f09fd","essentia_git_sha": "v2.1_beta2-1-ge3940c0","extractor": "music 1.0"}}}}