{"highlevel": {"danceability": {"all": {"danceable": 0.490279436111,"not_danceable": 0.509720563889},"probability": 0.509720563889,"value": "not_danceable"},"gender": {"all": {"female": 0.726665198803,"male": 0.273334771395},"probability": 0.726665198803,"value": "female"},"genre_dortmund": {"all": {"alternative": 0.00875517260283,"blues": 0.000917123630643,"electronic": 0.988620698452,"folkcountry": 0.000670113193337,"funksoulrnb": 1.72013260453e-05,"jazz": 0.000176178742549,"pop": 5.54467951588e-05,"raphiphop": 1.20393224279e-05,"rock": 0.000776035827585},"probability": 0.988620698452,"value": "electronic"},"genre_electronic": {"all": {"ambient": 0.183378562331,"dnb": 0.00978016853333,"house": 0.0378557182848,"techno": 0.0117708221078,"trance": 0.757214725018},"probability": 0.757214725018,"value": "trance"},"genre_rosamerica": {"all": {"cla": 0.00376412528567,"dan": 0.0154232000932,"hip": 0.00400489615276,"jaz": 0.0115633560345,"pop": 0.322431117296,"rhy": 0.0193628370762,"roc": 0.619790077209,"spe": 0.00366039364599},"probability": 0.619790077209,"value": "roc"},"genre_tzanetakis": {"all": {"blu": 0.0626613423228,"cla": 0.0348169617355,"cou": 0.104475811124,"dis": 0.0784321576357,"hip": 0.15692435205,"jaz": 0.313974827528,"met": 0.0448166541755,"pop": 0.0627359300852,"reg": 0.0627360641956,"roc": 0.0784258767962},"probability": 0.313974827528,"value": "jaz"},"ismir04_rhythm": {"all": {"ChaChaCha": 0.140400588512,"Jive": 0.121742904186,"Quickstep": 0.0160926543176,"Rumba-American": 0.0367028713226,"Rumba-International": 0.0172744970769,"Rumba-Misc": 0.0156239327043,"Samba": 0.0353294312954,"Tango": 0.276082754135,"VienneseWaltz": 0.329695850611,"Waltz": 0.0110545018688},"probability": 0.329695850611,"value": "VienneseWaltz"},"mood_acoustic": {"all": {"acoustic": 0.240831524134,"not_acoustic": 0.759168446064},"probability": 0.759168446064,"value": "not_acoustic"},"mood_aggressive": {"all": {"aggressive": 0.685764670372,"not_aggressive": 0.314235329628},"probability": 0.685764670372,"value": "aggressive"},"mood_electronic": {"all": {"electronic": 0.692366421223,"not_electronic": 0.307633578777},"probability": 0.692366421223,"value": "electronic"},"mood_happy": {"all": {"happy": 0.552471876144,"not_happy": 0.447528123856},"probability": 0.552471876144,"value": "happy"},"mood_party": {"all": {"not_party": 0.669469952583,"party": 0.330530077219},"probability": 0.669469952583,"value": "not_party"},"mood_relaxed": {"all": {"not_relaxed": 0.817825257778,"relaxed": 0.182174772024},"probability": 0.817825257778,"value": "not_relaxed"},"mood_sad": {"all": {"not_sad": 0.799345552921,"sad": 0.200654432178},"probability": 0.799345552921,"value": "not_sad"},"moods_mirex": {"all": {"Cluster1": 0.0916917622089,"Cluster2": 0.0792085155845,"Cluster3": 0.11084010452,"Cluster4": 0.0577305182815,"Cluster5": 0.660529077053},"probability": 0.660529077053,"value": "Cluster5"},"timbre": {"all": {"bright": 0.0574972555041,"dark": 0.942502737045},"probability": 0.942502737045,"value": "dark"},"tonal_atonal": {"all": {"atonal": 0.0589551143348,"tonal": 0.941044867039},"probability": 0.941044867039,"value": "tonal"},"voice_instrumental": {"all": {"instrumental": 0.476938009262,"voice": 0.523061990738},"probability": 0.523061990738,"value": "voice"}},"metadata": {"audio_properties": {"analysis_sample_rate": 44100,"bit_rate": 188786,"equal_loudness": 0,"length": 284.630218506,"lossless": 0,"replay_gain": -14.0209121704,"sample_rate": 44100,"codec": "mp3","downmix": "mix","md5_encoded": "a96948720c7ac6fdcec0251b56fd8d43"},"tags": {"file_name": "12 Love Out Me.mp3","acoustid_fingerprint": ["AQADtGOkbImiDf3R_PiROCly4eoF-MKtHI-PXNEePOFOPJaxP5guNCf-g01Sg3-DRqbQDzqe9ADzQ2-u4Fmlwh4O88F-eNAcoeYNX_DRZ3hG4xf-5JiiRawCRh-eNUYpHeYJfUPYJTuupAl6NA-P5qiFk8h1aAmZagjXD_hRPkFzPEdW6Ee4Hwejt8XRjEd74ZTYDE8U5UHikCp-NFcShB-OyElqnA2h5URH5Bjd4zgl1MqDM1GC_MMDTiQOT8ceRfCTGrvho8yJk2nwH7cCLT3CFdWR9Q88JYc-5B4uC54jqzhnoZmEI4caE2HmHP0-fLiHJssuhF8HnfiD8FHgNsePRvlRhkeTvzif4MvyIF94qBRfWFcRP5iJ56h1-GWO6siHO1Be5MzQlFeCJ8pxfoNVXAlBaoip4NAoJSv6Q9wtMCeFZwHiUwraaHIMn8GzyDhc5TpOohdeNFccGZdC2EjGIw8-RSO6F01u4bh5hJG4oIIuMURu9CyYPMoFOMRzNP_RX0mQky-eLNuhN0aWXBs6D8-Iv9h1pGfxHvLxITru7LhoCn2WJ_gY4JNicIcr4RVctYh_PGh-0Cuh5_jBKw_66EN65gj1HUeiUMoMJ2WOgrnxjIPrdGiO78gjqI1WwzrOo1LGQ1Q8hLoVfNlxnijCnIV-G3mPSuFhnYZ_1NI59NHBZNFEIidz4cOOUHfgP6h1XMGNxF2IPMeFV1GM5roS1NJxnFfwYCQavwgvZYTeIPpxlFnQvMNx6jF2HY9yJI-UEXlwKWhiUjGqlDl-gcdV4kxyhEdz6CH6B0ySF3oYNGOGcIlwHv-RC1qWOEUW7kEN54T1o3yJX0Yux3i1Y-sV_DI-rOGD5xIYUcd2ozrxH_rwG98R5jmuHNd0NLk-XJ_wcJgS_Wh_lEsd5IE4fciF5sfb4cePPEoVNIeyikHY_cJ9VIav9Ji-HF9iCV-KEJIcIfTwYpwdhNGhddKDPPrQ9Oh84MhHaJt8pG6OPjtxHyfCGNqRi6iu2fAjYvqRC-rRx0cuomijw18monF4fB9yHxek7IkDU3mRH4fzHS--H-ZuTM9wMkP0HzryDz-enUS-RlCPfBOaWMIfPMdzlNKHH-FziM-CI034o9fxI3wEX9B4_PihZehe5L-CfsUb1EqOH9c5hHGiGCVDqMoe9Ecqv-B64Up09MYd9JkRJmaMv8G1wLeQ7_hT9NEOa8ZPmFuO8cSDlIfKIV8Kn6TQeTHO4tpQpKwOMQ5jY54t5D7hXOhfPEa_w8uPMLNS6Bt4JcJ9aJl4IVxygbFKNM-JH1e7ocs-JMsSCsEfPPjx6LgO7jeKME8OHfORr1Xx7gl6ogni_LgJ7cijY7IkzMej8ahU5NKHrfkEXStS_ng5ODTRT8elEP1BTccTw4xWRNKhJ5KNmzn244qYQ22CUrKRHj9OccLDCpR7hORw4p1QJYNzT7BT9EMlwc-heSfOlDFCyriZ4D8mHnn64NEJXbiC7TluYW8hN5fxFeqL5inRHhc-TLqgecc65zijC7-I5jpqhRV0YhLF40RKeRN2nMYxNZ_Q5DJ60EuIH7kf6D76kMcp8rB0_Eau7eCVJMcTwdSFHrmgc8il47mDH5f04Gi-I8shP9i3HNeMijqR7oVjHv2OTzne5KiVIMxTQU9a5MeFfSTOIHvRnJkORY_x44f2xhleIa3QPsW14EH_wGcupEd_aE5oREr_4cmDm8GPpwuRp0FTalnBaHgDaUl7fIkR0jpcG3zSwzz64w98VsE3IV4SBp-gbMePvA72PPhHNFdyXES-CD60p0VOLWA-NIoyhcd1PDJ8IT_4B82YB8OVFJc44js-VMeJL4mQI8xRMovxST4Q5sZ0vai1D86PZ_AWhDe0H2FcC8e5GV2vgcpl5JsYiGOiIyxY6XiSozeabzitINeDa8fzQ7WgRQ3aI0_xMhWq70NzIXpQJ1LwfXD8QC4Nf0GPmAlOoc-yo7mO6JFwgT1kHc36BIxFxMxxFseFSUQ5XsGVoxlz9DoeDj9-3EXeC1N2aPbx6EMfpWhSDbcOncvxHFkyHeFz_GjiQ7vi4x2iC3n0YPrRcDfeHj8DPkd-lGzxwx-uK2iP99iJHP0hTmYR6UdbXXD2OOgldDuaj-qw58G_oNexMehzfEdFG1uDn_AzlDyxr8UlfMhRHbqEVM2IB1dOXMWzEP6QHzqJm8h34cSPa_AR4YR6B9-E6HixZ6GOPjqO_ISeB9FRHZY2HZ9y4fBX5CH0X3h0vNALv8F54w2i57h3fIjdY-LyFMUhnIri4zz0BL3wI89ovPRRm7BLInyO61DNEP2R6zg-HW8IH-HCfNC0HjmDPaFQ3UL4wpp4yK5wGn-IX9CRM4Ph1_jRkhVyEcd1aNovuMoRkqVwdD_8o2R4_EO7Y8p55MV56BryfuiOi4edE6V2_EPtw85U5FuEHx8XRij54cyR76jhTfhj5Mnh4zzED8enDxZU_UV-fMfxhUYv1KKP1B50fFl4XPjRJzvOvOif4AvBhBlOnNCPUD8akUfJZGiO_8GPpifCskh-48Er1D_64yfyQ4uTHwUEIR5CwSEgQAgCBANGEMEAIAQh4YAACDggDFGEMCCEYBZIx0wAwCgkDICCOC6As8ZdBAwAARDihEEUIwCANUwYJQGBAgAoBUPKQ8MRAcIIQwAjxAEAmAWCGAOEAwIQbgQAABghlAAAKiGAYEYJAAihBhCqgBAkACCFQAIMAgQRQgECCCECCWcM0gAQAJCRgAgGBAKSAQMEAMABp5lUQEkABUGCCUCAIIAABYQRSGgkkAGEQQ4EMMwQ8ARRgAAQjDGMGEGAAwQiBAACRkJkAAHOAkCBIwIwAwBUhCGEhAMEGCSEMQwRABCgAgCigELAAC8Jg0IIQogAxjMMDGDOMiGEAMYZA4RQQCohpQBAOUCFY4YMoZEBRhBDBFcCKSKEAIwwSKRgBlBAiRBKAmKlB0YYQBBRBmCkkDAMIWCRIEIAwYgAigkARBKAAQQAMAQRA4AyQAgHiACIOWGpQxIpgYxgkhAgGGDMQAeEEIYBwgAgSmlFERBOCCccRUwZRogwRgBgkAQSCQINIcZ4BARRAAIiFCEEAe6dAgIBb4QBwgDhgFEGCE-0UcYAgRgDVghFhFGKCsIEUwwppQggEACBODSCAMQQAQARAwAzgAlmGGAKMMYIJIIJR5gyyCBiEEBCEoIoI54wgARwgBkmjDQEGSGAclhAC4hQwiCjCGMCAWQM8gIQwBBBwgMBADDQQQMdhkA4IwBDjhILFAHCEUIEUYYxAA0ihCmABDLAMUEQ0QoKoiCBzjMAAAFACQeQAQwB6AxQCkKEJKACUQYQQYIgiwTTHiGjDADCKIMMOAYBIhQQxCACASMEMEEQQUAIoJxhRBCgBFKKGYGVQIAIZRATDBgnhALMGdMFIIgSARhAQgonmfAKSCQIYggCIoBgggkDlFGMQAoAMEIhZI0RxBhQhEDICEKIJVAIgYwAjgHgqAOMIMacIQQ"],"acoustid_id": ["7d098e15-a646-4c83-a100-4c87535b4116"],"album": ["The Rapture"],"albumartist": ["Siouxsie and the Banshees"],"albumartistsort": ["Siouxsie and the Banshees"],"artist": ["Siouxsie and the Banshees"],"artistsort": ["Siouxsie and the Banshees"],"barcode": ["7 20642 46301 7"],"catalognumber": ["GEF 24630"],"composer": ["Peter Clarke"],"date": ["1995"],"discnumber": ["01\/01"],"genre": ["Female vocalists"],"label": ["Geffen Records"],"language": ["eng"],"lyricist": ["Susan Janet Ballion"],"media": ["Vinyl"],"musicbrainz album release country": ["US"],"musicbrainz album status": ["Official"],"musicbrainz album type": ["Album"],"musicbrainz_albumartistid": ["78ea5ea1-3c4d-4b7e-ac5d-68900319ebe2"],"musicbrainz_albumid": ["0693bd61-0922-3b4a-8a0b-41f8cea463fb"],"musicbrainz_artistid": ["78ea5ea1-3c4d-4b7e-ac5d-68900319ebe2"],