{"highlevel": {"danceability": {"all": {"danceable": 0.372024327517,"not_danceable": 0.627975702286},"probability": 0.627975702286,"value": "not_danceable"},"gender": {"all": {"female": 0.995309889317,"male": 0.00469009112567},"probability": 0.995309889317,"value": "female"},"genre_dortmund": {"all": {"alternative": 0.139375820756,"blues": 0.104902841151,"electronic": 0.238409623504,"folkcountry": 0.265435963869,"funksoulrnb": 0.0143137993291,"jazz": 0.0384995937347,"pop": 0.0714919343591,"raphiphop": 0.0101063065231,"rock": 0.117464117706},"probability": 0.265435963869,"value": "folkcountry"},"genre_electronic": {"all": {"ambient": 0.707629680634,"dnb": 0.0538738742471,"house": 0.176295816898,"techno": 0.0150295337662,"trance": 0.0471710897982},"probability": 0.707629680634,"value": "ambient"},"genre_rosamerica": {"all": {"cla": 0.0155931916088,"dan": 0.00809749402106,"hip": 0.0077198385261,"jaz": 0.0264277886599,"pop": 0.715468168259,"rhy": 0.0909962579608,"roc": 0.132633715868,"spe": 0.00306351273321},"probability": 0.715468168259,"value": "pop"},"genre_tzanetakis": {"all": {"blu": 2.07100775331e-14,"cla": 1.13764673273e-14,"cou": 2.28104786849e-14,"dis": 1.51927285314e-14,"hip": 4.29852551123e-14,"jaz": 0.999999880791,"met": 2.0000017642e-08,"pop": 2.0000017642e-08,"reg": 1.66666822565e-08,"roc": 3.33333645131e-08},"probability": 0.999999880791,"value": "jaz"},"ismir04_rhythm": {"all": {"ChaChaCha": 0.835578620434,"Jive": 0.0217139814049,"Quickstep": 0.00393021479249,"Rumba-American": 0.0181875750422,"Rumba-International": 0.00887088477612,"Rumba-Misc": 0.00493400869891,"Samba": 0.00934254564345,"Tango": 0.0516825951636,"VienneseWaltz": 0.0413869097829,"Waltz": 0.00437268614769},"probability": 0.835578620434,"value": "ChaChaCha"},"mood_acoustic": {"all": {"acoustic": 0.300410687923,"not_acoustic": 0.699589312077},"probability": 0.699589312077,"value": "not_acoustic"},"mood_aggressive": {"all": {"aggressive": 0.13935251534,"not_aggressive": 0.860647499561},"probability": 0.860647499561,"value": "not_aggressive"},"mood_electronic": {"all": {"electronic": 0.0685954317451,"not_electronic": 0.931404590607},"probability": 0.931404590607,"value": "not_electronic"},"mood_happy": {"all": {"happy": 0.365715920925,"not_happy": 0.634284079075},"probability": 0.634284079075,"value": "not_happy"},"mood_party": {"all": {"not_party": 0.529440045357,"party": 0.470559954643},"probability": 0.529440045357,"value": "not_party"},"mood_relaxed": {"all": {"not_relaxed": 0.485816568136,"relaxed": 0.514183461666},"probability": 0.514183461666,"value": "relaxed"},"mood_sad": {"all": {"not_sad": 0.305271983147,"sad": 0.694728016853},"probability": 0.694728016853,"value": "sad"},"moods_mirex": {"all": {"Cluster1": 0.110185980797,"Cluster2": 0.61082726717,"Cluster3": 0.0863455981016,"Cluster4": 0.1637596488,"Cluster5": 0.0288814734668},"probability": 0.61082726717,"value": "Cluster2"},"timbre": {"all": {"bright": 0.999991953373,"dark": 8.05775925983e-06},"probability": 0.999991953373,"value": "bright"},"tonal_atonal": {"all": {"atonal": 0.574617028236,"tonal": 0.425382971764},"probability": 0.574617028236,"value": "atonal"},"voice_instrumental": {"all": {"instrumental": 0.0180302597582,"voice": 0.981969714165},"probability": 0.981969714165,"value": "voice"}},"metadata": {"audio_properties": {"analysis_sample_rate": 44100,"bit_rate": 0,"equal_loudness": 0,"length": 215.679992676,"lossless": 1,"replay_gain": -15.0117530823,"sample_rate": 44100,"codec": "flac","downmix": "mix","md5_encoded": "a2bb9ba919699b399bc20774ae9255a0"},"tags": {"file_name": "13 - Cross My Heart.flac","acoustid_id": ["929f02d4-86cb-431f-a1e4-a4dd3bca317a"],"album": ["Like The Deserts Miss The Rain"],"albumartist": ["Everything but the Girl"],"albumartistsort": ["Everything but the Girl"],"artist": ["Everything But The Girl"],"artistsort": ["Everything but the Girl"],"asin": ["B000025MHR"],"barcode": ["081227383824"],"bpm": ["96"],"catalognumber": ["5426162"],"compilation": ["1"],"composer": ["Ben Watt"],"composersort": ["Watt, Ben"],"date": ["2002"],"discnumber": ["1"],"disctotal": ["1"],"genre": ["Pop"],"isrc": ["GBAHT0200384"],"label": ["Blanco y Negro"],"language": ["eng"],"lyricist": ["Tracey Thorn"],"media": ["CD"],"musicbrainz_albumartistid": ["959cf5bf-ee29-4af6-a85a-0b480181d988"],"musicbrainz_albumid": ["e0cf04a8-a48d-3e83-aa59-5981b5edbdd6"],"musicbrainz_artistid": ["959cf5bf-ee29-4af6-a85a-0b480181d988"],"musicbrainz_recordingid": ["dae7fef4-d89c-40af-83d2-78eb2e2270e2"],"musicbrainz_releasegroupid": ["2b2cb1a8-ad05-33fb-ab4c-cd450b6672bb"],"musicbrainz_releasetrackid": ["e1b7c205-4c0f-3fc5-963b-3fa8b71969b6"],"musicbrainz_workid": ["4718bc95-82de-40ac-8933-1a1a2c23fc5e"],"musicip_puid": ["ce5ff59f-8610-a840-cd91-c883a660723b"],"originaldate": ["2002"],"originalyear": ["2002"],"releasecountry": ["GB"],"releasestatus": ["official"],"releasetype": ["album", "compilation"],"script": ["Latn"],"title": ["Cross My Heart"],"totaldiscs": ["1"],"totaltracks": ["16"],"tracknumber": ["13"],"tracktotal": ["16"],"work": ["Cross My Heart"]},"version": {"highlevel": {"essentia": "2.1-beta5-dev","essentia_build_sha": "e74af04b57b164eed312abeef4963962215860f0","essentia_git_sha": "v2.1_beta4-499-g4013ebc","extractor": "music 2.0","gaia": "2.4.5","gaia_git_sha": "v2.4.4-44-g95f4851","models_essentia_git_sha": "v2.1_beta1"},"lowlevel": {"essentia": "2.1-beta2","essentia_build_sha": "2d9f1f26377add8aeb1075a9c2973f962c4f09fd","essentia_git_sha": "v2.1_beta2-1-ge3940c0","extractor": "music 1.0"}}}}