{"highlevel": {"danceability": {"all": {"danceable": 0.0213414374739,"not_danceable": 0.978658556938},"probability": 0.978658556938,"value": "not_danceable"},"gender": {"all": {"female": 0.0551163852215,"male": 0.944883644581},"probability": 0.944883644581,"value": "male"},"genre_dortmund": {"all": {"alternative": 0.233768120408,"blues": 0.098259024322,"electronic": 0.151414632797,"folkcountry": 0.308812052011,"funksoulrnb": 0.0153016718104,"jazz": 0.026542507112,"pop": 0.0340215265751,"raphiphop": 0.0114096710458,"rock": 0.120470799506},"probability": 0.308812052011,"value": "folkcountry"},"genre_electronic": {"all": {"ambient": 0.725725114346,"dnb": 0.01688814722,"house": 0.15815345943,"techno": 0.0149869928136,"trance": 0.084246262908},"probability": 0.725725114346,"value": "ambient"},"genre_rosamerica": {"all": {"cla": 0.436492979527,"dan": 0.00786270573735,"hip": 0.012066447176,"jaz": 0.0083510549739,"pop": 0.0812826231122,"rhy": 0.344490408897,"roc": 0.104759663343,"spe": 0.00469412188977},"probability": 0.436492979527,"value": "cla"},"genre_tzanetakis": {"all": {"blu": 0.0626613423228,"cla": 0.0348169617355,"cou": 0.104475811124,"dis": 0.0784321576357,"hip": 0.15692435205,"jaz": 0.313974827528,"met": 0.0448166541755,"pop": 0.0627359300852,"reg": 0.0627360641956,"roc": 0.0784258767962},"probability": 0.313974827528,"value": "jaz"},"ismir04_rhythm": {"all": {"ChaChaCha": 0.0131949242204,"Jive": 0.00872130319476,"Quickstep": 0.00260673044249,"Rumba-American": 0.00210934667848,"Rumba-International": 0.00636327313259,"Rumba-Misc": 0.00416040560231,"Samba": 0.00400637416169,"Tango": 0.0563104376197,"VienneseWaltz": 0.885832250118,"Waltz": 0.0166949611157},"probability": 0.885832250118,"value": "VienneseWaltz"},"mood_acoustic": {"all": {"acoustic": 0.823735833168,"not_acoustic": 0.176264166832},"probability": 0.823735833168,"value": "acoustic"},"mood_aggressive": {"all": {"aggressive": 0.0140405986458,"not_aggressive": 0.985959410667},"probability": 0.985959410667,"value": "not_aggressive"},"mood_electronic": {"all": {"electronic": 0.0898976996541,"not_electronic": 0.910102307796},"probability": 0.910102307796,"value": "not_electronic"},"mood_happy": {"all": {"happy": 0.82160204649,"not_happy": 0.178397983313},"probability": 0.82160204649,"value": "happy"},"mood_party": {"all": {"not_party": 0.774989902973,"party": 0.225010082126},"probability": 0.774989902973,"value": "not_party"},"mood_relaxed": {"all": {"not_relaxed": 0.0925238206983,"relaxed": 0.907476186752},"probability": 0.907476186752,"value": "relaxed"},"mood_sad": {"all": {"not_sad": 0.349902659655,"sad": 0.650097370148},"probability": 0.650097370148,"value": "sad"},"moods_mirex": {"all": {"Cluster1": 0.113953106105,"Cluster2": 0.570995271206,"Cluster3": 0.105044074357,"Cluster4": 0.133478313684,"Cluster5": 0.0765292346478},"probability": 0.570995271206,"value": "Cluster2"},"timbre": {"all": {"bright": 0.899062156677,"dark": 0.100937843323},"probability": 0.899062156677,"value": "bright"},"tonal_atonal": {"all": {"atonal": 0.0813016593456,"tonal": 0.918698370457},"probability": 0.918698370457,"value": "tonal"},"voice_instrumental": {"all": {"instrumental": 0.00228490494192,"voice": 0.997715115547},"probability": 0.997715115547,"value": "voice"}},"metadata": {"audio_properties": {"analysis_sample_rate": 44100,"bit_rate": 192000,"equal_loudness": 0,"length": 238.288986206,"lossless": 0,"replay_gain": -9.98617172241,"sample_rate": 44100,"codec": "mp3","downmix": "mix","md5_encoded": "253e058cb965e80015b9f2462658a34c"},"tags": {"file_name": "332793.mp3","album": ["The Notorious Byrd Brothers"],"albumartist": ["The Byrds"],"artist": ["The Byrds"],"date": ["1997"],"musicbrainz_recordingid": ["402a4530-be4d-42ce-ba58-f5ba3652ac61"],"title": ["The Byrds - Goin Back(Version One)"],"tracknumber": ["8"]},"version": {"highlevel": {"essentia": "2.1-beta5-dev","essentia_build_sha": "e74af04b57b164eed312abeef4963962215860f0","essentia_git_sha": "v2.1_beta4-499-g4013ebc","extractor": "music 2.0","gaia": "2.4.5","gaia_git_sha": "v2.4.4-44-g95f4851","models_essentia_git_sha": "v2.1_beta1"},"lowlevel": {"essentia": "2.1-beta2","essentia_build_sha": "70f2e5ece6736b2c40cc944ad0e695b16b925413","essentia_git_sha": "v2.1_beta2","extractor": "music 1.0"}}}}