{"highlevel": {"danceability": {"all": {"danceable": 0.0896335318685,"not_danceable": 0.910366475582},"probability": 0.910366475582,"value": "not_danceable"},"gender": {"all": {"female": 0.981356918812,"male": 0.0186430998147},"probability": 0.981356918812,"value": "female"},"genre_dortmund": {"all": {"alternative": 0.0035078113433,"blues": 0.0037484022323,"electronic": 0.982950508595,"folkcountry": 0.00686231488362,"funksoulrnb": 0.000185222175787,"jazz": 0.00148242118303,"pop": 0.000171791631146,"raphiphop": 4.45898585895e-05,"rock": 0.00104692543391},"probability": 0.982950508595,"value": "electronic"},"genre_electronic": {"all": {"ambient": 0.662993013859,"dnb": 0.0102090593427,"house": 0.21758197248,"techno": 0.0218319427222,"trance": 0.0873839855194},"probability": 0.662993013859,"value": "ambient"},"genre_rosamerica": {"all": {"cla": 0.0252981260419,"dan": 0.00443201838061,"hip": 0.00682271551341,"jaz": 0.321682721376,"pop": 0.0806259959936,"rhy": 0.550061404705,"roc": 0.00493769301102,"spe": 0.00613931380212},"probability": 0.550061404705,"value": "rhy"},"genre_tzanetakis": {"all": {"blu": 0.0520262122154,"cla": 0.0346331112087,"cou": 0.103920027614,"dis": 0.0780705139041,"hip": 0.156075507402,"jaz": 0.312276780605,"met": 0.044576279819,"pop": 0.0624002255499,"reg": 0.0780116468668,"roc": 0.0780096948147},"probability": 0.312276780605,"value": "jaz"},"ismir04_rhythm": {"all": {"ChaChaCha": 0.0673619508743,"Jive": 0.0105830775574,"Quickstep": 0.0067700506188,"Rumba-American": 0.0273015089333,"Rumba-International": 0.0190304145217,"Rumba-Misc": 0.0153509182855,"Samba": 0.0146319940686,"Tango": 0.4013043046,"VienneseWaltz": 0.429477840662,"Waltz": 0.0081879440695},"probability": 0.429477840662,"value": "VienneseWaltz"},"mood_acoustic": {"all": {"acoustic": 0.838265299797,"not_acoustic": 0.161734685302},"probability": 0.838265299797,"value": "acoustic"},"mood_aggressive": {"all": {"aggressive": 0.048878736794,"not_aggressive": 0.951121270657},"probability": 0.951121270657,"value": "not_aggressive"},"mood_electronic": {"all": {"electronic": 0.319662958384,"not_electronic": 0.680337071419},"probability": 0.680337071419,"value": "not_electronic"},"mood_happy": {"all": {"happy": 0.846817970276,"not_happy": 0.153182029724},"probability": 0.846817970276,"value": "happy"},"mood_party": {"all": {"not_party": 0.720898449421,"party": 0.279101520777},"probability": 0.720898449421,"value": "not_party"},"mood_relaxed": {"all": {"not_relaxed": 0.45557025075,"relaxed": 0.544429779053},"probability": 0.544429779053,"value": "relaxed"},"mood_sad": {"all": {"not_sad": 0.47376292944,"sad": 0.52623707056},"probability": 0.52623707056,"value": "sad"},"moods_mirex": {"all": {"Cluster1": 0.090722553432,"Cluster2": 0.203077837825,"Cluster3": 0.302800625563,"Cluster4": 0.301638543606,"Cluster5": 0.101760454476},"probability": 0.302800625563,"value": "Cluster3"},"timbre": {"all": {"bright": 0.863876283169,"dark": 0.13612370193},"probability": 0.863876283169,"value": "bright"},"tonal_atonal": {"all": {"atonal": 0.871588170528,"tonal": 0.12841181457},"probability": 0.871588170528,"value": "atonal"},"voice_instrumental": {"all": {"instrumental": 0.0107703106478,"voice": 0.989229679108},"probability": 0.989229679108,"value": "voice"}},"metadata": {"audio_properties": {"analysis_sample_rate": 44100,"bit_rate": 0,"equal_loudness": 0,"length": 213.413330078,"lossless": 1,"replay_gain": -13.1468791962,"sample_rate": 44100,"codec": "flac","downmix": "mix","md5_encoded": "6c04c9b2e011df4ea9b58a779eeeb270"},"tags": {"file_name": "12. Michael Jackson - With a Child's Heart.flac","acoustid_id": ["2f827429-cb5e-47ff-a90a-eb33f61f8963"],"album": ["The Definitive Collection"],"albumartist": ["Michael Jackson"],"albumartistsort": ["Jackson, Michael"],"artist": ["Michael Jackson"],"artistsort": ["Jackson, Michael"],"asin": ["B002GYHIX0"],"barcode": ["602527147833"],"bpm": ["0"],"catalognumber": ["B0013297-02"],"compilation": ["1"],"date": ["2009-08-25"],"discnumber": ["1"],"disctotal": ["1"],"genre": ["Pop"],"isrc": ["USMO17300556"],"label": ["Motown Records"],"language": ["eng"],"media": ["CD"],"musicbrainz_albumartistid": ["f27ec8db-af05-4f36-916e-3d57f91ecf5e"],"musicbrainz_albumid": ["4b8f3b4a-b072-426f-9709-f869f20d47d4"],"musicbrainz_artistid": ["f27ec8db-af05-4f36-916e-3d57f91ecf5e"],"musicbrainz_recordingid": ["b93f793d-9e5b-4800-9ad0-e5a149304751"],"musicbrainz_releasegroupid": ["1894d357-8af9-4499-95f1-a59672b02824"],"musicbrainz_releasetrackid": ["86e319da-b2aa-3417-a75c-1d7ea849dfa4"],"originaldate": ["2009-08-25"],"originalyear": ["2009"],"releasecountry": ["US"],"releasestatus": ["official"],"releasetype": ["album", "compilation"],"script": ["Latn"],"title": ["With a Child's Heart"],"totaldiscs": ["1"],"totaltracks": ["19"],"tracknumber": ["12"],"tracktotal": ["19"]},"version": {"highlevel": {"essentia": "2.1-beta5-dev","essentia_build_sha": "e74af04b57b164eed312abeef4963962215860f0","essentia_git_sha": "v2.1_beta4-499-g4013ebc","extractor": "music 2.0","gaia": "2.4.5","gaia_git_sha": "v2.4.4-44-g95f4851","models_essentia_git_sha": "v2.1_beta1"},"lowlevel": {"essentia": "2.1-beta2","essentia_build_sha": "70f2e5ece6736b2c40cc944ad0e695b16b925413","essentia_git_sha": "v2.1_beta2","extractor": "music 1.0"}}}}