{"highlevel": {"danceability": {"all": {"danceable": 0.911849975586,"not_danceable": 0.0881499946117},"probability": 0.911849975586,"value": "danceable"},"gender": {"all": {"female": 0.153046786785,"male": 0.846953213215},"probability": 0.846953213215,"value": "male"},"genre_dortmund": {"all": {"alternative": 0.0331832058728,"blues": 0.0114072104916,"electronic": 0.88872474432,"folkcountry": 0.034487824887,"funksoulrnb": 0.00170418829657,"jazz": 0.0102767227218,"pop": 0.00417432235554,"raphiphop": 0.00107071502134,"rock": 0.014971094206},"probability": 0.88872474432,"value": "electronic"},"genre_electronic": {"all": {"ambient": 0.546140491962,"dnb": 0.0697607845068,"house": 0.178334966302,"techno": 0.0278398059309,"trance": 0.177923947573},"probability": 0.546140491962,"value": "ambient"},"genre_rosamerica": {"all": {"cla": 0.00321753672324,"dan": 0.0482644997537,"hip": 0.0299961194396,"jaz": 0.0153552517295,"pop": 0.780607104301,"rhy": 0.0666776224971,"roc": 0.0540167056024,"spe": 0.00186517101247},"probability": 0.780607104301,"value": "pop"},"genre_tzanetakis": {"all": {"blu": 0.0620671063662,"cla": 0.034474901855,"cou": 0.103433981538,"dis": 0.0620971247554,"hip": 0.15527240932,"jaz": 0.310666948557,"met": 0.044346679002,"pop": 0.0620793737471,"reg": 0.0620816536248,"roc": 0.103479810059},"probability": 0.310666948557,"value": "jaz"},"ismir04_rhythm": {"all": {"ChaChaCha": 0.830697417259,"Jive": 0.0214867498726,"Quickstep": 0.00438172323629,"Rumba-American": 0.0166151542217,"Rumba-International": 0.0134970527142,"Rumba-Misc": 0.00523442029953,"Samba": 0.0214640423656,"Tango": 0.0497593656182,"VienneseWaltz": 0.0331554524601,"Waltz": 0.00370859820396},"probability": 0.830697417259,"value": "ChaChaCha"},"mood_acoustic": {"all": {"acoustic": 0.0925503224134,"not_acoustic": 0.907449662685},"probability": 0.907449662685,"value": "not_acoustic"},"mood_aggressive": {"all": {"aggressive": 0.0781636014581,"not_aggressive": 0.92183637619},"probability": 0.92183637619,"value": "not_aggressive"},"mood_electronic": {"all": {"electronic": 0.420503050089,"not_electronic": 0.579496920109},"probability": 0.579496920109,"value": "not_electronic"},"mood_happy": {"all": {"happy": 0.474495202303,"not_happy": 0.525504767895},"probability": 0.525504767895,"value": "not_happy"},"mood_party": {"all": {"not_party": 0.513117492199,"party": 0.486882507801},"probability": 0.513117492199,"value": "not_party"},"mood_relaxed": {"all": {"not_relaxed": 0.253630310297,"relaxed": 0.746369719505},"probability": 0.746369719505,"value": "relaxed"},"mood_sad": {"all": {"not_sad": 0.586702108383,"sad": 0.413297891617},"probability": 0.586702108383,"value": "not_sad"},"moods_mirex": {"all": {"Cluster1": 0.131105720997,"Cluster2": 0.224206447601,"Cluster3": 0.140501409769,"Cluster4": 0.141861975193,"Cluster5": 0.36232444644},"probability": 0.36232444644,"value": "Cluster5"},"timbre": {"all": {"bright": 0.954174697399,"dark": 0.0458253100514},"probability": 0.954174697399,"value": "bright"},"tonal_atonal": {"all": {"atonal": 0.612600147724,"tonal": 0.387399852276},"probability": 0.612600147724,"value": "atonal"},"voice_instrumental": {"all": {"instrumental": 0.0304254740477,"voice": 0.969574511051},"probability": 0.969574511051,"value": "voice"}},"metadata": {"audio_properties": {"analysis_sample_rate": 44100,"bit_rate": 192000,"equal_loudness": 0,"length": 223.425308228,"lossless": 0,"replay_gain": -14.9125385284,"sample_rate": 44100,"codec": "mp3","downmix": "mix","md5_encoded": "f87487632baf08cfc62458f3b2bd0dee"},"tags": {"file_name": "Seal - Waiting for You.mp3","album": ["Best 1991-2004"],"albumartist": ["Seal"],"albumartistsort": ["Seal"],"artist": ["Seal"],"artistsort": ["Seal"],"asin": ["B00063F8BW"],"bpm": ["99"],"contentgroup": ["Pop"],"date": ["2005"],"discnumber": ["1\/2"],"discsubtitle": ["Original Version of the Hits"],"genre": ["Soul; Pop Rock; Adult Contemporary; Piano"],"isrc": ["USWB10301387"],"media": ["CD"],"mood": ["Happy; Funky; Relaxed; Soulful; Uplifting"],"musicbrainz album release country": ["US"],"musicbrainz album status": ["official"],"musicbrainz album type": ["album; compilation"],"musicbrainz_albumartistid": ["f053ae01-dae6-4aae-9883-e8c279fdbef4"],"musicbrainz_albumid": ["e440ef9d-9b4b-4eb0-83de-1bff84140b96"],"musicbrainz_artistid": ["f053ae01-dae6-4aae-9883-e8c279fdbef4"],"musicbrainz_recordingid": ["f62a2179-d862-407f-9987-7f301112ef33"],"musicbrainz_releasegroupid": ["df579cac-fbd6-3444-917b-57deeb952f53"],"musicip_puid": ["a55a4a61-1db9-a9f6-ceb6-4d3f245b4fe2"],"originaldate": ["2004"],"originalyear": ["2004"],"script": ["Latn"],"title": ["Waiting for You"],"tracknumber": ["5\/14"]},"version": {"highlevel": {"essentia": "2.1-beta5-dev","essentia_build_sha": "e74af04b57b164eed312abeef4963962215860f0","essentia_git_sha": "v2.1_beta4-499-g4013ebc","extractor": "music 2.0","gaia": "2.4.5","gaia_git_sha": "v2.4.4-44-g95f4851","models_essentia_git_sha": "v2.1_beta1"},"lowlevel": {"essentia": "2.1-beta2","essentia_build_sha": "70f2e5ece6736b2c40cc944ad0e695b16b925413","essentia_git_sha": "v2.1_beta2","extractor": "music 1.0"}}}}