{"highlevel": {"danceability": {"all": {"danceable": 0.416461259127,"not_danceable": 0.583538770676},"probability": 0.583538770676,"value": "not_danceable"},"gender": {"all": {"female": 0.976958036423,"male": 0.023041954264},"probability": 0.976958036423,"value": "female"},"genre_dortmund": {"all": {"alternative": 1.75193111971e-14,"blues": 2.20098021568e-14,"electronic": 0.999999761581,"folkcountry": 1.99315888239e-08,"funksoulrnb": 2.10705888293e-08,"jazz": 7.33703444666e-08,"pop": 1.54161394761e-08,"raphiphop": 2.67305733104e-08,"rock": 9.55145011972e-08},"probability": 0.999999761581,"value": "electronic"},"genre_electronic": {"all": {"ambient": 0.549738943577,"dnb": 0.00786986667663,"house": 0.0140267955139,"techno": 0.22310718894,"trance": 0.205257222056},"probability": 0.549738943577,"value": "ambient"},"genre_rosamerica": {"all": {"cla": 0.00347902532667,"dan": 0.000602695741691,"hip": 0.00295478478074,"jaz": 0.969222307205,"pop": 0.000733202847186,"rhy": 0.0185017809272,"roc": 0.0012272587046,"spe": 0.00327894720249},"probability": 0.969222307205,"value": "jaz"},"genre_tzanetakis": {"all": {"blu": 0.0626613423228,"cla": 0.0348169617355,"cou": 0.104475811124,"dis": 0.0784321576357,"hip": 0.15692435205,"jaz": 0.313974827528,"met": 0.0448166541755,"pop": 0.0627359300852,"reg": 0.0627360641956,"roc": 0.0784258767962},"probability": 0.313974827528,"value": "jaz"},"ismir04_rhythm": {"all": {"ChaChaCha": 0.113303944468,"Jive": 0.0353600233793,"Quickstep": 0.0250639095902,"Rumba-American": 0.0431509464979,"Rumba-International": 0.0194938089699,"Rumba-Misc": 0.0385199524462,"Samba": 0.0499640293419,"Tango": 0.278550356627,"VienneseWaltz": 0.371969997883,"Waltz": 0.0246230345219},"probability": 0.371969997883,"value": "VienneseWaltz"},"mood_acoustic": {"all": {"acoustic": 0.818359494209,"not_acoustic": 0.18164049089},"probability": 0.818359494209,"value": "acoustic"},"mood_aggressive": {"all": {"aggressive": 0.121929965913,"not_aggressive": 0.878070056438},"probability": 0.878070056438,"value": "not_aggressive"},"mood_electronic": {"all": {"electronic": 0.964916884899,"not_electronic": 0.0350831225514},"probability": 0.964916884899,"value": "electronic"},"mood_happy": {"all": {"happy": 0.0545207373798,"not_happy": 0.945479273796},"probability": 0.945479273796,"value": "not_happy"},"mood_party": {"all": {"not_party": 0.768766701221,"party": 0.231233283877},"probability": 0.768766701221,"value": "not_party"},"mood_relaxed": {"all": {"not_relaxed": 0.17922116816,"relaxed": 0.820778846741},"probability": 0.820778846741,"value": "relaxed"},"mood_sad": {"all": {"not_sad": 0.647789955139,"sad": 0.352210044861},"probability": 0.647789955139,"value": "not_sad"},"moods_mirex": {"all": {"Cluster1": 0.077222071588,"Cluster2": 0.0444039516151,"Cluster3": 0.227748587728,"Cluster4": 0.0306326299906,"Cluster5": 0.619992733002},"probability": 0.619992733002,"value": "Cluster5"},"timbre": {"all": {"bright": 0.995917499065,"dark": 0.004082523752},"probability": 0.995917499065,"value": "bright"},"tonal_atonal": {"all": {"atonal": 0.694940626621,"tonal": 0.305059343576},"probability": 0.694940626621,"value": "atonal"},"voice_instrumental": {"all": {"instrumental": 0.999999940395,"voice": 3.19935615778e-08},"probability": 0.999999940395,"value": "instrumental"}},"metadata": {"audio_properties": {"analysis_sample_rate": 44100,"bit_rate": 0,"equal_loudness": 0,"length": 1202.10668945,"lossless": 1,"replay_gain": -9.64585876465,"sample_rate": 44100,"codec": "flac","downmix": "mix","md5_encoded": "86a0763e7e70202de03858cf03018c4a"},"tags": {"file_name": "05 - No Blues.flac","acoustid_id": ["e8fe05b9-ac02-4e09-8c9d-b404ac77fc0a"],"album": ["The Complete Live At The Plugged Nickel 1965 (Disc7: December 23 1965, Third Set)"],"albumartist": ["Miles Davis"],"albumartistsort": ["Davis, Miles"],"artist": ["Miles Davis"],"artistsort": ["Davis, Miles"],"asin": ["B000002B01"],"barcode": ["074646695524"],"catalognumber": ["66956", "66957", "66958", "66959", "66960", "66961", "66962", "67095"],"date": ["1995-07-18"],"discnumber": ["7"],"discsubtitle": ["December 23 1965, third set"],"disctotal": ["8"],"genre": ["Jazz"],"label": ["Legacy", "Legacy", "Legacy", "Legacy", "Legacy", "Legacy", "Legacy", "Legacy"],"media": ["CD"],"musicbrainz_albumartistid": ["561d854a-6a28-4aa7-8c99-323e6ce46c2a"],"musicbrainz_albumid": ["12df4b65-a928-4424-ae95-1df40303a774"],"musicbrainz_artistid": ["561d854a-6a28-4aa7-8c99-323e6ce46c2a"],"musicbrainz_recordingid": ["f6360f91-ba81-44ef-930d-a2462795a42f"],"musicbrainz_releasegroupid": ["37edb7ba-afbc-3d4e-a1b0-6b337ddda825"],"originaldate": ["1995-07-18"],"releasecountry": ["XW"],"releasestatus": ["official"],"releasetype": ["album", "live"],"script": ["Latn"],"title": ["No Blues"],"tracknumber": ["5"],"tracktotal": ["6"]},"version": {"highlevel": {"essentia": "2.1-beta5-dev","essentia_build_sha": "e74af04b57b164eed312abeef4963962215860f0","essentia_git_sha": "v2.1_beta4-499-g4013ebc","extractor": "music 2.0","gaia": "2.4.5","gaia_git_sha": "v2.4.4-44-g95f4851","models_essentia_git_sha": "v2.1_beta1"},"lowlevel": {"essentia": "2.1-beta2","essentia_build_sha": "2d9f1f26377add8aeb1075a9c2973f962c4f09fd","essentia_git_sha": "v2.1_beta2-1-ge3940c0","extractor": "music 1.0"}}}}