{"highlevel": {"danceability": {"all": {"danceable": 0.0274456255138,"not_danceable": 0.972554385662},"probability": 0.972554385662,"value": "not_danceable"},"gender": {"all": {"female": 0.939866364002,"male": 0.0601336173713},"probability": 0.939866364002,"value": "female"},"genre_dortmund": {"all": {"alternative": 0.200929179788,"blues": 0.061013020575,"electronic": 0.442229032516,"folkcountry": 0.0616959482431,"funksoulrnb": 0.0151738468558,"jazz": 0.0258160214871,"pop": 0.0375545062125,"raphiphop": 0.00863691512495,"rock": 0.146951541305},"probability": 0.442229032516,"value": "electronic"},"genre_electronic": {"all": {"ambient": 0.276867896318,"dnb": 0.137660190463,"house": 0.16273252666,"techno": 0.0236826092005,"trance": 0.399056792259},"probability": 0.399056792259,"value": "trance"},"genre_rosamerica": {"all": {"cla": 0.0127465138212,"dan": 0.0155026931316,"hip": 0.242490619421,"jaz": 0.010708344169,"pop": 0.150493532419,"rhy": 0.0569854527712,"roc": 0.507192313671,"spe": 0.00388051313348},"probability": 0.507192313671,"value": "roc"},"genre_tzanetakis": {"all": {"blu": 0.0626613423228,"cla": 0.0348169617355,"cou": 0.104475811124,"dis": 0.0784321576357,"hip": 0.15692435205,"jaz": 0.313974827528,"met": 0.0448166541755,"pop": 0.0627359300852,"reg": 0.0627360641956,"roc": 0.0784258767962},"probability": 0.313974827528,"value": "jaz"},"ismir04_rhythm": {"all": {"ChaChaCha": 0.789868474007,"Jive": 0.180893182755,"Quickstep": 0.000396275951061,"Rumba-American": 0.000785605283454,"Rumba-International": 0.000604019209277,"Rumba-Misc": 0.00022685888689,"Samba": 0.00478940084577,"Tango": 0.000420653057517,"VienneseWaltz": 0.0218566656113,"Waltz": 0.000158847513376},"probability": 0.789868474007,"value": "ChaChaCha"},"mood_acoustic": {"all": {"acoustic": 1.75495752046e-05,"not_acoustic": 0.999982476234},"probability": 0.999982476234,"value": "not_acoustic"},"mood_aggressive": {"all": {"aggressive": 0.883682250977,"not_aggressive": 0.116317734122},"probability": 0.883682250977,"value": "aggressive"},"mood_electronic": {"all": {"electronic": 0.562503039837,"not_electronic": 0.437496960163},"probability": 0.562503039837,"value": "electronic"},"mood_happy": {"all": {"happy": 0.553028464317,"not_happy": 0.446971535683},"probability": 0.553028464317,"value": "happy"},"mood_party": {"all": {"not_party": 0.107442200184,"party": 0.892557799816},"probability": 0.892557799816,"value": "party"},"mood_relaxed": {"all": {"not_relaxed": 0.997670710087,"relaxed": 0.00232928129844},"probability": 0.997670710087,"value": "not_relaxed"},"mood_sad": {"all": {"not_sad": 0.952041447163,"sad": 0.0479585789144},"probability": 0.952041447163,"value": "not_sad"},"moods_mirex": {"all": {"Cluster1": 0.193773686886,"Cluster2": 0.170356974006,"Cluster3": 0.0381828099489,"Cluster4": 0.0501342378557,"Cluster5": 0.547552287579},"probability": 0.547552287579,"value": "Cluster5"},"timbre": {"all": {"bright": 0.135199293494,"dark": 0.864800691605},"probability": 0.864800691605,"value": "dark"},"tonal_atonal": {"all": {"atonal": 0.896610856056,"tonal": 0.103389151394},"probability": 0.896610856056,"value": "atonal"},"voice_instrumental": {"all": {"instrumental": 0.00992392655462,"voice": 0.990076065063},"probability": 0.990076065063,"value": "voice"}},"metadata": {"audio_properties": {"analysis_sample_rate": 44100,"bit_rate": 0,"equal_loudness": 0,"length": 200.026672363,"lossless": 1,"replay_gain": -9.76591682434,"sample_rate": 44100,"codec": "flac","downmix": "mix","md5_encoded": "24978a7d9ca2c9c5a70ffb1c7c92f2ec"},"tags": {"file_name": "03 Rock On.flac","acoustid_id": ["545160be-91ea-4835-8f90-80a2a22b4a2b"],"album": ["Doro"],"albumartist": ["Doro"],"albumartistsort": ["Doro"],"artist": ["Doro"],"artistsort": ["Doro"],"asin": ["B000006YB7"],"barcode": ["042284619424"],"catalognumber": ["846 194-2"],"date": ["1990-05"],"discnumber": ["1"],"disctotal": ["1"],"engineer": ["Pat Regan"],"label": ["Vertigo"],"language": ["eng"],"media": ["CD"],"mixer": ["Pat Regan"],"musicbrainz_albumartistid": ["f3e5d65a-0510-4dd2-8bfb-0d06e86b6035"],"musicbrainz_albumid": ["ea160acd-fa41-43fa-b35d-80c921403919"],"musicbrainz_artistid": ["f3e5d65a-0510-4dd2-8bfb-0d06e86b6035"],"musicbrainz_recordingid": ["f6aa3d84-3b57-4f3c-b423-283b83c46fc4"],"musicbrainz_releasegroupid": ["cc73775a-ba09-3595-9a7d-c5fbf4c5e781"],"musicbrainz_releasetrackid": ["db0bc88c-9674-3502-acbf-0f921b68b6da"],"musicbrainz_workid": ["16207da2-5c50-4156-94ca-cbcb663b9309"],"originaldate": ["1990-05"],"originalyear": ["1990"],"performer": ["Doro Pesch (lead vocals)"],"releasecountry": ["DE"],"releasestatus": ["official"],"releasetype": ["album"],"script": ["Latn"],"title": ["Rock On"],"tracknumber": ["3"],"tracktotal": ["10"],"work": ["Rock On"],"writer": ["Gene Simmons", "Jaime St. James", "Tommy Thayer"]},"version": {"highlevel": {"essentia": "2.1-beta5-dev","essentia_build_sha": "e74af04b57b164eed312abeef4963962215860f0","essentia_git_sha": "v2.1_beta4-499-g4013ebc","extractor": "music 2.0","gaia": "2.4.5","gaia_git_sha": "v2.4.4-44-g95f4851","models_essentia_git_sha": "v2.1_beta1"},"lowlevel": {"essentia": "2.1-beta2","essentia_build_sha": "2d9f1f26377add8aeb1075a9c2973f962c4f09fd","essentia_git_sha": "v2.1_beta2-1-ge3940c0","extractor": "music 1.0"}}}}