{"highlevel": {"danceability": {"all": {"danceable": 0.278288304806,"not_danceable": 0.721711695194},"probability": 0.721711695194,"value": "not_danceable"},"gender": {"all": {"female": 0.84288674593,"male": 0.157113239169},"probability": 0.84288674593,"value": "female"},"genre_dortmund": {"all": {"alternative": 0.0120833814144,"blues": 0.00131787906867,"electronic": 0.983058512211,"folkcountry": 0.00163390196394,"funksoulrnb": 4.95154490636e-05,"jazz": 0.000777686247602,"pop": 0.000137130642543,"raphiphop": 3.30510119966e-05,"rock": 0.000908969610464},"probability": 0.983058512211,"value": "electronic"},"genre_electronic": {"all": {"ambient": 0.602769494057,"dnb": 0.00794950034469,"house": 0.0495995208621,"techno": 0.0139782913029,"trance": 0.325703173876},"probability": 0.602769494057,"value": "ambient"},"genre_rosamerica": {"all": {"cla": 0.0398896895349,"dan": 0.141085982323,"hip": 0.0162788350135,"jaz": 0.0568159110844,"pop": 0.165263921022,"rhy": 0.0414818637073,"roc": 0.528933465481,"spe": 0.0102503104135},"probability": 0.528933465481,"value": "roc"},"genre_tzanetakis": {"all": {"blu": 0.0626613423228,"cla": 0.0348169617355,"cou": 0.104475811124,"dis": 0.0784321576357,"hip": 0.15692435205,"jaz": 0.313974827528,"met": 0.0448166541755,"pop": 0.0627359300852,"reg": 0.0627360641956,"roc": 0.0784258767962},"probability": 0.313974827528,"value": "jaz"},"ismir04_rhythm": {"all": {"ChaChaCha": 0.107827611268,"Jive": 0.116646967828,"Quickstep": 0.0161125697196,"Rumba-American": 0.0519269220531,"Rumba-International": 0.0211398545653,"Rumba-Misc": 0.0192943736911,"Samba": 0.0415516793728,"Tango": 0.311974972486,"VienneseWaltz": 0.300298184156,"Waltz": 0.0132268648595},"probability": 0.311974972486,"value": "Tango"},"mood_acoustic": {"all": {"acoustic": 0.137166202068,"not_acoustic": 0.862833797932},"probability": 0.862833797932,"value": "not_acoustic"},"mood_aggressive": {"all": {"aggressive": 0.379587203264,"not_aggressive": 0.620412826538},"probability": 0.620412826538,"value": "not_aggressive"},"mood_electronic": {"all": {"electronic": 0.867188036442,"not_electronic": 0.132811993361},"probability": 0.867188036442,"value": "electronic"},"mood_happy": {"all": {"happy": 0.355033159256,"not_happy": 0.644966840744},"probability": 0.644966840744,"value": "not_happy"},"mood_party": {"all": {"not_party": 0.528793990612,"party": 0.47120603919},"probability": 0.528793990612,"value": "not_party"},"mood_relaxed": {"all": {"not_relaxed": 0.710218906403,"relaxed": 0.289781093597},"probability": 0.710218906403,"value": "not_relaxed"},"mood_sad": {"all": {"not_sad": 0.646543741226,"sad": 0.353456288576},"probability": 0.646543741226,"value": "not_sad"},"moods_mirex": {"all": {"Cluster1": 0.100416444242,"Cluster2": 0.0862688496709,"Cluster3": 0.395849704742,"Cluster4": 0.18285857141,"Cluster5": 0.234606444836},"probability": 0.395849704742,"value": "Cluster3"},"timbre": {"all": {"bright": 0.422355532646,"dark": 0.577644467354},"probability": 0.577644467354,"value": "dark"},"tonal_atonal": {"all": {"atonal": 0.12265021354,"tonal": 0.877349793911},"probability": 0.877349793911,"value": "tonal"},"voice_instrumental": {"all": {"instrumental": 0.944305181503,"voice": 0.0556948184967},"probability": 0.944305181503,"value": "instrumental"}},"metadata": {"audio_properties": {"analysis_sample_rate": 44100,"bit_rate": 0,"equal_loudness": 0,"length": 251.960006714,"lossless": 1,"replay_gain": -11.8793048859,"sample_rate": 44100,"codec": "flac","downmix": "mix","md5_encoded": "765fc456d84f58937ef67c31c03c0223"},"tags": {"file_name": "10 - Corvus Corax - O langueo.flac","album": ["Cantus Buranus"],"albumartist": ["Corvus Corax"],"albumartistsort": ["Corvus Corax"],"artist": ["Corvus Corax"],"artistsort": ["Corvus Corax"],"asin": ["B0009ZE6I8"],"barcode": ["016861816322"],"catalognumber": ["RR 8163-2"],"date": ["2005-08-08"],"format": ["CD"],"genre": ["Folk Metal", "Medieval", "Mittelalter", "Medieval Folk", "German", "Folk"],"label": ["Roadrunner Records"],"language": ["lat"],"musicbrainz_albumartistid": ["a0a17e6e-d396-45b5-a141-b4a82ba0bb9a"],"musicbrainz_albumid": ["02a94138-00f6-4015-b5ec-2ef95d7924eb"],"musicbrainz_artistid": ["a0a17e6e-d396-45b5-a141-b4a82ba0bb9a"],"musicbrainz_recordingid": ["aa0c2382-5125-41b0-b489-46ee3a17b6ad"],"musicip_puid": ["ac3b7db5-9ecb-180b-1233-69e17afdf87d"],"releasecountry": ["DE"],"releasestatus": ["official"],"releasetype": ["album"],"replaygain_album_gain": ["-8.76 dB"],"replaygain_album_peak": ["0.98861694"],"replaygain_reference_loudness": ["89.0 dB"],"replaygain_track_gain": ["-6.95 dB"],"replaygain_track_peak": ["0.98861694"],"script": ["Latn"],"title": ["O langueo"],"totaltracks": ["11"],"tracknumber": ["10"]},"version": {"highlevel": {"essentia": "2.1-beta5-dev","essentia_build_sha": "e74af04b57b164eed312abeef4963962215860f0","essentia_git_sha": "v2.1_beta4-499-g4013ebc","extractor": "music 2.0","gaia": "2.4.5","gaia_git_sha": "v2.4.4-44-g95f4851","models_essentia_git_sha": "v2.1_beta1"},"lowlevel": {"essentia": "2.1-beta1","essentia_build_sha": "81dca3489dfd3c4275b86ac4d56d870715677d3f","essentia_git_sha": "v2.1_beta1-28-g21ef5f4","extractor": "music 1.0"}}}}