{"highlevel": {"danceability": {"all": {"danceable": 0.481563806534,"not_danceable": 0.518436193466},"probability": 0.518436193466,"value": "not_danceable"},"gender": {"all": {"female": 0.97377038002,"male": 0.0262296069413},"probability": 0.97377038002,"value": "female"},"genre_dortmund": {"all": {"alternative": 0.0112161962315,"blues": 0.0440715551376,"electronic": 0.881879150867,"folkcountry": 0.0155568309128,"funksoulrnb": 0.00176407082472,"jazz": 0.0303949415684,"pop": 0.0016795117408,"raphiphop": 0.000745670229662,"rock": 0.0126920519397},"probability": 0.881879150867,"value": "electronic"},"genre_electronic": {"all": {"ambient": 0.905731618404,"dnb": 0.0122646223754,"house": 0.036253746599,"techno": 0.0207118559629,"trance": 0.0250381678343},"probability": 0.905731618404,"value": "ambient"},"genre_rosamerica": {"all": {"cla": 0.0141473580152,"dan": 0.00446725590155,"hip": 0.00325863040052,"jaz": 0.861029326916,"pop": 0.00201633037068,"rhy": 0.110610082746,"roc": 0.00158516666852,"spe": 0.00288584874943},"probability": 0.861029326916,"value": "jaz"},"genre_tzanetakis": {"all": {"blu": 0.0626613423228,"cla": 0.0348169617355,"cou": 0.104475811124,"dis": 0.0784321576357,"hip": 0.15692435205,"jaz": 0.313974827528,"met": 0.0448166541755,"pop": 0.0627359300852,"reg": 0.0627360641956,"roc": 0.0784258767962},"probability": 0.313974827528,"value": "jaz"},"ismir04_rhythm": {"all": {"ChaChaCha": 0.00471395533532,"Jive": 0.00932466518134,"Quickstep": 0.00221995869651,"Rumba-American": 0.00617759535089,"Rumba-International": 0.00312048313208,"Rumba-Misc": 0.00733877439052,"Samba": 0.0067938985303,"Tango": 0.942773520947,"VienneseWaltz": 0.0160197503865,"Waltz": 0.00151737022679},"probability": 0.942773520947,"value": "Tango"},"mood_acoustic": {"all": {"acoustic": 0.931575715542,"not_acoustic": 0.0684242844582},"probability": 0.931575715542,"value": "acoustic"},"mood_aggressive": {"all": {"aggressive": 0.103552184999,"not_aggressive": 0.896447837353},"probability": 0.896447837353,"value": "not_aggressive"},"mood_electronic": {"all": {"electronic": 0.128486782312,"not_electronic": 0.871513187885},"probability": 0.871513187885,"value": "not_electronic"},"mood_happy": {"all": {"happy": 0.0529513135552,"not_happy": 0.947048664093},"probability": 0.947048664093,"value": "not_happy"},"mood_party": {"all": {"not_party": 0.935228466988,"party": 0.064771540463},"probability": 0.935228466988,"value": "not_party"},"mood_relaxed": {"all": {"not_relaxed": 0.253344655037,"relaxed": 0.746655344963},"probability": 0.746655344963,"value": "relaxed"},"mood_sad": {"all": {"not_sad": 0.293631523848,"sad": 0.706368505955},"probability": 0.706368505955,"value": "sad"},"moods_mirex": {"all": {"Cluster1": 0.141569375992,"Cluster2": 0.316366553307,"Cluster3": 0.176001861691,"Cluster4": 0.253005892038,"Cluster5": 0.113056309521},"probability": 0.316366553307,"value": "Cluster2"},"timbre": {"all": {"bright": 0.996200025082,"dark": 0.00379996048287},"probability": 0.996200025082,"value": "bright"},"tonal_atonal": {"all": {"atonal": 0.810224533081,"tonal": 0.189775466919},"probability": 0.810224533081,"value": "atonal"},"voice_instrumental": {"all": {"instrumental": 0.999999880791,"voice": 9.2672827634e-08},"probability": 0.999999880791,"value": "instrumental"}},"metadata": {"audio_properties": {"analysis_sample_rate": 44100,"bit_rate": 192000,"equal_loudness": 0,"length": 324.963256836,"lossless": 0,"replay_gain": -4.94712638855,"sample_rate": 44100,"codec": "mp3","downmix": "mix","md5_encoded": "217d642a1f30ee9495d2cc93839c535d"},"tags": {"file_name": "07. See See Rider.mp3","acoustid_id": ["cdab7ef0-d5c8-4bb8-8a2d-136a89545cd1"],"album": ["Live at Pep's"],"albumartist": ["Yusef Lateef"],"albumartistsort": ["Lateef, Yusef"],"artist": ["Yusef Lateef"],"artistsort": ["Lateef, Yusef"],"asin": ["B000003N6W"],"barcode": ["011105013420"],"catalognumber": ["GRD-134"],"composer": ["Ma Rainey"],"date": ["1993"],"discnumber": ["1\/1"],"genre": ["Jazz"],"label": ["impulse!"],"language": ["eng"],"media": ["CD"],"musicbrainz album release country": ["US"],"musicbrainz album status": ["official"],"musicbrainz album type": ["live"],"musicbrainz_albumartistid": ["2968722f-03d8-4e2f-88bc-f9975f147503"],"musicbrainz_albumid": ["48c7bda1-99cb-4b75-a202-3515751afe1b"],"musicbrainz_artistid": ["2968722f-03d8-4e2f-88bc-f9975f147503"],"musicbrainz_recordingid": ["78abd606-eda5-44a5-9e80-6d6f4089de93"],"originaldate": ["1965"],"script": ["Latn"],"title": ["See See Rider"],"tracknumber": ["7\/10"]},"version": {"highlevel": {"essentia": "2.1-beta5-dev","essentia_build_sha": "e74af04b57b164eed312abeef4963962215860f0","essentia_git_sha": "v2.1_beta4-499-g4013ebc","extractor": "music 2.0","gaia": "2.4.5","gaia_git_sha": "v2.4.4-44-g95f4851","models_essentia_git_sha": "v2.1_beta1"},"lowlevel": {"essentia": "2.1-beta2","essentia_build_sha": "70f2e5ece6736b2c40cc944ad0e695b16b925413","essentia_git_sha": "v2.1_beta2","extractor": "music 1.0"}}}}