{"highlevel": {"danceability": {"all": {"danceable": 0.998901724815,"not_danceable": 0.0010982863605},"probability": 0.998901724815,"value": "danceable"},"gender": {"all": {"female": 0.571791708469,"male": 0.428208261728},"probability": 0.571791708469,"value": "female"},"genre_dortmund": {"all": {"alternative": 0.0599299296737,"blues": 0.007981329225,"electronic": 0.890305459499,"folkcountry": 0.025047743693,"funksoulrnb": 0.00074059976032,"jazz": 0.00417157029733,"pop": 0.00258906162344,"raphiphop": 0.000410783657571,"rock": 0.00882350839674},"probability": 0.890305459499,"value": "electronic"},"genre_electronic": {"all": {"ambient": 0.181970536709,"dnb": 0.0137499328703,"house": 0.118961244822,"techno": 0.00659971917048,"trance": 0.678718566895},"probability": 0.678718566895,"value": "trance"},"genre_rosamerica": {"all": {"cla": 0.00150311016478,"dan": 0.150516420603,"hip": 0.0117215253413,"jaz": 0.00711814733222,"pop": 0.548494637012,"rhy": 0.0277367718518,"roc": 0.251467764378,"spe": 0.00144159863703},"probability": 0.548494637012,"value": "pop"},"genre_tzanetakis": {"all": {"blu": 0.0877129286528,"cla": 0.038944453001,"cou": 0.0876106619835,"dis": 0.0700896605849,"hip": 0.175223216414,"jaz": 0.175218105316,"met": 0.0500237122178,"pop": 0.0700263082981,"reg": 0.0700339004397,"roc": 0.175117045641},"probability": 0.175223216414,"value": "hip"},"ismir04_rhythm": {"all": {"ChaChaCha": 0.27237740159,"Jive": 0.13311111927,"Quickstep": 0.0352531298995,"Rumba-American": 0.0471500530839,"Rumba-International": 0.0509007424116,"Rumba-Misc": 0.0257826521993,"Samba": 0.134871572256,"Tango": 0.232099547982,"VienneseWaltz": 0.0486687161028,"Waltz": 0.0197850726545},"probability": 0.27237740159,"value": "ChaChaCha"},"mood_acoustic": {"all": {"acoustic": 0.0699356719851,"not_acoustic": 0.930064320564},"probability": 0.930064320564,"value": "not_acoustic"},"mood_aggressive": {"all": {"aggressive": 4.06898941208e-08,"not_aggressive": 0.999999940395},"probability": 0.999999940395,"value": "not_aggressive"},"mood_electronic": {"all": {"electronic": 0.704611063004,"not_electronic": 0.295388936996},"probability": 0.704611063004,"value": "electronic"},"mood_happy": {"all": {"happy": 0.835804283619,"not_happy": 0.164195686579},"probability": 0.835804283619,"value": "happy"},"mood_party": {"all": {"not_party": 0.86032384634,"party": 0.139676123857},"probability": 0.86032384634,"value": "not_party"},"mood_relaxed": {"all": {"not_relaxed": 0.274626016617,"relaxed": 0.725373983383},"probability": 0.725373983383,"value": "relaxed"},"mood_sad": {"all": {"not_sad": 0.738837718964,"sad": 0.261162310839},"probability": 0.738837718964,"value": "not_sad"},"moods_mirex": {"all": {"Cluster1": 0.206578463316,"Cluster2": 0.27158293128,"Cluster3": 0.173008516431,"Cluster4": 0.276810467243,"Cluster5": 0.072019636631},"probability": 0.276810467243,"value": "Cluster4"},"timbre": {"all": {"bright": 0.999999940395,"dark": 7.31585245717e-08},"probability": 0.999999940395,"value": "bright"},"tonal_atonal": {"all": {"atonal": 0.0034247986041,"tonal": 0.996575176716},"probability": 0.996575176716,"value": "tonal"},"voice_instrumental": {"all": {"instrumental": 0.664839804173,"voice": 0.335160166025},"probability": 0.664839804173,"value": "instrumental"}},"metadata": {"audio_properties": {"analysis_sample_rate": 44100,"bit_rate": 128000,"equal_loudness": 0,"length": 252.786941528,"lossless": 0,"replay_gain": -3.83212280273,"sample_rate": 44100,"codec": "mp3","downmix": "mix","md5_encoded": "aa89e698fc97f6c1d24a79270017bbe1"},"tags": {"file_name": "Mavericks - Melbourne Mambo.mp3","acoustid_fingerprint": ["AQADtFKybknEBL_Qh0O1WER_4RGabzt65Pg7NKGhaYoeHNqFRuMq5MR1hPnRrviUAx0PfYePvjhqH354mM9xiB_qJseLsNzxwM_guIZ_HPEPP-iPesuhRV3w6Gh-HDce9IkORcf2o3bQD1rOY1oPfygqB64T7MeDPxCfabiFK_Dko88RyrngSkTIzugDlXqRz8HNHTmTQ3wQOsVz_LOELk-OJkt03DHyQENznHpSyHxk_DlCNdPRTErw5MOfIMwTaHrwJDuuPqi23NDSJnjCDnkTjDf6PAjDH6eCKw2eOUG08cMXH3l2vFIaaImjoEL849mHPHrw7BBD5_iEyz3OphClWziPPEcuOjmuDE0OjUuO50etBx8hdgvuQ-PyBGujWGjcoFbi4iF6B83YaVB__LiU5FAuhUF3NBFzIufxI6cF7UdTDW9yvEyJxlIO7S-e44yHRj-0B8-FazVUR0Hfo5m2ED--zIEmt_CPsNEp5NGDH9pTIUwXHc_xiBUmnUVzPEIOdTz6yAgTOg32fAgzZkF5QVtzhOHw7kZfR2g0bTTyH1-PPR7-LSglgslzyGyKRndiVEfO422QS3mC30NPaJHxDHUSNkcY_Rsy6GmOPFOM_piiWsLz40-ONEt6XDzkHnkKT8rwpETOH30iWEdZJXjaIBcf9Dka98GH30H4Fg0JlSk-PYF-hEejpcF3_MnxeUh16MzxRRPO6cFviO_xaMcf4csTNDGh7SGOXOiTpUHzTQh9-BM-B1qc4NuR70JzIdSiVYGmh-i4FU9e_LGMprqh7TdOFl3poMlCYT9u7UUshsWpBs2YofJx7Qgjis2h_UbODMejVHhUNOdRHblziE2Py4j6oxTnHE2Y5Bp-hCQL8cepZkedJDL0C9cRRkpS1MpXnDy6MoaVHmGhK8lw8egVC82kHk_44wvk3IKWiGGToFeRJ8I-5D_6Bk34QGZyfD2-NIfxH_eE8zif4MnhB9EZBf1wRh_GKccdpHuKQ2ZxZjpe6UcPbc2OBk-WG8yzI9N34yPOo2OGP2CszGByfFEcNM-RRB7y40_RSXrwwz963OGQ9EiZJDmuq7hS-EF-6MebwzwepnjyRNBOuMqCkMyx_-jyOGikEflO6Eue40etDFqcJbh-nEec8mgetMepLNwRM3geNDEtYTKVQ1dy4aKDJg6LngeO5wt-6DMcRzryHX2GnS-m5-gJJ3uCPMyhG49ufL_wr9Ci8nhxJUoR5kF3fM-xL8J13An6Hk2oHFEfR0ahJRfyFTgbXKgeGg1J5Cq-FE0OfUUTUsb14Iv2QWjyG92Pbwt-7IkCn8el5Pi0UEGfCiL3Y5rHIscTOvjRPOh5XDlO1KKD5iqi8zjUh0VMTQHzoy_yC6ciQQsVIlzQPROab8GF70f847rwhcSUSVmOHtcCraMDZ1HSIdVRSz_-INeDa4Q-hI9ITFGe4iKyMtB1RE8eoeGNWsclZbgi4YefbUEuMRU0Z0eYJ8efRDRK5mik7tgVEk9oXMuDLBmPbscX5cb_oWSigwkPVf1wlULjo0vxE6-G8zn24UsELTGDUkEsOVNwzzCNi_nxLBku2WheI-wGHdF1tPzhZzlchPqgH7np4CMqHk7hekfK59CON4pREQ8PzcMNJlwWoc_xRXzQvXCaCCrVznhQS8M_op-hRWxwHToHPRnYC78a_JgoB00YHUc-FW9-3HiiC79q9OGRnodG4kmWCo_sQF8Oa2pw4WvSobly9MIT4tHwo2sZNM9xJvhGD4_kQDsa_tAjYp19_Bkipcou1EmW4z4RPXMCn3mgcMcX4dOTY59hdcnx6IGe5HhI57izFGmEHWe34YkchK-hJZ_wHFPSMMR5NPnxOOhPoUmTB2dyofqhZ2Ae5EYXhkdzHrwefD8SX0Gn-GiedMIa2RGaD-WhM2glT0aYB_mgbVvg8_B5TM8D9WgjhHFCnETXHNWiOngSfdh55NDy7Kiy44l2_Imhz0HTG6HjHMdvNHHYCKF26MqNUUqNR8d5wc127Mpl_EOfWdASMyQ-JceTB_vR5EP4B09yXIi3LEZzSFmLh8efEs-HP-gFkVSOp0dl4vrxLhuabmkCbcNxZskhT3mQh-hDNLgyHt2iOXB8IeGP8AnOzwjNBx90BTdFNCrTCPmGIx_0hchb8KQShFGzYNqMK0mgkwhlBpXjDY8dPOLwB-GzDlpUPMM6MWGO59DyHW2G88PjCFrUFjWRK2mRrx7OzEJTlEoYKA_eB6HOosmPZw9OjE6eIz-cB_r24LmQJ8_RqGiPJwl4h0GeBzrCRhr8HM-THKVEHufxI4y0_FCPJkv1CT-0dA9C3XhQHUzUD9fyBG2C3An0Q5Sv43fgKggnBddT7FlEpOohN4h-_MLjKPgJP8uRJz_0OEKkXA8eTGHE40xy_NIRO4OYc8i349mHP8hvNE16tKyhPxgfC34WfNHxZSb-ID-sk3imHPmOP9DyzEJ_5NuRM_TxKA-0jgjzHHt0_BJxOmgeodOROzpUOsXTCmGoHNWDskgd7YaVoh8uKSm0_AczZod-1GqP5-gFHY2aHXduZGry4PKRHj1z41KOJtoz5ASTbMQfoZEf9IgH7UN-PMGRqSI0TfnxiUbzLEeOhmku5GlC6Ij0oDnxREeurzhDB-dyaMnRRlFpnFeE64V2NPmQF5fiRkX0Gz-0RIyE8CFuD-cPPwev4iOFZEeYZzqenWiO8HkGfcd_hJlEVGa0FeXqwDq-HNkVw-cO6VVxHn2Jz8eUG5VjvKhw5TF0Hc7GVEb4Y2bQaOJRaQ2y54L-IVLiPCg3GRdxEzcaSkoQblocJI-yaAKDBDFCCMoKIQxYhhBAhCmgABNAAMAEEIQCoaQhQCDACCIOUUGEQAQIJgyjkBjrBEMAC2eEgAgMAARAhAlADAASCcYMMMgQQBAwggABCDMCECIAQoIYRgAhxgHCFDFAGUQQQg5gIpQhBgNhJEAEcaYEMEIIYRQjShgGAGHWIKKMcEYRZQzQTilEgABEACGUYYwIoIhSDghChDBAACIIBgwIQIQgAkkjiBEIAaKAQMAIBBQRCAkIHEVOAGAAAIggZAhxBiAuBBJEUqCMEIAIQxgQigkFCAHIgUCAAQoIAICBAgECoAOEEAQQIAIJYIQhwgnCHBLACQGAAIoYhoBRxFgqIDECAEYUEAAQ4wSQ1CCBADAEGaAIMEIACBBDWACglBDIGCKMAAYgRRwwCggJACNCICSgM4IhBYARhijkFAKEAQAAUk4hCgIQAgQqCBGGOA6MMEIZAAQiQihlgBBKKAVgQgoJgpAwRjACIFPIEQQABMASxpxURhBnEEJCCESUEUAJZAAQCBghFBBIEAeEAQQAJRAyCAAltKEIAAEAFIIQQAgywBAFhBBKUGEAMMwAgphAChCHgFHCCGSIIQIAg4QQSghgKaIAAQCYFYAIZgQDxgCghCAAAaOIEAAgoARjiEGgmFBGIUOElQIIYAgSwAEgESWAAEeIAQQBC0wQwBBHkANOEEUQE8QIQRgSwiCDCGEAIQQYAAQJhixRQAEkzBCECiEMEsgQoQggZApFBDIIIsEAI4QRIgUhRhggDBNKAGUMEQgpAQgDynAgBABIMGQNsEIxYqg1ghhoCBAEMaMAcEQyAZwRSABBhUDIAGSQAkgZJJAhADDhCIAECYMEBEwABIQhCAiFFAMACGaMYEYYAAQUzFhBEDACIAEIQUYQIwwjoCogAMDAgIWYMEYAgwQhQAAFABAEIIIAIMARoIAygggAECAAGASAA8AJJZBRBgFAiGCGCCQA"],"acoustid_id": ["8f18d8bc-ebba-499d-a4aa-66474299116d"],"album": ["Trampoline"],"artist": ["Mavericks"],"bpm": ["104.97"],"date": ["1998"],"genre": ["Country"],"musicbrainz album release country": ["United States"],"musicbrainz album type": ["Album"],"musicbrainz_albumartistid": ["21e68cc5-1295-4b66-8f4d-6ba58d63f78c"],"musicbrainz_albumid": ["c17008df-4aff-4d20-a005-0c8cd93b1e6c"],"musicbrainz_artistid": ["21e68cc5-1295-4b66-8f4d-6ba58d63f78c"],"musicbrainz_recordingid": ["fa356f42-3d5a-43a4-8b5e-4f9d38c20766"],"musicip_puid": ["377551a7-a8d0-b3fd-645c-b15de6564fad"],