{"highlevel": {"danceability": {"all": {"danceable": 0.999778628349,"not_danceable": 0.000221374590183},"probability": 0.999778628349,"value": "danceable"},"gender": {"all": {"female": 0.875517785549,"male": 0.124482236803},"probability": 0.875517785549,"value": "female"},"genre_dortmund": {"all": {"alternative": 0.0653241053224,"blues": 0.0577137060463,"electronic": 0.561203122139,"folkcountry": 0.120548941195,"funksoulrnb": 0.0102753816172,"jazz": 0.0772993862629,"pop": 0.0380091108382,"raphiphop": 0.0122698834166,"rock": 0.0573563501239},"probability": 0.561203122139,"value": "electronic"},"genre_electronic": {"all": {"ambient": 0.370818287134,"dnb": 0.0440072715282,"house": 0.100140079856,"techno": 0.0179769601673,"trance": 0.467057406902},"probability": 0.467057406902,"value": "trance"},"genre_rosamerica": {"all": {"cla": 0.00156146660447,"dan": 0.0328784883022,"hip": 0.0143801122904,"jaz": 0.00364745315164,"pop": 0.843255162239,"rhy": 0.066002368927,"roc": 0.0365914702415,"spe": 0.00168345775455},"probability": 0.843255162239,"value": "pop"},"genre_tzanetakis": {"all": {"blu": 0.0626613423228,"cla": 0.0348169617355,"cou": 0.104475811124,"dis": 0.0784321576357,"hip": 0.15692435205,"jaz": 0.313974827528,"met": 0.0448166541755,"pop": 0.0627359300852,"reg": 0.0627360641956,"roc": 0.0784258767962},"probability": 0.313974827528,"value": "jaz"},"ismir04_rhythm": {"all": {"ChaChaCha": 0.913218736649,"Jive": 0.00960122700781,"Quickstep": 0.00190161226783,"Rumba-American": 0.0126382978633,"Rumba-International": 0.00954505987465,"Rumba-Misc": 0.00544948875904,"Samba": 0.0126215256751,"Tango": 0.0153221497312,"VienneseWaltz": 0.0183332376182,"Waltz": 0.00136868469417},"probability": 0.913218736649,"value": "ChaChaCha"},"mood_acoustic": {"all": {"acoustic": 0.0526985861361,"not_acoustic": 0.947301387787},"probability": 0.947301387787,"value": "not_acoustic"},"mood_aggressive": {"all": {"aggressive": 0.0919835492969,"not_aggressive": 0.908016443253},"probability": 0.908016443253,"value": "not_aggressive"},"mood_electronic": {"all": {"electronic": 0.738400220871,"not_electronic": 0.261599749327},"probability": 0.738400220871,"value": "electronic"},"mood_happy": {"all": {"happy": 0.629039108753,"not_happy": 0.370960891247},"probability": 0.629039108753,"value": "happy"},"mood_party": {"all": {"not_party": 0.522704362869,"party": 0.477295666933},"probability": 0.522704362869,"value": "not_party"},"mood_relaxed": {"all": {"not_relaxed": 0.338263839483,"relaxed": 0.661736130714},"probability": 0.661736130714,"value": "relaxed"},"mood_sad": {"all": {"not_sad": 0.5485445261,"sad": 0.451455444098},"probability": 0.5485445261,"value": "not_sad"},"moods_mirex": {"all": {"Cluster1": 0.159638375044,"Cluster2": 0.188514739275,"Cluster3": 0.151316180825,"Cluster4": 0.134428724647,"Cluster5": 0.366101950407},"probability": 0.366101950407,"value": "Cluster5"},"timbre": {"all": {"bright": 0.856666684151,"dark": 0.143333300948},"probability": 0.856666684151,"value": "bright"},"tonal_atonal": {"all": {"atonal": 0.604008853436,"tonal": 0.395991146564},"probability": 0.604008853436,"value": "atonal"},"voice_instrumental": {"all": {"instrumental": 0.472260415554,"voice": 0.527739584446},"probability": 0.527739584446,"value": "voice"}},"metadata": {"audio_properties": {"analysis_sample_rate": 44100,"bit_rate": 0,"equal_loudness": 0,"length": 192.21333313,"lossless": 1,"replay_gain": -12.3567028046,"sample_rate": 44100,"codec": "flac","downmix": "mix","md5_encoded": "ae20ca6fb53c4d1d83ce8e83468cd57f"},"tags": {"file_name": "01 - Tri Martolod.flac","acoustid_id": ["7523ab83-a971-4ea1-912f-6670a96936b2"],"album": ["Bretonne"],"albumartist": ["Nolwenn Leroy"],"albumartistsort": ["Leroy, Nolwenn"],"artist": ["Nolwenn Leroy"],"artists": ["Nolwenn Leroy"],"artistsort": ["Leroy, Nolwenn"],"asin": ["B005X0NRM0"],"barcode": ["602527876436"],"date": ["2011-11-28"],"isrc": ["FRUM71001963"],"label": ["Mercury Records"],"language": ["bre"],"media": ["CD"],"musicbrainz_albumartistid": ["3575a514-ef96-41a0-adc2-c5ed5827d8e7"],"musicbrainz_albumid": ["04ac0d37-1eff-410e-bf26-36d9955dc3da"],"musicbrainz_artistid": ["3575a514-ef96-41a0-adc2-c5ed5827d8e7"],"musicbrainz_recordingid": ["dc3b377c-249e-42e0-8dc6-a280f0b9306f"],"musicbrainz_releasegroupid": ["79ea6a8a-fa81-426b-9da0-c1b1abff793d"],"musicbrainz_releasetrackid": ["79653f76-5040-33f0-81bf-e2a35551e03c"],"musicbrainz_workid": ["a78c1474-95d6-4be5-9b42-6c58b4691002"],"originaldate": ["2010"],"releasecountry": ["FR"],"releasestatus": ["official"],"releasetype": ["album"],"script": ["Latn"],"title": ["Tri Martolod"],"totaltracks": ["20"],"tracknumber": ["1"],"tracktotal": ["20"],"work": ["Tri martolod"],"writer": ["[traditional]"]},"version": {"highlevel": {"essentia": "2.1-beta5-dev","essentia_build_sha": "e74af04b57b164eed312abeef4963962215860f0","essentia_git_sha": "v2.1_beta4-499-g4013ebc","extractor": "music 2.0","gaia": "2.4.5","gaia_git_sha": "v2.4.4-44-g95f4851","models_essentia_git_sha": "v2.1_beta1"},"lowlevel": {"essentia": "2.1-beta1","essentia_build_sha": "ca57ba49d9b1854bd80e60cf9ccf267278fb7d6b","essentia_git_sha": "v2.1_beta1-28-g21ef5f4-dirty","extractor": "music 1.0"}}}}