{"highlevel": {"danceability": {"all": {"danceable": 0.999999880791,"not_danceable": 1.00000008274e-07},"probability": 0.999999880791,"value": "danceable"},"gender": {"all": {"female": 0.622126698494,"male": 0.377873301506},"probability": 0.622126698494,"value": "female"},"genre_dortmund": {"all": {"alternative": 0.0249174572527,"blues": 0.00277185975574,"electronic": 0.963458001614,"folkcountry": 0.00268984166905,"funksoulrnb": 0.000183006210136,"jazz": 0.000414284178987,"pop": 0.000491304555908,"raphiphop": 0.00016583125398,"rock": 0.00490838848054},"probability": 0.963458001614,"value": "electronic"},"genre_electronic": {"all": {"ambient": 0.243874534965,"dnb": 0.0366036780179,"house": 0.0805903077126,"techno": 0.0227262750268,"trance": 0.616205215454},"probability": 0.616205215454,"value": "trance"},"genre_rosamerica": {"all": {"cla": 0.00310466694646,"dan": 0.0340682938695,"hip": 0.0731132179499,"jaz": 0.00534743349999,"pop": 0.174185648561,"rhy": 0.00778048764914,"roc": 0.69918358326,"spe": 0.00321668735705},"probability": 0.69918358326,"value": "roc"},"genre_tzanetakis": {"all": {"blu": 1.13367287766e-14,"cla": 3.04301668499e-14,"cou": 1.17068559165e-14,"dis": 4.21400551444e-14,"hip": 2.93635795746e-14,"jaz": 0.999999940395,"met": 2.0000017642e-08,"pop": 2.0000017642e-08,"reg": 2.50000233848e-08,"roc": 1.66666822565e-08},"probability": 0.999999940395,"value": "jaz"},"ismir04_rhythm": {"all": {"ChaChaCha": 0.950444877148,"Jive": 0.00407808180898,"Quickstep": 0.00127416523173,"Rumba-American": 0.012549395673,"Rumba-International": 0.00125439080875,"Rumba-Misc": 0.000863753666636,"Samba": 0.00470775971189,"Tango": 0.0119397975504,"VienneseWaltz": 0.0124702006578,"Waltz": 0.00041758682346},"probability": 0.950444877148,"value": "ChaChaCha"},"mood_acoustic": {"all": {"acoustic": 0.0955903604627,"not_acoustic": 0.904409646988},"probability": 0.904409646988,"value": "not_acoustic"},"mood_aggressive": {"all": {"aggressive": 0.999999880791,"not_aggressive": 1.00000008274e-07},"probability": 0.999999880791,"value": "aggressive"},"mood_electronic": {"all": {"electronic": 0.979391694069,"not_electronic": 0.0206082761288},"probability": 0.979391694069,"value": "electronic"},"mood_happy": {"all": {"happy": 0.270420134068,"not_happy": 0.729579865932},"probability": 0.729579865932,"value": "not_happy"},"mood_party": {"all": {"not_party": 0.999984204769,"party": 1.57784197654e-05},"probability": 0.999984204769,"value": "not_party"},"mood_relaxed": {"all": {"not_relaxed": 0.191182896495,"relaxed": 0.808817088604},"probability": 0.808817088604,"value": "relaxed"},"mood_sad": {"all": {"not_sad": 0.95448410511,"sad": 0.045515883714},"probability": 0.95448410511,"value": "not_sad"},"moods_mirex": {"all": {"Cluster1": 0.0772226452827,"Cluster2": 0.0444035679102,"Cluster3": 0.227747857571,"Cluster4": 0.0306320842355,"Cluster5": 0.61999386549},"probability": 0.61999386549,"value": "Cluster5"},"timbre": {"all": {"bright": 0.0661001205444,"dark": 0.933899879456},"probability": 0.933899879456,"value": "dark"},"tonal_atonal": {"all": {"atonal": 0.905497789383,"tonal": 0.0945021957159},"probability": 0.905497789383,"value": "atonal"},"voice_instrumental": {"all": {"instrumental": 0.0153255090117,"voice": 0.98467451334},"probability": 0.98467451334,"value": "voice"}},"metadata": {"audio_properties": {"analysis_sample_rate": 44100,"bit_rate": 0,"equal_loudness": 0,"length": 251.666671753,"lossless": 1,"replay_gain": -13.8029251099,"sample_rate": 44100,"codec": "flac","downmix": "mix","md5_encoded": "e32cd54d587e8333e063ed6d69c53603"},"tags": {"file_name": "02 - Die Krupps - Isolation.flac","album": ["III: Odyssey of the Mind"],"albumartist": ["Die Krupps"],"albumartistsort": ["Krupps, Die"],"artist": ["Die Krupps"],"artistsort": ["Krupps, Die"],"asin": ["B00000AYFX"],"barcode": ["4005902330329"],"catalognumber": ["RTD 195.3303.2 43"],"date": ["1995-07-31"],"discid": ["9c0b430a"],"format": ["CD"],"genre": ["Industrial Metal", "Heavy", "Industrial", "Dark Electro", "German", "Ebm", "Negative Based", "Heavy Metal", "Metal", "Alternative Metal", "Crossover", "Industrial Rock", "Rock", "Electro", "Electronic", "Aggro Industrial"],"isrc": ["DEA799500102"],"label": ["Our Choice"],"language": ["eng"],"musicbrainz_albumartistid": ["fc555365-17a2-4820-84e8-400887aa3d6f"],"musicbrainz_albumid": ["10355395-f01b-4ab7-8cbd-c42d5bff5381"],"musicbrainz_artistid": ["fc555365-17a2-4820-84e8-400887aa3d6f"],"musicbrainz_recordingid": ["dc472442-acb4-4548-8a05-f8bc91682581"],"musicip_puid": ["2fea120c-c724-485d-51a0-5552392dddaf"],"originaldate": ["1995"],"releasecountry": ["DE"],"releasestatus": ["official"],"releasetype": ["album"],"replaygain_album_gain": ["-8.75 dB"],"replaygain_album_peak": ["0.97235107"],"replaygain_reference_loudness": ["89.0 dB"],"replaygain_track_gain": ["-9.28 dB"],"replaygain_track_peak": ["0.97235107"],"script": ["Latn"],"title": ["Isolation"],"totaltracks": ["10"],"tracknumber": ["2"],"tracktotal": ["10"]},"version": {"highlevel": {"essentia": "2.1-beta5-dev","essentia_build_sha": "e74af04b57b164eed312abeef4963962215860f0","essentia_git_sha": "v2.1_beta4-499-g4013ebc","extractor": "music 2.0","gaia": "2.4.5","gaia_git_sha": "v2.4.4-44-g95f4851","models_essentia_git_sha": "v2.1_beta1"},"lowlevel": {"essentia": "2.1-beta1","essentia_build_sha": "81dca3489dfd3c4275b86ac4d56d870715677d3f","essentia_git_sha": "v2.1_beta1-28-g21ef5f4","extractor": "music 1.0"}}}}