{"highlevel": {"danceability": {"all": {"danceable": 0.575905740261,"not_danceable": 0.424094289541},"probability": 0.575905740261,"value": "danceable"},"gender": {"all": {"female": 0.467773646116,"male": 0.532226324081},"probability": 0.532226324081,"value": "male"},"genre_dortmund": {"all": {"alternative": 0.0291889533401,"blues": 0.00459308503196,"electronic": 0.923645675182,"folkcountry": 0.014580719173,"funksoulrnb": 0.000501883914694,"jazz": 0.0191370695829,"pop": 0.00276457588188,"raphiphop": 0.000362240854884,"rock": 0.00522582232952},"probability": 0.923645675182,"value": "electronic"},"genre_electronic": {"all": {"ambient": 0.597874045372,"dnb": 0.026050619781,"house": 0.26532638073,"techno": 0.0547619126737,"trance": 0.05598706007},"probability": 0.597874045372,"value": "ambient"},"genre_rosamerica": {"all": {"cla": 0.038840521127,"dan": 0.0437179133296,"hip": 0.0322895757854,"jaz": 0.083728171885,"pop": 0.0932250544429,"rhy": 0.686090826988,"roc": 0.00639777537435,"spe": 0.0157101657242},"probability": 0.686090826988,"value": "rhy"},"genre_tzanetakis": {"all": {"blu": 0.0626541376114,"cla": 0.0348133966327,"cou": 0.0783501937985,"dis": 0.104547761381,"hip": 0.15693578124,"jaz": 0.313987255096,"met": 0.044816005975,"pop": 0.0627349764109,"reg": 0.0627352520823,"roc": 0.0784252434969},"probability": 0.313987255096,"value": "jaz"},"ismir04_rhythm": {"all": {"ChaChaCha": 0.107441626489,"Jive": 0.0147445416078,"Quickstep": 0.0145872235298,"Rumba-American": 0.054654635489,"Rumba-International": 0.364258110523,"Rumba-Misc": 0.0336888208985,"Samba": 0.0310087427497,"Tango": 0.092344969511,"VienneseWaltz": 0.243772640824,"Waltz": 0.0434986762702},"probability": 0.364258110523,"value": "Rumba-International"},"mood_acoustic": {"all": {"acoustic": 0.746352136135,"not_acoustic": 0.253647893667},"probability": 0.746352136135,"value": "acoustic"},"mood_aggressive": {"all": {"aggressive": 0.0292036756873,"not_aggressive": 0.970796346664},"probability": 0.970796346664,"value": "not_aggressive"},"mood_electronic": {"all": {"electronic": 0.564185976982,"not_electronic": 0.43581405282},"probability": 0.564185976982,"value": "electronic"},"mood_happy": {"all": {"happy": 0.236191481352,"not_happy": 0.763808488846},"probability": 0.763808488846,"value": "not_happy"},"mood_party": {"all": {"not_party": 0.88203138113,"party": 0.11796862632},"probability": 0.88203138113,"value": "not_party"},"mood_relaxed": {"all": {"not_relaxed": 0.0164988450706,"relaxed": 0.983501136303},"probability": 0.983501136303,"value": "relaxed"},"mood_sad": {"all": {"not_sad": 0.331234186888,"sad": 0.668765842915},"probability": 0.668765842915,"value": "sad"},"moods_mirex": {"all": {"Cluster1": 0.127422273159,"Cluster2": 0.189912497997,"Cluster3": 0.498333781958,"Cluster4": 0.142363756895,"Cluster5": 0.0419676937163},"probability": 0.498333781958,"value": "Cluster3"},"timbre": {"all": {"bright": 0.336155384779,"dark": 0.663844585419},"probability": 0.663844585419,"value": "dark"},"tonal_atonal": {"all": {"atonal": 0.871584177017,"tonal": 0.128415822983},"probability": 0.871584177017,"value": "atonal"},"voice_instrumental": {"all": {"instrumental": 0.555250644684,"voice": 0.444749355316},"probability": 0.555250644684,"value": "instrumental"}},"metadata": {"audio_properties": {"analysis_sample_rate": 44100,"bit_rate": 184105,"equal_loudness": 0,"length": 235.546127319,"lossless": 0,"replay_gain": -13.0948066711,"sample_rate": 44100,"codec": "mp3","downmix": "mix","md5_encoded": "f9cb55cb39be059ac5cf63ba437aaf92"},"tags": {"file_name": "03 As Tears Roll By.mp3","album": ["Shine"],"albumartist": ["Daniel Lanois"],"albumartistsort": ["Lanois, Daniel", "Lanois, Daniel"],"artist": ["Daniel Lanois"],"asin": ["B00008O83O"],"date": ["2003"],"discnumber": ["1\/1"],"language": ["eng"],"musicbrainz album release country": ["US"],"musicbrainz album status": ["official"],"musicbrainz album type": ["album"],"musicbrainz_albumartistid": ["ca0489a4-3a7b-4def-b66e-e00b2f579ae0"],"musicbrainz_albumid": ["ed38b61f-4d42-49f8-95ca-fe223dc367d7"],"musicbrainz_artistid": ["ca0489a4-3a7b-4def-b66e-e00b2f579ae0"],"musicbrainz_recordingid": ["58941e9f-b8b7-4c7e-ad01-92ee7ac1ff2c"],"musicip_puid": ["af7b0d6f-064a-b5ab-e4cb-f9c63f8092f1"],"script": ["Latn"],"title": ["As Tears Roll By"],"tracknumber": ["3\/13"]},"version": {"highlevel": {"essentia": "2.1-beta5-dev","essentia_build_sha": "e74af04b57b164eed312abeef4963962215860f0","essentia_git_sha": "v2.1_beta4-499-g4013ebc","extractor": "music 2.0","gaia": "2.4.5","gaia_git_sha": "v2.4.4-44-g95f4851","models_essentia_git_sha": "v2.1_beta1"},"lowlevel": {"essentia": "2.1-beta2","essentia_build_sha": "2d9f1f26377add8aeb1075a9c2973f962c4f09fd","essentia_git_sha": "v2.1_beta2-1-ge3940c0","extractor": "music 1.0"}}}}