{"highlevel": {"danceability": {"all": {"danceable": 0.992127120495,"not_danceable": 0.00787287484854},"probability": 0.992127120495,"value": "danceable"},"gender": {"all": {"female": 0.771499752998,"male": 0.228500261903},"probability": 0.771499752998,"value": "female"},"genre_dortmund": {"all": {"alternative": 0.000858605664689,"blues": 8.75945261214e-05,"electronic": 0.998372495174,"folkcountry": 0.000375635921955,"funksoulrnb": 1.17555609904e-05,"jazz": 0.000148448641994,"pop": 2.21939117182e-05,"raphiphop": 2.61314767158e-06,"rock": 0.000120637545479},"probability": 0.998372495174,"value": "electronic"},"genre_electronic": {"all": {"ambient": 0.214265078306,"dnb": 0.0199070796371,"house": 0.273445665836,"techno": 0.0169498417526,"trance": 0.47543233633},"probability": 0.47543233633,"value": "trance"},"genre_rosamerica": {"all": {"cla": 0.00263606780209,"dan": 0.114507652819,"hip": 0.0336228199303,"jaz": 0.00962178315967,"pop": 0.665425121784,"rhy": 0.117239840329,"roc": 0.0558885335922,"spe": 0.00105816486757},"probability": 0.665425121784,"value": "pop"},"genre_tzanetakis": {"all": {"blu": 0.0626613423228,"cla": 0.0348169617355,"cou": 0.104475811124,"dis": 0.0784321576357,"hip": 0.15692435205,"jaz": 0.313974827528,"met": 0.0448166541755,"pop": 0.0627359300852,"reg": 0.0627360641956,"roc": 0.0784258767962},"probability": 0.313974827528,"value": "jaz"},"ismir04_rhythm": {"all": {"ChaChaCha": 0.251975268126,"Jive": 0.109884433448,"Quickstep": 0.0362386517227,"Rumba-American": 0.0538246296346,"Rumba-International": 0.0533714964986,"Rumba-Misc": 0.0332461260259,"Samba": 0.151329576969,"Tango": 0.192229241133,"VienneseWaltz": 0.0963934212923,"Waltz": 0.0215071830899},"probability": 0.251975268126,"value": "ChaChaCha"},"mood_acoustic": {"all": {"acoustic": 0.00613050023094,"not_acoustic": 0.993869483471},"probability": 0.993869483471,"value": "not_acoustic"},"mood_aggressive": {"all": {"aggressive": 0.111602969468,"not_aggressive": 0.888397037983},"probability": 0.888397037983,"value": "not_aggressive"},"mood_electronic": {"all": {"electronic": 0.797603607178,"not_electronic": 0.202396407723},"probability": 0.797603607178,"value": "electronic"},"mood_happy": {"all": {"happy": 0.76726013422,"not_happy": 0.232739850879},"probability": 0.76726013422,"value": "happy"},"mood_party": {"all": {"not_party": 0.0422655940056,"party": 0.957734405994},"probability": 0.957734405994,"value": "party"},"mood_relaxed": {"all": {"not_relaxed": 0.856156587601,"relaxed": 0.143843442202},"probability": 0.856156587601,"value": "not_relaxed"},"mood_sad": {"all": {"not_sad": 0.843053460121,"sad": 0.156946539879},"probability": 0.843053460121,"value": "not_sad"},"moods_mirex": {"all": {"Cluster1": 0.0926849320531,"Cluster2": 0.148150980473,"Cluster3": 0.205375865102,"Cluster4": 0.214705914259,"Cluster5": 0.339082300663},"probability": 0.339082300663,"value": "Cluster5"},"timbre": {"all": {"bright": 0.690556585789,"dark": 0.309443384409},"probability": 0.690556585789,"value": "bright"},"tonal_atonal": {"all": {"atonal": 0.810861229897,"tonal": 0.189138755202},"probability": 0.810861229897,"value": "atonal"},"voice_instrumental": {"all": {"instrumental": 0.844926834106,"voice": 0.155073165894},"probability": 0.844926834106,"value": "instrumental"}},"metadata": {"audio_properties": {"analysis_sample_rate": 44100,"bit_rate": 0,"equal_loudness": 0,"length": 327.093322754,"lossless": 1,"replay_gain": -12.1514129639,"sample_rate": 44100,"codec": "flac","downmix": "mix","md5_encoded": "485567bee8da8c8df7e88eab3203774b"},"tags": {"file_name": "05 - Our Happy Hardcore.flac","acoustid_fingerprint": ["AQAKPEmSREwSRZFw-IBx4DgOwNBxC4eI48ZxHDh-AId-HMeB3_gPHTkOBv9xNhEa9MpxG0dfpEiO2saP6T38HBWf44b7Iq9C7DaaD_9yWEdxf8jz4Dl6MOmY4keO78J95EGfHU2d4zv-oPmO8kGO2jZ-9Mmh2wFDwcuHPghzovMC5EcXJsk2HP7RZ8JztDo8wt2DfoaO5jvSZUmCLsQ_vAmFvE4CLUfIRDnwCyUaTQwaLqMSVPrwHz-ezahuIe8OEYdYZ0T5Q8d1hDmFHvXhXzjhF_mh-chxXegfNB_OC_cx_Uh4Iz964fjy4T6aPEeP_0jriHhOaMf2Bd-HJschP3hynA96GkyqEK-IKy3yC0-OH02dDn2yEz_6oNmDa7huhLkE5wm0y2CeBw2DfEFvNM-CvMCjPCj5CSnx6uhf_Phe1EJu9Id2w3sQhsTD46eOpxHC_NCsHDmPH23gH1bKKSjfCD8uLi3O4zRCiXB1AeGPHum8Q_ORH40u4zt81JzRHz7CX9CDnCnaH814HKeMXkKq-ND6Iz7OPsXNxaiY5mhOrKGQ7yQ0XYkaREoTSgt-VPuRSwz64YSg60GY5mA6pngzNfgTPJKOcEwEkUGeHT2OpryG6sJ15D301qipdGiexLgPPTsupgilE5mUCH2gRwjOHH0yGT_8oit1RO586HtxfQh_-EVo_DquUDs8CifxCvIdYXqDdKGDSsLx4Eui49sYRfiHP7gUngjDSdCeoaSGd8THFeJ3octxfEdZhRDLOQh5fPiRMywubYf2IE1zPEw0Bv-K8sfDHZOXIaGeIO9GVPsjnDm-oeJbNE2Ixy_yH5q-B2EYRyEeF20O52KM7TnCE8ePLw_C1OlRbdlxHb9QTkEa-tCK8DmeHy6vocuP34i_G_pRNofbBH0k4pDOCpWk4_pAbTW0J0rxIz_6EM_EwD2mfRNyCGWO_IPPBkH13bicYyNjXMJz_Bd0OGL-IN-B62iVSbiYyEJ_RXgnXMlQ8kjIIXaI8rjyoEeYkRa-H99R6Rl87SiP_MG746qOh2COJkfuQe4u_OiVFjnSH8ch_PhxfTh0DsiPB8HTFidO6ERP4tAoKod_4jkOnzFc5Xh4Qufh4sHxQ-yI48juwMgz_IIOy7jw_PChj8XxCjeY49BRuAWP_-iVGzo6MYKLHjx-aIcnaEd_HNaNsidCOHuOfIfh80D1CTq-oS-OkzLwFz9-HT5-aL-CG0d3NA9x7eglXPADHVcdHAd0HEcO1PiEcMFx6D8KjVYO93g-vPDxWrAMfThF-DhOHfoE48cfcMajwk-hCzdxfD50HcdZXCCPDz1QcXB-HPyLg7F4XIJWwmrRH9-FHh5O6KBwIpyP8qCyH_nx4x9O_Djqoxdw_IKLQz_8G4R3Iz_O44afHLu6EXFyGep-PEd-3HDH49iL0gmy7ZBLYqTjIP8CF3-w57iOJ0eOPxS4p7jRKf6wOR-EmOON4_Jx5fjgK8fOZGiObH-gRs8QWSKeK_CVEMczf7iUI7eiQDmCb2CewxEfYtOO9sHbozxuwx2PEzNaxBek5SnyqBm-o-nR41IWtIppXP7Rgy_-8LjIIVz0Q7nSIw2Pl6iPK3Uw_fCVHHfA5DmS_kHE6MOlo84jNJfw4wyeyDzypsE9KDqJnGCpvLjE4TzG7Ebl4z36tPgRiD92hBfBecFzhYj-4Dtq9YTyDJ4clFF-3AffHj-eQo5loc0FZc5lnPiR68V37Lbx4QNNRUf4B49OQSElpfiewL2OPMMlCvlyo1y3YM9xohYz8DP0Jjr6Y-SLXMcf4BeOCymmcoa6yXieZLgO_gpsMC8aLs9xo0-PpmPwRPiT4soVCdNfiKGOt8jxt8Ge49vxC3165AeXi7jIQHkfuNnxR8X3QxzjCH_RaIfm5Lg-oefgMTKm_gD5Cb0NHhcuYa-KH_4NTR-RSy8uBz9q5_CD_kI_I_dy9NB3nDkasR0-9FEuvDn6D7q2wPLwW4NOwi981BomfbCToysP_UfVnEg7Isd4_MGP2scZoTv84KzgH9UWHkfTQjuRK-h7NFm0DM8e5A2a89C3ICc8hiTyHyX6FBsjGorIHNo14kqKdNxR7_iIvoWfo8sRiq9woh9K3YEfoerx7dDWDN6gkztq5-h0YTuqL8SP1smh6g_249tRLse3XAhZ6bCPcMOLG2VZQUv94FFiIlI-PIPTMPCkHO2T4WGG5j3CR7hINOehTwqXYCo08tAbBv4YdJHy4cfJojrCnEe_dEgj-ei0mNC47GgeXETIheFgTXkC87gDP6i-I9eOsx3awR9KPviaG48fWI1xQj3C4CFcH69s-CjbIld2Q9vcIcyzHNd-PCE-TGHUo5wQ9eizUDj6BP2DZj-uKDrOozq0_Ohz-D0qSRl0HlOkLST6fMhxpmjIHf3x6JHwIsxz9DgPfUS74x85pDlehD8uQijSZ0E7Hj8-Hz_aK0h_HMJhDTcsHYc-HDmO-ig_5MaPS4J2QDN3wiP6oDv846FgHfpx-MR9yAoOH_nBD-aRD5C_4zl--PgE8Sx44hKOozg0X6CCC--gXcdz4WgO7SS-4Rf64z_84IXew_JxSkcaHvQWHMeLG_nxjceL6_Av6MVx3njh4scLFWbn4-lhnMi5HCeRkt9x6PiBHz7MQ8aPHD2O7sV75FB_3CR-_IQnCm-OH-LxGje8Hy833PDx4MeRHv9w8EjJVNABy4c_4zz4Qx8L3BLQ40ch4jwOHfV24-iUDeKL_vjRDx56QgcDayKyLx0uHq4WF2HPoD-gqjzw4zl0-JCVGT8-uIfzQMd__Mgv1MeLBrV05JGHU-ghdniP48EhoDh6HHeL4zrOoBduftCOU_ngEc8B_8LDwdAP4zaOKzt85LiCI9PxzIB-4z7gz7gO8TxxHOSFoz901IdxGwdz_OijwtzR9_guHOXhE8LhC51nlEca9uiDsHzB4zqH4-jaooTVHS1xQdMvuMfxAeph5sYd5IePKziPHCZ5vBCu4vhx6AAe5OJxI8-Av-gnqD56Qpy443jww8e7CYd44sYNV4U-XIeRDz_4w8gz4zeE-_CHC9cJSSeOzrgO_CiMH_oBzdtxMB_8oo2gmwJz_DosCIf_4tvg_Thx7fiB49FtvDhh-cWPikA_UD5C_EQf-NODb4WZY82J5PAshB1TPC_24w_B6A_cFLV6NEePvkcqRUfHQ6cQaWWO5vnwKzhz7DyanziiqVFSQW8F8-hV_EKrF36GO3gIB_2O5lJRTyn0hUeY86jGo8sOd-vw4NURFvqObg4F_3iKC32hJ0eHppdofNGhGs0RHv0Oh47QJyPyKRoa-dAeBnmO2o3QPHjw8Yh05vCY4xbERwmOVVJ0nDluHU8GH_fRD9oz-AjlPPjUo53hRzkuIn-Nm-Fg_ngePIoGhyJ--C3K41qCUice9DuOjkYz8niEPrDKHHsG_8h5nMi3HFaO_3gHxV06_Lg-fKLwwz-0M8dzhA_uHJYo3ISP72j644nxH41TVKqCfHqQ7MIf-Ef_4GKO5niMfGHgH9qP_2goXcEvXEd6DT6eDR4Zo1byoJpyoRmH3NAbhNQiC78SNGOO41LQZjvSP4N-vDgDSys-PIem5kGpw8d9nIFPVJJyoo8rWD5-9FIO_ahXNAr54zxKKSR84_9x6YQu4cfOwTHRywQblLwhesI-lcgXFT9OHY5elKEnNF2LXrLwaehXIswSycS3433gWDt-1HrRLMJ1xWiOPsmDPhEJLaGO4z2siWmGJ8efC5p1NIt-_AqaUlPQ6wjlxCGs-Qi14XnQlInRS3lwH6IiPLpQcXmM5gt0KSOa_GijQ08e_HCXHe-O_mgm4bkCLU5y1E2Ht0dTJepQKRe-HfWO5tOD_2j2I2Qu5MsT2CFeoslHaMwenPHw481whYeO5wk-5OPQZDtKUviIPMzxID9-PDwOS8cfNF4jo25C3JJE5IeeEyG1o_GDkzqeaHiJLx_-I0wlOeglFdrHohl1PDneHVqqxUIf5fgOb7hy1HrQXEef5PBzlMmHD031EP0qPA9-eDquKE9QkxIaPYfOHM0TE2WCL3mCitLRfHrwHE2P9njkGU0VHZWZo1ETsaj1QR0v_EFT59Cu5Phz-MfzQOYLd7GEL8nRqIlIlMKjPNA25UHzHXmO3hua6HhCKwh_NE4maGfgZblQ8gnyBDmNM1GEK4eeE1cefEtQHeY8dDn0ccdDXIeOWE_x7MUT-Wi2Ha8E1-XQbzROhBB3IWSiHP-DYz3yB78PTeLhH3kieEe8HT_-wGZS9DvRKBvakkKpGz6eFJ8nQYwk_LiWwz96nfiLZkO1Cxrpwj9eFe7WDOXRqThzwXkq9Cf6DlrWHGV2-EdlEp0XQ0uu4