{"highlevel": {"danceability": {"all": {"danceable": 3.00000096379e-14,"not_danceable": 1},"probability": 1,"value": "not_danceable"},"gender": {"all": {"female": 0.622126698494,"male": 0.377873301506},"probability": 0.622126698494,"value": "female"},"genre_dortmund": {"all": {"alternative": 6.83932799284e-10,"blues": 5.8800680991e-10,"electronic": 0.999997735023,"folkcountry": 1.20273000448e-07,"funksoulrnb": 2.27457892521e-08,"jazz": 1.99303894988e-06,"pop": 3.88263643458e-08,"raphiphop": 1.71015290817e-08,"rock": 7.65129968272e-08},"probability": 0.999997735023,"value": "electronic"},"genre_electronic": {"all": {"ambient": 0.388319432735,"dnb": 0.00582948094234,"house": 0.0220068413764,"techno": 0.0598343499005,"trance": 0.524009883404},"probability": 0.524009883404,"value": "trance"},"genre_rosamerica": {"all": {"cla": 0.0275297854096,"dan": 0.188615873456,"hip": 0.316033601761,"jaz": 0.0356931239367,"pop": 0.170260131359,"rhy": 0.0847548544407,"roc": 0.132333606482,"spe": 0.0447790436447},"probability": 0.316033601761,"value": "hip"},"genre_tzanetakis": {"all": {"blu": 0.0617713928223,"cla": 0.0343018434942,"cou": 0.102904699743,"dis": 0.0514719486237,"hip": 0.154438391328,"jaz": 0.309046447277,"met": 0.0441263727844,"pop": 0.0772129744291,"reg": 0.0617708563805,"roc": 0.102955065668},"probability": 0.309046447277,"value": "jaz"},"ismir04_rhythm": {"all": {"ChaChaCha": 0.0142669053748,"Jive": 0.00646950630471,"Quickstep": 0.00821014307439,"Rumba-American": 0.804634869099,"Rumba-International": 0.00660070450976,"Rumba-Misc": 0.00869854073972,"Samba": 0.0488443523645,"Tango": 0.0791824609041,"VienneseWaltz": 0.0106137674302,"Waltz": 0.0124787651002},"probability": 0.804634869099,"value": "Rumba-American"},"mood_acoustic": {"all": {"acoustic": 0.0955903604627,"not_acoustic": 0.904409646988},"probability": 0.904409646988,"value": "not_acoustic"},"mood_aggressive": {"all": {"aggressive": 3.00000096379e-14,"not_aggressive": 1},"probability": 1,"value": "not_aggressive"},"mood_electronic": {"all": {"electronic": 0.979391694069,"not_electronic": 0.0206082761288},"probability": 0.979391694069,"value": "electronic"},"mood_happy": {"all": {"happy": 0.0592903569341,"not_happy": 0.940709650517},"probability": 0.940709650517,"value": "not_happy"},"mood_party": {"all": {"not_party": 0.999984204769,"party": 1.57784197654e-05},"probability": 0.999984204769,"value": "not_party"},"mood_relaxed": {"all": {"not_relaxed": 0.191182896495,"relaxed": 0.808817088604},"probability": 0.808817088604,"value": "relaxed"},"mood_sad": {"all": {"not_sad": 0.767824709415,"sad": 0.232175290585},"probability": 0.767824709415,"value": "not_sad"},"moods_mirex": {"all": {"Cluster1": 0.0772226452827,"Cluster2": 0.0444035679102,"Cluster3": 0.227747857571,"Cluster4": 0.0306320842355,"Cluster5": 0.61999386549},"probability": 0.61999386549,"value": "Cluster5"},"timbre": {"all": {"bright": 0.00512135773897,"dark": 0.994878649712},"probability": 0.994878649712,"value": "dark"},"tonal_atonal": {"all": {"atonal": 0.97531825304,"tonal": 0.0246817730367},"probability": 0.97531825304,"value": "atonal"},"voice_instrumental": {"all": {"instrumental": 0.996871292591,"voice": 0.00312871625647},"probability": 0.996871292591,"value": "instrumental"}},"metadata": {"audio_properties": {"analysis_sample_rate": 44100,"bit_rate": 221625,"equal_loudness": 0,"length": 275.723510742,"lossless": 0,"replay_gain": -1.1496295929,"sample_rate": 44100,"codec": "mp3","downmix": "mix","md5_encoded": "fdebff708b21827a1bdb04a23645f552"},"tags": {"file_name": "04 - The Police - Message in a Bottle.mp3","album": ["Live!"],"artist": ["The Police"],"date": ["1995-06-13"],"discnumber": ["02\/2"],"musicbrainz_albumid": ["485e1c53-bf27-46e2-8c4b-b100fd1a1989"],"musicbrainz_artistid": ["9e0e2b01-41db-4008-bd8b-988977d6019a"],"musicbrainz_recordingid": ["ed8a8919-0247-4c5a-b573-39e810581c5e"],"title": ["Message in a Bottle"],"tracknumber": ["04\/15"]},"version": {"highlevel": {"essentia": "2.1-beta5-dev","essentia_build_sha": "e74af04b57b164eed312abeef4963962215860f0","essentia_git_sha": "v2.1_beta4-499-g4013ebc","extractor": "music 2.0","gaia": "2.4.5","gaia_git_sha": "v2.4.4-44-g95f4851","models_essentia_git_sha": "v2.1_beta1"},"lowlevel": {"essentia": "2.1-beta1","essentia_build_sha": "ca57ba49d9b1854bd80e60cf9ccf267278fb7d6b","essentia_git_sha": "v2.1_beta1-28-g21ef5f4-dirty","extractor": "music 1.0"}}}}