{"highlevel": {"danceability": {"all": {"danceable": 0.110780663788,"not_danceable": 0.889219343662},"probability": 0.889219343662,"value": "not_danceable"},"gender": {"all": {"female": 0.113839507103,"male": 0.886160492897},"probability": 0.886160492897,"value": "male"},"genre_dortmund": {"all": {"alternative": 1.48471357875e-07,"blues": 1.82530968118e-07,"electronic": 0.999860405922,"folkcountry": 8.9777422545e-05,"funksoulrnb": 5.59877378237e-07,"jazz": 4.21077202191e-05,"pop": 1.13221244646e-06,"raphiphop": 1.04404840329e-07,"rock": 5.60665012017e-06},"probability": 0.999860405922,"value": "electronic"},"genre_electronic": {"all": {"ambient": 0.780827581882,"dnb": 0.00316029996611,"house": 0.139069706202,"techno": 0.0280276890844,"trance": 0.0489147081971},"probability": 0.780827581882,"value": "ambient"},"genre_rosamerica": {"all": {"cla": 0.0964935794473,"dan": 0.00862636975944,"hip": 0.0201397538185,"jaz": 0.0881336629391,"pop": 0.164866372943,"rhy": 0.580727279186,"roc": 0.0122128855437,"spe": 0.0288000870496},"probability": 0.580727279186,"value": "rhy"},"genre_tzanetakis": {"all": {"blu": 0.0602788552642,"cla": 0.0334596894681,"cou": 0.0752716958523,"dis": 0.0501817651093,"hip": 0.150557950139,"jaz": 0.301242023706,"met": 0.0430071987212,"pop": 0.0752564743161,"reg": 0.060209132731,"roc": 0.150535196066},"probability": 0.301242023706,"value": "jaz"},"ismir04_rhythm": {"all": {"ChaChaCha": 0.04541759938,"Jive": 0.00411017145962,"Quickstep": 0.00385636440478,"Rumba-American": 0.0166371855885,"Rumba-International": 0.0209863707423,"Rumba-Misc": 0.0100171584636,"Samba": 0.00950090028346,"Tango": 0.604475021362,"VienneseWaltz": 0.278460472822,"Waltz": 0.00653874175623},"probability": 0.604475021362,"value": "Tango"},"mood_acoustic": {"all": {"acoustic": 0.88958221674,"not_acoustic": 0.110417760909},"probability": 0.88958221674,"value": "acoustic"},"mood_aggressive": {"all": {"aggressive": 1.58916554938e-06,"not_aggressive": 0.999998390675},"probability": 0.999998390675,"value": "not_aggressive"},"mood_electronic": {"all": {"electronic": 0.276042640209,"not_electronic": 0.723957359791},"probability": 0.723957359791,"value": "not_electronic"},"mood_happy": {"all": {"happy": 0.022344077006,"not_happy": 0.977655947208},"probability": 0.977655947208,"value": "not_happy"},"mood_party": {"all": {"not_party": 0.99071586132,"party": 0.0092841098085},"probability": 0.99071586132,"value": "not_party"},"mood_relaxed": {"all": {"not_relaxed": 0.0329346507788,"relaxed": 0.96706533432},"probability": 0.96706533432,"value": "relaxed"},"mood_sad": {"all": {"not_sad": 0.381929367781,"sad": 0.618070662022},"probability": 0.618070662022,"value": "sad"},"moods_mirex": {"all": {"Cluster1": 0.0608144551516,"Cluster2": 0.0938057303429,"Cluster3": 0.51216840744,"Cluster4": 0.116815544665,"Cluster5": 0.216395840049},"probability": 0.51216840744,"value": "Cluster3"},"timbre": {"all": {"bright": 0.915042281151,"dark": 0.0849577337503},"probability": 0.915042281151,"value": "bright"},"tonal_atonal": {"all": {"atonal": 0.898962080479,"tonal": 0.101037941873},"probability": 0.898962080479,"value": "atonal"},"voice_instrumental": {"all": {"instrumental": 0.178724780679,"voice": 0.821275234222},"probability": 0.821275234222,"value": "voice"}},"metadata": {"audio_properties": {"analysis_sample_rate": 44100,"bit_rate": 320000,"equal_loudness": 0,"length": 379.898773193,"lossless": 0,"replay_gain": -13.5734062195,"sample_rate": 44100,"codec": "mp3","downmix": "mix","md5_encoded": "c4ab9b00dda20bb043b22c0074b96070"},"tags": {"file_name": "1999814.mp3","album": ["Color To the Moon"],"artist": ["Allan Taylor"],"date": ["2000"],"discnumber": ["1"],"musicbrainz_recordingid": ["edabc570-cd45-40df-a6ba-c4925ab2eaaf"],"title": ["Creole Girl"],"tracknumber": ["9"]},"version": {"highlevel": {"essentia": "2.1-beta5-dev","essentia_build_sha": "e74af04b57b164eed312abeef4963962215860f0","essentia_git_sha": "v2.1_beta4-499-g4013ebc","extractor": "music 2.0","gaia": "2.4.5","gaia_git_sha": "v2.4.4-44-g95f4851","models_essentia_git_sha": "v2.1_beta1"},"lowlevel": {"essentia": "2.1-beta2","essentia_build_sha": "70f2e5ece6736b2c40cc944ad0e695b16b925413","essentia_git_sha": "v2.1_beta2","extractor": "music 1.0"}}}}