{"highlevel": {"danceability": {"all": {"danceable": 1.37841198011e-05,"not_danceable": 0.999986231327},"probability": 0.999986231327,"value": "not_danceable"},"gender": {"all": {"female": 0.348596960306,"male": 0.651403009892},"probability": 0.651403009892,"value": "male"},"genre_dortmund": {"all": {"alternative": 0.00775927584618,"blues": 0.00120766065083,"electronic": 0.986733973026,"folkcountry": 0.00285868160427,"funksoulrnb": 5.84611843806e-05,"jazz": 0.000574497797061,"pop": 0.00012441011495,"raphiphop": 3.99077798647e-05,"rock": 0.000643127015792},"probability": 0.986733973026,"value": "electronic"},"genre_electronic": {"all": {"ambient": 0.875561594963,"dnb": 0.00262740207836,"house": 0.0921605527401,"techno": 0.0146712763235,"trance": 0.014979198575},"probability": 0.875561594963,"value": "ambient"},"genre_rosamerica": {"all": {"cla": 0.499190241098,"dan": 0.00422446802258,"hip": 0.0197689738125,"jaz": 0.309662878513,"pop": 0.0269094072282,"rhy": 0.0953251048923,"roc": 0.00348584796302,"spe": 0.0414330735803},"probability": 0.499190241098,"value": "cla"},"genre_tzanetakis": {"all": {"blu": 0.0699789151549,"cla": 0.163198202848,"cou": 0.127607226372,"dis": 0.0563393048942,"hip": 0.0969408378005,"jaz": 0.159415304661,"met": 0.0587596707046,"pop": 0.101475864649,"reg": 0.0550549663603,"roc": 0.111229710281},"probability": 0.163198202848,"value": "cla"},"ismir04_rhythm": {"all": {"ChaChaCha": 0.0207426343113,"Jive": 0.00290045165457,"Quickstep": 0.00357661629096,"Rumba-American": 0.0282202027738,"Rumba-International": 0.00954479072243,"Rumba-Misc": 0.0254181977361,"Samba": 0.00966816674918,"Tango": 0.629580318928,"VienneseWaltz": 0.245730400085,"Waltz": 0.0246182270348},"probability": 0.629580318928,"value": "Tango"},"mood_acoustic": {"all": {"acoustic": 0.99858301878,"not_acoustic": 0.00141697167419},"probability": 0.99858301878,"value": "acoustic"},"mood_aggressive": {"all": {"aggressive": 0.0128650572151,"not_aggressive": 0.987134933472},"probability": 0.987134933472,"value": "not_aggressive"},"mood_electronic": {"all": {"electronic": 0.0933518856764,"not_electronic": 0.906648099422},"probability": 0.906648099422,"value": "not_electronic"},"mood_happy": {"all": {"happy": 0.17536534369,"not_happy": 0.824634671211},"probability": 0.824634671211,"value": "not_happy"},"mood_party": {"all": {"not_party": 0.998819887638,"party": 0.00118013250176},"probability": 0.998819887638,"value": "not_party"},"mood_relaxed": {"all": {"not_relaxed": 0.0519173108041,"relaxed": 0.948082685471},"probability": 0.948082685471,"value": "relaxed"},"mood_sad": {"all": {"not_sad": 0.0944140851498,"sad": 0.905585944653},"probability": 0.905585944653,"value": "sad"},"moods_mirex": {"all": {"Cluster1": 0.0890683755279,"Cluster2": 0.194391340017,"Cluster3": 0.364559948444,"Cluster4": 0.194321841002,"Cluster5": 0.15765850246},"probability": 0.364559948444,"value": "Cluster3"},"timbre": {"all": {"bright": 0.00423102034256,"dark": 0.995768964291},"probability": 0.995768964291,"value": "dark"},"tonal_atonal": {"all": {"atonal": 0.977473914623,"tonal": 0.0225260965526},"probability": 0.977473914623,"value": "atonal"},"voice_instrumental": {"all": {"instrumental": 0.000401127181249,"voice": 0.999598860741},"probability": 0.999598860741,"value": "voice"}},"metadata": {"audio_properties": {"analysis_sample_rate": 44100,"bit_rate": 0,"equal_loudness": 0,"length": 266.533325195,"lossless": 1,"replay_gain": -2.47665214539,"sample_rate": 44100,"codec": "flac","downmix": "mix","md5_encoded": "45d6aa79d486500839e6d1c024b631b7"},"tags": {"file_name": "18 - One For My Baby (And One More For The Road).flac","acoustid_id": ["4f767ebb-20a9-4ec1-9de4-179f72ab5c10"],"album": ["Classic Sinatra: His Great Performances 1953-1960"],"albumartist": ["Frank Sinatra"],"albumartistsort": ["Sinatra, Frank"],"artist": ["Frank Sinatra"],"artistsort": ["Sinatra, Frank"],"asin": ["B0000479AV"],"barcode": ["724359889627"],"bpm": ["144"],"composer": ["Harold Arlen"],"composersort": ["Arlen, Harold"],"date": ["2000"],"discnumber": ["1"],"disctotal": ["1"],"genre": ["Vocal"],"isrc": ["USCA29800159"],"label": ["Capitol Records"],"language": ["eng"],"lyricist": ["Johnny Mercer"],"media": ["Digital Media"],"musicbrainz_albumartistid": ["197450cd-0124-4164-b723-3c22dd16494d"],"musicbrainz_albumid": ["8e79254c-fb93-40c6-bd82-fec35848c3b5"],"musicbrainz_artistid": ["197450cd-0124-4164-b723-3c22dd16494d"],"musicbrainz_recordingid": ["8dffc1a6-c06d-435d-a879-64fb3c828b60"],"musicbrainz_releasegroupid": ["36dc27ab-10fc-36f6-ac2b-b43015fb1417"],"musicbrainz_releasetrackid": ["4c5d1eca-8c4e-3da8-916a-a386d9f795c2"],"musicbrainz_workid": ["46e727d0-eabb-37d6-b5c0-ed7604e5d1c9"],"musicip_puid": ["c6f3a38a-6214-48ea-285b-e79ea1bf09bc"],"originaldate": ["2000-03-28"],"originalyear": ["2000"],"releasecountry": ["US"],"releasestatus": ["official"],"releasetype": ["album", "compilation"],"script": ["Latn"],"title": ["One of Us Must Know (Sooner or Later)"],"totaldiscs": ["1"],"totaltracks": ["20"],"tracknumber": ["18"],"tracktotal": ["20"],"work": ["One for My Baby (And One More for the Road)"]},"version": {"highlevel": {"essentia": "2.1-beta5-dev","essentia_build_sha": "e74af04b57b164eed312abeef4963962215860f0","essentia_git_sha": "v2.1_beta4-499-g4013ebc","extractor": "music 2.0","gaia": "2.4.5","gaia_git_sha": "v2.4.4-44-g95f4851","models_essentia_git_sha": "v2.1_beta1"},"lowlevel": {"essentia": "2.1-beta2","essentia_build_sha": "2d9f1f26377add8aeb1075a9c2973f962c4f09fd","essentia_git_sha": "v2.1_beta2-1-ge3940c0","extractor": "music 1.0"}}}}