{"highlevel": {"danceability": {"all": {"danceable": 0.821966648102,"not_danceable": 0.178033366799},"probability": 0.821966648102,"value": "danceable"},"gender": {"all": {"female": 0.505790948868,"male": 0.494209051132},"probability": 0.505790948868,"value": "female"},"genre_dortmund": {"all": {"alternative": 0.0150230238214,"blues": 0.00151571538299,"electronic": 0.978324592113,"folkcountry": 0.00269966199994,"funksoulrnb": 8.60056679812e-05,"jazz": 0.000343583378708,"pop": 0.000247779942583,"raphiphop": 6.80944067426e-05,"rock": 0.00169157073833},"probability": 0.978324592113,"value": "electronic"},"genre_electronic": {"all": {"ambient": 0.337847113609,"dnb": 0.00855738762766,"house": 0.0474129468203,"techno": 0.00905575137585,"trance": 0.59712678194},"probability": 0.59712678194,"value": "trance"},"genre_rosamerica": {"all": {"cla": 0.0221140533686,"dan": 0.0316370613873,"hip": 0.0251889266074,"jaz": 0.0461944639683,"pop": 0.346705645323,"rhy": 0.0905895531178,"roc": 0.42530477047,"spe": 0.0122655015439},"probability": 0.42530477047,"value": "roc"},"genre_tzanetakis": {"all": {"blu": 0.0626613423228,"cla": 0.0348169617355,"cou": 0.104475811124,"dis": 0.0784321576357,"hip": 0.15692435205,"jaz": 0.313974827528,"met": 0.0448166541755,"pop": 0.0627359300852,"reg": 0.0627360641956,"roc": 0.0784258767962},"probability": 0.313974827528,"value": "jaz"},"ismir04_rhythm": {"all": {"ChaChaCha": 0.135827749968,"Jive": 0.140762031078,"Quickstep": 0.0202379170805,"Rumba-American": 0.0296115279198,"Rumba-International": 0.0245909336954,"Rumba-Misc": 0.0163091607392,"Samba": 0.0413400568068,"Tango": 0.313454478979,"VienneseWaltz": 0.265343695879,"Waltz": 0.0125224692747},"probability": 0.313454478979,"value": "Tango"},"mood_acoustic": {"all": {"acoustic": 0.483295202255,"not_acoustic": 0.516704797745},"probability": 0.516704797745,"value": "not_acoustic"},"mood_aggressive": {"all": {"aggressive": 0.213361755013,"not_aggressive": 0.786638259888},"probability": 0.786638259888,"value": "not_aggressive"},"mood_electronic": {"all": {"electronic": 0.103463470936,"not_electronic": 0.896536529064},"probability": 0.896536529064,"value": "not_electronic"},"mood_happy": {"all": {"happy": 0.571263968945,"not_happy": 0.428736001253},"probability": 0.571263968945,"value": "happy"},"mood_party": {"all": {"not_party": 0.669072031975,"party": 0.330927938223},"probability": 0.669072031975,"value": "not_party"},"mood_relaxed": {"all": {"not_relaxed": 0.885014355183,"relaxed": 0.11498567462},"probability": 0.885014355183,"value": "not_relaxed"},"mood_sad": {"all": {"not_sad": 0.745568335056,"sad": 0.254431635141},"probability": 0.745568335056,"value": "not_sad"},"moods_mirex": {"all": {"Cluster1": 0.115665368736,"Cluster2": 0.144968301058,"Cluster3": 0.269778043032,"Cluster4": 0.196867018938,"Cluster5": 0.272721260786},"probability": 0.272721260786,"value": "Cluster5"},"timbre": {"all": {"bright": 0.979505181313,"dark": 0.0204948298633},"probability": 0.979505181313,"value": "bright"},"tonal_atonal": {"all": {"atonal": 0.05250030756,"tonal": 0.94749969244},"probability": 0.94749969244,"value": "tonal"},"voice_instrumental": {"all": {"instrumental": 0.0501416586339,"voice": 0.949858367443},"probability": 0.949858367443,"value": "voice"}},"metadata": {"audio_properties": {"analysis_sample_rate": 44100,"bit_rate": 192000,"equal_loudness": 0,"length": 301.975524902,"lossless": 0,"replay_gain": -5.12219429016,"sample_rate": 44100,"codec": "mp3","downmix": "mix","md5_encoded": "63c65c45c105db58bd04773f83f8d4fa"},"tags": {"file_name": "Bad Company - Deal With the Preacher.mp3","acoustid_fingerprint": ["AQADtMqWXFtx4EpyhPmOH9r0INIZHK7w4fjRPcfRdEeyZUKeqcHxK07wKY_RI1mmnfjxBz_k84i9BP6DP8KP2kFzGnty5NAfPDpCpcL-wfky4odHhF6GZj8UHV8e5Dr84gcyUi9qMRzEbBnyYM-MS-gVHX22o2mQf9CvIHzGkWiyF5-EL0qOXceXjUlwMhx-MNiUXEHZqDruJSOS44kRPocjZniiD0d_PEqP-Q-u8BnO8Mih3-gRZjq-0QKnU-jzaLBWgXH248e1HbvCjJisw-TRk8L1NLh6rNHxT8hlBwrCDU3uRJinpQp-HPXRpAlf4XrRJEfrpLiO_IS47shTTZglHv2UoslS4iGPU8rxG5cu5DvCdD_643GCx7JQ-Q2aX9hTIV0OHfEnNKoulFKkScKVYxfe5HiN5oqCKtPRK_CYGM-N9BSVQhGnF7mOnmge3EL-449i3Kg2DQ_SHT054yzu49h1nJEQPkGyPFFmvBfOrSlG3EW7oFG74kek5EKtJcde6PzgS8Ndp9g_5C1chcT14MqDXXgm3CHM5RnWXsKtMUHzJcXaBOl4lFnYDPoRND2FvvHwMDJ-fBd-NUd0JcwDbRf-4HAmMfiG60H4zMcZ_MSbLCrMiA3uF88eYw8Na2KOPdqQH39wlceUq1BcfTCfCiFxJrnQaMqF6xVaHsd1I1RdYoqU6fjxo-ER_mj5EOkpiLUQNgmOJnoqoaRUKZh-EY2UHLyOkkeTxziugHqM60fnKBWRJXkaITmeRMdZTUZzfejSpTh-4hdcfciZ5ehUFexRWYZyIfeFV6zw72jRKM7xHz_x5EF4o-kHucIz_Hge4Yly6Dte9BlTNN0sQMd79EUTJ0qEhxYuxD_OSyiPHz1ybdDyI6yk4Ixy4RRqG5aOoyTxFlEZ6EZ4kpiycHnwGP_R6Dn6ZRLyUDAP-Ufe4zkad1HwUDtsUeiPZ0IYHu_xc8iHq0pEtMeDUoddDyHlOOijwzHx92jK4UWrT2hGHvmCH58e_Mfeoz9cZcF1-MHnI18AkTwyHQ8VYV00OPTxsPC1w02iXEUtHV_xEKGk5NCiHcFNuFuIN-px9fAyXcUv7M_A6ETC50ijHD-sD70mRrik6KA1y7guhDINLc9S5E8wSbyNKRVzXJmQRznSa-A_nCzOpcMoRV7QaDp6nH3wicf1I2T2ovlxSZIinA7iE8_x1SnyHSrS4-9xKfnQJjn-oD_x4FEihE6KR9phTjp-KwgfGlEvPNFRb5CSeUfsB39J_AJDJQWTcKOO4zk3tA-jwOOOXvhHNFFZJGsWIV9wnqjEH00VJRP2Hnc4XA-qB-5W2Dh-bBVzVE3mGdc7PLmKLGegJc4R_UPzopQY4stEnC8-HWesDL3Q5DnOa0IYJZuaQ9MRYsqPZ2mwE2dR8miWa8jDo-IZNB-FH9ctvMpR72jSppAVHyfSL8WHE5eyPfjSLERJ3YG_o2uLP0yK4xuJnhWiL0eiXhXGX3g-7OIjOGKUDO2xn8hlQvNOpN-Fhw-cKEoOjxh14Qod43vR46iaZGCiJNqN38TPYVbCHA2PCtEDffgujFroow_xCLVz7DlUOkM4Kh-mDE-O8EVzrcinrAuaG5V2XXjy4N_xPIaXmULyOwimBLWqgNea4JsRMn8GMfJGRNNDpejRhPrRo9IaNFV2rBXSQ9op_HGIfWi0-AipHT9O_B7chMG1HE-2GPmc4gq6ienRB_9xZkPDMRo6_MeTK8EzJRV0pMN9_MGjB3tywmOF58juQ-KDHM8e4cfLo4eV9aicCx-PSEEyLRLuoQ_R_DjaXGjEHJeOH30ioglF5Mse9FDoo8-HvBseb0ET9tjUBJWyHsf5wo0fxNfxHyWP9Ah14Q6e9TgaXoH2hMOPMFIQSuUe_DgvYXOyDCcm8dAi7AlRUVHQxCRRWomDKdJyVJL4Q_zRcwjPo9lx5SilEE0sUsHl4x_-oWnyYfKOsxSeo8l1HO8eJIwThA_xLGB5XDdsrUqQPMuRB2fQZIp0lE-GKZtCY9KiM8gZaHkZNH0RN8d3NIqPMkzmIPt1HL0xffhx5IeVLbj0GOfQRDxqPciF39DS5US5DA8PnTnuo3uMJmLmo01yiNNWhEd_Dn5y9NImNA-NKsf5oyRSLkdyvPDVzDiV42h4nAnQ0wjzI6l1PI2OXmieHccfXLnQnBk0pUQ1Fs3e4EqsYy_u4xy6E45blAx6uH9gK5cQ-iiPpmmg-3ge5Bdx0mjC5Kh3XD1ONIoc9McjHhUnxYG9E5ON47zR3KjThCly9NDyLDi74nnwzTK-JEd_NOfxLcNznHehvUXq4TpcKkfZ4Th51KqGxhqu4zlOWbjw8KgkFflqiKcQamtxKfvRXUeP4y3-BDPlI9maGekDOD3abI9wK1XQXAgtHZqTLAhzGhePL1YSlH-GM83xHdSDHpF-aAmNJ4l0RKK_4JcIV0ZfXDyqx2j6GWePpmoO5olw6fiR84R-IT0eHB9OXKSQd4e0bcmRHyOzo3aI7dKH7rijC8gT6dBH5GXwjAeTMblQ8Rz2sMMZJceTGmF-6Kk2-A9-6NuU42KKaNtxmFEWnD_8C7105EHiicfbw46UaviH53iio3myFT305Dzu4UwTcM6ORk-OXjkuJD8RSn0GJi9qY0uPPPCPItfxJCEu4YlO_HgefF-Io08efDocMpFwFr-Qy4ZWicelohfE7zne5EiX-Ed_PJkThDy0_MizNOiPJrnwB2eC78WpIXp9nIXWC-KRB5dyZHZQLokH4YwBAAgnnCFQAkCFAAEoIJwxQEJBDDFGOQMIIMwwQoRBShBiiBIASCMNE0Agg5ARwggghCHMMAGYWIAIsIwTABhBAGQAAIAIAARYQgCwAggIpBHCIGMUQIJCpgSRAAhElDFEIAKQMEQIgBwAjACGgWVOESOAMVYhIAARDilCKDAEOC0AQAYrJhwQiAFBEANOaIScIEBxIgAhgAABBCAQGoAEEEIjBIAxiABDGAVAMAEAMYAAQgQADhohMEFsICAAMUBDAxQwyhhAAEdAISMA0AYAQhBwBkCjECNMMoEIQAIoQixSggomHAJMEGkEEMpxAYRCQiACBBMCeSIAMtQrQggAjDkBhBFUEAaNIAQIIJQwiArECKCOASSQZ4ACAIgUQhpiEMBEQgEAQQBAAIhCgAliiAFGCQIAEBYpRwABygBECDGCCsEMA8IAQQwxigBjCBMCECmIQAIJohAUBhEFCBFAIMWgUcAQYowgBkAKmOEYIQCEFEAY5QARjgEAgIBEQECAAUYgJIAXhBgAGAAKGaYRAAIhADBGjghFGBSEKQAYAUQBQRgCQiABhAWEGnOA0YAAzYEhRjgQAGKAACEQMRA4wowhgCEmJGmAGQkgIQYIrAQJCHBmCDDaCuQQYAQJAIgABDGHGCANAEoYQYRpR4AAmAgGiRIECIIEJcQKoYVQBCKFECYQCMEAQEAZAiiQgjCjmDDKeCuMoYABQ4hwBBAigAIGIMAIUQowoQQBRABgFEIMEESoUoBhAARVxDCijFWCIQqQEUIVgYwCjAJihDBAASEBEY4BQwDCECERGKEECAYAVEIgJAARDAFjhAAOCaeMFEQAA5AzRBhGmEAQEGIpaM5BQYBwBAgLgHFEEWAEIU4gYRDghghEIAHKAEKoAo4oopgz1gBAmRMGACIAUVQBKo1iAgjDjDEcCKMIBQIQA4AQQgDBlENKCQMAIUZRAxiiigE"],"acoustid_id": ["fe705d2e-b75d-4f87-ba37-420aedf723d0"],"album": ["Straight Shooter"],"artist": ["Bad Company"],"bpm": ["125.96"],"date": ["1974"],"genre": ["Rock"],"musicbrainz album release country": ["United States"],"musicbrainz album type": ["Album"],"musicbrainz_albumid": ["1b59e2f4-5cb4-411f-8489-69eabf8b001c"],"musicbrainz_recordingid": ["0b8db97e-992a-4b55-b404-b9ccec28cb0c"],"musicip_puid": ["aa9fe9c6-b6ec-9779-cb4c-28a86e1c6a10"],"title": ["Deal With the Preacher"],"tracknumber": ["05\/08"]},"version": {"highlevel": {"essentia": "2.1-beta5-dev","essentia_build_sha": "e74af04b57b164eed312abeef4963962215860f0",