{"highlevel": {"danceability": {"all": {"danceable": 0.126964107156,"not_danceable": 0.873035907745},"probability": 0.873035907745,"value": "not_danceable"},"gender": {"all": {"female": 0.0507990792394,"male": 0.949200928211},"probability": 0.949200928211,"value": "male"},"genre_dortmund": {"all": {"alternative": 0.0225700102746,"blues": 0.0036577321589,"electronic": 0.955999970436,"folkcountry": 0.013062691316,"funksoulrnb": 0.000227882890613,"jazz": 0.000981111777946,"pop": 0.000573578639887,"raphiphop": 0.000178402246092,"rock": 0.00274862837978},"probability": 0.955999970436,"value": "electronic"},"genre_electronic": {"all": {"ambient": 0.781066596508,"dnb": 0.00876892264932,"house": 0.145438313484,"techno": 0.0243146754801,"trance": 0.0404114983976},"probability": 0.781066596508,"value": "ambient"},"genre_rosamerica": {"all": {"cla": 0.492142796516,"dan": 0.0264685731381,"hip": 0.103835791349,"jaz": 0.0455691032112,"pop": 0.0669369548559,"rhy": 0.165591850877,"roc": 0.0832291170955,"spe": 0.0162258259952},"probability": 0.492142796516,"value": "cla"},"genre_tzanetakis": {"all": {"blu": 0.065103508532,"cla": 0.0488041378558,"cou": 0.078091211617,"dis": 0.0976612642407,"hip": 0.13029871881,"jaz": 0.195559889078,"met": 0.0782286077738,"pop": 0.130345478654,"reg": 0.0781875550747,"roc": 0.0977196246386},"probability": 0.195559889078,"value": "jaz"},"ismir04_rhythm": {"all": {"ChaChaCha": 0.0587129294872,"Jive": 0.0279349982738,"Quickstep": 0.00370859028772,"Rumba-American": 0.00597550906241,"Rumba-International": 0.00821134354919,"Rumba-Misc": 0.00454219477251,"Samba": 0.00582430278882,"Tango": 0.481156647205,"VienneseWaltz": 0.396320283413,"Waltz": 0.00761321326718},"probability": 0.481156647205,"value": "Tango"},"mood_acoustic": {"all": {"acoustic": 0.0924160480499,"not_acoustic": 0.90758395195},"probability": 0.90758395195,"value": "not_acoustic"},"mood_aggressive": {"all": {"aggressive": 0.0238778274506,"not_aggressive": 0.976122200489},"probability": 0.976122200489,"value": "not_aggressive"},"mood_electronic": {"all": {"electronic": 0.107512123883,"not_electronic": 0.892487883568},"probability": 0.892487883568,"value": "not_electronic"},"mood_happy": {"all": {"happy": 0.509504795074,"not_happy": 0.490495204926},"probability": 0.509504795074,"value": "happy"},"mood_party": {"all": {"not_party": 0.774908959866,"party": 0.225091069937},"probability": 0.774908959866,"value": "not_party"},"mood_relaxed": {"all": {"not_relaxed": 0.162292942405,"relaxed": 0.837707042694},"probability": 0.837707042694,"value": "relaxed"},"mood_sad": {"all": {"not_sad": 0.537213981152,"sad": 0.462786018848},"probability": 0.537213981152,"value": "not_sad"},"moods_mirex": {"all": {"Cluster1": 0.102595001459,"Cluster2": 0.315726041794,"Cluster3": 0.232879236341,"Cluster4": 0.116264626384,"Cluster5": 0.232535094023},"probability": 0.315726041794,"value": "Cluster2"},"timbre": {"all": {"bright": 0.921208798885,"dark": 0.0787911787629},"probability": 0.921208798885,"value": "bright"},"tonal_atonal": {"all": {"atonal": 0.397006869316,"tonal": 0.602993130684},"probability": 0.602993130684,"value": "tonal"},"voice_instrumental": {"all": {"instrumental": 0.346217542887,"voice": 0.653782486916},"probability": 0.653782486916,"value": "voice"}},"metadata": {"audio_properties": {"analysis_sample_rate": 44100,"bit_rate": 0,"equal_loudness": 0,"length": 230.399993896,"lossless": 1,"replay_gain": -5.26838302612,"sample_rate": 44100,"codec": "flac","downmix": "mix","md5_encoded": "ce1fd732732100655408372951d995db"},"tags": {"file_name": "14. Blur - Birthday.flac","acoustid_id": ["7a2dd190-90c5-414c-92d0-5b1e9c8ee778"],"album": ["Leisure"],"album artist": ["Blur"],"albumartist": ["Blur"],"albumartistsort": ["Blur"],"artist": ["Blur"],"artistsort": ["Blur"],"barcode": ["4988006662995"],"catalognumber": ["7975062", "TOCP-6833"],"composer": ["Alex James", "Dave Rowntree", "Damon Albarn", "Graham Coxon"],"date": ["1991-09-20"],"disc": ["1"],"discid": ["C20E740F"],"discnumber": ["1"],"disctotal": ["1"],"ensemble": ["Blur"],"genre": ["Britpop"],"isrc": ["GBAYE9100312"],"label": ["Food", "東芝EMI 株式会社"],"language": ["eng"],"lyricist": ["Damon Albarn"],"media": ["CD"],"musicbrainz_albumartistid": ["ba853904-ae25-4ebb-89d6-c44cfbd71bd2"],"musicbrainz_albumid": ["9ab639ba-9ad7-4128-9ba2-c5d607f56156"],"musicbrainz_artistid": ["ba853904-ae25-4ebb-89d6-c44cfbd71bd2"],"musicbrainz_recordingid": ["0b9b5669-eef0-420a-b695-350b36219c62"],"musicbrainz_workid": ["4f271aa8-f60f-4d36-a7ab-78ea8c887b3d"],"originaldate": ["1991-08-27"],"producer": ["Mike Thorne"],"releasecountry": ["JP"],"releasestatus": ["official"],"releasetype": ["album"],"replaygain_album_gain": ["-2.750000 dB"],"replaygain_track_gain": ["-0.400000 dB"],"replaygain_track_peak": ["0.729370"],"script": ["Latn"],"title": ["Birthday"],"totaldiscs": ["1"],"totaltracks": ["15"],"tracknumber": ["14"],"tracktotal": ["15"],"year": ["1991"]},"version": {"highlevel": {"essentia": "2.1-beta5-dev","essentia_build_sha": "e74af04b57b164eed312abeef4963962215860f0","essentia_git_sha": "v2.1_beta4-499-g4013ebc","extractor": "music 2.0","gaia": "2.4.5","gaia_git_sha": "v2.4.4-44-g95f4851","models_essentia_git_sha": "v2.1_beta1"},"lowlevel": {"essentia": "2.1-beta1","essentia_build_sha": "ca57ba49d9b1854bd80e60cf9ccf267278fb7d6b","essentia_git_sha": "v2.1_beta1-28-g21ef5f4-dirty","extractor": "music 1.0"}}}}