{"highlevel": {"danceability": {"all": {"danceable": 0.169210940599,"not_danceable": 0.830789089203},"probability": 0.830789089203,"value": "not_danceable"},"gender": {"all": {"female": 0.699401199818,"male": 0.300598829985},"probability": 0.699401199818,"value": "female"},"genre_dortmund": {"all": {"alternative": 0.1902692765,"blues": 0.0669700726867,"electronic": 0.518338084221,"folkcountry": 0.0696399062872,"funksoulrnb": 0.0130951320753,"jazz": 0.0168047100306,"pop": 0.0196302030236,"raphiphop": 0.00847382098436,"rock": 0.0967788025737},"probability": 0.518338084221,"value": "electronic"},"genre_electronic": {"all": {"ambient": 0.724637925625,"dnb": 0.0558492019773,"house": 0.0912498608232,"techno": 0.0111970780417,"trance": 0.117065951228},"probability": 0.724637925625,"value": "ambient"},"genre_rosamerica": {"all": {"cla": 0.0178961008787,"dan": 0.00575954234228,"hip": 0.0114932237193,"jaz": 0.00634566834196,"pop": 0.130300477147,"rhy": 0.0169522985816,"roc": 0.809328377247,"spe": 0.00192427588627},"probability": 0.809328377247,"value": "roc"},"genre_tzanetakis": {"all": {"blu": 0.0620671063662,"cla": 0.034474901855,"cou": 0.103433981538,"dis": 0.0620971247554,"hip": 0.15527240932,"jaz": 0.310666948557,"met": 0.044346679002,"pop": 0.0620793737471,"reg": 0.0620816536248,"roc": 0.103479810059},"probability": 0.310666948557,"value": "jaz"},"ismir04_rhythm": {"all": {"ChaChaCha": 0.942734897137,"Jive": 0.00461310753599,"Quickstep": 0.00088879885152,"Rumba-American": 0.00313100032508,"Rumba-International": 0.000528003205545,"Rumba-Misc": 0.000711587490514,"Samba": 0.00411152746528,"Tango": 0.0226670429111,"VienneseWaltz": 0.0203238967806,"Waltz": 0.000290112395305},"probability": 0.942734897137,"value": "ChaChaCha"},"mood_acoustic": {"all": {"acoustic": 0.00484644155949,"not_acoustic": 0.995153546333},"probability": 0.995153546333,"value": "not_acoustic"},"mood_aggressive": {"all": {"aggressive": 0.972219526768,"not_aggressive": 0.0277804601938},"probability": 0.972219526768,"value": "aggressive"},"mood_electronic": {"all": {"electronic": 0.344576328993,"not_electronic": 0.655423700809},"probability": 0.655423700809,"value": "not_electronic"},"mood_happy": {"all": {"happy": 0.197928071022,"not_happy": 0.802071928978},"probability": 0.802071928978,"value": "not_happy"},"mood_party": {"all": {"not_party": 0.224547281861,"party": 0.77545273304},"probability": 0.77545273304,"value": "party"},"mood_relaxed": {"all": {"not_relaxed": 0.677631318569,"relaxed": 0.322368681431},"probability": 0.677631318569,"value": "not_relaxed"},"mood_sad": {"all": {"not_sad": 0.87047034502,"sad": 0.12952965498},"probability": 0.87047034502,"value": "not_sad"},"moods_mirex": {"all": {"Cluster1": 0.221707642078,"Cluster2": 0.112990580499,"Cluster3": 0.0958985313773,"Cluster4": 0.0813300311565,"Cluster5": 0.488073199987},"probability": 0.488073199987,"value": "Cluster5"},"timbre": {"all": {"bright": 0.196400135756,"dark": 0.803599834442},"probability": 0.803599834442,"value": "dark"},"tonal_atonal": {"all": {"atonal": 0.976688206196,"tonal": 0.0233117900789},"probability": 0.976688206196,"value": "atonal"},"voice_instrumental": {"all": {"instrumental": 0.0975220873952,"voice": 0.902477920055},"probability": 0.902477920055,"value": "voice"}},"metadata": {"audio_properties": {"analysis_sample_rate": 44100,"bit_rate": 0,"equal_loudness": 0,"length": 274.893341064,"lossless": 1,"replay_gain": -8.56172561646,"sample_rate": 44100,"codec": "flac","downmix": "mix","md5_encoded": "1b6e20412d92e87448bfb5fc764a52b4"},"tags": {"file_name": "06. Straight Through the Heart.flac","album": ["Holy Diver"],"albumartist": ["Dio"],"albumartistsort": ["Dio"],"artist": ["Dio"],"artistsort": ["Dio"],"asin": ["B000002KZ1"],"barcode": ["042281102110"],"catalognumber": ["811 021-1"],"composer": ["Ronnie James Dio", "Jimmy Bain"],"date": ["1983-05"],"discnumber": ["1"],"disctotal": ["1"],"encodedby": ["-=udachee=-"],"genre": ["Heavy Metal"],"label": ["Mercury"],"language": ["eng"],"lyricist": ["Ronnie James Dio"],"musicbrainz_albumartistid": ["c55193fb-f5d2-4839-a263-4c044fca1456"],"musicbrainz_albumid": ["fa0e1622-ee39-4dfb-955d-b7b73f09be25"],"musicbrainz_artistid": ["c55193fb-f5d2-4839-a263-4c044fca1456"],"musicbrainz_recordingid": ["0ba7a1bd-e6a2-4b5e-9804-bcabe994ba86"],"musicbrainz_releasegroupid": ["4e7b34de-0d87-356a-a3da-b21f769b7d4d"],"musicbrainz_workid": ["1b8b1255-3fbe-4ce2-8d48-d4182002c850"],"musicip_puid": ["66fdcae0-2a59-345b-6422-861d66e4e91b"],"originaldate": ["1983-05"],"owner": ["-=udachee=-"],"releasecountry": ["GB"],"releasestatus": ["official"],"releasetype": ["album"],"script": ["Latn"],"title": ["Straight Through the Heart"],"totaldiscs": ["1"],"totaltracks": ["9"],"tracknumber": ["6"],"tracktotal": ["9"]},"version": {"highlevel": {"essentia": "2.1-beta5-dev","essentia_build_sha": "e74af04b57b164eed312abeef4963962215860f0","essentia_git_sha": "v2.1_beta4-499-g4013ebc","extractor": "music 2.0","gaia": "2.4.5","gaia_git_sha": "v2.4.4-44-g95f4851","models_essentia_git_sha": "v2.1_beta1"},"lowlevel": {"essentia": "2.1-beta2","essentia_build_sha": "70f2e5ece6736b2c40cc944ad0e695b16b925413","essentia_git_sha": "v2.1_beta2","extractor": "music 1.0"}}}}