{"highlevel": {"danceability": {"all": {"danceable": 0.0745175406337,"not_danceable": 0.925482451916},"probability": 0.925482451916,"value": "not_danceable"},"gender": {"all": {"female": 0.962450027466,"male": 0.0375499650836},"probability": 0.962450027466,"value": "female"},"genre_dortmund": {"all": {"alternative": 0.0263764988631,"blues": 0.058619633317,"electronic": 0.638735532761,"folkcountry": 0.208022505045,"funksoulrnb": 0.00302192824893,"jazz": 0.0159893799573,"pop": 0.00751465884969,"raphiphop": 0.0018219895428,"rock": 0.0398978926241},"probability": 0.638735532761,"value": "electronic"},"genre_electronic": {"all": {"ambient": 0.574652194977,"dnb": 0.0145697062835,"house": 0.315140128136,"techno": 0.0307851824909,"trance": 0.0648528039455},"probability": 0.574652194977,"value": "ambient"},"genre_rosamerica": {"all": {"cla": 0.149398297071,"dan": 0.0164733789861,"hip": 0.0125125478953,"jaz": 0.573294639587,"pop": 0.113398395479,"rhy": 0.101998873055,"roc": 0.017747271806,"spe": 0.0151766119525},"probability": 0.573294639587,"value": "jaz"},"genre_tzanetakis": {"all": {"blu": 0.0626613423228,"cla": 0.0348169617355,"cou": 0.104475811124,"dis": 0.0784321576357,"hip": 0.15692435205,"jaz": 0.313974827528,"met": 0.0448166541755,"pop": 0.0627359300852,"reg": 0.0627360641956,"roc": 0.0784258767962},"probability": 0.313974827528,"value": "jaz"},"ismir04_rhythm": {"all": {"ChaChaCha": 0.123782113194,"Jive": 0.0308058168739,"Quickstep": 0.0191252790391,"Rumba-American": 0.027811916545,"Rumba-International": 0.0199156552553,"Rumba-Misc": 0.0542050898075,"Samba": 0.0306822489947,"Tango": 0.153181180358,"VienneseWaltz": 0.519067645073,"Waltz": 0.0214230697602},"probability": 0.519067645073,"value": "VienneseWaltz"},"mood_acoustic": {"all": {"acoustic": 0.508443951607,"not_acoustic": 0.491556078196},"probability": 0.508443951607,"value": "acoustic"},"mood_aggressive": {"all": {"aggressive": 0.0432157851756,"not_aggressive": 0.956784188747},"probability": 0.956784188747,"value": "not_aggressive"},"mood_electronic": {"all": {"electronic": 0.660490095615,"not_electronic": 0.339509904385},"probability": 0.660490095615,"value": "electronic"},"mood_happy": {"all": {"happy": 0.991052508354,"not_happy": 0.00894750840962},"probability": 0.991052508354,"value": "happy"},"mood_party": {"all": {"not_party": 0.621445000172,"party": 0.378554999828},"probability": 0.621445000172,"value": "not_party"},"mood_relaxed": {"all": {"not_relaxed": 0.364074170589,"relaxed": 0.635925829411},"probability": 0.635925829411,"value": "relaxed"},"mood_sad": {"all": {"not_sad": 0.404224097729,"sad": 0.595775902271},"probability": 0.595775902271,"value": "sad"},"moods_mirex": {"all": {"Cluster1": 0.167009353638,"Cluster2": 0.175171419978,"Cluster3": 0.3264336586,"Cluster4": 0.185571923852,"Cluster5": 0.145813658834},"probability": 0.3264336586,"value": "Cluster3"},"timbre": {"all": {"bright": 0.995115041733,"dark": 0.00488495500758},"probability": 0.995115041733,"value": "bright"},"tonal_atonal": {"all": {"atonal": 0.446059376001,"tonal": 0.553940653801},"probability": 0.553940653801,"value": "tonal"},"voice_instrumental": {"all": {"instrumental": 0.244848147035,"voice": 0.755151867867},"probability": 0.755151867867,"value": "voice"}},"metadata": {"audio_properties": {"analysis_sample_rate": 44100,"bit_rate": 0,"equal_loudness": 0,"length": 175.600006104,"lossless": 1,"replay_gain": -8.59004211426,"sample_rate": 44100,"codec": "flac","downmix": "mix","md5_encoded": "ecbc3f63988f31237e2fb8e42b35ce90"},"tags": {"file_name": "15-Brenda_Holloway-Every_Little_Bit_Hurts.flac","album": ["Mojo: Mod Club Party"],"artist": ["Brenda Holloway"],"compilation": ["1"],"date": ["2005-00-00"],"musicbrainz_albumartistid": ["89ad4ac3-39f7-470e-963a-56509c546377"],"musicbrainz_albumid": ["2a1e48d5-c805-4744-b1b7-a8de28563cd0"],"musicbrainz_artistid": ["48b7b5ac-e332-40dd-870b-e3f0751bb319"],"musicbrainz_recordingid": ["9dafa3b9-8afc-4e7d-a526-40852146f803"],"title": ["Every Little Bit Hurts"],"tracknumber": ["15"]},"version": {"highlevel": {"essentia": "2.1-beta5-dev","essentia_build_sha": "e74af04b57b164eed312abeef4963962215860f0","essentia_git_sha": "v2.1_beta4-499-g4013ebc","extractor": "music 2.0","gaia": "2.4.5","gaia_git_sha": "v2.4.4-44-g95f4851","models_essentia_git_sha": "v2.1_beta1"},"lowlevel": {"essentia": "2.1-beta2","essentia_build_sha": "cead25079874084f62182a551b7393616cd33d87","essentia_git_sha": "v2.1_beta2-1-ge3940c0","extractor": "music 1.0"}}}}