{"highlevel": {"danceability": {"all": {"danceable": 3.00000096379e-14,"not_danceable": 1},"probability": 1,"value": "not_danceable"},"gender": {"all": {"female": 0.622126698494,"male": 0.377873301506},"probability": 0.622126698494,"value": "female"},"genre_dortmund": {"all": {"alternative": 0.0115508325398,"blues": 0.00209987000562,"electronic": 0.971524655819,"folkcountry": 0.00136031408329,"funksoulrnb": 0.000205886521144,"jazz": 0.0102259451523,"pop": 0.000352094328264,"raphiphop": 0.000189462531125,"rock": 0.00249096890911},"probability": 0.971524655819,"value": "electronic"},"genre_electronic": {"all": {"ambient": 0.901527583599,"dnb": 0.0193946119398,"house": 0.0231030806899,"techno": 0.0322092995048,"trance": 0.0237654149532},"probability": 0.901527583599,"value": "ambient"},"genre_rosamerica": {"all": {"cla": 0.0482633709908,"dan": 0.0369531922042,"hip": 0.302728682756,"jaz": 0.284465789795,"pop": 0.0306229572743,"rhy": 0.207612797618,"roc": 0.0314422436059,"spe": 0.0579109862447},"probability": 0.302728682756,"value": "hip"},"genre_tzanetakis": {"all": {"blu": 3.69291931561e-14,"cla": 1.27005161962e-14,"cou": 1.72657654368e-14,"dis": 1.98107911233e-14,"hip": 4.82644421662e-14,"jaz": 2.52600776396e-14,"met": 1.26605201474e-14,"pop": 1.83477060314e-14,"reg": 2.95093674973e-14,"roc": 1},"probability": 1,"value": "roc"},"ismir04_rhythm": {"all": {"ChaChaCha": 0.0620273500681,"Jive": 0.0488089844584,"Quickstep": 0.140588447452,"Rumba-American": 0.0592702589929,"Rumba-International": 0.0464151240885,"Rumba-Misc": 0.0507014729083,"Samba": 0.151302903891,"Tango": 0.07943264395,"VienneseWaltz": 0.0905118510127,"Waltz": 0.270940959454},"probability": 0.270940959454,"value": "Waltz"},"mood_acoustic": {"all": {"acoustic": 0.0955903604627,"not_acoustic": 0.904409646988},"probability": 0.904409646988,"value": "not_acoustic"},"mood_aggressive": {"all": {"aggressive": 3.00000096379e-14,"not_aggressive": 1},"probability": 1,"value": "not_aggressive"},"mood_electronic": {"all": {"electronic": 0.979391694069,"not_electronic": 0.0206082761288},"probability": 0.979391694069,"value": "electronic"},"mood_happy": {"all": {"happy": 0.63931542635,"not_happy": 0.360684603453},"probability": 0.63931542635,"value": "happy"},"mood_party": {"all": {"not_party": 0.999984204769,"party": 1.57784197654e-05},"probability": 0.999984204769,"value": "not_party"},"mood_relaxed": {"all": {"not_relaxed": 0.191182896495,"relaxed": 0.808817088604},"probability": 0.808817088604,"value": "relaxed"},"mood_sad": {"all": {"not_sad": 0.736748933792,"sad": 0.263251066208},"probability": 0.736748933792,"value": "not_sad"},"moods_mirex": {"all": {"Cluster1": 0.0772226452827,"Cluster2": 0.0444035679102,"Cluster3": 0.227747857571,"Cluster4": 0.0306320842355,"Cluster5": 0.61999386549},"probability": 0.61999386549,"value": "Cluster5"},"timbre": {"all": {"bright": 0.135059133172,"dark": 0.864940881729},"probability": 0.864940881729,"value": "dark"},"tonal_atonal": {"all": {"atonal": 0.999996304512,"tonal": 3.69979420611e-06},"probability": 0.999996304512,"value": "atonal"},"voice_instrumental": {"all": {"instrumental": 0.999998748302,"voice": 1.25890016989e-06},"probability": 0.999998748302,"value": "instrumental"}},"metadata": {"audio_properties": {"analysis_sample_rate": 44100,"bit_rate": 320000,"equal_loudness": 0,"length": 178.468566895,"lossless": 0,"replay_gain": -2.05326080322,"sample_rate": 44100,"codec": "mp3","downmix": "mix","md5_encoded": "c8835cfb9d347ed38e57a7a2bb676ce7"},"tags": {"file_name": "06 - Gypsy Eyes.mp3","acoustid_fingerprint": ["AQADtF-WKQpCi4a4H-H0B--o48eTIxfEH__wQ15KIRT1YDt6aVrxKshzITmq7QGTsU3wHV-yI_mDaDv-4NZxIswPRV3wC3nZBKeIhhyzINl6HHqeI08tUIyYB2dUFw_yjQo0JkmPLHlEJjiPP3iSC9dHpH_w5VBu5dCTKCmRx2Rg5Rnu48GeHZ7UB8-FF8-FKpGyCs63YvqME_dxnch3aDkRyiGeXai2w9N1-KhlPI2Fj2hCy0O9COfSBRZxKsefHs2F8Eie40N5DZX34FqKH00TtEQeIXFWnK-w50kQ_UVSXDthJljzNLgybM5x6Qz6B2Fo6Av-bAKuOETcwyfxLRGFH-fRH66zDXUufA86LZheJKp5RA8-acEzSiiloll45D3046ZzNJ6CSsWVHupZREdzHf3BHH7wFquH5vhD3Bb-Qzts4WhU4hsTPM9xcSKqB97R6iQu9DyMp0dzCVcVfEyw5xsufEdzWSgphI0yI1k2HH_APyh_WHqOPhL-4MWP7_gX5A_0G2XXHP-RviVuYtLxJTleCT8-LVKIK6MYNHWOfuRRi3CqKIjZHclyfGj2YOqS6Oh9g0mo44qQH7J3RE9xPDzyITlnNBuNbjv-hMH4o1dIUPGH_pjOFHl6iM8R3jguTGm24xqmKFR3_CpxZoGPp8c31kPz4IcfIRcHLduMn0Gu6GhCKpg-4-PhB89xH7WOMLoC_ccbXFegk0ZKiaPxp_j44Ee6TTnOB19-fMd-pG_xYj8unWA48Wja4-mF40ebbD2iTcfRC39wkYc-Brc4_Agf9mi6HX8iPL2Iz8LZEGeOUhd-bDyk6AlOYf_xpwmaSjo6HrkCPUhv4knQ1Ed4pRqSPMvhccGV7LjENMM_wz0esDKJf4j6BloiDuGHPzgPlDKa5Tm-4_vwp_h11OqIRl6J6yWO88h1KB_yiehjNNHz4NoVnEngSM7xE592oUm_oCbeoV17NJMSHc_hH1x1kBHwox-SKPuRFz9efBHRZVSHJnRVnMSFvw8uEXnzoRshCrmG32h3PKEjJOkjESHZo9nxBp8SockD5srxI_yDZMeVDPtxPmiOiknxDdh34WcQ7qohieuEfJzxJYfbY2KPY1-iFFOO8k5R88ETHmUvTC-uUTt6JDqRH0ed5miq7Kju4Rv6HT-u41MCq1mKn7i0oDaa47mKC3lGBsm06QF1HI9o4tFh9egJ_DnMCD8eZQl-kJfwZch_JJd1vPhRlkfzJ3gOhutRKzzeY8cVwVVyvDnCHuIf4cmJ0Md_NEsffAmaF6eOS0fj4c2CyzzypZSR_CyuB71SXEqE9UaPK89RXjjuzEQypwhlHCWTPEJTHmSUtMjzqdBy9NCZD2H6BXWONwePp77wDVtV5ArCo8cTEZ-L-mhU4Qs-lHoCZRQqSeFxL1PAh0GfB818rOrRRE_Qa9hzQ6qIHS_6o0mUGNfwP2jOoT-e5UigyQ3CKbu04N0T9EdTSZmHGw8uBuFKEVqiJI2InJYCP8ev4EUzvihzjIwnfDcc3MgXJXHxbCbES8Ev_ILf4EfzKDmmD9pX-MePfmgsDT1UpBoVXMSPK0EfmXDxFc-H6dOS4wnID9EH_ciXdPiZBj-qZUVzvEdzo_OxB_VYYYoevMJxPBfCxg_MhSu088ijHr-CkhqaHE90NH0SdD_yBLpw6EnQaWGFJsZz4Q_sZFCfEeeRdw_-oKFQb0FnGs7xGE03C_dxHuElaMmXokfqEP_RhDyu47mO8sHhHdeDB2lHCKHkY5XBH2eOUsc-OEj2BTleHWdz2I2Pa9HxPHhyJDWPnMEVrPyMoUvGGN6kGMUhHzi-NHgUo4sVNBXiScQs39BzXDEqL4b4QNsv5Md5OMdJjAufobnRP7i-4TjOvOiD9JmJZDqOD82PlkpiPA1-Ch1zNKFC_MCh47zxhMdO_ImxicWz4IjcE_KipcENnS8Csytx5Qq-wh9H7DquE5cE88WLfIF2F_mJCudDoVEWBl20dbgiXNTQ60RTZsR3PIo-nFmD5zGKHpGfQPKi-IiuEt-Jbocj5th12BNueJpytNOP33h-cPxwPDtm7nh-nMgDTU9mhCmF50GXC42axejLwMe1CP7RRkwW4dSMVqeEU0TzRJmRHPmHJ8Fl4QubCP-JOskuNNUSzviR_EOY40dTZ8KVZA3e4ReSRT0R6tg70A-uow-afAf_IF-NJJoXBtZ2XIerHj3uGQ_RHP3wB9eMUyemkEf4TDKS5WPQg3wq_ELTuKJQC-DzIIdyNBdKJ1AX9QipJIOP5tjxH9T-4Fyq4cjJDVJYLnCVHdHVo5moHDceE33QHJdMPMfR59hJhKdC6AcfHt-iGDrCH03x6PibHD_C_Ejml7iEF83P4WzhDlaUosLxmBkaN1MRyYcu9Gi-BE-CnEd1TEma5fgOYk_QNGGCevvxo_iRfkj2LNfwCL_xfWh8FffRS1ETXNAuNMeVhMG-HcRkE42TH4nnI_SPxgqJNn1gHaG1B9eP63j2DGFOoU9w4UqSB8-JKUeyNcuF_MFFC43doM3xq3hZ7LGCi0cfhNGYHHp-hLTQPA9-EXv24TusG6R5PDrOHr2O5tiPPEsyaKKOOLyGpvjxEz_85KikBZdgRbyC6keEZJkNAIgARDCEjFDMEYYEJtQQohARRAJgmABCCSaAUAwRYQDxBghCmEGAAKCMUIAQBQwYDDBkEEGEGEcMAkggZIByxABKhCAOIUaAQIAAwIAShAikgDEAAyMcQAxAohwCUDDDkAKCKCAEEB4BwsywmgmIALAACiCYsoQQQQUARgjigGEWIAEAYEQQ5ZgADimFBAAAAOSVEVgRgAhAQDskgCLCAWeMhIoQQYhRFAggAFAuKScMIAAZgZlSxhBgiAGIWYAMEIAIYgAVBDADmDBECAYYIAYhgQhBjFjAOBYMCEEQAMIAQwQlwCmJBGLGCAMIMxARYIwQkgAAFRBEIqYMIMgwoAAwCgBDsAWOKSAEAY4CAQwRRgkDFACMAUgkB9ACAAgCDBqADBBKUOKsUEIggpBAyBAmACBEMQaAIQgAIYw0zoABDCACcSYM0AYw4BUxDBlniCBMOWMdskQIBohCACCjDBMSMqaABEYR4IAAHBhBjCCCAIQIQFYAABhDJAgFpABAaQGQAURrQYh1TDDgFDCCIUGAKIoAKIRhkABAEKAgGEIYcEgJhYQBjhgHoABGGYEQMx454IFhQAgGBBQKACgUIcoIKmBBBAgHBJCAGGUAIoQbw4xBCADkDAVMMAEEEQI5AgAQRiKlBBKAMU2kEIAIIghgQiiElEGOEUQgAAIMYowRCBFmDCdCAUoUQhooYRSHTDBAgWGUIWAIEUQwhYAg2kCCAGgMEAQEocAIYQAShlBrBAFCCARgE8YAQBQh0AkEDEQAAAqIZEYAQAQWQhBHpGECGuaAAoIoZYwhSlAokFPIKCUUIZAp5YCiVgOEhDBEAWCMkIoQhJxizggIgODEKoEAMMAQYBAChBkIFkCGGGAYB4A4TYQAJEhhCBLCCTAEEAIaAQxRCBBDDEKICMIQUIogSQRCQgFECALEAUMQFcoAJxgASBrGIBWOCSAEAgA"],"acoustid_id": ["4b600819-e65f-4f56-be77-ab6d74a8f555"],"album": ["Jimi by Himself: The Home Recordings"],"albumartist": ["Jimi Hendrix"],"albumartistsort": ["Hendrix, Jimi"],"artist": ["Jimi Hendrix"],"artists": ["Jimi Hendrix"],"artistsort": ["Hendrix, Jimi"],"asin": ["0670867896"],"barcode": ["9780670867899"],"catalognumber": ["BSP-VC1"],"composer": ["Jimi Hendrix"],"country": ["United States"],"date": ["1995"],"discnumber": ["01\/01"],"label": ["Berkshire Studio Productions"],"language": ["eng"],"media": ["CD"],"musicbrainz album release country": ["US"],"musicbrainz album status": ["Official"],"musicbrainz album type": ["Album", "Compilation"],"musicbrainz original album id": ["2f035e84-df31-462e-81ed-8a6cd5add6c6"],"musicbrainz release track id": ["fce998a5-ee9c-3177-a693-7884d4fc1db0"],