{"highlevel": {"danceability": {"all": {"danceable": 0.806866049767,"not_danceable": 0.193133935332},"probability": 0.806866049767,"value": "danceable"},"gender": {"all": {"female": 0.320197165012,"male": 0.679802834988},"probability": 0.679802834988,"value": "male"},"genre_dortmund": {"all": {"alternative": 0.0411213971674,"blues": 0.00607003411278,"electronic": 0.93492513895,"folkcountry": 0.00918873492628,"funksoulrnb": 0.000358207558747,"jazz": 0.00120341987349,"pop": 0.000853837293107,"raphiphop": 0.00026731993421,"rock": 0.00601188931614},"probability": 0.93492513895,"value": "electronic"},"genre_electronic": {"all": {"ambient": 0.190445885062,"dnb": 0.0101057011634,"house": 0.0711857229471,"techno": 0.00749519374222,"trance": 0.720767498016},"probability": 0.720767498016,"value": "trance"},"genre_rosamerica": {"all": {"cla": 0.00215712632053,"dan": 0.0292044319212,"hip": 0.00333181512542,"jaz": 0.0101106045768,"pop": 0.0766291543841,"rhy": 0.0197512432933,"roc": 0.855969011784,"spe": 0.00284664239734},"probability": 0.855969011784,"value": "roc"},"genre_tzanetakis": {"all": {"blu": 0.0626613423228,"cla": 0.0348169617355,"cou": 0.104475811124,"dis": 0.0784321576357,"hip": 0.15692435205,"jaz": 0.313974827528,"met": 0.0448166541755,"pop": 0.0627359300852,"reg": 0.0627360641956,"roc": 0.0784258767962},"probability": 0.313974827528,"value": "jaz"},"ismir04_rhythm": {"all": {"ChaChaCha": 0.176482826471,"Jive": 0.196535900235,"Quickstep": 0.0208699982613,"Rumba-American": 0.0416605807841,"Rumba-International": 0.0450614728034,"Rumba-Misc": 0.0257401913404,"Samba": 0.0412466339767,"Tango": 0.0807462781668,"VienneseWaltz": 0.354956001043,"Waltz": 0.0167001076043},"probability": 0.354956001043,"value": "VienneseWaltz"},"mood_acoustic": {"all": {"acoustic": 0.0873850136995,"not_acoustic": 0.912615001202},"probability": 0.912615001202,"value": "not_acoustic"},"mood_aggressive": {"all": {"aggressive": 0.0813187584281,"not_aggressive": 0.918681263924},"probability": 0.918681263924,"value": "not_aggressive"},"mood_electronic": {"all": {"electronic": 0.469984054565,"not_electronic": 0.530015945435},"probability": 0.530015945435,"value": "not_electronic"},"mood_happy": {"all": {"happy": 0.383408367634,"not_happy": 0.616591632366},"probability": 0.616591632366,"value": "not_happy"},"mood_party": {"all": {"not_party": 0.42291623354,"party": 0.57708376646},"probability": 0.57708376646,"value": "party"},"mood_relaxed": {"all": {"not_relaxed": 0.43297046423,"relaxed": 0.56702953577},"probability": 0.56702953577,"value": "relaxed"},"mood_sad": {"all": {"not_sad": 0.777488529682,"sad": 0.222511455417},"probability": 0.777488529682,"value": "not_sad"},"moods_mirex": {"all": {"Cluster1": 0.175680443645,"Cluster2": 0.175017312169,"Cluster3": 0.181866437197,"Cluster4": 0.135156154633,"Cluster5": 0.332279652357},"probability": 0.332279652357,"value": "Cluster5"},"timbre": {"all": {"bright": 0.990349650383,"dark": 0.00965036451817},"probability": 0.990349650383,"value": "bright"},"tonal_atonal": {"all": {"atonal": 0.00841301959008,"tonal": 0.991586983204},"probability": 0.991586983204,"value": "tonal"},"voice_instrumental": {"all": {"instrumental": 0.5,"voice": 0.5},"probability": 0.5,"value": "voice"}},"metadata": {"audio_properties": {"analysis_sample_rate": 44100,"bit_rate": 0,"equal_loudness": 0,"length": 205.21333313,"lossless": 1,"replay_gain": -15.8704690933,"sample_rate": 44100,"codec": "flac","downmix": "mix","md5_encoded": "877af54046bcdce0a0348ce75f41f95b"},"tags": {"file_name": "10-Second to None.flac","acoustid_fingerprint": ["AQADtBuTKFGUbAkaLzrq7diP9Dl-qAqvICSzHR_sI5x54vSKR3igiioDvUidkPiJH5_JIz2P58MLX4fc5zicPXge3Bz85PiWGboLJyfy4zn84mnxw1-RHw8viFeOP4CrFl8u6Ds2mdpxPoh9UI0H_niaIn1vfId2HU3o40F-HdelYOIn5PzxJUzhJzGmixDOK4j3BKWURYJ99Mtx3ErwLB6u4MnxHx7J4o1kxORL-Ie-HP0RZlJwMxe67ELTDd_DHWFqo0-iQHJ0OA8eRUZfhJFz_HjglcVxHalF_MeF52iiGf3A8nCoKBZyhmhCG9MZBXl4-FnwXzAVBldeyEfzEn0-7Ed-_EStwIfNHH4yhFaOQ3-Mzwg9GnaGR-CPM-gv4jqIvJfR_An6MPiPUC0akh_xEr3Q_HjGHGFmos8GPctxE8yDMBHxHI1FhBSaf9BOZKE2NGfwvOgVB82H30LlJUifDeoT5Bnx6eAZ6vCDEz2TFU-OHDqPfKyM5sSjwylqhSzCE_7RLh-h4wevwCpv_AeTHtqFXC9--Jk4XNHxHHXRcMmRMzNuw05WFM2HF42loHrwHM0XQ1sJXmieFUwf_GieITwjBS-6LBmcxYFR6kfzB1UuI2eOpGJ2XC_8VbiSqbh2NKRy9AtxOAcvPA_CHNpD_Kh6iD9-pM-NJyxB8WLQIxeOvocfOPWETq-EHNeQB02G6jl-aIfXtXC1RAV5HF6HsDz-w9WPN8mKC1-MO8c_5Mc1MjJKHzaVQ48SlPyR4y_-BO_xI98hnniMazqaH_1wHdoVpBY8_mivoTyabkaOm4aW6chS3bgS5LCe4_GhbZEOH9kP__BbtImW45KOSDl65big83gOrUvQxPuRHz0J15Ey_IRPHB0zIoROCTmKFxeiH7UyiD8a5ZtwZceVoxKJ5hzeScJ_XDSeQ75YYzwulMyM5vGQvyH6o9ksPD2OH2cimKJ4RJa04zlUMyNy27jCoxkv9A-Ye3DNC2_gH6H04dqFP8VDHj2sidrgH9WRHy-aNTKqphbI5kJfHmFctDzEusM1q_CVY3rR-UJDvMPNCNfRxxOmUH3wKEZzotqyHOEZGY2Y5UGeDVrqHD3yKzgarUKPH50PKt6RvqiT0NBOHy5cUUe_7LgPuWvx60KYtzl64kUtHn4W4kejHvmiR_hBj4fYRcGPJkd3gqtutCTC4Dr6sESY4oauHXkU9DtKe6DH6Hhx62jiLEV35FFSaFyOdDnsRCK6SccPhswjNMuQZyP2QPOQijve40yOnsGP_3hdPPXQTFLWYN-H4z9Kgh_u4zfC5UcTay2eo_8RpiOOsHxGNKconAqeHFpQfTlyUhJCK33Q2BRKQouTBfl4PN3RfEnBZzl8hiiZo0GrZBlySfgkaDmPPiN6PEdaDq9R63hw_PiP0Muhc8YpBenRF9yJa5dxM8aPp0ihNlJc5NqHDs1xtPzRaAo9VDzC7NCD_Duuo6GSDz2qC80T5XizSvAT5MkOHVW8IExFnMcz9CHSbIfV7OgPafiioyllvPIhaoL47mgX_Lid4FuWKsiPpmKC8Ba-eqiu45ByCZdwHVoq5tA-lNPQ5IuLH7lS-An4HM3WG2Vu_EGuwIdwSXAmHt_xI4yeojb4KPjRw0ff40mGcNHRPIeeCEqrHEcZ9UWYSRfu7KhONC8eHvHSdCitTEPzB0evoHH4QK-OhlVQrsdxPkcjY_qhZdLRKtGDH7EYJYJP4xGuhjbyGM0YEsqe7OjGIz7OwC9-oTea_cZfPBfeCOGsoIkkYV92_IdODvlxxjU-NEmYp-B1PNRwZkHIHH-C6wvOBLpVVNuO5jsedIN49KzQ7kjP480OqsfhNMmFvite9NE6-McVSRJ-GJWyrCHi5BDyHX1eNG9E9BvhPeGK9CO0h8iHU7rRvKhzhJMPLTGPs0J4pP-h70hdtNnRo_nyot4Q5kyga4iPTtciwy9sZUduC7K7BOnRcsF9XNJwnbirIeQIk8tRPbqASJ824TxCyhp0Gkcue8Jl4-KO52guS6g-ImnCCzmOXUdvXAr8HeGRfPiO9SjZwj9s8cj3IuFRkqnwfcNjhI8yoQkPPULIH82HL0dfoZkSE_eLXGhmoswT9IJDSYdFHZq0BMgf7JKaodlz1D2aL-h7sGQTNHSSI-Q1qCB_5EoUo34QbY14WHShx0fzWQn-49eh5ZJ0VIyOUv4QhseP_GgmWRLq3HjHQY-G5lmGUDvOBx3zweGGH2F-KD_qI4y14xFfMHmKskcuQXWS4JOGvATKjFOCZk9x6seZ4zx4eehleMaROodOBM6Py8cPl1GP_UFzHj_yF_oVXDoL_8QZzngePNCTUrgeQ3s5hKE0HO-D0zXSE__wwfeh68fpw3xCvBUO5zrOQ_4E58jzoSeaZzG-EUf6TrhzaGMnNM92PEeNhmSHH9q6-JhCLhr-J8hF2A2uo08UuQhT8YaewM9x_shxXYrxC9Mn5I0Pa4sa9MqgHBfyPQlxiZvQWDx6Eb9wXcIZ4YqOSwSvwmrY5Dhu8bDFGHkLfUeYZ0UtKfiOxi2Nzgt-pGmDLxQ0K0MTM8cTCdZz5Af3oxYaRqFxFA0zBidSJ9Jx6sjvouE3oa-PelbQaBHuB32L5iGRQ8c_5NvhtKFw7WgYEZGeJBouNHsOAJxAiFlgEAQMNGOAQgAIwIAwzAA0GGGGAGQUYgAwCRQjwCijkDEIEGMMcA4ARAFR1ChgiFEACCCIYYYgBhVkAlAggAKCCgSAAgAAYZigQIpStCGAMSKJEggAQQQCFAgEJENCUYcYScoZY4wQ0BlACBAEAIIFIQwpgIShQDGAgBHGAKoEEAIwwahIxAiDBAEAAYIEAAoA4xgCECFmFBLGOCQAAEQCgQwABiohoAEGAUMYokh5IagWRgIjFOCICgKAUtIIAwhghiEAAJBAUGAlIUQIBByABBjCBXCAAoWEccoo4CQFziFThDFCIYQEIMAg4xwhCAIBkFIEOEAIM1ABgoSBggDjDEPAEmSEwMA44IgAzACAhDCCKEGgMEQoYQUSkiAiDGFCGEAAMUI4AAQggBDniIFMICEIQUABIQBgCgAgBBEAA0eRVEQLZgwTQFACiAIOMSOUIwgQKagBghKEADOKOICgAcAwgIgjABkBgABECCEEAMpwIIiSQFnGgKYCIIOE0kIAaAxCyCSgiBJAMQEUA0AYJABxTCnCgBEAASBEAggaA4AXXDhEgHOOEEUAM0YRgwhDBBimsCDIIYEAIgYARYQQhhkAkICAAKGY0AIoQAwykgAFHREMMACAIwIoSQggwCjimVGEASCIqIQBIQD3hhEAFILEGAEMIEIoA5BSgDiFgCDOYkEAowAIgwABighAADAAM2GIYcAA4xFQkgkgKDBECACMMEIYShSCDihEKEPOECeEUwIQgQgwyAggCAFCGCIEQIQwKwwCEAljvFBWAGcEMlYgIQRhgBKELFWAGkA8UEYQpoQTCAAFBCMKASA4QEYwwRQgRgADHCjEEIQUEICZAAwCyjBEACAGKSEMIAAgYwhxDgFhADFEAaqQwEwAAUBgRhgAHDQMMCIYEkKCBxQAQABgBJAgSICgIIgQ"],"acoustid_id": ["2d3279ca-fb91-42cd-9b6d-b50020eb362d"],"album": ["It's Never Been Like That"],"albumartist": ["Phoenix"],"albumartistsort": ["Phoenix"],"artist": ["Phoenix"],"artistsort": ["Phoenix"],"barcode": ["094636091129"],"bpm": ["81.000000"],"catalognumber": ["ASW-60911"],"composer": ["Phoenix"],"date": ["2006"],"discnumber": ["1"],"disctotal": ["1"],"genre": ["Alternative > Indie Electronic"],"grouping": ["Alternative"],"initialkey": ["10B"],"isrc": ["FRZ110600299"],"label": ["Astralwerks"],"language": ["English"],"mood": ["Extremely calm"],"musicbrainz_albumartistid": ["8d455809-96b3-4bb6-8829-ea4beb580d35"],"musicbrainz_albumid": ["2b12d188-c3b8-3e6f-8c03-9a0ec90c6314"],"musicbrainz_artistid": ["8d455809-96b3-4bb6-8829-ea4beb580d35"],