{"highlevel": {"danceability": {"all": {"danceable": 2.99125546555e-09,"not_danceable": 1},"probability": 1,"value": "not_danceable"},"gender": {"all": {"female": 0.821189165115,"male": 0.178810864687},"probability": 0.821189165115,"value": "female"},"genre_dortmund": {"all": {"alternative": 0.0188774913549,"blues": 0.0140604069456,"electronic": 0.88010185957,"folkcountry": 0.0328240916133,"funksoulrnb": 0.00128522864543,"jazz": 0.0392167754471,"pop": 0.00382006075233,"raphiphop": 0.00127836025786,"rock": 0.00853571016341},"probability": 0.88010185957,"value": "electronic"},"genre_electronic": {"all": {"ambient": 0.511412203312,"dnb": 0.0199541449547,"house": 0.364424467087,"techno": 0.0417411588132,"trance": 0.0624680332839},"probability": 0.511412203312,"value": "ambient"},"genre_rosamerica": {"all": {"cla": 0.0027290948201,"dan": 0.00997770112008,"hip": 0.044348962605,"jaz": 0.0469499416649,"pop": 0.0627069249749,"rhy": 0.81722253561,"roc": 0.00490185664967,"spe": 0.0111629860476},"probability": 0.81722253561,"value": "rhy"},"genre_tzanetakis": {"all": {"blu": 0.0617713928223,"cla": 0.0343018434942,"cou": 0.102904699743,"dis": 0.0514719486237,"hip": 0.154438391328,"jaz": 0.309046447277,"met": 0.0441263727844,"pop": 0.0772129744291,"reg": 0.0617708563805,"roc": 0.102955065668},"probability": 0.309046447277,"value": "jaz"},"ismir04_rhythm": {"all": {"ChaChaCha": 0.113770313561,"Jive": 0.0251336153597,"Quickstep": 0.0232897643,"Rumba-American": 0.117219127715,"Rumba-International": 0.24243350327,"Rumba-Misc": 0.0430284664035,"Samba": 0.0571697689593,"Tango": 0.259197711945,"VienneseWaltz": 0.101151734591,"Waltz": 0.017605997622},"probability": 0.259197711945,"value": "Tango"},"mood_acoustic": {"all": {"acoustic": 0.257817298174,"not_acoustic": 0.742182672024},"probability": 0.742182672024,"value": "not_acoustic"},"mood_aggressive": {"all": {"aggressive": 3.00000096379e-14,"not_aggressive": 1},"probability": 1,"value": "not_aggressive"},"mood_electronic": {"all": {"electronic": 0.880232453346,"not_electronic": 0.119767546654},"probability": 0.880232453346,"value": "electronic"},"mood_happy": {"all": {"happy": 0.299812346697,"not_happy": 0.700187683105},"probability": 0.700187683105,"value": "not_happy"},"mood_party": {"all": {"not_party": 0.999988436699,"party": 1.15903121696e-05},"probability": 0.999988436699,"value": "not_party"},"mood_relaxed": {"all": {"not_relaxed": 0.191182896495,"relaxed": 0.808817088604},"probability": 0.808817088604,"value": "relaxed"},"mood_sad": {"all": {"not_sad": 0.477561026812,"sad": 0.522438943386},"probability": 0.522438943386,"value": "sad"},"moods_mirex": {"all": {"Cluster1": 0.117124810815,"Cluster2": 0.294688105583,"Cluster3": 0.368136644363,"Cluster4": 0.166789695621,"Cluster5": 0.053260717541},"probability": 0.368136644363,"value": "Cluster3"},"timbre": {"all": {"bright": 0.702846884727,"dark": 0.297153145075},"probability": 0.702846884727,"value": "bright"},"tonal_atonal": {"all": {"atonal": 0.986772298813,"tonal": 0.0132277049124},"probability": 0.986772298813,"value": "atonal"},"voice_instrumental": {"all": {"instrumental": 0.096800878644,"voice": 0.903199136257},"probability": 0.903199136257,"value": "voice"}},"metadata": {"audio_properties": {"analysis_sample_rate": 44100,"bit_rate": 0,"equal_loudness": 0,"length": 268.693328857,"lossless": 1,"replay_gain": -9.77700805664,"sample_rate": 44100,"codec": "flac","downmix": "mix","md5_encoded": "ef2a5d7ec4b7a5f708ad1e4b4568b48b"},"tags": {"file_name": "02 Bistro.flac","album": ["La Chance…"],"albumartist": ["Anis"],"albumartistsort": ["Anis"],"artist": ["Anis"],"artistsort": ["Anis"],"asin": ["B000FTJ2P0"],"bpm": ["0"],"compilation": ["0"],"date": ["2006-06-26"],"discnumber": ["1"],"disctotal": ["1"],"genre": ["Varietes Francaises"],"label": ["Virgin Music France"],"language": ["fra"],"media": ["CD"],"musicbrainz_albumartistid": ["a9263af2-37bb-43cc-b236-d892e23e5a1e"],"musicbrainz_albumid": ["5bd3a110-dde9-4f46-9e61-158bfffc001a"],"musicbrainz_artistid": ["a9263af2-37bb-43cc-b236-d892e23e5a1e"],"musicbrainz_recordingid": ["880bd68e-fdfd-4bb9-89ce-0efdf112980a"],"musicbrainz_releasegroupid": ["f1c822ca-7329-3868-b2f9-08d8c06bd59f"],"originaldate": ["2005-10"],"releasecountry": ["FR"],"script": ["Latn"],"title": ["Bistro"],"totaldiscs": ["1"],"totaltracks": ["15"],"tracknumber": ["2"],"tracktotal": ["15"]},"version": {"highlevel": {"essentia": "2.1-beta5-dev","essentia_build_sha": "e74af04b57b164eed312abeef4963962215860f0","essentia_git_sha": "v2.1_beta4-499-g4013ebc","extractor": "music 2.0","gaia": "2.4.5","gaia_git_sha": "v2.4.4-44-g95f4851","models_essentia_git_sha": "v2.1_beta1"},"lowlevel": {"essentia": "2.1-beta2","essentia_build_sha": "70f2e5ece6736b2c40cc944ad0e695b16b925413","essentia_git_sha": "v2.1_beta2","extractor": "music 1.0"}}}}