{"highlevel": {"danceability": {"all": {"danceable": 0.015180346556,"not_danceable": 0.98481965065},"probability": 0.98481965065,"value": "not_danceable"},"gender": {"all": {"female": 0.190281927586,"male": 0.809718072414},"probability": 0.809718072414,"value": "male"},"genre_dortmund": {"all": {"alternative": 0.0270409528166,"blues": 0.00318562076427,"electronic": 0.961577355862,"folkcountry": 0.00321540958248,"funksoulrnb": 0.000231835685554,"jazz": 0.000753620872274,"pop": 0.000346453947714,"raphiphop": 0.000143189739902,"rock": 0.00350554846227},"probability": 0.961577355862,"value": "electronic"},"genre_electronic": {"all": {"ambient": 0.718253910542,"dnb": 0.011977609247,"house": 0.0668669939041,"techno": 0.0217855814844,"trance": 0.181115880609},"probability": 0.718253910542,"value": "ambient"},"genre_rosamerica": {"all": {"cla": 0.0408373177052,"dan": 0.00892543885857,"hip": 0.00475269975141,"jaz": 0.0045865168795,"pop": 0.0255575999618,"rhy": 0.0142886275426,"roc": 0.896888375282,"spe": 0.00416344730183},"probability": 0.896888375282,"value": "roc"},"genre_tzanetakis": {"all": {"blu": 0.0626613423228,"cla": 0.0348169617355,"cou": 0.104475811124,"dis": 0.0784321576357,"hip": 0.15692435205,"jaz": 0.313974827528,"met": 0.0448166541755,"pop": 0.0627359300852,"reg": 0.0627360641956,"roc": 0.0784258767962},"probability": 0.313974827528,"value": "jaz"},"ismir04_rhythm": {"all": {"ChaChaCha": 0.15392871201,"Jive": 0.186219632626,"Quickstep": 0.020929839462,"Rumba-American": 0.0559658147395,"Rumba-International": 0.0275487564504,"Rumba-Misc": 0.0239488705993,"Samba": 0.0384110733867,"Tango": 0.257941395044,"VienneseWaltz": 0.213281825185,"Waltz": 0.0218240972608},"probability": 0.257941395044,"value": "Tango"},"mood_acoustic": {"all": {"acoustic": 0.00862972810864,"not_acoustic": 0.991370260715},"probability": 0.991370260715,"value": "not_acoustic"},"mood_aggressive": {"all": {"aggressive": 0.758070230484,"not_aggressive": 0.241929799318},"probability": 0.758070230484,"value": "aggressive"},"mood_electronic": {"all": {"electronic": 0.919784784317,"not_electronic": 0.0802152231336},"probability": 0.919784784317,"value": "electronic"},"mood_happy": {"all": {"happy": 0.285682678223,"not_happy": 0.714317321777},"probability": 0.714317321777,"value": "not_happy"},"mood_party": {"all": {"not_party": 0.688372671604,"party": 0.311627328396},"probability": 0.688372671604,"value": "not_party"},"mood_relaxed": {"all": {"not_relaxed": 0.100990995765,"relaxed": 0.899008989334},"probability": 0.899008989334,"value": "relaxed"},"mood_sad": {"all": {"not_sad": 0.875292181969,"sad": 0.12470779568},"probability": 0.875292181969,"value": "not_sad"},"moods_mirex": {"all": {"Cluster1": 0.0760948881507,"Cluster2": 0.120164528489,"Cluster3": 0.0889844894409,"Cluster4": 0.0956877097487,"Cluster5": 0.619068384171},"probability": 0.619068384171,"value": "Cluster5"},"timbre": {"all": {"bright": 0.0446362346411,"dark": 0.955363750458},"probability": 0.955363750458,"value": "dark"},"tonal_atonal": {"all": {"atonal": 0.98204356432,"tonal": 0.0179564524442},"probability": 0.98204356432,"value": "atonal"},"voice_instrumental": {"all": {"instrumental": 0.999988734722,"voice": 1.12789221021e-05},"probability": 0.999988734722,"value": "instrumental"}},"metadata": {"audio_properties": {"analysis_sample_rate": 44100,"bit_rate": 0,"equal_loudness": 0,"length": 226.653335571,"lossless": 1,"replay_gain": -11.8626651764,"sample_rate": 44100,"codec": "flac","downmix": "mix","md5_encoded": "c686b4e4eadd151002c77a2bea70f1d0"},"tags": {"file_name": "03. 1% of Monster.flac","album": ["Friend of the Night"],"albumartist": ["Mogwai"],"albumartistsort": ["Mogwai"],"artist": ["Mogwai"],"artistsort": ["Mogwai"],"asin": ["B000CHYHQ4"],"barcode": ["5413356456424"],"catalognumber": ["PIASX 064CD"],"date": ["2006-01-30"],"discnumber": ["1"],"disctotal": ["1"],"genre": ["Post-Rock"],"label": ["[PIAS] UK"],"language": ["eng"],"media": ["CD"],"musicbrainz_albumartistid": ["d700b3f5-45af-4d02-95ed-57d301bda93e"],"musicbrainz_albumid": ["9658eb76-5912-4249-a842-2259b36b62ba"],"musicbrainz_artistid": ["d700b3f5-45af-4d02-95ed-57d301bda93e"],"musicbrainz_recordingid": ["8833ac91-6bcf-40a0-9b74-4b7db873f610"],"musicbrainz_releasegroupid": ["86620508-bec2-34c7-a1a4-1935decb5b5f"],"musicip_puid": ["152cfc8d-c025-7e19-47b0-c3d158a40fba"],"originaldate": ["2006-01-30"],"releasecountry": ["GB"],"releasestatus": ["official"],"releasetype": ["single"],"script": ["Latn"],"title": ["1% of Monster"],"totaldiscs": ["1"],"totaltracks": ["3"],"tracknumber": ["3"],"tracktotal": ["3"]},"version": {"highlevel": {"essentia": "2.1-beta5-dev","essentia_build_sha": "e74af04b57b164eed312abeef4963962215860f0","essentia_git_sha": "v2.1_beta4-499-g4013ebc","extractor": "music 2.0","gaia": "2.4.5","gaia_git_sha": "v2.4.4-44-g95f4851","models_essentia_git_sha": "v2.1_beta1"},"lowlevel": {"essentia": "2.1-beta2","essentia_build_sha": "70f2e5ece6736b2c40cc944ad0e695b16b925413","essentia_git_sha": "v2.1_beta2","extractor": "music 1.0"}}}}