{"highlevel": {"danceability": {"all": {"danceable": 0.450686395168,"not_danceable": 0.549313604832},"probability": 0.549313604832,"value": "not_danceable"},"gender": {"all": {"female": 0.533699989319,"male": 0.466300040483},"probability": 0.533699989319,"value": "female"},"genre_dortmund": {"all": {"alternative": 2.7537336994e-11,"blues": 2.5037331583e-11,"electronic": 0.999998927116,"folkcountry": 2.59231729416e-08,"funksoulrnb": 1.63226427929e-08,"jazz": 8.52902360293e-07,"pop": 1.86508426481e-08,"raphiphop": 1.93052933639e-08,"rock": 1.44384088685e-07},"probability": 0.999998927116,"value": "electronic"},"genre_electronic": {"all": {"ambient": 0.122254632413,"dnb": 0.0413381047547,"house": 0.246955662966,"techno": 0.221271440387,"trance": 0.368180155754},"probability": 0.368180155754,"value": "trance"},"genre_rosamerica": {"all": {"cla": 0.000164339697221,"dan": 0.566869616508,"hip": 0.398680329323,"jaz": 9.34665004024e-05,"pop": 0.00071393296821,"rhy": 0.03291394189,"roc": 5.94089324295e-05,"spe": 0.00050498888595},"probability": 0.566869616508,"value": "dan"},"genre_tzanetakis": {"all": {"blu": 0.0620671063662,"cla": 0.034474901855,"cou": 0.103433981538,"dis": 0.0620971247554,"hip": 0.15527240932,"jaz": 0.310666948557,"met": 0.044346679002,"pop": 0.0620793737471,"reg": 0.0620816536248,"roc": 0.103479810059},"probability": 0.310666948557,"value": "jaz"},"ismir04_rhythm": {"all": {"ChaChaCha": 0.212972477078,"Jive": 0.0827680155635,"Quickstep": 0.0291788373142,"Rumba-American": 0.0709737017751,"Rumba-International": 0.0679812803864,"Rumba-Misc": 0.0503756962717,"Samba": 0.210978314281,"Tango": 0.133587941527,"VienneseWaltz": 0.11337262392,"Waltz": 0.0278111025691},"probability": 0.212972477078,"value": "ChaChaCha"},"mood_acoustic": {"all": {"acoustic": 1.21625703287e-07,"not_acoustic": 0.999999880791},"probability": 0.999999880791,"value": "not_acoustic"},"mood_aggressive": {"all": {"aggressive": 3.00000096379e-14,"not_aggressive": 1},"probability": 1,"value": "not_aggressive"},"mood_electronic": {"all": {"electronic": 0.978451609612,"not_electronic": 0.0215483903885},"probability": 0.978451609612,"value": "electronic"},"mood_happy": {"all": {"happy": 0.153371825814,"not_happy": 0.846628189087},"probability": 0.846628189087,"value": "not_happy"},"mood_party": {"all": {"not_party": 0.999979794025,"party": 2.02183364308e-05},"probability": 0.999979794025,"value": "not_party"},"mood_relaxed": {"all": {"not_relaxed": 0.191182896495,"relaxed": 0.808817088604},"probability": 0.808817088604,"value": "relaxed"},"mood_sad": {"all": {"not_sad": 0.642462849617,"sad": 0.357537150383},"probability": 0.642462849617,"value": "not_sad"},"moods_mirex": {"all": {"Cluster1": 0.0679811537266,"Cluster2": 0.0553175359964,"Cluster3": 0.171640828252,"Cluster4": 0.0368832536042,"Cluster5": 0.668177247047},"probability": 0.668177247047,"value": "Cluster5"},"timbre": {"all": {"bright": 0.0231332909316,"dark": 0.976866722107},"probability": 0.976866722107,"value": "dark"},"tonal_atonal": {"all": {"atonal": 0.999994814396,"tonal": 5.18388469573e-06},"probability": 0.999994814396,"value": "atonal"},"voice_instrumental": {"all": {"instrumental": 0.974755585194,"voice": 0.0252444352955},"probability": 0.974755585194,"value": "instrumental"}},"metadata": {"audio_properties": {"analysis_sample_rate": 44100,"bit_rate": 192000,"equal_loudness": 0,"length": 489.665313721,"lossless": 0,"replay_gain": -10.2317886353,"sample_rate": 44100,"codec": "mp3","downmix": "mix","md5_encoded": "ddc9a8c1b87da540d767c0ac947834bf"},"tags": {"file_name": "04 Speedy J - Public Energy No.1 - In-formation.mp3","album": ["Public Energy No.1"],"albumartist": ["Speedy J"],"albumartistsort": ["Speedy J"],"artist": ["Speedy J"],"artistsort": ["Speedy J"],"asin": ["B000025LZA"],"barcode": ["5016025681846"],"catalognumber": ["NoMu 54 CD"],"composer": ["Jochem Paap"],"date": ["1997-04-21"],"discnumber": ["1\/1"],"label": ["novamute"],"media": ["CD"],"musicbrainz album release country": ["GB"],"musicbrainz album status": ["official"],"musicbrainz album type": ["album"],"musicbrainz_albumartistid": ["734fa82c-864e-468b-bee4-944cb4b1952b"],"musicbrainz_albumid": ["0435ed7b-9a34-43e2-80cd-5bda7897f31f"],"musicbrainz_artistid": ["734fa82c-864e-468b-bee4-944cb4b1952b"],"musicbrainz_recordingid": ["88ceadcf-088d-420f-94fa-556c3e8689bb"],"musicbrainz_releasegroupid": ["cc52435e-efc7-3d4c-93d0-7a8b6f05525c"],"originaldate": ["1997-04-15"],"script": ["Latn"],"title": ["In-formation"],"tracknumber": ["4\/11"]},"version": {"highlevel": {"essentia": "2.1-beta5-dev","essentia_build_sha": "e74af04b57b164eed312abeef4963962215860f0","essentia_git_sha": "v2.1_beta4-499-g4013ebc","extractor": "music 2.0","gaia": "2.4.5","gaia_git_sha": "v2.4.4-44-g95f4851","models_essentia_git_sha": "v2.1_beta1"},"lowlevel": {"essentia": "2.1-beta2","essentia_build_sha": "2d9f1f26377add8aeb1075a9c2973f962c4f09fd","essentia_git_sha": "v2.1_beta2-1-ge3940c0","extractor": "music 1.0"}}}}