{"highlevel": {"danceability": {"all": {"danceable": 0.360689342022,"not_danceable": 0.639310657978},"probability": 0.639310657978,"value": "not_danceable"},"gender": {"all": {"female": 0.543435633183,"male": 0.456564337015},"probability": 0.543435633183,"value": "female"},"genre_dortmund": {"all": {"alternative": 0.000717687187716,"blues": 3.33519128617e-05,"electronic": 0.999069690704,"folkcountry": 5.2904812037e-05,"funksoulrnb": 5.82202176247e-07,"jazz": 1.07049454527e-05,"pop": 2.95001677841e-06,"raphiphop": 2.81947933445e-07,"rock": 0.000111819601443},"probability": 0.999069690704,"value": "electronic"},"genre_electronic": {"all": {"ambient": 0.0783448293805,"dnb": 0.00776312686503,"house": 0.0512254312634,"techno": 0.0129702314734,"trance": 0.849696397781},"probability": 0.849696397781,"value": "trance"},"genre_rosamerica": {"all": {"cla": 0.00261122803204,"dan": 0.149358123541,"hip": 0.0835584625602,"jaz": 0.0037810690701,"pop": 0.0126634771004,"rhy": 0.00943175703287,"roc": 0.734118580818,"spe": 0.00447727367282},"probability": 0.734118580818,"value": "roc"},"genre_tzanetakis": {"all": {"blu": 0.0620671063662,"cla": 0.034474901855,"cou": 0.103433981538,"dis": 0.0620971247554,"hip": 0.15527240932,"jaz": 0.310666948557,"met": 0.044346679002,"pop": 0.0620793737471,"reg": 0.0620816536248,"roc": 0.103479810059},"probability": 0.310666948557,"value": "jaz"},"ismir04_rhythm": {"all": {"ChaChaCha": 0.190838351846,"Jive": 0.197654828429,"Quickstep": 0.0325573347509,"Rumba-American": 0.059824064374,"Rumba-International": 0.034468639642,"Rumba-Misc": 0.0301802437752,"Samba": 0.1306425035,"Tango": 0.214665815234,"VienneseWaltz": 0.0874636173248,"Waltz": 0.0217045936733},"probability": 0.214665815234,"value": "Tango"},"mood_acoustic": {"all": {"acoustic": 1.8335298364e-06,"not_acoustic": 0.999998152256},"probability": 0.999998152256,"value": "not_acoustic"},"mood_aggressive": {"all": {"aggressive": 3.00000096379e-14,"not_aggressive": 1},"probability": 1,"value": "not_aggressive"},"mood_electronic": {"all": {"electronic": 0.604327499866,"not_electronic": 0.395672500134},"probability": 0.604327499866,"value": "electronic"},"mood_happy": {"all": {"happy": 0.012949757278,"not_happy": 0.987050235271},"probability": 0.987050235271,"value": "not_happy"},"mood_party": {"all": {"not_party": 0.997725963593,"party": 0.00227405293845},"probability": 0.997725963593,"value": "not_party"},"mood_relaxed": {"all": {"not_relaxed": 0.191198185086,"relaxed": 0.808801829815},"probability": 0.808801829815,"value": "relaxed"},"mood_sad": {"all": {"not_sad": 0.805589497089,"sad": 0.194410488009},"probability": 0.805589497089,"value": "not_sad"},"moods_mirex": {"all": {"Cluster1": 0.0764296129346,"Cluster2": 0.0324764885008,"Cluster3": 0.105879426003,"Cluster4": 0.0275624450296,"Cluster5": 0.757652044296},"probability": 0.757652044296,"value": "Cluster5"},"timbre": {"all": {"bright": 0.106114372611,"dark": 0.893885612488},"probability": 0.893885612488,"value": "dark"},"tonal_atonal": {"all": {"atonal": 0.999996542931,"tonal": 3.43325018548e-06},"probability": 0.999996542931,"value": "atonal"},"voice_instrumental": {"all": {"instrumental": 0.151287198067,"voice": 0.848712801933},"probability": 0.848712801933,"value": "voice"}},"metadata": {"audio_properties": {"analysis_sample_rate": 44100,"bit_rate": 0,"equal_loudness": 0,"length": 354.533325195,"lossless": 1,"replay_gain": -13.7373313904,"sample_rate": 44100,"codec": "flac","downmix": "mix","md5_encoded": "b2ca254f7fc60d99c7ec782b8c8a5514"},"tags": {"file_name": "09. Nile - Tribunal of the Dead.flac","acoustid_id": ["72c43469-bc4a-4f95-add3-acac8e81e4ab"],"album": ["At the Gate of Sethu"],"album artist": ["Nile"],"albumartist": ["Nile"],"albumartistsort": ["Nile"],"artist": ["Nile"],"artistsort": ["Nile"],"asin": ["B007Y2W45G"],"barcode": ["727361281809"],"catalognumber": ["NB 2818-0"],"date": ["2012-06-29"],"disc": ["1"],"discnumber": ["1"],"disctotal": ["1"],"encoder": ["reference libFLAC 1.2.1 20070917"],"ensemble": ["Nile"],"genre": ["Death Metal"],"label": ["Nuclear Blast"],"language": ["English"],"media": ["CD"],"musicbrainz_albumartistid": ["adc68a50-38ee-456d-927e-715cbf74c0d5"],"musicbrainz_albumid": ["163a0764-2a46-4476-9f58-6910449bb5b9"],"musicbrainz_artistid": ["adc68a50-38ee-456d-927e-715cbf74c0d5"],"musicbrainz_recordingid": ["88db3adb-5bfe-4862-8a15-9bbfe06f0870"],"originaldate": ["2012-06-29"],"releasecountry": ["DE"],"releasestatus": ["official"],"releasetype": ["album"],"replaygain_album_gain": ["-9.92000007629395 dB"],"replaygain_track_gain": ["-9.22000026702881 dB"],"replaygain_track_peak": ["0.99993896484375"],"script": ["Latn"],"title": ["Tribunal of the Dead"],"totaldiscs": ["1"],"totaltracks": ["13"],"tracknumber": ["9"],"tracktotal": ["13"]},"version": {"highlevel": {"essentia": "2.1-beta5-dev","essentia_build_sha": "e74af04b57b164eed312abeef4963962215860f0","essentia_git_sha": "v2.1_beta4-499-g4013ebc","extractor": "music 2.0","gaia": "2.4.5","gaia_git_sha": "v2.4.4-44-g95f4851","models_essentia_git_sha": "v2.1_beta1"},"lowlevel": {"essentia": "2.1-beta1","essentia_build_sha": "ca57ba49d9b1854bd80e60cf9ccf267278fb7d6b","essentia_git_sha": "v2.1_beta1-28-g21ef5f4-dirty","extractor": "music 1.0"}}}}