{"highlevel": {"danceability": {"all": {"danceable": 0.0495969317853,"not_danceable": 0.950403094292},"probability": 0.950403094292,"value": "not_danceable"},"gender": {"all": {"female": 0.938978612423,"male": 0.0610213875771},"probability": 0.938978612423,"value": "female"},"genre_dortmund": {"all": {"alternative": 0.00620608171448,"blues": 0.000734118802939,"electronic": 0.98897343874,"folkcountry": 0.00306359375827,"funksoulrnb": 1.94326985365e-05,"jazz": 0.000261508015683,"pop": 0.000124726313516,"raphiphop": 1.57309295901e-05,"rock": 0.000601379782893},"probability": 0.98897343874,"value": "electronic"},"genre_electronic": {"all": {"ambient": 0.895799636841,"dnb": 0.00446035293862,"house": 0.0628320649266,"techno": 0.00623152405024,"trance": 0.0306764375418},"probability": 0.895799636841,"value": "ambient"},"genre_rosamerica": {"all": {"cla": 0.240401536226,"dan": 0.00334494747221,"hip": 0.00708872685209,"jaz": 0.0252847950906,"pop": 0.0634258538485,"rhy": 0.64844506979,"roc": 0.00904635991901,"spe": 0.00296271778643},"probability": 0.64844506979,"value": "rhy"},"genre_tzanetakis": {"all": {"blu": 0.0457140915096,"cla": 0.0639867335558,"cou": 0.0639747679234,"dis": 0.0533076897264,"hip": 0.0533068925142,"jaz": 0.159922450781,"met": 0.0533106848598,"pop": 0.106623336673,"reg": 0.0799703970551,"roc": 0.319882959127},"probability": 0.319882959127,"value": "roc"},"ismir04_rhythm": {"all": {"ChaChaCha": 0.0248404610902,"Jive": 0.00174535356928,"Quickstep": 0.00145366822835,"Rumba-American": 0.00417106691748,"Rumba-International": 0.00329655199312,"Rumba-Misc": 0.00231260643341,"Samba": 0.00260035949759,"Tango": 0.257256418467,"VienneseWaltz": 0.689298868179,"Waltz": 0.0130246169865},"probability": 0.689298868179,"value": "VienneseWaltz"},"mood_acoustic": {"all": {"acoustic": 0.761549472809,"not_acoustic": 0.238450556993},"probability": 0.761549472809,"value": "acoustic"},"mood_aggressive": {"all": {"aggressive": 0.0029977906961,"not_aggressive": 0.997002184391},"probability": 0.997002184391,"value": "not_aggressive"},"mood_electronic": {"all": {"electronic": 0.0202557425946,"not_electronic": 0.979744255543},"probability": 0.979744255543,"value": "not_electronic"},"mood_happy": {"all": {"happy": 0.492563515902,"not_happy": 0.507436454296},"probability": 0.507436454296,"value": "not_happy"},"mood_party": {"all": {"not_party": 0.962487757206,"party": 0.0375122725964},"probability": 0.962487757206,"value": "not_party"},"mood_relaxed": {"all": {"not_relaxed": 0.345987200737,"relaxed": 0.654012799263},"probability": 0.654012799263,"value": "relaxed"},"mood_sad": {"all": {"not_sad": 0.193913266063,"sad": 0.806086719036},"probability": 0.806086719036,"value": "sad"},"moods_mirex": {"all": {"Cluster1": 0.0503751821816,"Cluster2": 0.0750852897763,"Cluster3": 0.66235101223,"Cluster4": 0.123205602169,"Cluster5": 0.0889829024673},"probability": 0.66235101223,"value": "Cluster3"},"timbre": {"all": {"bright": 0.997307837009,"dark": 0.00269218324684},"probability": 0.997307837009,"value": "bright"},"tonal_atonal": {"all": {"atonal": 0.00175028992817,"tonal": 0.998249709606},"probability": 0.998249709606,"value": "tonal"},"voice_instrumental": {"all": {"instrumental": 0.0852210149169,"voice": 0.914779007435},"probability": 0.914779007435,"value": "voice"}},"metadata": {"audio_properties": {"analysis_sample_rate": 44100,"bit_rate": 0,"equal_loudness": 0,"length": 249.679992676,"lossless": 1,"replay_gain": -3.33020019531,"codec": "flac","downmix": "mix","md5_encoded": "67b8c501e0203aa1be513538594ef25f"},"tags": {"file_name": "07 - Supertramp - Lord Is It Mine.flac","album": ["Breakfast in America"],"albumartist": ["Supertramp"],"albumartistsort": ["Supertramp"],"albumsort": ["Breakfast in America (1985, Supertramp, 2bce1651-d6d0-388f-90bb-fb6fe5d13a91)"],"artist": ["Supertramp"],"artists": ["Supertramp"],"artistsort": ["Supertramp"],"barcode": ["075021370821"],"catalognumber": ["CD-3708"],"composer": ["Roger Hodgson", "Rick Davies"],"composersort": ["Hodgson, Roger", "Davies, Rick"],"date": ["1985"],"discnumber": ["1"],"disctotal": ["1"],"engineer": ["Lenise Bent", "Jeff Harris", "Peter Henderson", "Russel Pope"],"genre": ["Progressive Rock"],"isrc": ["USUM71021497"],"label": ["A&M Records"],"language": ["eng"],"lyricist": ["Roger Hodgson", "Rick Davies"],"media": ["CD"],"musicbrainz_albumartistid": ["d2ff6b6b-fc30-48dc-8952-06f9d8fc64f8"],"musicbrainz_albumid": ["2bce1651-d6d0-388f-90bb-fb6fe5d13a91"],"musicbrainz_artistid": ["d2ff6b6b-fc30-48dc-8952-06f9d8fc64f8"],"musicbrainz_recordingid": ["d6792417-a245-4115-8601-95ba488f4d54"],"musicbrainz_releasegroupid": ["d584f7e7-55b4-39a1-87e9-af3b86773132"],"musicbrainz_releasetrackid": ["dd86702a-5cf6-38c4-91f2-f2cd8a764339"],"musicbrainz_workid": ["065aed48-7a7b-3ee3-922e-200600c7acbe"],"musicip_puid": ["42bbc94a-4fce-bde6-79bc-8d58292833ab"],"originaldate": ["1979"],"performer": ["John Helliwell (woodwind)", "Bob Siebenberg (drums)", "Roger Hodgson (guitars and keyboard)", "Dougie Thomson (bass)", "Rick Davies (keyboard)", "Roger Hodgson (vocals)", "Rick Davies (vocals)", "Dick Hyde (guest trombone and tuba)"],"producer": ["Peter Henderson", "Supertramp"],"releasecountry": ["CA"],"releasestatus": ["official"],"releasetype": ["album"],"replaygain_album_gain": ["-0.59 dB"],"replaygain_album_peak": ["0.922668"],"replaygain_track_gain": ["+4.05 dB"],"replaygain_track_peak": ["0.656219"],"script": ["Latn"],"title": ["Lord Is It Mine"],"tracknumber": ["7"],"tracktotal": ["10"],"work": ["Lord Is It Mine"]},"version": {"highlevel": {"essentia": "2.1-beta5-dev","essentia_build_sha": "e74af04b57b164eed312abeef4963962215860f0","essentia_git_sha": "v2.1_beta4-499-g4013ebc","extractor": "music 2.0","gaia": "2.4.5","gaia_git_sha": "v2.4.4-44-g95f4851","models_essentia_git_sha": "v2.1_beta1"},"lowlevel": {"essentia": "2.1-beta1","essentia_build_sha": "5a55991247aa8bc5301991e5ebe36927b56abb96","essentia_git_sha": "v2.1_beta1-6-g5578087","extractor": "music 1.0"}}}}