{"highlevel": {"danceability": {"all": {"danceable": 0.00319413957186,"not_danceable": 0.996805846691},"probability": 0.996805846691,"value": "not_danceable"},"gender": {"all": {"female": 0.978390276432,"male": 0.0216097328812},"probability": 0.978390276432,"value": "female"},"genre_dortmund": {"all": {"alternative": 0.0539770312607,"blues": 0.271851450205,"electronic": 0.045417368412,"folkcountry": 0.462892323732,"funksoulrnb": 0.0100761251524,"jazz": 0.0362651795149,"pop": 0.0291631631553,"raphiphop": 0.00720686558634,"rock": 0.083150498569},"probability": 0.462892323732,"value": "folkcountry"},"genre_electronic": {"all": {"ambient": 0.96182769537,"dnb": 0.00246956665069,"house": 0.0216720532626,"techno": 0.00572007475421,"trance": 0.00831063278019},"probability": 0.96182769537,"value": "ambient"},"genre_rosamerica": {"all": {"cla": 0.167635336518,"dan": 0.00627273879945,"hip": 0.0121702682227,"jaz": 0.287755489349,"pop": 0.0476971752942,"rhy": 0.457176268101,"roc": 0.00795948598534,"spe": 0.0133332265541},"probability": 0.457176268101,"value": "rhy"},"genre_tzanetakis": {"all": {"blu": 0.0621565431356,"cla": 0.0342329517007,"cou": 0.102699257433,"dis": 0.0528505854309,"hip": 0.154134109616,"jaz": 0.308432877064,"met": 0.0440380871296,"pop": 0.0770585611463,"reg": 0.0616474412382,"roc": 0.102749586105},"probability": 0.308432877064,"value": "jaz"},"ismir04_rhythm": {"all": {"ChaChaCha": 0.00403598230332,"Jive": 0.00177024654113,"Quickstep": 0.000617201672867,"Rumba-American": 0.00269797630608,"Rumba-International": 0.00593252386898,"Rumba-Misc": 0.0220729447901,"Samba": 0.00146537891123,"Tango": 0.00977887492627,"VienneseWaltz": 0.930593907833,"Waltz": 0.0210349503905},"probability": 0.930593907833,"value": "VienneseWaltz"},"mood_acoustic": {"all": {"acoustic": 0.955527663231,"not_acoustic": 0.044472347945},"probability": 0.955527663231,"value": "acoustic"},"mood_aggressive": {"all": {"aggressive": 8.54098686887e-07,"not_aggressive": 0.999999165535},"probability": 0.999999165535,"value": "not_aggressive"},"mood_electronic": {"all": {"electronic": 0.0951143428683,"not_electronic": 0.904885649681},"probability": 0.904885649681,"value": "not_electronic"},"mood_happy": {"all": {"happy": 0.528824627399,"not_happy": 0.471175372601},"probability": 0.528824627399,"value": "happy"},"mood_party": {"all": {"not_party": 0.949220716953,"party": 0.0507792830467},"probability": 0.949220716953,"value": "not_party"},"mood_relaxed": {"all": {"not_relaxed": 0.0652477219701,"relaxed": 0.93475228548},"probability": 0.93475228548,"value": "relaxed"},"mood_sad": {"all": {"not_sad": 0.0680759996176,"sad": 0.931923985481},"probability": 0.931923985481,"value": "sad"},"moods_mirex": {"all": {"Cluster1": 0.15509814024,"Cluster2": 0.432641386986,"Cluster3": 0.115081466734,"Cluster4": 0.184987664223,"Cluster5": 0.112191349268},"probability": 0.432641386986,"value": "Cluster2"},"timbre": {"all": {"bright": 0.743628203869,"dark": 0.256371796131},"probability": 0.743628203869,"value": "bright"},"tonal_atonal": {"all": {"atonal": 0.00683325249702,"tonal": 0.993166744709},"probability": 0.993166744709,"value": "tonal"},"voice_instrumental": {"all": {"instrumental": 0.0111784776673,"voice": 0.9888215065},"probability": 0.9888215065,"value": "voice"}},"metadata": {"audio_properties": {"analysis_sample_rate": 44100,"bit_rate": 0,"equal_loudness": 0,"length": 104.013336182,"lossless": 1,"replay_gain": -11.8438148499,"sample_rate": 44100,"codec": "flac","downmix": "mix","md5_encoded": "9afd49a92bdc1c9390b53373eea7906b"},"tags": {"file_name": "09 - Preludio.flac","acoustid_id": ["67cf8822-8f45-4ec5-9ebd-67ec1da3881b"],"album": ["Post-Scriptum"],"albumartist": ["Cristina Branco"],"albumartistsort": ["Branco, Cristina"],"artist": ["Cristina Branco"],"artistsort": ["Branco, Cristina"],"asin": ["B000056B7T"],"barcode": ["742495313127"],"catalognumber": ["ED 13131"],"composer": ["Custódio Castelo"],"date": ["2000"],"discnumber": ["1"],"disctotal": ["1"],"genre": ["Latino - Portugal - Fado"],"isrc": ["FRV639900008"],"label": ["L'Empreinte Digitale"],"language": ["por"],"lyricist": ["Miguel Torga"],"media": ["CD"],"musicbrainz_albumartistid": ["01e75bf4-d967-4036-877e-c6a817e4325f"],"musicbrainz_albumid": ["a6de7ef7-eb9d-4027-8f2b-389d75bf064a"],"musicbrainz_artistid": ["01e75bf4-d967-4036-877e-c6a817e4325f"],"musicbrainz_recordingid": ["9628e1b6-97c6-4f7f-81c2-143089aba194"],"musicbrainz_releasegroupid": ["83c7d759-ccc3-3597-bdfc-d8e556c0e769"],"musicbrainz_workid": ["413810bf-4c25-4566-98be-d98f28987c3e"],"originaldate": ["1998"],"performer": ["Cristina Branco (lead vocals vocal)"],"releasecountry": ["FR"],"releasestatus": ["official"],"releasetype": ["album"],"script": ["Latn"],"title": ["Prelúdio"],"tracknumber": ["9"],"tracktotal": ["13"]},"version": {"highlevel": {"essentia": "2.1-beta5-dev","essentia_build_sha": "e74af04b57b164eed312abeef4963962215860f0","essentia_git_sha": "v2.1_beta4-499-g4013ebc","extractor": "music 2.0","gaia": "2.4.5","gaia_git_sha": "v2.4.4-44-g95f4851","models_essentia_git_sha": "v2.1_beta1"},"lowlevel": {"essentia": "2.1-beta2","essentia_build_sha": "2d9f1f26377add8aeb1075a9c2973f962c4f09fd","essentia_git_sha": "v2.1_beta2-1-ge3940c0","extractor": "music 1.0"}}}}