{"highlevel": {"danceability": {"all": {"danceable": 0.998804926872,"not_danceable": 0.00119505159091},"probability": 0.998804926872,"value": "danceable"},"gender": {"all": {"female": 0.949780583382,"male": 0.0502194203436},"probability": 0.949780583382,"value": "female"},"genre_dortmund": {"all": {"alternative": 0.00169245805591,"blues": 0.000164755867445,"electronic": 0.997778296471,"folkcountry": 0.000177232650458,"funksoulrnb": 1.85028329724e-06,"jazz": 4.94727755722e-05,"pop": 1.01052810351e-05,"raphiphop": 2.14104511542e-06,"rock": 0.000123700432596},"probability": 0.997778296471,"value": "electronic"},"genre_electronic": {"all": {"ambient": 0.515162229538,"dnb": 0.019041031599,"house": 0.152095422149,"techno": 0.0401862300932,"trance": 0.273515075445},"probability": 0.515162229538,"value": "ambient"},"genre_rosamerica": {"all": {"cla": 0.00869259145111,"dan": 0.337664574385,"hip": 0.543791472912,"jaz": 0.0154802314937,"pop": 0.0208282042295,"rhy": 0.0349133014679,"roc": 0.0292361173779,"spe": 0.00939353741705},"probability": 0.543791472912,"value": "hip"},"genre_tzanetakis": {"all": {"blu": 0.0626613423228,"cla": 0.0348169617355,"cou": 0.104475811124,"dis": 0.0784321576357,"hip": 0.15692435205,"jaz": 0.313974827528,"met": 0.0448166541755,"pop": 0.0627359300852,"reg": 0.0627360641956,"roc": 0.0784258767962},"probability": 0.313974827528,"value": "jaz"},"ismir04_rhythm": {"all": {"ChaChaCha": 0.0687594935298,"Jive": 0.138815939426,"Quickstep": 0.0115445358679,"Rumba-American": 0.0248259659857,"Rumba-International": 0.037405859679,"Rumba-Misc": 0.014629624784,"Samba": 0.0609750263393,"Tango": 0.0493819601834,"VienneseWaltz": 0.581498265266,"Waltz": 0.0121633606032},"probability": 0.581498265266,"value": "VienneseWaltz"},"mood_acoustic": {"all": {"acoustic": 0.0573847442865,"not_acoustic": 0.942615270615},"probability": 0.942615270615,"value": "not_acoustic"},"mood_aggressive": {"all": {"aggressive": 0.489670842886,"not_aggressive": 0.510329127312},"probability": 0.510329127312,"value": "not_aggressive"},"mood_electronic": {"all": {"electronic": 0.836029529572,"not_electronic": 0.163970500231},"probability": 0.836029529572,"value": "electronic"},"mood_happy": {"all": {"happy": 0.0812559947371,"not_happy": 0.918744027615},"probability": 0.918744027615,"value": "not_happy"},"mood_party": {"all": {"not_party": 0.435440510511,"party": 0.564559519291},"probability": 0.564559519291,"value": "party"},"mood_relaxed": {"all": {"not_relaxed": 0.408868789673,"relaxed": 0.591131210327},"probability": 0.591131210327,"value": "relaxed"},"mood_sad": {"all": {"not_sad": 0.732719480991,"sad": 0.267280519009},"probability": 0.732719480991,"value": "not_sad"},"moods_mirex": {"all": {"Cluster1": 0.103938952088,"Cluster2": 0.104772567749,"Cluster3": 0.246918067336,"Cluster4": 0.091033577919,"Cluster5": 0.453336834908},"probability": 0.453336834908,"value": "Cluster5"},"timbre": {"all": {"bright": 0.149686902761,"dark": 0.850313067436},"probability": 0.850313067436,"value": "dark"},"tonal_atonal": {"all": {"atonal": 0.40677973628,"tonal": 0.593220293522},"probability": 0.593220293522,"value": "tonal"},"voice_instrumental": {"all": {"instrumental": 0.849011182785,"voice": 0.150988787413},"probability": 0.849011182785,"value": "instrumental"}},"metadata": {"audio_properties": {"analysis_sample_rate": 44100,"bit_rate": 163241,"equal_loudness": 0,"length": 207.804077148,"lossless": 0,"replay_gain": -12.5431079865,"sample_rate": 44100,"codec": "mp3","downmix": "mix","md5_encoded": "baf1e73d9fa31f3719ca9d3eab1198d4"},"tags": {"file_name": "11 It Ain't a Crime.mp3","acoustid_fingerprint": ["AQADtInChVPCBKfRLeiR5kbP48GP9dlwOkKWR5KgvZiO7_iKnYZ_aFfxXtCY7Gh25EuFX0Q6XVgTaYEuhHnQF1dGnOjzBE2u4MgPTWqUo6GP-7iCH1OuQLueFO-hMdnR7MiXqviFdMmFNdMCXUgfvMUz4kSfJ2hyBUd-aFKjHA19fDt-BT-mXNCuOCl-aFKyo9mRL1XxC-m0C0oTNbiQPnhxZcSJPk_Q5AqOxA-aNTqq-fh2_Ar2o7kC7XpScNWhZcnB8MiXqviFdMkFpZkWXEgfvMUz4kSfJ2jSKziSZ2iiRjzKiMeJ78N-NFegXU8Krjq0LDmy8PhSFb-QLtmFNWugC-kTHFdGnEefJ2jSC0j8oIkaHa2P-8axX2iuHNr1GJymQwtzMPyRL0V_EWGW7ILSrMGF9AlePCPOo88TNOmFQH6OJmqEMuLxG3-wH81zaH8Mrjq0LDkYHvlSob-IMEt2QWnW4EL6BC-eEefR5wma9AISP3DU6Hh8fDf-YD-aK4d2PQan6dDCHF1-ZF8qhD-0LNmHec2RC84TvHiGM0cTPwh_BT_UL0WYWbzQGvmOR8cuND80tXEMtofWHEyUH_nSGOHyYYqUHfoa5Eng47iC92jiJ0V_IdADr9GRR0R-nHmGHaKuHG8fI2uPLGFQdjl0GiUvNMx2jJqLOwlED8EVvEfzJ6h6IXh7iBGT4MV3_MGuo_nR6zGuwsxV5MeXjmi6I1J54WugJ0g9Ac_xo3meBB1PHDnENb7w-PiJX9jRPIf26TEu7dCyHN2RL02KMOuHNjsUr8EvpE_w4BnxHk38BP2FI37gMdEFXRl-XB_2I83zImctvGgYlE-R70EYpR8UNdsRa8YTOJ3w4Md7NH-C8JchvEiVJTk-I_eN5wl2-If-GJymQ2SOly_4B82YD22cQ2mm4UHqCceV40eT5gl6IYfcwlGW5MiH_CKeC4OfQ-9jSO0PKgvyssJvhBnzYWLiQ6aIPIEvXMNz_GjiJ0F_BLJ5OEpzfPgu4hcmHc0P_TH06bCUI0-XqviFMNExScl26CLyJ7CHCw_-BE38oT9-xM8gLu6FGxfxC9N1o3kOtbtw7YKoBE_xBx4UJ9uDu3iQ5sPxqMF_NPEThL9wqGIymMqOGxfxXNgF5zn0PcajHeJyfOnxBx7zQXGi7LiRB_aG63iOH46fBPlx6BkcRbxw48dzYXzgX4W-Q2oPLzly9uCDdP2wJtkO3cgDHx-e44f_qDiRQy-HNGuO3McJ_YKiC1qeF98DRtIOJkqgs8IPk4dibRZu9EGYD4-MHz_SXzgvqLh3mJJ65D7yC7-wC77y4n1Q6mik46-KH1ayQ7GUWTiN8GhsPCsuEr_gNE8C5NB5OEpzfMNF6LmgSFcOLdcF_tC1g1qQs8IvmBmiZpoFPeiDMMaV4_gFx4_wI99xLtshLj6-C_qH62ieY_pjqD9epFLwF08fmDmi5hZ0IzwaG89xHb_g-Elw5IfeDM58fLvx4xemC02uWLhuMEvyI8wOfqnwGyn5YZZz6IoQPkFj48qKk3iewOmV4sghp9zhrDm-4SL2XOgFLZ5iFTw0Jjua6MhZFfyRKvkwazv0DeGD5njk4zr-BH6u4MgPjdSGJlOi4z5O7NGF5kHfC9JvaFKyo5F35E9VsEfKKB8UL8zxIUwZ9MMjHz9-wX8S5AQ0yUND6vhufMeuC82hfcrBP4YmJT-aHdmXqjhSRR_mqDl0hHnQ48rxo3-CJr6CIz80iYmChttxH89wHVMe9Ffx9miW7AiX40uFI532QXGkHR_SBy-eEZeOek_QxFdwIocmMVHQcDt-_MKuC82hfTv-x9CyZD-6HF-q4oKX7ILiafiQPjiuHEf_xGjiK8gP-UezRkGoiUd-43twHVPyQPtVvBbKZIeWHV-q4lA2fXjUHD-aB-FxZcQl1MoTNLmC_PiDJmrEQ2MM_Xiw64f2GFo8HdLUCw0DZjnyLhXyw0seKNdSXAjzBL1xZQxOVM4TNL6C4A-0rNGFasaP88T4C83zQlOnBzw0KRma9XjB9hCZY800C_ngB5_xPThC_Qka5wrkIz6aTUmyo8zxC3k-7D-aB9r1BLyOJkoOKTyequhyNMw-KH6OD2G8oMIz4kTlPEHjKzgehIkaHa2I47uCXYeWx0JvIVuHRkl2lE9x-sdzbGN2PCry5EhY4o-wjxbOHs9eNE2CPviL7IcWhkev4J2DPiuaWymk_fiORsqh8cefgmEvNEt07KEhO4MfIceVMTjR50nQpBeCP9ASNcnRHvcN_cEOLc8LKWofvIcW5ujS5SBLCyWPRkk2K1De4EH6CC-eEWeOyk_Q-MKP-IHXiIcuHjeeK8P-HM3TodcDTjsaZgj5HPwcNOuHkMkOpQ--BKkn4MrxHn2eoMmF4C3EaEku3Mc3_MmwC833glH74Iel7Mi7vLgDJusRMrGF3dADP0Ks4XnwHbWeoMmFH3kLLRETH62PH7-wQ8tfhJ8esNphIu9S8EcT9UKZ-FgpQofzjNCX4hmDr2hCXYH2BCf-I12Y4D5yEb-wy2heaOp0FU92QdTxDmeqwmMOxcmHa0cewR-uGc_xo_mTIFQPHXkYDs4U5bhxEXl07NDyWAivI0sW6aikQ3p64Q-8z3gSZYdy4wrSD9fwPAAgDFEUOACAIMYQhAQGSArmjGIEACKIVIAwRhxoiBgAkBTMGcUIIEQQqQBhjDiFGCJGISmYMwQSBYggUhHHiFPIIGIAwYI5oyABhAiCBDSMLGEQMYBg4ZwhjChAjDCIOEYEOYgIAwgWghFDIAGEGGEQYQwKxQxCQgGCBSOGQAIIMcIg4ghTQinDiDCAYMEMMQQ4oQghCCDBgBBUGY4IwUIwhwAjChCCAIJKACgUBwIAAhASAhACEBLMEMSUAkoYABQgzhDCCCAOEAKoIAAahhQSAACiCSMICKIIIQggYZQgkglCjQBEMEAEFAYQAhBAzAEhFHJKQEAwAcQQAAkAjiDrmnBCISQMIEAwRIQjgABHDGCMESUYMkpAAAgGFDhhAADEEQOYYEAQ0JARCBBCKAVCQUGIIwIBJBgBCykjDBFEO0ABEcoBQoAjBjGhGChSIYOAMQQzoIkwjhACHAFGaMCEIAkZJBQhikClDCFEOAKQIIQJ4RBiSBEBlNKEOMMEIsARAxRjBBwkGAGCAcIIhAgA4ohRDBhgmBKAMoKEAkIQQoSBwiAigHDEKAACI0IxhoxQSAFhCCTAGEAYQXAbRkBBhhPOjGHCGEUYEEACogBjRJBCEADIECYEJAAZwohwBBjACFLGEASEMQoIIxZgBABAPCFGAcKIII0gQ4AgwokiIAGEWGKEZERDYQgCAhhAgHCiQKIAIIQYhIljwinDiDFESeHEIkAAAgAhEhFBDBPkEKAIEYIZRyABgBAkiIKCKEGQABhZAx0hABBADDOCQ4GYIgAZIAgWFBIBFCEECaqIEoYgBQUAQhlojAECEAGcJcRIKQhBwhClhBDEKEIQIIIgQRwmAimOBCAEK0SgAIQQhAQzQkCijBIAGYAEMAQRBQAhAEnhDCAMKSIAcVIAqogiBCCCpCLAACIZckoAQAQTRjABCDJWAMSI8wwpBQjxhBmlhCOAAEeAYRgwAhLiyAiCGaDACUEYAQQA"],"acoustid_id": ["dc96a1f9-c266-4449-be86-8c8a7a9a4f43"],"album": ["Same as It Ever Was"],"albumartist": ["House of Pain"],"albumartistsort": ["House of Pain"],"artist": ["House of Pain"],"artistsort": ["House of Pain"],"barcode": ["016998108925"],"catalognumber": ["TBCD 1089"],"date": ["1994"],"discnumber": ["01\/01"],"genre": ["East coast rap"],"label": ["Tommy Boy Music"],"language": ["eng"],"media": ["(CD)"],"musicbrainz album release country": ["US"],"musicbrainz album status": ["Official"],"musicbrainz album type": ["Album"],"musicbrainz_albumartistid": ["c2d6a6fb-7999-4bb3-b2df-7d752fdf4e95"],"musicbrainz_albumid": ["2fc0821a-98ff-4b53-8a5c-cd22a18396a1"],