{"highlevel": {"danceability": {"all": {"danceable": 0.930740594864,"not_danceable": 0.0692594274879},"probability": 0.930740594864,"value": "danceable"},"gender": {"all": {"female": 0.996956050396,"male": 0.00304396916181},"probability": 0.996956050396,"value": "female"},"genre_dortmund": {"all": {"alternative": 0.202398553491,"blues": 0.0904464945197,"electronic": 0.126792311668,"folkcountry": 0.233820050955,"funksoulrnb": 0.0150399878621,"jazz": 0.0381143279374,"pop": 0.105441369116,"raphiphop": 0.00759589998052,"rock": 0.180351018906},"probability": 0.233820050955,"value": "folkcountry"},"genre_electronic": {"all": {"ambient": 0.580680012703,"dnb": 0.0795959979296,"house": 0.207213357091,"techno": 0.019620379433,"trance": 0.112890258431},"probability": 0.580680012703,"value": "ambient"},"genre_rosamerica": {"all": {"cla": 0.00639422424138,"dan": 0.0222305748612,"hip": 0.00199712696485,"jaz": 0.00924124289304,"pop": 0.599935293198,"rhy": 0.0397286899388,"roc": 0.319106251001,"spe": 0.00136658351403},"probability": 0.599935293198,"value": "pop"},"genre_tzanetakis": {"all": {"blu": 0.0821554213762,"cla": 0.0364795960486,"cou": 0.0820699110627,"dis": 0.0547213405371,"hip": 0.109460055828,"jaz": 0.328519314528,"met": 0.0657178536057,"pop": 0.0656998828053,"reg": 0.0656919553876,"roc": 0.109484672546},"probability": 0.328519314528,"value": "jaz"},"ismir04_rhythm": {"all": {"ChaChaCha": 0.435039997101,"Jive": 0.0592742487788,"Quickstep": 0.0172924995422,"Rumba-American": 0.0224429126829,"Rumba-International": 0.0197210423648,"Rumba-Misc": 0.0153872799128,"Samba": 0.0416609719396,"Tango": 0.238680481911,"VienneseWaltz": 0.13454015553,"Waltz": 0.0159604009241},"probability": 0.435039997101,"value": "ChaChaCha"},"mood_acoustic": {"all": {"acoustic": 0.0431756153703,"not_acoustic": 0.956824362278},"probability": 0.956824362278,"value": "not_acoustic"},"mood_aggressive": {"all": {"aggressive": 5.74692238242e-10,"not_aggressive": 1},"probability": 1,"value": "not_aggressive"},"mood_electronic": {"all": {"electronic": 0.230125829577,"not_electronic": 0.769874155521},"probability": 0.769874155521,"value": "not_electronic"},"mood_happy": {"all": {"happy": 0.769867777824,"not_happy": 0.230132222176},"probability": 0.769867777824,"value": "happy"},"mood_party": {"all": {"not_party": 0.90689599514,"party": 0.0931039825082},"probability": 0.90689599514,"value": "not_party"},"mood_relaxed": {"all": {"not_relaxed": 0.270942270756,"relaxed": 0.729057729244},"probability": 0.729057729244,"value": "relaxed"},"mood_sad": {"all": {"not_sad": 0.605923473835,"sad": 0.394076555967},"probability": 0.605923473835,"value": "not_sad"},"moods_mirex": {"all": {"Cluster1": 0.169703230262,"Cluster2": 0.176283612847,"Cluster3": 0.389821469784,"Cluster4": 0.215740382671,"Cluster5": 0.0484513044357},"probability": 0.389821469784,"value": "Cluster3"},"timbre": {"all": {"bright": 0.978995621204,"dark": 0.0210043806583},"probability": 0.978995621204,"value": "bright"},"tonal_atonal": {"all": {"atonal": 0.055740762502,"tonal": 0.944259226322},"probability": 0.944259226322,"value": "tonal"},"voice_instrumental": {"all": {"instrumental": 0.0272660274059,"voice": 0.972733974457},"probability": 0.972733974457,"value": "voice"}},"metadata": {"audio_properties": {"analysis_sample_rate": 44100,"bit_rate": 0,"equal_loudness": 0,"length": 186.293334961,"lossless": 1,"replay_gain": -15.2609157562,"sample_rate": 44100,"codec": "flac","downmix": "mix","md5_encoded": "b5dca249cff8ca50eb1a32e9c55ed15e"},"tags": {"file_name": "01 Paris.flac","album": ["My Best Friend Is You"],"albumartist": ["Kate Nash"],"albumartistsort": ["Nash, Kate"],"artist": ["Kate Nash"],"artistsort": ["Nash, Kate"],"asin": ["B00381A616"],"barcode": ["00602527337074"],"catalognumber": ["2733707"],"date": ["2010-04-19"],"discnumber": ["1"],"disctotal": ["1"],"engineer": ["Adie Kaye", "Richard Woodcraft", "Robbie Nelson"],"label": ["Polydor"],"media": ["CD"],"mixer": ["Bernard Butler"],"musicbrainz_albumartistid": ["49018fd2-95ef-4f7e-92bb-813159909314"],"musicbrainz_albumid": ["aea85271-1423-4d24-9b14-02b8558724d0"],"musicbrainz_artistid": ["49018fd2-95ef-4f7e-92bb-813159909314"],"musicbrainz_recordingid": ["564f3e88-147d-4067-b91e-c35eb950bc64"],"musicbrainz_releasegroupid": ["8c710e4e-b771-4fb3-a85b-e9b605b8cad4"],"originaldate": ["2010-04-19"],"performer": ["Bernard Butler (bass guitar)", "Elliott Andrews (drums)", "Kate Nash (guitar)", "Brett Alaimo (guitar)", "Bruce White (viola)", "Louisa Fuller (violin)", "Everton Nelson (violin)", "Alison Dods (violin)", "Sonia Slany (violin)", "Ian Burdge (cello)"],"producer": ["Bernard Butler"],"releasecountry": ["GB"],"releasestatus": ["official"],"releasetype": ["album"],"script": ["Latn"],"title": ["Paris"],"totaldiscs": ["1"],"totaltracks": ["13"],"tracknumber": ["1"],"tracktotal": ["13"]},"version": {"highlevel": {"essentia": "2.1-beta5-dev","essentia_build_sha": "e74af04b57b164eed312abeef4963962215860f0","essentia_git_sha": "v2.1_beta4-499-g4013ebc","extractor": "music 2.0","gaia": "2.4.5","gaia_git_sha": "v2.4.4-44-g95f4851","models_essentia_git_sha": "v2.1_beta1"},"lowlevel": {"essentia": "2.1-beta2","essentia_build_sha": "70f2e5ece6736b2c40cc944ad0e695b16b925413","essentia_git_sha": "v2.1_beta2","extractor": "music 1.0"}}}}