{"highlevel": {"danceability": {"all": {"danceable": 0.486028343439,"not_danceable": 0.513971626759},"probability": 0.513971626759,"value": "not_danceable"},"gender": {"all": {"female": 0.370846360922,"male": 0.62915366888},"probability": 0.62915366888,"value": "male"},"genre_dortmund": {"all": {"alternative": 0.0120225902647,"blues": 0.00119297369383,"electronic": 0.982749700546,"folkcountry": 0.00272751646116,"funksoulrnb": 6.24904787401e-05,"jazz": 0.000303804059513,"pop": 0.000184861011803,"raphiphop": 1.60213367053e-05,"rock": 0.000740026647691},"probability": 0.982749700546,"value": "electronic"},"genre_electronic": {"all": {"ambient": 0.573988139629,"dnb": 0.00697473529726,"house": 0.0239237137139,"techno": 0.00717240851372,"trance": 0.387941002846},"probability": 0.573988139629,"value": "ambient"},"genre_rosamerica": {"all": {"cla": 0.0332269668579,"dan": 0.0217336267233,"hip": 0.00859438348562,"jaz": 0.0840182676911,"pop": 0.531786441803,"rhy": 0.086310967803,"roc": 0.227008476853,"spe": 0.00732088368386},"probability": 0.531786441803,"value": "pop"},"genre_tzanetakis": {"all": {"blu": 0.0626613423228,"cla": 0.0348169617355,"cou": 0.104475811124,"dis": 0.0784321576357,"hip": 0.15692435205,"jaz": 0.313974827528,"met": 0.0448166541755,"pop": 0.0627359300852,"reg": 0.0627360641956,"roc": 0.0784258767962},"probability": 0.313974827528,"value": "jaz"},"ismir04_rhythm": {"all": {"ChaChaCha": 0.0332829914987,"Jive": 0.00786730274558,"Quickstep": 0.00111327448394,"Rumba-American": 0.00588962715119,"Rumba-International": 0.00271262903698,"Rumba-Misc": 0.00158318504691,"Samba": 0.00838467571884,"Tango": 0.0543954968452,"VienneseWaltz": 0.883171379566,"Waltz": 0.00159941997845},"probability": 0.883171379566,"value": "VienneseWaltz"},"mood_acoustic": {"all": {"acoustic": 0.492713540792,"not_acoustic": 0.507286429405},"probability": 0.507286429405,"value": "not_acoustic"},"mood_aggressive": {"all": {"aggressive": 0.0161040499806,"not_aggressive": 0.98389595747},"probability": 0.98389595747,"value": "not_aggressive"},"mood_electronic": {"all": {"electronic": 0.452582836151,"not_electronic": 0.547417163849},"probability": 0.547417163849,"value": "not_electronic"},"mood_happy": {"all": {"happy": 0.681504905224,"not_happy": 0.318495094776},"probability": 0.681504905224,"value": "happy"},"mood_party": {"all": {"not_party": 0.913812160492,"party": 0.0861878618598},"probability": 0.913812160492,"value": "not_party"},"mood_relaxed": {"all": {"not_relaxed": 0.187279939651,"relaxed": 0.812720060349},"probability": 0.812720060349,"value": "relaxed"},"mood_sad": {"all": {"not_sad": 0.484570026398,"sad": 0.515429973602},"probability": 0.515429973602,"value": "sad"},"moods_mirex": {"all": {"Cluster1": 0.111432291567,"Cluster2": 0.277361273766,"Cluster3": 0.215530604124,"Cluster4": 0.174501240253,"Cluster5": 0.22117459774},"probability": 0.277361273766,"value": "Cluster2"},"timbre": {"all": {"bright": 0.953472137451,"dark": 0.0465278327465},"probability": 0.953472137451,"value": "bright"},"tonal_atonal": {"all": {"atonal": 0.0183120928705,"tonal": 0.981687903404},"probability": 0.981687903404,"value": "tonal"},"voice_instrumental": {"all": {"instrumental": 0.118890926242,"voice": 0.881109058857},"probability": 0.881109058857,"value": "voice"}},"metadata": {"audio_properties": {"analysis_sample_rate": 44100,"bit_rate": 128000,"equal_loudness": 0,"length": 224.391830444,"lossless": 0,"replay_gain": -6.96610069275,"sample_rate": 44100,"codec": "mp3","downmix": "mix","md5_encoded": "7ea1f30e6bcce6a03666e73e76357f75"},"tags": {"file_name": "01 The Mezzanine Floor.mp3","album": ["Mezzamorphis"],"albumartist": ["Delirious?"],"albumartistsort": ["Delirious?", "Delirious?"],"artist": ["Delirious?"],"artistsort": ["Delirious?"],"asin": ["B00000J5ZY"],"barcode": ["724385167720"],"bpm": ["0"],"catalognumber": ["SPD 1677"],"date": ["1999-06-08"],"discnumber": ["1\/1"],"label": ["Sparrow Records"],"language": ["eng"],"media": ["CD"],"musicbrainz album release country": ["US"],"musicbrainz album status": ["Official"],"musicbrainz album type": ["album"],"musicbrainz_albumartistid": ["2393e891-c63c-4654-b7a9-c5fb9dc0c8a0"],"musicbrainz_albumid": ["94de1208-9533-4cb6-a5f4-8ff8200d535c"],"musicbrainz_artistid": ["2393e891-c63c-4654-b7a9-c5fb9dc0c8a0"],"musicbrainz_recordingid": ["56651c57-7490-4044-be7e-9ab00caa5558"],"musicbrainz_releasegroupid": ["c6906563-66f7-32e9-a4b7-d4fccc7e7655"],"originaldate": ["1999-04-12"],"script": ["Latn"],"title": ["The Mezzanine Floor"],"tracknumber": ["1\/14"]},"version": {"highlevel": {"essentia": "2.1-beta5-dev","essentia_build_sha": "e74af04b57b164eed312abeef4963962215860f0","essentia_git_sha": "v2.1_beta4-499-g4013ebc","extractor": "music 2.0","gaia": "2.4.5","gaia_git_sha": "v2.4.4-44-g95f4851","models_essentia_git_sha": "v2.1_beta1"},"lowlevel": {"essentia": "2.1-beta2","essentia_build_sha": "70f2e5ece6736b2c40cc944ad0e695b16b925413","essentia_git_sha": "v2.1_beta2","extractor": "music 1.0"}}}}