{"highlevel": {"danceability": {"all": {"danceable": 3.00000096379e-14,"not_danceable": 1},"probability": 1,"value": "not_danceable"},"gender": {"all": {"female": 0.0219893679023,"male": 0.978010654449},"probability": 0.978010654449,"value": "male"},"genre_dortmund": {"all": {"alternative": 0.0217383969575,"blues": 0.00251380819827,"electronic": 0.969821989536,"folkcountry": 0.00343998102471,"funksoulrnb": 6.79120785207e-05,"jazz": 0.000566414557397,"pop": 0.000276801380096,"raphiphop": 4.83683761558e-05,"rock": 0.00152634375263},"probability": 0.969821989536,"value": "electronic"},"genre_electronic": {"all": {"ambient": 0.574265062809,"dnb": 0.0288935601711,"house": 0.180640056729,"techno": 0.0268110111356,"trance": 0.189390301704},"probability": 0.574265062809,"value": "ambient"},"genre_rosamerica": {"all": {"cla": 0.0189742967486,"dan": 0.0335953943431,"hip": 0.0297481566668,"jaz": 0.0765982866287,"pop": 0.534913897514,"rhy": 0.0707919374108,"roc": 0.227663561702,"spe": 0.00771447457373},"probability": 0.534913897514,"value": "pop"},"genre_tzanetakis": {"all": {"blu": 0.0617713928223,"cla": 0.0343018434942,"cou": 0.102904699743,"dis": 0.0514719486237,"hip": 0.154438391328,"jaz": 0.309046447277,"met": 0.0441263727844,"pop": 0.0772129744291,"reg": 0.0617708563805,"roc": 0.102955065668},"probability": 0.309046447277,"value": "jaz"},"ismir04_rhythm": {"all": {"ChaChaCha": 0.123827718198,"Jive": 0.15879330039,"Quickstep": 0.0222493447363,"Rumba-American": 0.0410641431808,"Rumba-International": 0.0209939610213,"Rumba-Misc": 0.0202863048762,"Samba": 0.0516908168793,"Tango": 0.431433320045,"VienneseWaltz": 0.11349631846,"Waltz": 0.0161647666246},"probability": 0.431433320045,"value": "Tango"},"mood_acoustic": {"all": {"acoustic": 0.0286455284804,"not_acoustic": 0.971354484558},"probability": 0.971354484558,"value": "not_acoustic"},"mood_aggressive": {"all": {"aggressive": 3.00000096379e-14,"not_aggressive": 1},"probability": 1,"value": "not_aggressive"},"mood_electronic": {"all": {"electronic": 0.975644528866,"not_electronic": 0.0243554413319},"probability": 0.975644528866,"value": "electronic"},"mood_happy": {"all": {"happy": 0.47515591979,"not_happy": 0.524844110012},"probability": 0.524844110012,"value": "not_happy"},"mood_party": {"all": {"not_party": 0.999984264374,"party": 1.5764237105e-05},"probability": 0.999984264374,"value": "not_party"},"mood_relaxed": {"all": {"not_relaxed": 0.191182896495,"relaxed": 0.808817088604},"probability": 0.808817088604,"value": "relaxed"},"mood_sad": {"all": {"not_sad": 0.729105114937,"sad": 0.270894885063},"probability": 0.729105114937,"value": "not_sad"},"moods_mirex": {"all": {"Cluster1": 0.0978336036205,"Cluster2": 0.206269398332,"Cluster3": 0.116893023252,"Cluster4": 0.108285792172,"Cluster5": 0.470718175173},"probability": 0.470718175173,"value": "Cluster5"},"timbre": {"all": {"bright": 0.514590144157,"dark": 0.485409885645},"probability": 0.514590144157,"value": "bright"},"tonal_atonal": {"all": {"atonal": 0.45713236928,"tonal": 0.542867660522},"probability": 0.542867660522,"value": "tonal"},"voice_instrumental": {"all": {"instrumental": 0.819793522358,"voice": 0.180206462741},"probability": 0.819793522358,"value": "instrumental"}},"metadata": {"audio_properties": {"analysis_sample_rate": 44100,"bit_rate": 0,"equal_loudness": 0,"length": 246.893325806,"lossless": 1,"replay_gain": -5.11887931824,"codec": "flac","downmix": "mix","md5_encoded": "db582f2c74f5f0e9cec0bc31bf004849"},"tags": {"file_name": "03 Repetition.flac","acoustid_id": ["2c60b176-017d-4832-97c3-a7654cedabd7"],"album": ["Think Visual"],"albumartist": ["The Kinks"],"albumartistsort": ["Kinks, The"],"artist": ["The Kinks"],"artists": ["The Kinks"],"artistsort": ["Kinks, The"],"asin": ["B000002Q7W"],"barcode": ["042282803023"],"catalognumber": ["828 030-2"],"composer": ["Ray Davies"],"composersort": ["Davies, Ray"],"date": ["1986"],"discnumber": ["1"],"disctotal": ["1"],"label": ["Metronome"],"language": ["eng"],"lyricist": ["Ray Davies"],"media": ["CD"],"musicbrainz_albumartistid": ["17b53d9f-5c63-4a09-a593-dde4608e0db9"],"musicbrainz_albumid": ["270f0e96-9130-4cc6-aa6e-e8e2ca06af79"],"musicbrainz_artistid": ["17b53d9f-5c63-4a09-a593-dde4608e0db9"],"musicbrainz_recordingid": ["db8714af-cf34-4725-a9be-3e1e08c01a75"],"musicbrainz_releasegroupid": ["a11e0aca-8f31-3a37-9933-064566a513f8"],"musicbrainz_releasetrackid": ["c39d1ffa-aadd-4a30-bb06-845afbb5c12d"],"musicbrainz_workid": ["1d2393d3-9318-465d-ad5e-c44caf70fc41"],"originaldate": ["1986-11-17"],"performer": ["Bob Henrit (drums and percussion)"],"producer": ["Ray Davies"],"releasecountry": ["DE"],"releasestatus": ["official"],"releasetype": ["album"],"replaygain_album_gain": ["-0.31 dB"],"replaygain_album_peak": ["0.999969"],"replaygain_track_gain": ["+0.50 dB"],"replaygain_track_peak": ["0.758392"],"script": ["Latn"],"title": ["Repetition"],"totaldiscs": ["1"],"totaltracks": ["11"],"tracknumber": ["3"],"tracktotal": ["11"],"work": ["Repetition"]},"version": {"highlevel": {"essentia": "2.1-beta5-dev","essentia_build_sha": "e74af04b57b164eed312abeef4963962215860f0","essentia_git_sha": "v2.1_beta4-499-g4013ebc","extractor": "music 2.0","gaia": "2.4.5","gaia_git_sha": "v2.4.4-44-g95f4851","models_essentia_git_sha": "v2.1_beta1"},"lowlevel": {"essentia": "2.1-beta1","essentia_build_sha": "50a0fbec89d6a9cedea3d45b6611406f7e8c7b1a","essentia_git_sha": "v2.1_beta1-7-ge0e83e8-dirty","extractor": "music 1.0"}}}}