{"highlevel": {"danceability": {"all": {"danceable": 0.087474912405,"not_danceable": 0.912525117397},"probability": 0.912525117397,"value": "not_danceable"},"gender": {"all": {"female": 0.208332896233,"male": 0.791667103767},"probability": 0.791667103767,"value": "male"},"genre_dortmund": {"all": {"alternative": 0.0640512183309,"blues": 0.00656242342666,"electronic": 0.911686897278,"folkcountry": 0.00301770470105,"funksoulrnb": 0.000324779190123,"jazz": 0.000505180156324,"pop": 0.000481369439512,"raphiphop": 0.00021077254496,"rock": 0.0131596354768},"probability": 0.911686897278,"value": "electronic"},"genre_electronic": {"all": {"ambient": 0.131510809064,"dnb": 0.0460824072361,"house": 0.03129414469,"techno": 0.0172604788095,"trance": 0.773852169514},"probability": 0.773852169514,"value": "trance"},"genre_rosamerica": {"all": {"cla": 0.000152178283315,"dan": 0.00505495769903,"hip": 0.0125289671123,"jaz": 0.000248730706517,"pop": 0.00692615099251,"rhy": 0.000266148796072,"roc": 0.974681198597,"spe": 0.000141655720654},"probability": 0.974681198597,"value": "roc"},"genre_tzanetakis": {"all": {"blu": 0.0626613423228,"cla": 0.0348169617355,"cou": 0.104475811124,"dis": 0.0784321576357,"hip": 0.15692435205,"jaz": 0.313974827528,"met": 0.0448166541755,"pop": 0.0627359300852,"reg": 0.0627360641956,"roc": 0.0784258767962},"probability": 0.313974827528,"value": "jaz"},"ismir04_rhythm": {"all": {"ChaChaCha": 0.821474671364,"Jive": 0.0251305066049,"Quickstep": 0.00460837222636,"Rumba-American": 0.0118911312893,"Rumba-International": 0.00358164054342,"Rumba-Misc": 0.00274154474027,"Samba": 0.0253283046186,"Tango": 0.0744341984391,"VienneseWaltz": 0.0286794733256,"Waltz": 0.00213017780334},"probability": 0.821474671364,"value": "ChaChaCha"},"mood_acoustic": {"all": {"acoustic": 6.41260885459e-06,"not_acoustic": 0.999993562698},"probability": 0.999993562698,"value": "not_acoustic"},"mood_aggressive": {"all": {"aggressive": 0.998017549515,"not_aggressive": 0.00198244885541},"probability": 0.998017549515,"value": "aggressive"},"mood_electronic": {"all": {"electronic": 0.86568236351,"not_electronic": 0.134317651391},"probability": 0.86568236351,"value": "electronic"},"mood_happy": {"all": {"happy": 0.00870963931084,"not_happy": 0.991290330887},"probability": 0.991290330887,"value": "not_happy"},"mood_party": {"all": {"not_party": 0.200980514288,"party": 0.799019515514},"probability": 0.799019515514,"value": "party"},"mood_relaxed": {"all": {"not_relaxed": 0.959828734398,"relaxed": 0.0401712730527},"probability": 0.959828734398,"value": "not_relaxed"},"mood_sad": {"all": {"not_sad": 0.977871358395,"sad": 0.0221286267042},"probability": 0.977871358395,"value": "not_sad"},"moods_mirex": {"all": {"Cluster1": 0.134378731251,"Cluster2": 0.045633174479,"Cluster3": 0.056772813201,"Cluster4": 0.0424351170659,"Cluster5": 0.720780134201},"probability": 0.720780134201,"value": "Cluster5"},"timbre": {"all": {"bright": 0.00368766696192,"dark": 0.996312320232},"probability": 0.996312320232,"value": "dark"},"tonal_atonal": {"all": {"atonal": 0.670720815659,"tonal": 0.329279154539},"probability": 0.670720815659,"value": "atonal"},"voice_instrumental": {"all": {"instrumental": 0.00275727524422,"voice": 0.997242748737},"probability": 0.997242748737,"value": "voice"}},"metadata": {"audio_properties": {"analysis_sample_rate": 44100,"bit_rate": 0,"equal_loudness": 0,"length": 215.600006104,"lossless": 1,"replay_gain": -15.7062616348,"sample_rate": 44100,"codec": "flac","downmix": "mix","md5_encoded": "9d7df74833ef382f393a5cdc7ca0e447"},"tags": {"file_name": "02. Slipknot - People = Shit.flac","acoustid_id": ["3cf1c5a3-91de-46ac-8896-b77ea1e4b886"],"album": ["Iowa"],"album artist": ["Slipknot"],"albumartist": ["Slipknot"],"albumartistsort": ["Slipknot"],"arranger": ["Slipknot"],"artist": ["Slipknot"],"artistsort": ["Slipknot"],"asin": ["B00005A46T"],"barcode": ["016861856427"],"catalognumber": ["RR 8564-2"],"composer": ["Slipknot"],"date": ["2001-08-28"],"disc": ["1"],"discnumber": ["1"],"disctotal": ["1"],"encoder": ["reference libFLAC 1.2.1 20070917"],"engineer": ["Steve Sisco", "Mike Fraser"],"ensemble": ["Slipknot"],"genre": ["Nu Metal"],"isrc": ["NLA320119546"],"label": ["Roadrunner Records"],"lyricist": ["Slipknot"],"media": ["CD"],"mixer": ["Andy Wallace"],"musicbrainz_albumartistid": ["a466c2a2-6517-42fb-a160-1087c3bafd9f"],"musicbrainz_albumid": ["287f64bd-078c-40be-bf82-3eeef3cde849"],"musicbrainz_artistid": ["a466c2a2-6517-42fb-a160-1087c3bafd9f"],"musicbrainz_recordingid": ["db8b8bc1-8e55-4ebf-bcea-34ea0064eb33"],"musicbrainz_workid": ["c54072f7-1699-34c9-8add-48f818f48ec7"],"originaldate": ["2001-08-22"],"producer": ["Slipknot", "Ross Robinson", "Steve Richards"],"releasecountry": ["US"],"releasestatus": ["official"],"releasetype": ["album"],"replaygain_album_gain": ["-10.25 dB"],"replaygain_track_gain": ["-10.4399995803833 dB"],"replaygain_track_peak": ["0.999969482421875"],"script": ["Latn"],"title": ["People = Shit"],"totaldiscs": ["1"],"totaltracks": ["14"],"tracknumber": ["2"],"tracktotal": ["14"]},"version": {"highlevel": {"essentia": "2.1-beta5-dev","essentia_build_sha": "e74af04b57b164eed312abeef4963962215860f0","essentia_git_sha": "v2.1_beta4-499-g4013ebc","extractor": "music 2.0","gaia": "2.4.5","gaia_git_sha": "v2.4.4-44-g95f4851","models_essentia_git_sha": "v2.1_beta1"},"lowlevel": {"essentia": "2.1-beta1","essentia_build_sha": "ca57ba49d9b1854bd80e60cf9ccf267278fb7d6b","essentia_git_sha": "v2.1_beta1-28-g21ef5f4-dirty","extractor": "music 1.0"}}}}