{"highlevel": {"danceability": {"all": {"danceable": 0.997463285923,"not_danceable": 0.00253670872189},"probability": 0.997463285923,"value": "danceable"},"gender": {"all": {"female": 0.0122677832842,"male": 0.987732231617},"probability": 0.987732231617,"value": "male"},"genre_dortmund": {"all": {"alternative": 0.0524902641773,"blues": 0.00901021249592,"electronic": 0.88807195425,"folkcountry": 0.0077632102184,"funksoulrnb": 0.00228894082829,"jazz": 0.0170369371772,"pop": 0.00320655782707,"raphiphop": 0.00702012935653,"rock": 0.0131117850542},"probability": 0.88807195425,"value": "electronic"},"genre_electronic": {"all": {"ambient": 0.243581682444,"dnb": 0.0434930697083,"house": 0.594309926033,"techno": 0.0257299765944,"trance": 0.0928853750229},"probability": 0.594309926033,"value": "house"},"genre_rosamerica": {"all": {"cla": 0.000820222834591,"dan": 0.183377787471,"hip": 0.704082250595,"jaz": 0.0042111617513,"pop": 0.0153865814209,"rhy": 0.0858413353562,"roc": 0.00508421007544,"spe": 0.00119647465181},"probability": 0.704082250595,"value": "hip"},"genre_tzanetakis": {"all": {"blu": 0.0620671063662,"cla": 0.034474901855,"cou": 0.103433981538,"dis": 0.0620971247554,"hip": 0.15527240932,"jaz": 0.310666948557,"met": 0.044346679002,"pop": 0.0620793737471,"reg": 0.0620816536248,"roc": 0.103479810059},"probability": 0.310666948557,"value": "jaz"},"ismir04_rhythm": {"all": {"ChaChaCha": 0.957290351391,"Jive": 0.0032673953101,"Quickstep": 0.0023300210014,"Rumba-American": 0.0160341728479,"Rumba-International": 0.00367350317538,"Rumba-Misc": 0.00111890572589,"Samba": 0.0057326243259,"Tango": 0.00876406300813,"VienneseWaltz": 0.0012651119614,"Waltz": 0.000523842754774},"probability": 0.957290351391,"value": "ChaChaCha"},"mood_acoustic": {"all": {"acoustic": 0.0535829663277,"not_acoustic": 0.946417033672},"probability": 0.946417033672,"value": "not_acoustic"},"mood_aggressive": {"all": {"aggressive": 0.0108869215474,"not_aggressive": 0.989113092422},"probability": 0.989113092422,"value": "not_aggressive"},"mood_electronic": {"all": {"electronic": 0.894179046154,"not_electronic": 0.105820924044},"probability": 0.894179046154,"value": "electronic"},"mood_happy": {"all": {"happy": 0.0587172731757,"not_happy": 0.941282749176},"probability": 0.941282749176,"value": "not_happy"},"mood_party": {"all": {"not_party": 0.5,"party": 0.5},"probability": 0.5,"value": "not_party"},"mood_relaxed": {"all": {"not_relaxed": 0.821483135223,"relaxed": 0.178516849875},"probability": 0.821483135223,"value": "not_relaxed"},"mood_sad": {"all": {"not_sad": 0.573508739471,"sad": 0.426491230726},"probability": 0.573508739471,"value": "not_sad"},"moods_mirex": {"all": {"Cluster1": 0.0782909989357,"Cluster2": 0.158357992768,"Cluster3": 0.500937879086,"Cluster4": 0.0951603800058,"Cluster5": 0.167252779007},"probability": 0.500937879086,"value": "Cluster3"},"timbre": {"all": {"bright": 0.939383983612,"dark": 0.0606159940362},"probability": 0.939383983612,"value": "bright"},"tonal_atonal": {"all": {"atonal": 0.262750953436,"tonal": 0.737249016762},"probability": 0.737249016762,"value": "tonal"},"voice_instrumental": {"all": {"instrumental": 0.775209844112,"voice": 0.224790155888},"probability": 0.775209844112,"value": "instrumental"}},"metadata": {"audio_properties": {"analysis_sample_rate": 44100,"bit_rate": 0,"equal_loudness": 0,"length": 202.960006714,"lossless": 1,"replay_gain": -2.41179847717,"sample_rate": 44100,"codec": "flac","downmix": "mix","md5_encoded": "80fdff25d82bad1bbdc9eb8da019cb51"},"tags": {"file_name": "03 European Legacy.flac","acoustid_id": ["b53ab91e-b1f4-42a7-befc-cc4800b0b321"],"album": ["Under Wraps"],"albumartist": ["Jethro Tull"],"albumartistsort": ["Jethro Tull"],"artist": ["Jethro Tull"],"artistsort": ["Jethro Tull"],"asin": ["B000008H23"],"barcode": ["0094632146120"],"catalognumber": ["CDL 1461"],"composer": ["Ian Anderson"],"composersort": ["Anderson, Ian"],"date": ["1984-09-07"],"discnumber": ["1"],"disctotal": ["1"],"engineer": ["Ian Anderson"],"label": ["Chrysalis"],"language": ["eng"],"lyricist": ["Ian Anderson"],"media": ["CD"],"musicbrainz_albumartistid": ["ece57992-dc2e-4f67-a269-fa43626c1a3d"],"musicbrainz_albumid": ["3265fac8-b606-4994-9fb1-c943d1d68d05"],"musicbrainz_artistid": ["ece57992-dc2e-4f67-a269-fa43626c1a3d"],"musicbrainz_recordingid": ["a9723065-f7b2-42c6-b199-a2e9e0bd3f45"],"musicbrainz_releasegroupid": ["87dc163a-b158-34a4-a7e0-85bcb0e2142a"],"musicbrainz_releasetrackid": ["c5df4f0d-734f-3615-a696-5816d198de5b"],"musicbrainz_workid": ["2ce67862-6946-44cc-9a33-0b2c445eba20"],"originaldate": ["1984-09-07"],"releasecountry": ["GB"],"releasestatus": ["official"],"releasetype": ["album"],"script": ["Latn"],"title": ["European Legacy"],"tracknumber": ["3"],"tracktotal": ["15"],"work": ["European Legacy"]},"version": {"highlevel": {"essentia": "2.1-beta5-dev","essentia_build_sha": "e74af04b57b164eed312abeef4963962215860f0","essentia_git_sha": "v2.1_beta4-499-g4013ebc","extractor": "music 2.0","gaia": "2.4.5","gaia_git_sha": "v2.4.4-44-g95f4851","models_essentia_git_sha": "v2.1_beta1"},"lowlevel": {"essentia": "2.1-beta2","essentia_build_sha": "2d9f1f26377add8aeb1075a9c2973f962c4f09fd","essentia_git_sha": "v2.1_beta2-1-ge3940c0","extractor": "music 1.0"}}}}