{"highlevel": {"danceability": {"all": {"danceable": 0.736947774887,"not_danceable": 0.263052195311},"probability": 0.736947774887,"value": "danceable"},"gender": {"all": {"female": 0.551272213459,"male": 0.448727786541},"probability": 0.551272213459,"value": "female"},"genre_dortmund": {"all": {"alternative": 0.0327525027096,"blues": 0.0033611424733,"electronic": 0.956520497799,"folkcountry": 0.00267947721295,"funksoulrnb": 0.000214874628,"jazz": 0.0007513188757,"pop": 0.000448320846772,"raphiphop": 0.000199894595426,"rock": 0.00307199591771},"probability": 0.956520497799,"value": "electronic"},"genre_electronic": {"all": {"ambient": 0.279151886702,"dnb": 0.0234463755041,"house": 0.334961384535,"techno": 0.0302115697414,"trance": 0.332228779793},"probability": 0.334961384535,"value": "house"},"genre_rosamerica": {"all": {"cla": 0.00764591479674,"dan": 0.0277910437435,"hip": 0.0250322408974,"jaz": 0.020452093333,"pop": 0.0764608383179,"rhy": 0.0164185184985,"roc": 0.820019841194,"spe": 0.00617953483015},"probability": 0.820019841194,"value": "roc"},"genre_tzanetakis": {"all": {"blu": 0.0620671063662,"cla": 0.034474901855,"cou": 0.103433981538,"dis": 0.0620971247554,"hip": 0.15527240932,"jaz": 0.310666948557,"met": 0.044346679002,"pop": 0.0620793737471,"reg": 0.0620816536248,"roc": 0.103479810059},"probability": 0.310666948557,"value": "jaz"},"ismir04_rhythm": {"all": {"ChaChaCha": 0.143445342779,"Jive": 0.200953215361,"Quickstep": 0.023911729455,"Rumba-American": 0.053967487067,"Rumba-International": 0.0253303460777,"Rumba-Misc": 0.0248449798673,"Samba": 0.0446056760848,"Tango": 0.0872885361314,"VienneseWaltz": 0.373200058937,"Waltz": 0.0224526114762},"probability": 0.373200058937,"value": "VienneseWaltz"},"mood_acoustic": {"all": {"acoustic": 0.00268639461137,"not_acoustic": 0.99731361866},"probability": 0.99731361866,"value": "not_acoustic"},"mood_aggressive": {"all": {"aggressive": 0.78188252449,"not_aggressive": 0.21811747551},"probability": 0.78188252449,"value": "aggressive"},"mood_electronic": {"all": {"electronic": 0.364227503538,"not_electronic": 0.63577246666},"probability": 0.63577246666,"value": "not_electronic"},"mood_happy": {"all": {"happy": 0.664602458477,"not_happy": 0.335397541523},"probability": 0.664602458477,"value": "happy"},"mood_party": {"all": {"not_party": 0.196567118168,"party": 0.803432881832},"probability": 0.803432881832,"value": "party"},"mood_relaxed": {"all": {"not_relaxed": 0.870807886124,"relaxed": 0.129192084074},"probability": 0.870807886124,"value": "not_relaxed"},"mood_sad": {"all": {"not_sad": 0.921386420727,"sad": 0.0786136090755},"probability": 0.921386420727,"value": "not_sad"},"moods_mirex": {"all": {"Cluster1": 0.118538081646,"Cluster2": 0.0876177400351,"Cluster3": 0.0772796496749,"Cluster4": 0.0663305744529,"Cluster5": 0.650233924389},"probability": 0.650233924389,"value": "Cluster5"},"timbre": {"all": {"bright": 0.0211816653609,"dark": 0.978818356991},"probability": 0.978818356991,"value": "dark"},"tonal_atonal": {"all": {"atonal": 0.736686468124,"tonal": 0.263313502073},"probability": 0.736686468124,"value": "atonal"},"voice_instrumental": {"all": {"instrumental": 0.875042557716,"voice": 0.124957442284},"probability": 0.875042557716,"value": "instrumental"}},"metadata": {"audio_properties": {"analysis_sample_rate": 44100,"bit_rate": 205654,"equal_loudness": 0,"length": 201.090606689,"lossless": 0,"replay_gain": -15.8537111282,"sample_rate": 44100,"codec": "mp3","downmix": "mix","md5_encoded": "a5ebcb3c472772c108ab22da281685f0"},"tags": {"file_name": "09 Animal.mp3","album": ["New Wave"],"albumartist": ["Against Me!"],"albumartistsort": ["Against Me!"],"artist": ["Against Me!"],"artistsort": ["Against Me!"],"asin": ["B000QFCD0Y"],"barcode": ["093624999430"],"catalognumber": ["2 101304"],"date": ["2007"],"discnumber": ["1\/1"],"label": ["Sire Records"],"media": ["CD"],"musicbrainz album release country": ["US"],"musicbrainz album status": ["official"],"musicbrainz album type": ["album"],"musicbrainz_albumartistid": ["a66ebddc-ff04-46b8-820a-15c63e80dba1"],"musicbrainz_albumid": ["30b790f5-ddfa-4e4d-8f03-dca0d3376be9"],"musicbrainz_artistid": ["a66ebddc-ff04-46b8-820a-15c63e80dba1"],"musicbrainz_recordingid": ["fd02190e-ec27-4c09-84f3-092ba12be09a"],"musicbrainz_releasegroupid": ["c138c519-bba1-38db-b74f-f335eaf95078"],"musicbrainz_workid": ["39cc94c4-21eb-4363-8069-31dee32bba2c"],"originaldate": ["2007"],"script": ["Latn"],"title": ["Animal"],"tracknumber": ["9\/10"],"writer": ["Laura Jane Grace"]},"version": {"highlevel": {"essentia": "2.1-beta5-dev","essentia_build_sha": "e74af04b57b164eed312abeef4963962215860f0","essentia_git_sha": "v2.1_beta4-499-g4013ebc","extractor": "music 2.0","gaia": "2.4.5","gaia_git_sha": "v2.4.4-44-g95f4851","models_essentia_git_sha": "v2.1_beta1"},"lowlevel": {"essentia": "2.1-beta2","essentia_build_sha": "cead25079874084f62182a551b7393616cd33d87","essentia_git_sha": "v2.1_beta2-1-ge3940c0","extractor": "music 1.0"}}}}