{"highlevel": {"danceability": {"all": {"danceable": 0.31226465106,"not_danceable": 0.687735378742},"probability": 0.687735378742,"value": "not_danceable"},"gender": {"all": {"female": 0.953917562962,"male": 0.0460824407637},"probability": 0.953917562962,"value": "female"},"genre_dortmund": {"all": {"alternative": 0.110460586846,"blues": 0.481570571661,"electronic": 0.0143677787855,"folkcountry": 0.193430900574,"funksoulrnb": 0.0092365629971,"jazz": 0.0529387779534,"pop": 0.0191181413829,"raphiphop": 0.00350484787486,"rock": 0.115371845663},"probability": 0.481570571661,"value": "blues"},"genre_electronic": {"all": {"ambient": 0.945214211941,"dnb": 0.0083760721609,"house": 0.0293456055224,"techno": 0.0022219303064,"trance": 0.0148421796039},"probability": 0.945214211941,"value": "ambient"},"genre_rosamerica": {"all": {"cla": 0.439816981554,"dan": 0.0041341423057,"hip": 0.00466885278001,"jaz": 0.0781919136643,"pop": 0.0909569784999,"rhy": 0.302435606718,"roc": 0.072428420186,"spe": 0.00736709916964},"probability": 0.439816981554,"value": "cla"},"genre_tzanetakis": {"all": {"blu": 0.062700740993,"cla": 0.0348149761558,"cou": 0.104469850659,"dis": 0.0784276649356,"hip": 0.156915351748,"jaz": 0.313956826925,"met": 0.0448140911758,"pop": 0.0627323389053,"reg": 0.06274677068,"roc": 0.0784213840961},"probability": 0.313956826925,"value": "jaz"},"ismir04_rhythm": {"all": {"ChaChaCha": 0.0130570027977,"Jive": 0.00372127001174,"Quickstep": 0.00532031757757,"Rumba-American": 0.0112900109962,"Rumba-International": 0.00536256935447,"Rumba-Misc": 0.00862491317093,"Samba": 0.00423151999712,"Tango": 0.742076694965,"VienneseWaltz": 0.145455524325,"Waltz": 0.0608601495624},"probability": 0.742076694965,"value": "Tango"},"mood_acoustic": {"all": {"acoustic": 0.932009458542,"not_acoustic": 0.0679905489087},"probability": 0.932009458542,"value": "acoustic"},"mood_aggressive": {"all": {"aggressive": 0.00434902636334,"not_aggressive": 0.995650947094},"probability": 0.995650947094,"value": "not_aggressive"},"mood_electronic": {"all": {"electronic": 0.0241906102747,"not_electronic": 0.975809395313},"probability": 0.975809395313,"value": "not_electronic"},"mood_happy": {"all": {"happy": 0.825597584248,"not_happy": 0.174402415752},"probability": 0.825597584248,"value": "happy"},"mood_party": {"all": {"not_party": 0.972476482391,"party": 0.0275235436857},"probability": 0.972476482391,"value": "not_party"},"mood_relaxed": {"all": {"not_relaxed": 0.291501432657,"relaxed": 0.70849853754},"probability": 0.70849853754,"value": "relaxed"},"mood_sad": {"all": {"not_sad": 0.245727077127,"sad": 0.754272937775},"probability": 0.754272937775,"value": "sad"},"moods_mirex": {"all": {"Cluster1": 0.159495487809,"Cluster2": 0.364511698484,"Cluster3": 0.15610909462,"Cluster4": 0.203627705574,"Cluster5": 0.116256013513},"probability": 0.364511698484,"value": "Cluster2"},"timbre": {"all": {"bright": 0.248083740473,"dark": 0.75191628933},"probability": 0.75191628933,"value": "dark"},"tonal_atonal": {"all": {"atonal": 0.0764760524035,"tonal": 0.923523962498},"probability": 0.923523962498,"value": "tonal"},"voice_instrumental": {"all": {"instrumental": 0.990094661713,"voice": 0.00990535318851},"probability": 0.990094661713,"value": "instrumental"}},"metadata": {"audio_properties": {"analysis_sample_rate": 44100,"bit_rate": 256000,"equal_loudness": 0,"length": 95.8693847656,"lossless": 0,"replay_gain": -5.58058357239,"sample_rate": 44100,"codec": "mp3","downmix": "mix","md5_encoded": "49033778341d7e301a13a8d2ebd6176a"},"tags": {"file_name": "283210.mp3","album": ["The Very Best of Michael Nyman - Film Music 1980-2001"],"albumartist": ["Michael Nyman"],"artist": ["Michael Nyman"],"date": ["2002"],"genre": ["Soundtrack"],"musicbrainz_recordingid": ["eb1e32e4-e2f9-4b6b-b7c0-99d72fe9768a"],"title": ["05 - The Recollection"],"tracknumber": ["5"]},"version": {"highlevel": {"essentia": "2.1-beta5-dev","essentia_build_sha": "e74af04b57b164eed312abeef4963962215860f0","essentia_git_sha": "v2.1_beta4-499-g4013ebc","extractor": "music 2.0","gaia": "2.4.5","gaia_git_sha": "v2.4.4-44-g95f4851","models_essentia_git_sha": "v2.1_beta1"},"lowlevel": {"essentia": "2.1-beta2","essentia_build_sha": "70f2e5ece6736b2c40cc944ad0e695b16b925413","essentia_git_sha": "v2.1_beta2","extractor": "music 1.0"}}}}