{"highlevel": {"danceability": {"all": {"danceable": 0.390436083078,"not_danceable": 0.609563946724},"probability": 0.609563946724,"value": "not_danceable"},"gender": {"all": {"female": 0.999902427197,"male": 9.75955408649e-05},"probability": 0.999902427197,"value": "female"},"genre_dortmund": {"all": {"alternative": 0.0510338544846,"blues": 0.0414854213595,"electronic": 0.581137895584,"folkcountry": 0.214838951826,"funksoulrnb": 0.00715610338375,"jazz": 0.0275547001511,"pop": 0.0211033020169,"raphiphop": 0.00420425413176,"rock": 0.0514855124056},"probability": 0.581137895584,"value": "electronic"},"genre_electronic": {"all": {"ambient": 0.797831535339,"dnb": 0.0212423950434,"house": 0.0977517217398,"techno": 0.0165276415646,"trance": 0.0666467174888},"probability": 0.797831535339,"value": "ambient"},"genre_rosamerica": {"all": {"cla": 0.00421762978658,"dan": 0.00535509316251,"hip": 0.00463684368879,"jaz": 0.0566037930548,"pop": 0.632267355919,"rhy": 0.28957259655,"roc": 0.00434955535457,"spe": 0.00299716903828},"probability": 0.632267355919,"value": "pop"},"genre_tzanetakis": {"all": {"blu": 2.00933528442e-14,"cla": 1.10376880297e-14,"cou": 2.21312073892e-14,"dis": 1.76883671149e-14,"hip": 4.29576757196e-14,"jaz": 0.999999940395,"met": 2.0000017642e-08,"pop": 2.0000017642e-08,"reg": 1.66666822565e-08,"roc": 2.50000233848e-08},"probability": 0.999999940395,"value": "jaz"},"ismir04_rhythm": {"all": {"ChaChaCha": 0.142227351665,"Jive": 0.0109736118466,"Quickstep": 0.0106313992292,"Rumba-American": 0.0187918003649,"Rumba-International": 0.0682224407792,"Rumba-Misc": 0.0410757474601,"Samba": 0.013797887601,"Tango": 0.0550188422203,"VienneseWaltz": 0.605610907078,"Waltz": 0.0336500145495},"probability": 0.605610907078,"value": "VienneseWaltz"},"mood_acoustic": {"all": {"acoustic": 0.784612417221,"not_acoustic": 0.215387582779},"probability": 0.784612417221,"value": "acoustic"},"mood_aggressive": {"all": {"aggressive": 0.0219100657851,"not_aggressive": 0.978089928627},"probability": 0.978089928627,"value": "not_aggressive"},"mood_electronic": {"all": {"electronic": 0.165499612689,"not_electronic": 0.83450037241},"probability": 0.83450037241,"value": "not_electronic"},"mood_happy": {"all": {"happy": 0.285963058472,"not_happy": 0.714036941528},"probability": 0.714036941528,"value": "not_happy"},"mood_party": {"all": {"not_party": 0.886302769184,"party": 0.113697230816},"probability": 0.886302769184,"value": "not_party"},"mood_relaxed": {"all": {"not_relaxed": 0.0134806185961,"relaxed": 0.986519396305},"probability": 0.986519396305,"value": "relaxed"},"mood_sad": {"all": {"not_sad": 0.542432129383,"sad": 0.457567900419},"probability": 0.542432129383,"value": "not_sad"},"moods_mirex": {"all": {"Cluster1": 0.0664210990071,"Cluster2": 0.200358867645,"Cluster3": 0.393434196711,"Cluster4": 0.311169296503,"Cluster5": 0.028616534546},"probability": 0.393434196711,"value": "Cluster3"},"timbre": {"all": {"bright": 0.697456657887,"dark": 0.302543342113},"probability": 0.697456657887,"value": "bright"},"tonal_atonal": {"all": {"atonal": 0.494917929173,"tonal": 0.505082070827},"probability": 0.505082070827,"value": "tonal"},"voice_instrumental": {"all": {"instrumental": 0.0878451392055,"voice": 0.912154853344},"probability": 0.912154853344,"value": "voice"}},"metadata": {"audio_properties": {"analysis_sample_rate": 44100,"bit_rate": 0,"equal_loudness": 0,"length": 186.63999939,"lossless": 1,"replay_gain": -14.8973789215,"codec": "flac","downmix": "mix","md5_encoded": "487d0a76f3ac6d886e55a93bdd0eebdf"},"tags": {"file_name": "12. Не жалей.flac","album": ["Весёлые улыбки"],"albumartist": ["t.A.T.u."],"artist": ["t.A.T.u."],"date": ["2008-10-21"],"encoder": ["Max 0.9.1"],"encoding": ["FLAC settings: exhaustiveModelSearch:0 midSideStereo:1 looseMidSideStereo:0 QLPCoeffPrecision:0, ,enableQLPCoeffPrecisionSearch:0, minResidualPartitionOrder:0, maxResidualPartitionOrder:5, maxLPCOrder:8, apodization:tukey(0.5)"],"musicbrainz_albumartistid": ["7c20f558-d664-42bd-b6f1-81acf9dbb72d"],"musicbrainz_albumid": ["207c5547-d6e2-4d0d-b093-25b4219dc5eb"],"musicbrainz_artistid": ["7c20f558-d664-42bd-b6f1-81acf9dbb72d"],"musicbrainz_discid": ["a40WbMDaRSxc0Os7fykMe1lVT_A-"],"musicbrainz_recordingid": ["eb6492f7-ac2d-4617-838d-464ddb0cda70"],"title": ["Не жалей"],"tracknumber": ["12"],"tracktotal": ["12"]},"version": {"highlevel": {"essentia": "2.1-beta5-dev","essentia_build_sha": "e74af04b57b164eed312abeef4963962215860f0","essentia_git_sha": "v2.1_beta4-499-g4013ebc","extractor": "music 2.0","gaia": "2.4.5","gaia_git_sha": "v2.4.4-44-g95f4851","models_essentia_git_sha": "v2.1_beta1"},"lowlevel": {"essentia": "2.1-beta1","essentia_build_sha": "dbf9221a02c8614ba002a04270c5f9c8cf066e4e","essentia_git_sha": "v2.1_beta1-6-g5578087","extractor": "music 1.0"}}}}