{"highlevel": {"danceability": {"all": {"danceable": 0.234906211495,"not_danceable": 0.765093803406},"probability": 0.765093803406,"value": "not_danceable"},"gender": {"all": {"female": 0.0112626068294,"male": 0.988737404346},"probability": 0.988737404346,"value": "male"},"genre_dortmund": {"all": {"alternative": 0.0102456938475,"blues": 0.00111043639481,"electronic": 0.985678374767,"folkcountry": 0.00157239614055,"funksoulrnb": 2.59006483248e-05,"jazz": 0.000130318308948,"pop": 0.000126031809486,"raphiphop": 1.54446679517e-05,"rock": 0.00109540007543},"probability": 0.985678374767,"value": "electronic"},"genre_electronic": {"all": {"ambient": 0.380258709192,"dnb": 0.0260197315365,"house": 0.061055611819,"techno": 0.0151104703546,"trance": 0.517555475235},"probability": 0.517555475235,"value": "trance"},"genre_rosamerica": {"all": {"cla": 0.00320731289685,"dan": 0.0601062588394,"hip": 0.00677654286847,"jaz": 0.0132921878248,"pop": 0.0665673539042,"rhy": 0.0132315708324,"roc": 0.835477411747,"spe": 0.00134135771077},"probability": 0.835477411747,"value": "roc"},"genre_tzanetakis": {"all": {"blu": 0.0626613423228,"cla": 0.0348169617355,"cou": 0.104475811124,"dis": 0.0784321576357,"hip": 0.15692435205,"jaz": 0.313974827528,"met": 0.0448166541755,"pop": 0.0627359300852,"reg": 0.0627360641956,"roc": 0.0784258767962},"probability": 0.313974827528,"value": "jaz"},"ismir04_rhythm": {"all": {"ChaChaCha": 0.0967248901725,"Jive": 0.211174249649,"Quickstep": 0.0244485288858,"Rumba-American": 0.0336297638714,"Rumba-International": 0.0306073948741,"Rumba-Misc": 0.0253208484501,"Samba": 0.072189591825,"Tango": 0.0790068656206,"VienneseWaltz": 0.408657342196,"Waltz": 0.0182405356318},"probability": 0.408657342196,"value": "VienneseWaltz"},"mood_acoustic": {"all": {"acoustic": 0.0624403730035,"not_acoustic": 0.937559604645},"probability": 0.937559604645,"value": "not_acoustic"},"mood_aggressive": {"all": {"aggressive": 0.14835742116,"not_aggressive": 0.851642608643},"probability": 0.851642608643,"value": "not_aggressive"},"mood_electronic": {"all": {"electronic": 0.26574704051,"not_electronic": 0.734252989292},"probability": 0.734252989292,"value": "not_electronic"},"mood_happy": {"all": {"happy": 0.295376986265,"not_happy": 0.704623043537},"probability": 0.704623043537,"value": "not_happy"},"mood_party": {"all": {"not_party": 0.405758529902,"party": 0.594241440296},"probability": 0.594241440296,"value": "party"},"mood_relaxed": {"all": {"not_relaxed": 0.811414897442,"relaxed": 0.188585102558},"probability": 0.811414897442,"value": "not_relaxed"},"mood_sad": {"all": {"not_sad": 0.694108247757,"sad": 0.305891752243},"probability": 0.694108247757,"value": "not_sad"},"moods_mirex": {"all": {"Cluster1": 0.0868226736784,"Cluster2": 0.0741168707609,"Cluster3": 0.257731795311,"Cluster4": 0.0646050870419,"Cluster5": 0.516723573208},"probability": 0.516723573208,"value": "Cluster5"},"timbre": {"all": {"bright": 0.358637452126,"dark": 0.641362547874},"probability": 0.641362547874,"value": "dark"},"tonal_atonal": {"all": {"atonal": 0.30619430542,"tonal": 0.69380569458},"probability": 0.69380569458,"value": "tonal"},"voice_instrumental": {"all": {"instrumental": 0.392359554768,"voice": 0.607640445232},"probability": 0.607640445232,"value": "voice"}},"metadata": {"audio_properties": {"analysis_sample_rate": 44100,"bit_rate": 192000,"equal_loudness": 0,"length": 251.115097046,"lossless": 0,"replay_gain": -15.2417297363,"sample_rate": 44100,"codec": "mp3","downmix": "mix","md5_encoded": "8c917b46f22d4c9bd5356da393430421"},"tags": {"file_name": "391628.mp3","album": ["The Art of Losing"],"albumartist": ["American Hi-Fi"],"artist": ["American Hi-Fi"],"date": ["2003"],"musicbrainz_recordingid": ["d2810775-1b66-48fe-8617-64228154eee0"],"title": ["08 This Is the Sound"],"tracknumber": ["8"]},"version": {"highlevel": {"essentia": "2.1-beta5-dev","essentia_build_sha": "e74af04b57b164eed312abeef4963962215860f0","essentia_git_sha": "v2.1_beta4-499-g4013ebc","extractor": "music 2.0","gaia": "2.4.5","gaia_git_sha": "v2.4.4-44-g95f4851","models_essentia_git_sha": "v2.1_beta1"},"lowlevel": {"essentia": "2.1-beta2","essentia_build_sha": "70f2e5ece6736b2c40cc944ad0e695b16b925413","essentia_git_sha": "v2.1_beta2","extractor": "music 1.0"}}}}