{"highlevel": {"danceability": {"all": {"danceable": 0.999994516373,"not_danceable": 5.49168726138e-06},"probability": 0.999994516373,"value": "danceable"},"gender": {"all": {"female": 0.353213071823,"male": 0.646786928177},"probability": 0.646786928177,"value": "male"},"genre_dortmund": {"all": {"alternative": 0.0108412699774,"blues": 0.00197346741334,"electronic": 0.971694290638,"folkcountry": 0.00189277168829,"funksoulrnb": 0.000330151291564,"jazz": 0.00887149944901,"pop": 0.000629858172033,"raphiphop": 0.000661892234348,"rock": 0.00310479407199},"probability": 0.971694290638,"value": "electronic"},"genre_electronic": {"all": {"ambient": 0.141463309526,"dnb": 0.0426220484078,"house": 0.30113902688,"techno": 0.0251962002367,"trance": 0.489579439163},"probability": 0.489579439163,"value": "trance"},"genre_rosamerica": {"all": {"cla": 0.000257875479292,"dan": 0.909625530243,"hip": 0.0622368305922,"jaz": 0.000953262671828,"pop": 0.00990617647767,"rhy": 0.0131152914837,"roc": 0.00240298523568,"spe": 0.00150206265971},"probability": 0.909625530243,"value": "dan"},"genre_tzanetakis": {"all": {"blu": 0.07593434304,"cla": 0.0337142795324,"cou": 0.0606776997447,"dis": 0.0505694411695,"hip": 0.151736244559,"jaz": 0.303671628237,"met": 0.0607067197561,"pop": 0.060691729188,"reg": 0.0505727082491,"roc": 0.151725202799},"probability": 0.303671628237,"value": "jaz"},"ismir04_rhythm": {"all": {"ChaChaCha": 0.985821723938,"Jive": 0.000570177508052,"Quickstep": 0.0009061935707,"Rumba-American": 0.00713940989226,"Rumba-International": 0.00061875092797,"Rumba-Misc": 0.000537282496225,"Samba": 0.00118041958194,"Tango": 0.00119510258082,"VienneseWaltz": 0.00189038948156,"Waltz": 0.000140552219818},"probability": 0.985821723938,"value": "ChaChaCha"},"mood_acoustic": {"all": {"acoustic": 0.0208549946547,"not_acoustic": 0.979144990444},"probability": 0.979144990444,"value": "not_acoustic"},"mood_aggressive": {"all": {"aggressive": 0.134154200554,"not_aggressive": 0.865845799446},"probability": 0.865845799446,"value": "not_aggressive"},"mood_electronic": {"all": {"electronic": 0.868779778481,"not_electronic": 0.131220206618},"probability": 0.868779778481,"value": "electronic"},"mood_happy": {"all": {"happy": 0.468729138374,"not_happy": 0.531270861626},"probability": 0.531270861626,"value": "not_happy"},"mood_party": {"all": {"not_party": 0.0975024476647,"party": 0.902497529984},"probability": 0.902497529984,"value": "party"},"mood_relaxed": {"all": {"not_relaxed": 0.705527663231,"relaxed": 0.294472306967},"probability": 0.705527663231,"value": "not_relaxed"},"mood_sad": {"all": {"not_sad": 0.829539775848,"sad": 0.170460239053},"probability": 0.829539775848,"value": "not_sad"},"moods_mirex": {"all": {"Cluster1": 0.10216896981,"Cluster2": 0.093436345458,"Cluster3": 0.0588552244008,"Cluster4": 0.183093428612,"Cluster5": 0.562446057796},"probability": 0.562446057796,"value": "Cluster5"},"timbre": {"all": {"bright": 0.108823150396,"dark": 0.891176819801},"probability": 0.891176819801,"value": "dark"},"tonal_atonal": {"all": {"atonal": 0.95643144846,"tonal": 0.0435685291886},"probability": 0.95643144846,"value": "atonal"},"voice_instrumental": {"all": {"instrumental": 0.075149923563,"voice": 0.924850046635},"probability": 0.924850046635,"value": "voice"}},"metadata": {"audio_properties": {"analysis_sample_rate": 44100,"bit_rate": 0,"equal_loudness": 0,"length": 187.720001221,"lossless": 1,"replay_gain": -13.8136100769,"sample_rate": 44100,"codec": "flac","downmix": "mix","md5_encoded": "b404a278669735d8442ce211820f0fc7"},"tags": {"file_name": "01-12 Last Train.flac","album": ["Guetta Blaster"],"albumartist": ["David Guetta"],"albumartistsort": ["Guetta, David"],"artist": ["David Guetta feat. Miss Thing"],"artistsort": ["Guetta, David feat. Miss Thing"],"asin": ["B0002ZUII2"],"compilation": ["1"],"date": ["2004"],"description": ["www.newsoundz.us"],"discnumber": ["1"],"disctotal": ["1"],"genre": ["House"],"isrc": ["FRZID0450200"],"musicbrainz_albumartistid": ["302bd7b9-d012-4360-897a-93b00c855680"],"musicbrainz_albumid": ["e23e43d5-a342-4ae2-aee0-25be91bae8fd"],"musicbrainz_artistid": ["302bd7b9-d012-4360-897a-93b00c855680", "6533e9eb-dde0-47eb-9ddd-34668c216e6d"],"musicbrainz_recordingid": ["d295d0d4-37b6-4abb-aeda-3f9c89ef9088"],"musicbrainz_releasegroupid": ["dbe0abc5-07dc-371c-a2d4-b360b6a6d32a"],"originaldate": ["2004-06-08"],"releasecountry": ["US"],"releasestatus": ["official"],"releasetype": ["album"],"script": ["Latn"],"title": ["Last Train"],"totaldiscs": ["1"],"totaltracks": ["14"],"tracknumber": ["12"],"tracktotal": ["14"]},"version": {"highlevel": {"essentia": "2.1-beta5-dev","essentia_build_sha": "e74af04b57b164eed312abeef4963962215860f0","essentia_git_sha": "v2.1_beta4-499-g4013ebc","extractor": "music 2.0","gaia": "2.4.5","gaia_git_sha": "v2.4.4-44-g95f4851","models_essentia_git_sha": "v2.1_beta1"},"lowlevel": {"essentia": "2.1-beta1","essentia_build_sha": "ca57ba49d9b1854bd80e60cf9ccf267278fb7d6b","essentia_git_sha": "v2.1_beta1-28-g21ef5f4-dirty","extractor": "music 1.0"}}}}