{"highlevel": {"danceability": {"all": {"danceable": 0.999459147453,"not_danceable": 0.000540852139238},"probability": 0.999459147453,"value": "danceable"},"gender": {"all": {"female": 0.837361574173,"male": 0.162638425827},"probability": 0.837361574173,"value": "female"},"genre_dortmund": {"all": {"alternative": 5.38600239963e-08,"blues": 5.48229515118e-08,"electronic": 0.999992132187,"folkcountry": 3.81206064048e-06,"funksoulrnb": 2.23666972943e-07,"jazz": 3.11138910547e-06,"pop": 2.6325028557e-07,"raphiphop": 5.11672304526e-08,"rock": 2.72551716307e-07},"probability": 0.999992132187,"value": "electronic"},"genre_electronic": {"all": {"ambient": 0.0769958719611,"dnb": 0.0091764582321,"house": 0.0373752117157,"techno": 0.0251770336181,"trance": 0.851275444031},"probability": 0.851275444031,"value": "trance"},"genre_rosamerica": {"all": {"cla": 0.000870878342539,"dan": 0.769373893738,"hip": 0.0110056092963,"jaz": 0.00138904585037,"pop": 0.0842939093709,"rhy": 0.0179141648114,"roc": 0.114311046898,"spe": 0.000841460598167},"probability": 0.769373893738,"value": "dan"},"genre_tzanetakis": {"all": {"blu": 0.0617713928223,"cla": 0.0343018434942,"cou": 0.102904699743,"dis": 0.0514719486237,"hip": 0.154438391328,"jaz": 0.309046447277,"met": 0.0441263727844,"pop": 0.0772129744291,"reg": 0.0617708563805,"roc": 0.102955065668},"probability": 0.309046447277,"value": "jaz"},"ismir04_rhythm": {"all": {"ChaChaCha": 0.207268789411,"Jive": 0.184660449624,"Quickstep": 0.0344323441386,"Rumba-American": 0.0521024651825,"Rumba-International": 0.0400191023946,"Rumba-Misc": 0.0379014872015,"Samba": 0.122325770557,"Tango": 0.106840901077,"VienneseWaltz": 0.192219093442,"Waltz": 0.022229610011},"probability": 0.207268789411,"value": "ChaChaCha"},"mood_acoustic": {"all": {"acoustic": 6.42565467501e-08,"not_acoustic": 0.999999940395},"probability": 0.999999940395,"value": "not_acoustic"},"mood_aggressive": {"all": {"aggressive": 3.00000096379e-14,"not_aggressive": 1},"probability": 1,"value": "not_aggressive"},"mood_electronic": {"all": {"electronic": 0.933926165104,"not_electronic": 0.0660738572478},"probability": 0.933926165104,"value": "electronic"},"mood_happy": {"all": {"happy": 0.175580814481,"not_happy": 0.82441920042},"probability": 0.82441920042,"value": "not_happy"},"mood_party": {"all": {"not_party": 0.999616503716,"party": 0.000383513601264},"probability": 0.999616503716,"value": "not_party"},"mood_relaxed": {"all": {"not_relaxed": 0.191182911396,"relaxed": 0.808817088604},"probability": 0.808817088604,"value": "relaxed"},"mood_sad": {"all": {"not_sad": 0.882972896099,"sad": 0.117027133703},"probability": 0.882972896099,"value": "not_sad"},"moods_mirex": {"all": {"Cluster1": 0.0584747381508,"Cluster2": 0.0564044862986,"Cluster3": 0.0881787315011,"Cluster4": 0.0776948183775,"Cluster5": 0.719247221947},"probability": 0.719247221947,"value": "Cluster5"},"timbre": {"all": {"bright": 0.000407123094192,"dark": 0.999592900276},"probability": 0.999592900276,"value": "dark"},"tonal_atonal": {"all": {"atonal": 0.899821102619,"tonal": 0.100178875029},"probability": 0.899821102619,"value": "atonal"},"voice_instrumental": {"all": {"instrumental": 0.385028928518,"voice": 0.614971101284},"probability": 0.614971101284,"value": "voice"}},"metadata": {"audio_properties": {"analysis_sample_rate": 44100,"bit_rate": 256029,"equal_loudness": 0,"length": 230.635101318,"lossless": 0,"replay_gain": -14.7318878174,"sample_rate": 44100,"codec": "mp3","downmix": "mix","md5_encoded": "8963986a307b7d1fbc094515319eb54a"},"tags": {"file_name": "03 Zerøspace.mp3","acoustid_fingerprint": ["AQADtNGSJclGLbhfhDIp-DzCC8dtaNmR4xueiTgeOHmFc_CH8Dx0TSGRSx8RUjrUVIcjU0TYOPiSHW-M5nSEskW8CDI9lDqeHuKOB72NU4F14-MCvRpKGbmNKzziR4aY5AhbBdcm4znuC_5ixGohKyJCSWEy4Uace4J3tM9xKfPQI4xD48xS4UN5U_jx1AgvQh_yW_gWJVvQBXaOciLuI7QgnsD1I03So-_xHMXXiPAz40xRPUOeH8lx5cSP8oGPn8ePV0X1XcgZaM_xw7kI1znyHfbgPcYzC83x53gZ5GMsaDnyiLCmLMZLvFEOR0dP4zouhPmC_1AD5ypCSgXaD19j_PAjVM-DvDSSL1Lw6LiH8nCv4iwqH0-KXAr0IdSXD5_h5HC3VDBHfPAePLPgc6jMHGd45E8KzciXEW-NSz3uwd5RqZnxHDm0dMuQ44cTX0EfnGhzHHaKZ0G8nEi2NcGF5_hwBn0P3-iLd0euSIJ-3DXCXR7-7WjjaMKDEq6k4Eb1487xI18WC5qRciSsKYtxEqcWuAtKifHwo2qOtMpO6Ixw-UEjK0csMjiP9vAWpviO66jEInka5JWSEV_wpcLJoz_8E9UVfEOupdBPIbaG3njEBT1l1II3nMM_TMczIqaO5wm0CqkmEh5D48e9PNjqo-xixM2HPtByDSdyMKp-WJGKCn_wG7wFfhkepgMfpOwlJM_xTA--dTGq43giuPrQHz-RN05wccUVp-CPXkejMgya8EGdF1qiG-1okM3EQO-JvDn2MHiD38GZokfzkMGtCMl1hL3gf1iPkwo-S7iON3CbB_uHKV9U_MInWsiehkjW6YKvGD_xoZQ-4UvCa3iWCf2FpkdmJYQq6UQHx1GOkBKDf2hvfGGMOx8eURHCVCzUOcgjZbiPeynxhhWaX0Ib41GPuOuhTyrR6MMfWGfQd8IZ5ch1NJdi9Md9Bt8cBfsWrEXOI5kVGtcu-MdzCZ-O_sMdjuhzpJ-hPYsV9FwKRx_ieCjVBD3-WPD04YGrEPGh5UuOXPpwHY-JssvhSnrQ3QaPRzJyxUL5HOKZB_7RidlxJkTuCs0V9AM_TsG_HJeOD3lTaI0SPcgXD96JKxtKXsLVa7iYpcJzeEeuSBe-S9AkPWj0IFYX42h_-IF_PMXHIkwq5UjcRKkAzoyL10O9FQ1_3DQeGnkSydCO_MrBHcyPJ8cvNFwyMA9xqcNx9fgZ5BMPrUkupI9inHi247pR9cGjcBp4uHUk5Eq4QZqFbkca6sT0LMeL_sjl6PCTQzsv1E0YxQjzH0-C_8h97Dm078iSFxc-HUE3NYYf-DgVwj6uws_R19AVhInWo5ufoF_g6GCsKMbX4QjJ5Nh-HNZ0OEc-Dk9xHxV75NXx87ihby--41Ee9MmCJikP1cnx47xxp2ieQjuPD5d2dD_6pPhDaF3hMTv6B_-Qb0eY5yg1fBc6hg80_UUvB82HK8fR8_CXC5WP68OhX0ZPpC_67DheYsKHFJd4iDzC4xLCJ4N7nIZCfTDc7ah8PDm0fDke5oFv6PAW9Mf34z2aPEdf4kd7nOEVXD-a4y-O5kSPb1mH40J7-Pg-fDhz6ETJGvmPPvDhD1WPHyEX4n-Oo1aUow-PZnxw8fjQDK3EC_cO_Uf4o8eP_oKPfphOwVoPjzkYHScqKeGFhnGRC11zND8e4gaPXjsaecfoRcbRlHjiQ_xnOItyGR3TB9cOofoRZtTxJWmIa0POEEqLUCKPZskW4sHFOOiP5shzJDWe8DjR5YcvPDd6ob9QSlEQ6BERnkQVRxmD3EeuHE1RssaPH-eW4y7yLEugIeVIwWoW4fnxJMrhoOyCh0R9pF9w6xBjVHmOXFlG3EcZlYKvGNcn-BmaeMmR39Al5YgV4TxKiQf1o9eFq8EZ5IfOHFmuWLB6OD7CZsvxBGGO0gp-4d_x5_iIWHqhfUWaRYSfbAN78MrSofGFb8HJFVkgjizIHQ5z9BP04yz0HA-PimlghZKh7Jka-GWGkCXuHJdyNfjR_WjGJchvyOKH5xX6LEdznGmDM8cnlDz8rAjvo3mOSlIiC3mGrnQD_cgdo9wkKsOTHH20o3laXMSz5ME_XEfzHOF7fDPk7PjSI1334R8-VJKKJzxWRayEdEbPRILOBfl2jJus4eHRRCWJXkaON0K3Cf_wo0vX4dKNXoN--Ojn4ceXQxdxHkFjJuh3XBOOhzyKeItKeOzxB9rxKjgphJPhODv6Hq-ET0elabBNhD_04xdy48eFXiEa_cJF4jn6LNg6EpeR6kJ1Qd-RJ9Ex-YKfHO2y45bwvLiOvNegVeOR__AYHd3xOjhz9Mf94YMvhCpzHJp0IX2O__BD4T3Ow6GNt0h5Dpp7BC_xorfQUC0unMSPpjpCNkOnw-GhH_lynIKfoJ2IO8PfIZde6DrCaBP-Dj9mKU8QdkzxSTn2F_0RZi--ZccX4x98PsGzpPjxoOfQaPLx0IioH_qNLBTVDHY-9DKOB37w43PxtAh3GX6Oq8eVow-6qdCCK0TIhXCPPsuDRl0MhlJwUsi14eLRH5tz_MVxHv1xUkf14z9q0caP94F-4cuFh4KY63iDW8KP9yv6wA-0E1-E98d54RF-aOGyoFye4QAhAABUEWaKWAYQwgAhSBCBgAJIGQAIcAgBoIgyCAAAHFAEEy6YckAJARBAAgABhDCMAEYAEcwISAQFADCJABAKCSIAQYIhYIQQkAgCLEGICSIIAMQRRAgARkEBnJQCA-GAEgwIIQQgggChFFISEKMYoQxBZZwFAAngDDIAAEAUBQgJYQQRFAiBAFJIAGSYEIA4AgBCQkhEiAIKMUOoEYApIQQSgIAgjGOAAUQQQoAQZxUwBBlEADEGUIEEMIIIA5hGghgBEASOEQWMEUAIQARRDgDAEEAKQAEIIAIBIQAQBgFiKGACKGOAUgAYgYAwiDAgEBAAGCCEEgYI5YAQwiAlAAHKAAAAEggYggkAgBmBgFLIGACUcIYYwIQCBAlDjVACAGMIAAAzgACS0JHACAECAc4AMsoQ4oQwSgGBgBACAKKAM4A4QIiDhAAAHAJIEAGIM9wABBQwChoCBAACE0OIIUogZBRBQAgDDBSAAAcQM0YgZgQAAAkj1BBCKIEYMkIJIAYhhCICkHOGKQKcMFgzBgAhhgBBCBAAEKCIUIABIYJygDEmAHDCU-YEEAAwIQRCxgEBgCBEYiIUUUQQhJ2gEiijgGDAGAYEEQQBIAHBSCEiBBQEcQEUIwIQqIwiCAqHgHBACKCAcoIIQQwRBAEgACEAGKAQIEwZBYQhCiHEDABEEMAAABIgxJwTEjBkjADAEAIUIQA4JYQwoAgIEADAEKGEEU4YhIQxjDiDhEEKEMIIVEAAABVQjBhFCQCACCQANogQRAR2QghIBCBAAGqMYRAQRxwhhgDCEKCAEoSQMkIAQRASBAAiFGTEAQeIM0IIoIggSBFDBAAKNEWkQIAZYAQzQBhDBCICeEKIAQoRAIhwQDCFmWAMEGSEpVQAQ4wAAAHDMHICMAIQQQw4JpgwQBEggARICSANoI4IoBgCCghADBCEEUFE"],"acoustid_id": ["28c273f9-b34d-4a5c-bcde-69ddf4c49f8d"],"album": ["Phi in the Sky"],"albumartist": ["Kidneythieves"],"albumartistsort": ["Kidneythieves"],"artist": ["Kidneythieves"],"artistsort": ["Kidneythieves"],"asin": ["B00005RGNK"],"bpm": ["180"],"catalognumber": ["9 48221-2"],"contentgroup": ["Rock"],"date": ["2001"],"discnumber": ["1\/1"],"genre": ["Electronic"],"label": ["Extasy Records International"],"language": ["eng"],"media": ["CD"],"musicbrainz album release country": ["US"],"musicbrainz album status": ["Official"],"musicbrainz album type": ["remix"],"musicbrainz_albumartistid": ["17f17162-7354-41fb-8809-e8b8c906ed12"],"musicbrainz_albumid": ["ff028bbd-748c-4778-a6de-26ad939f222f"],"musicbrainz_artistid": ["17f17162-7354-41fb-8809-e8b8c906ed12"],