{"highlevel": {"danceability": {"all": {"danceable": 0.909119725227,"not_danceable": 0.0908802673221},"probability": 0.909119725227,"value": "danceable"},"gender": {"all": {"female": 0.223680496216,"male": 0.776319503784},"probability": 0.776319503784,"value": "male"},"genre_dortmund": {"all": {"alternative": 0.259786188602,"blues": 0.0667758136988,"electronic": 0.455180823803,"folkcountry": 0.041542544961,"funksoulrnb": 0.0119721796364,"jazz": 0.0265073832124,"pop": 0.0168298725039,"raphiphop": 0.0087009165436,"rock": 0.112704269588},"probability": 0.455180823803,"value": "electronic"},"genre_electronic": {"all": {"ambient": 0.416265785694,"dnb": 0.115101739764,"house": 0.258141338825,"techno": 0.0257797203958,"trance": 0.184711411595},"probability": 0.416265785694,"value": "ambient"},"genre_rosamerica": {"all": {"cla": 0.00183038657997,"dan": 0.0155620016158,"hip": 0.0156877934933,"jaz": 0.00450766691938,"pop": 0.0373367369175,"rhy": 0.0163593962789,"roc": 0.907307505608,"spe": 0.00140853878111},"probability": 0.907307505608,"value": "roc"},"genre_tzanetakis": {"all": {"blu": 0.0626541376114,"cla": 0.0348133966327,"cou": 0.0783501937985,"dis": 0.104547761381,"hip": 0.15693578124,"jaz": 0.313987255096,"met": 0.044816005975,"pop": 0.0627349764109,"reg": 0.0627352520823,"roc": 0.0784252434969},"probability": 0.313987255096,"value": "jaz"},"ismir04_rhythm": {"all": {"ChaChaCha": 0.958725214005,"Jive": 0.00381987914443,"Quickstep": 0.00126511987764,"Rumba-American": 0.0078710494563,"Rumba-International": 0.00137487705797,"Rumba-Misc": 0.000982178840786,"Samba": 0.00456929719076,"Tango": 0.00719649670646,"VienneseWaltz": 0.013325702399,"Waltz": 0.000870193762239},"probability": 0.958725214005,"value": "ChaChaCha"},"mood_acoustic": {"all": {"acoustic": 4.30683803643e-06,"not_acoustic": 0.999995708466},"probability": 0.999995708466,"value": "not_acoustic"},"mood_aggressive": {"all": {"aggressive": 0.904323160648,"not_aggressive": 0.0956768542528},"probability": 0.904323160648,"value": "aggressive"},"mood_electronic": {"all": {"electronic": 0.235755696893,"not_electronic": 0.764244318008},"probability": 0.764244318008,"value": "not_electronic"},"mood_happy": {"all": {"happy": 0.268772393465,"not_happy": 0.731227576733},"probability": 0.731227576733,"value": "not_happy"},"mood_party": {"all": {"not_party": 0.273235172033,"party": 0.726764798164},"probability": 0.726764798164,"value": "party"},"mood_relaxed": {"all": {"not_relaxed": 0.919909834862,"relaxed": 0.0800901651382},"probability": 0.919909834862,"value": "not_relaxed"},"mood_sad": {"all": {"not_sad": 0.947654545307,"sad": 0.0523454360664},"probability": 0.947654545307,"value": "not_sad"},"moods_mirex": {"all": {"Cluster1": 0.324596494436,"Cluster2": 0.105176322162,"Cluster3": 0.0330994166434,"Cluster4": 0.0521996840835,"Cluster5": 0.484928071499},"probability": 0.484928071499,"value": "Cluster5"},"timbre": {"all": {"bright": 0.376137405634,"dark": 0.623862564564},"probability": 0.623862564564,"value": "dark"},"tonal_atonal": {"all": {"atonal": 0.974411845207,"tonal": 0.0255881790072},"probability": 0.974411845207,"value": "atonal"},"voice_instrumental": {"all": {"instrumental": 0.0177507977933,"voice": 0.982249200344},"probability": 0.982249200344,"value": "voice"}},"metadata": {"audio_properties": {"analysis_sample_rate": 44100,"bit_rate": 319761,"equal_loudness": 0,"length": 232.15020752,"lossless": 0,"replay_gain": -8.47134971619,"sample_rate": 44100,"codec": "mp3","downmix": "mix","md5_encoded": "5d240449e477890ac90de74d17d8dd3f"},"tags": {"file_name": "2095501.mp3","album": ["Devil Hopping"],"albumartist": ["Inspiral Carpets"],"artist": ["Inspiral Carpets"],"musicbrainz_recordingid": ["d2bd3533-a83c-40bf-a1f9-c7ef568168e7"],"title": ["Party In The Sky"]},"version": {"highlevel": {"essentia": "2.1-beta5-dev","essentia_build_sha": "e74af04b57b164eed312abeef4963962215860f0","essentia_git_sha": "v2.1_beta4-499-g4013ebc","extractor": "music 2.0","gaia": "2.4.5","gaia_git_sha": "v2.4.4-44-g95f4851","models_essentia_git_sha": "v2.1_beta1"},"lowlevel": {"essentia": "2.1-beta2","essentia_build_sha": "70f2e5ece6736b2c40cc944ad0e695b16b925413","essentia_git_sha": "v2.1_beta2","extractor": "music 1.0"}}}}