{"highlevel": {"danceability": {"all": {"danceable": 0.0283827334642,"not_danceable": 0.971617281437},"probability": 0.971617281437,"value": "not_danceable"},"gender": {"all": {"female": 0.43558806181,"male": 0.56441193819},"probability": 0.56441193819,"value": "male"},"genre_dortmund": {"all": {"alternative": 0.239290878177,"blues": 0.0218346957117,"electronic": 0.121204853058,"folkcountry": 0.411832153797,"funksoulrnb": 0.00526115810499,"jazz": 0.0322792679071,"pop": 0.0986642539501,"raphiphop": 0.00320233870298,"rock": 0.0664304047823},"probability": 0.411832153797,"value": "folkcountry"},"genre_electronic": {"all": {"ambient": 0.863440275192,"dnb": 0.0139958960935,"house": 0.0633480027318,"techno": 0.0125853968784,"trance": 0.0466304197907},"probability": 0.863440275192,"value": "ambient"},"genre_rosamerica": {"all": {"cla": 0.0800022035837,"dan": 0.0117811001837,"hip": 0.0218797214329,"jaz": 0.121842063963,"pop": 0.269081562757,"rhy": 0.443682432175,"roc": 0.023077763617,"spe": 0.0286531485617},"probability": 0.443682432175,"value": "rhy"},"genre_tzanetakis": {"all": {"blu": 0.0617713928223,"cla": 0.0343018434942,"cou": 0.102904699743,"dis": 0.0514719486237,"hip": 0.154438391328,"jaz": 0.309046447277,"met": 0.0441263727844,"pop": 0.0772129744291,"reg": 0.0617708563805,"roc": 0.102955065668},"probability": 0.309046447277,"value": "jaz"},"ismir04_rhythm": {"all": {"ChaChaCha": 0.112410195172,"Jive": 0.0281037259847,"Quickstep": 0.0181654281914,"Rumba-American": 0.0118653858081,"Rumba-International": 0.287303239107,"Rumba-Misc": 0.0697777569294,"Samba": 0.0531412437558,"Tango": 0.101401783526,"VienneseWaltz": 0.267726659775,"Waltz": 0.050104573369},"probability": 0.287303239107,"value": "Rumba-International"},"mood_acoustic": {"all": {"acoustic": 0.871297240257,"not_acoustic": 0.128702744842},"probability": 0.871297240257,"value": "acoustic"},"mood_aggressive": {"all": {"aggressive": 2.01713916837e-13,"not_aggressive": 1},"probability": 1,"value": "not_aggressive"},"mood_electronic": {"all": {"electronic": 0.0932500138879,"not_electronic": 0.90674996376},"probability": 0.90674996376,"value": "not_electronic"},"mood_happy": {"all": {"happy": 0.0306684095412,"not_happy": 0.969331562519},"probability": 0.969331562519,"value": "not_happy"},"mood_party": {"all": {"not_party": 0.993279218674,"party": 0.00672078412026},"probability": 0.993279218674,"value": "not_party"},"mood_relaxed": {"all": {"not_relaxed": 0.155881077051,"relaxed": 0.844118893147},"probability": 0.844118893147,"value": "relaxed"},"mood_sad": {"all": {"not_sad": 0.168718278408,"sad": 0.831281721592},"probability": 0.831281721592,"value": "sad"},"moods_mirex": {"all": {"Cluster1": 0.0921976268291,"Cluster2": 0.498014271259,"Cluster3": 0.310791909695,"Cluster4": 0.0852658674121,"Cluster5": 0.0137303350493},"probability": 0.498014271259,"value": "Cluster2"},"timbre": {"all": {"bright": 0.920767486095,"dark": 0.0792325362563},"probability": 0.920767486095,"value": "bright"},"tonal_atonal": {"all": {"atonal": 0.232324242592,"tonal": 0.767675757408},"probability": 0.767675757408,"value": "tonal"},"voice_instrumental": {"all": {"instrumental": 0.00161072274204,"voice": 0.998389303684},"probability": 0.998389303684,"value": "voice"}},"metadata": {"audio_properties": {"analysis_sample_rate": 44100,"bit_rate": 0,"equal_loudness": 0,"length": 158.413330078,"lossless": 1,"replay_gain": -11.9856567383,"sample_rate": 44100,"codec": "flac","downmix": "mix","md5_encoded": "8092271bf7c210e4b9739cdd77e75e3d"},"tags": {"file_name": "05_prisons.flac","album": ["Peacetime"],"albumartist": ["Eddi Reader"],"albumartistsort": ["Reader, Eddi"],"artist": ["Eddi Reader"],"artistsort": ["Reader, Eddi"],"asin": ["B000MGVBQ4"],"barcode": ["766397444925"],"catalognumber": ["744492"],"date": ["2007-02-20"],"discnumber": ["01"],"disctotal": ["01"],"genre": ["Folk"],"label": ["Compass Records"],"language": ["English"],"media": ["CD"],"musicbrainz_albumartistid": ["ea2a48b2-0969-4496-9635-4ee206f3ffc5"],"musicbrainz_albumid": ["66eac842-04a2-425d-a222-ab74d4bedc51"],"musicbrainz_artistid": ["ea2a48b2-0969-4496-9635-4ee206f3ffc5"],"musicbrainz_discid": ["10wHHn31OsrT1bDoToeE6My2hr4-"],"musicbrainz_recordingid": ["6862379d-adea-454e-b098-688449673d88"],"musicbrainz_releasegroupid": ["795994bc-3087-35bc-ab49-6239048325af"],"musicip_puid": ["26276bfd-d573-74d2-79d6-ebb5803b812e"],"releasecountry": ["United States"],"script": ["Latin"],"title": ["Prisons"],"tracknumber": ["05"],"tracktotal": ["15"]},"version": {"highlevel": {"essentia": "2.1-beta5-dev","essentia_build_sha": "e74af04b57b164eed312abeef4963962215860f0","essentia_git_sha": "v2.1_beta4-499-g4013ebc","extractor": "music 2.0","gaia": "2.4.5","gaia_git_sha": "v2.4.4-44-g95f4851","models_essentia_git_sha": "v2.1_beta1"},"lowlevel": {"essentia": "2.1-beta2","essentia_build_sha": "70f2e5ece6736b2c40cc944ad0e695b16b925413","essentia_git_sha": "v2.1_beta2","extractor": "music 1.0"}}}}