{"highlevel": {"danceability": {"all": {"danceable": 0.793271124363,"not_danceable": 0.206728860736},"probability": 0.793271124363,"value": "danceable"},"gender": {"all": {"female": 0.165774777532,"male": 0.83422523737},"probability": 0.83422523737,"value": "male"},"genre_dortmund": {"all": {"alternative": 0.0216563213617,"blues": 0.0027165717911,"electronic": 0.969245553017,"folkcountry": 0.00318379420787,"funksoulrnb": 0.000121547425806,"jazz": 0.000350428948877,"pop": 0.000339236838045,"raphiphop": 0.000104493119579,"rock": 0.00228207325563},"probability": 0.969245553017,"value": "electronic"},"genre_electronic": {"all": {"ambient": 0.592652738094,"dnb": 0.0211717896163,"house": 0.0633028075099,"techno": 0.0107883680612,"trance": 0.312084257603},"probability": 0.592652738094,"value": "ambient"},"genre_rosamerica": {"all": {"cla": 0.0218361057341,"dan": 0.013170122169,"hip": 0.0159419365227,"jaz": 0.0197535417974,"pop": 0.540320038795,"rhy": 0.177609220147,"roc": 0.207420185208,"spe": 0.00394885288551},"probability": 0.540320038795,"value": "pop"},"genre_tzanetakis": {"all": {"blu": 0.0626613423228,"cla": 0.0348169617355,"cou": 0.104475811124,"dis": 0.0784321576357,"hip": 0.15692435205,"jaz": 0.313974827528,"met": 0.0448166541755,"pop": 0.0627359300852,"reg": 0.0627360641956,"roc": 0.0784258767962},"probability": 0.313974827528,"value": "jaz"},"ismir04_rhythm": {"all": {"ChaChaCha": 0.0244172252715,"Jive": 0.132138490677,"Quickstep": 0.00763954035938,"Rumba-American": 0.0122878681868,"Rumba-International": 0.0121881142259,"Rumba-Misc": 0.010553561151,"Samba": 0.0219267439097,"Tango": 0.0241687968373,"VienneseWaltz": 0.744425415993,"Waltz": 0.0102542387322},"probability": 0.744425415993,"value": "VienneseWaltz"},"mood_acoustic": {"all": {"acoustic": 0.804863452911,"not_acoustic": 0.195136517286},"probability": 0.804863452911,"value": "acoustic"},"mood_aggressive": {"all": {"aggressive": 0.19994585216,"not_aggressive": 0.800054132938},"probability": 0.800054132938,"value": "not_aggressive"},"mood_electronic": {"all": {"electronic": 0.012915645726,"not_electronic": 0.987084329128},"probability": 0.987084329128,"value": "not_electronic"},"mood_happy": {"all": {"happy": 0.668138504028,"not_happy": 0.331861495972},"probability": 0.668138504028,"value": "happy"},"mood_party": {"all": {"not_party": 0.905752360821,"party": 0.0942476466298},"probability": 0.905752360821,"value": "not_party"},"mood_relaxed": {"all": {"not_relaxed": 0.291590452194,"relaxed": 0.708409547806},"probability": 0.708409547806,"value": "relaxed"},"mood_sad": {"all": {"not_sad": 0.621009409428,"sad": 0.378990590572},"probability": 0.621009409428,"value": "not_sad"},"moods_mirex": {"all": {"Cluster1": 0.0826436504722,"Cluster2": 0.19238896668,"Cluster3": 0.130721598864,"Cluster4": 0.0938727632165,"Cluster5": 0.500373005867},"probability": 0.500373005867,"value": "Cluster5"},"timbre": {"all": {"bright": 0.990317702293,"dark": 0.00968232471496},"probability": 0.990317702293,"value": "bright"},"tonal_atonal": {"all": {"atonal": 0.00360495923087,"tonal": 0.996395051479},"probability": 0.996395051479,"value": "tonal"},"voice_instrumental": {"all": {"instrumental": 0.186698630452,"voice": 0.813301384449},"probability": 0.813301384449,"value": "voice"}},"metadata": {"audio_properties": {"analysis_sample_rate": 44100,"bit_rate": 128000,"equal_loudness": 0,"length": 214.177963257,"lossless": 0,"replay_gain": -7.34524726868,"sample_rate": 44100,"codec": "mp3","downmix": "mix","md5_encoded": "92406411a7f1d53774d058e971904a3f"},"tags": {"file_name": "01 - 03 - Always on My Mind.mp3","acoustid_fingerprint": ["AQADtOnVKQxy_LiQQ-dDXPpU5DEa5Ixx7saXFvoPP3gJf8ElDWE6CReJd9jRnMiYXkjyw3s3PEJ9_A16NMdFE0ka6ToyaxfqF9uDH1e742ie4pKEfwifHaLyIz_h1PjwH4crHeUU4_nxOsEFB8kvIk90oTorNAc-PMPxUxgdXNtRHb50JNmD8A5-_MQPR2xx4jmO47KEpE105PFx_MH5WnB0POiLRpGOUJugZSNyXAqPjx6uZ0GeU4JmJonQ7PjxcQ3yO7heBTkaDuWi4YqEY4d0IzxhfUwwURceXkLfBY02XjgO_8inQz9iSaoUXOgX-D96fNwxxQnaHM8R6kiOf7hgC_l24pQI6cZ39Id-YbJSIcxN4Y1UiehS92ji4kckKze0nATCZwhTSYeeaQvyaMJ4nXhwP0Kbw_uI0KehH8eLPschGu8u3IFP_NDPAG8fyOICh3iHIz3OwzvCSg90HkfzE7XwXIQQPiSaMcefC_2ORkWfoBFO5UjGp2hi2sil5PiPZuzRH1-PX7A3NXiONIeeSIqRJ5-Oaw_O47zwo2jyi3iNfEfy_Ch5-Oh_fNIjfJzwoznqHw_b4M5HtDrCsCIF3UReRcIz_ENlHh4TRUjWHXmY4xSDkiGaH8-MZg8j1IuJV4L2SGiWHWeOP0MTR0e_4z9-_MGJ3IXqZERewjt-Bc-Pwg9iLcuH8_B4_Cmso-qOfEduxWit6RCPkszxH7lO2Mdj45KOJmJ0lOkaWL1w5QzeZMFlzmhHCmFI8pDbCTm-8CTKhTlcLU-Q_9CzzAgTKseTN8OnBb-GkzoaVI4eI2-FxImPyziOJtxolEuZ4IopnNiD5EN2rFYVVHxwpckFc1GOXvgvPMepnviS4M6PFGcEfSVyCleiHHOC0wTPGBfR5KiTE9cROYf-HOGNc7AZC_d1ONuH3sdx5RLR6WjCH7nwB8rR_PimIz-mdBeuPKiPMFc46No4_Ai5o3nxnPgRHjrSF36W4ubRTBcePL2F3OiOJs6PU4LeB_mLO1vxJ0SjXhH-GldGFRdOnH9Rb3iVKsaP4Hmgs8dxWLfwZ7iRP0OTH32a4ouOvCm0fFqL8DlOFpf0DD-e5-iNMNNb6Mgbon_wFD9-w2_QB4-Dn3hSxHMoJI-WozmLMzNs1EKfwzsVofLx7cPN4zlK_0i_HOKXId0nvEW7VihlbM_hSsfzdXCPJNeRnhb65Xg-PKSEpg6N_haOJs6Oblry4IqewGOO6_gvfMmK5iy0jsSN36gyx0ETOaGIPziXI4yTGcmqbsF5PBOOJke3Bw8rPNmHO8h5FE3347kGOc_w7Dg_HN-xNnpw5gnoqMero7la9CTOuMejiMS1MEdTHRNyDo-So-4xcdHx4Dz4Nqh-bEV_XEdeaLyRT4zxH7_wxDqqB9eHPzhC5Tu0jBmOXPhNtGOMidbx48ilQ3sIR1eQf3B-8AwO8xMeC94f8EfjBKFkHU1y_AkTNP9QTucgNFXIFboZMHk2hcXlREUTRcGnLB2cH9qPHGeEhj8qpkGVbSaO6If4IdSWHuvEFV9TNDkYqhf20UKsZjnk9ugRJuISxAuu49oDfclQGZZuhH9wiTHCRduJ90Kf47rwHtqWJENzHJ2WiWgmx8IXHX_QnEGfPVCP54WuJMkDXUKvQ3wWeEdZH3EmvKWUoufQVMfL402GWzh1Hb-L38ihF7F-dNMx_oHHBxdxR4cP54eTPMUVUfCPfBP8oI1yCTkvNJdQHm1SuGKCZj0-47IidEp0eBJzhMmFRE1xSkcfwqFdPD3WxHhL5EbCW-iPJ4q-Is8XQpOeIsy5Y-6FPzgD2hF-5B-kPc-IPJcwJ1yO8kXzvMJ1PMeTH4_yw39xHzmhZ1sQ3QSrBE_e4DF2o_BRG2-OpJkQlJJy-B6-0RKs8kWPnzNO5D_eQO6Hpj60a8Ud5UN-HM9i1CKaK_iaB_mhFt0RJqbx4NyRa8cf_NDOI1KUJS--Y9bxFM1JFMeZoD2RkCYRWh--JHpwfUVf4ghzJE9E44mSekSTr0rQH1-O4xqPK0ezG9V55IP-I06kD32G5jneeDKeOhqai0e5HM_xD4lfxPrRqkYzMjhf_ME__ENYDuKoHeX14qos6NeIPwi_CE24xcGpoFmWBT3Oo9nxKnGQV0eyRA_xJ-gTNPtxxeiZCXfW4ziso89x9D-8n6hqC3_wHuEFcYoSoQx35PgV3HGEJj26KQtuKcer4DnxnHgTLhJOGl4tXMJz40T5HSm_aPjhI_WPnsVzPJGkDOeDN3HQ1BrC51CV5UQY4eKF84E34kK7HM_xIv6hI6dMXA12eRcc5_hx9UV-cjiVQbsWNBWyS7gS3AedN8EVHVO-o3JDPD965MqR7MmA28rwJCSH0sep4TmqnrjwfBRCbYdH_NB-9KWCMxfaH38PnT2qNBUqXCeePMgx8YlKfMuawpuOt4j1pIKYUKMi5Dua40dDhTlKbdQGnU_QopR5vDma6uiZDc98XI3UBFmqpkQy6rhovHSEXh0cHs804g9uh0hG78hltItFeJJkEVV4MH5ENNGHfSdyEhe1Q7tgHaWaQH_w40fXRETz4muD7miuhSq-eISPSznwLDncxgpO_PiSbRClOB5-IoaXhcel_fhDvEGYQ_uFnBfxPoF1jfiPPDpUJ8aR60F_uPqGX8WRa9wBYRQiShgiqDCAGGKQlgwBAQhwBDkLlGBCAIUMAEYVYKwQRDCAGAEwEAYYCA4oACFjRAhiAAGMGQAEZ0xSxQww1iggHBPQEWAIQUZACQQhgDkoGCGKMGAoGhAog5wRRFAkJAVGRIMIAM4AIwAAABBDgBLIISCAckIoxpRSAAgCjIMEEMIpAkIAiJBgBBBAgCHCCCGkAYAogxQzjBEEBAGICYSoAIQBBYRQRgghgGMGKyIAckaARJABjiHBCEOSEGaIEcgBgxwBBwCDBABIGIKAIcIgIYhxBBhEKGLAIKAIkYAA4IRARAgCGAJAEWCaIAiRRAwRhAmmABBAEKYcgYyALBBVQCCKCAAGMICAAwAhpgk0xklgECRAAgucYIipBoBTZABpACIEOAGYEIQA0AAgAgoCAXDMEUGJEwgY4ARQhggAgRDGCCoIM5ggpBgUwAhABBFWKECoEAAAIRVQQglmECDAQIWAVwAggggRwkiCARNGEcsgUUwwogQQigiDIJBGAUAYYYASAACyygkjDTHECWCRAg4Y4JRhgjABqDGIDWSEI0wSpYAyhJBDBVDAYQOAAQgQYYQhqiBkjMCAWAGEM8wABpgwhggjDBPIACIIo0AITwQARBngDGCCOEOAEMIAIwQgAAgDEQICCQeEQEAgqqUDyBgCBBKEIgEIMEQAAgxjREIDhCEGAMQQQwQwQQQgADCmiKJOBAkIIBoARpAAhAggHDRMEsAoc4QRQRwwQijAGAWkEEIEEoQhAIQSzEGijIEGCaGAEAgQQ4RiClgjADKSAEE0AEIAw4jCiggDAEEUAAGQAABhJqQhRAjBkCUCMWYQAIgQhggiDBDAAIDKEiEMBAwAxQAQCCHkmAHEGyOANBAAwAAgjhhCiADAAXAkQEACZ6AYxHDEgCIEAEIEEsgwYYAhDhCDoQLAAKWMAAIQSpATACIkFXCGEOAMEVAx5pRhAACCFAACFGIEAQAKpZQhACCCDHCAHAOwIcQIBA"],"acoustid_id": ["8c241a21-2c5b-4cc3-b346-8df690d84922"],"album": ["Loverboy"],"albumartist": ["Loverboy"],"albumartistsort": ["Loverboy"],"artist": ["Loverboy"],"artistsort": ["Loverboy"],"asin": ["B0000025JY"],"barcode": ["0 7464-36762-1"],"catalognumber": ["JC 36762"],"date": ["1980"],"discnumber": ["01\/01"],"genre": ["Rock"],"label": ["Columbia"],"language": ["eng"],"media": ["12\" Vinyl"],"musicbrainz album release country": ["US"],"musicbrainz album status": ["Official"],"musicbrainz album type": ["Album"],"musicbrainz_albumartistid": ["c11ba128-03b1-404d-ae88-452524b7ecc3"],"musicbrainz_albumid": ["d3907006-4752-4d91-a01e-2c3d7763e03c"],