{"highlevel": {"danceability": {"all": {"danceable": 0.999999880791,"not_danceable": 1.00000008274e-07},"probability": 0.999999880791,"value": "danceable"},"gender": {"all": {"female": 0.622126698494,"male": 0.377873301506},"probability": 0.622126698494,"value": "female"},"genre_dortmund": {"all": {"alternative": 0.118074767292,"blues": 0.204131796956,"electronic": 0.127540096641,"folkcountry": 0.303614556789,"funksoulrnb": 0.0145264007151,"jazz": 0.024765279144,"pop": 0.035634431988,"raphiphop": 0.0102733299136,"rock": 0.161439344287},"probability": 0.303614556789,"value": "folkcountry"},"genre_electronic": {"all": {"ambient": 0.536164462566,"dnb": 0.055391471833,"house": 0.304487645626,"techno": 0.028203593567,"trance": 0.0757528319955},"probability": 0.536164462566,"value": "ambient"},"genre_rosamerica": {"all": {"cla": 0.132653415203,"dan": 0.0328823700547,"hip": 0.033263925463,"jaz": 0.0452366732061,"pop": 0.360016196966,"rhy": 0.223118901253,"roc": 0.146743580699,"spe": 0.0260849390179},"probability": 0.360016196966,"value": "pop"},"genre_tzanetakis": {"all": {"blu": 1.13367287766e-14,"cla": 3.04301668499e-14,"cou": 1.17068559165e-14,"dis": 4.21400551444e-14,"hip": 2.93635795746e-14,"jaz": 0.999999940395,"met": 2.0000017642e-08,"pop": 2.0000017642e-08,"reg": 2.50000233848e-08,"roc": 1.66666822565e-08},"probability": 0.999999940395,"value": "jaz"},"ismir04_rhythm": {"all": {"ChaChaCha": 0.163047835231,"Jive": 0.0926952362061,"Quickstep": 0.0245746504515,"Rumba-American": 0.0248290952295,"Rumba-International": 0.0228663589805,"Rumba-Misc": 0.0201065801084,"Samba": 0.026882942766,"Tango": 0.153867483139,"VienneseWaltz": 0.452196121216,"Waltz": 0.018933692947},"probability": 0.452196121216,"value": "VienneseWaltz"},"mood_acoustic": {"all": {"acoustic": 0.0955903604627,"not_acoustic": 0.904409646988},"probability": 0.904409646988,"value": "not_acoustic"},"mood_aggressive": {"all": {"aggressive": 0.999999880791,"not_aggressive": 1.00000008274e-07},"probability": 0.999999880791,"value": "aggressive"},"mood_electronic": {"all": {"electronic": 0.979391694069,"not_electronic": 0.0206082761288},"probability": 0.979391694069,"value": "electronic"},"mood_happy": {"all": {"happy": 0.460126131773,"not_happy": 0.539873838425},"probability": 0.539873838425,"value": "not_happy"},"mood_party": {"all": {"not_party": 0.999984204769,"party": 1.57784197654e-05},"probability": 0.999984204769,"value": "not_party"},"mood_relaxed": {"all": {"not_relaxed": 0.191182896495,"relaxed": 0.808817088604},"probability": 0.808817088604,"value": "relaxed"},"mood_sad": {"all": {"not_sad": 0.630167007446,"sad": 0.369832992554},"probability": 0.630167007446,"value": "not_sad"},"moods_mirex": {"all": {"Cluster1": 0.0772226452827,"Cluster2": 0.0444035679102,"Cluster3": 0.227747857571,"Cluster4": 0.0306320842355,"Cluster5": 0.61999386549},"probability": 0.61999386549,"value": "Cluster5"},"timbre": {"all": {"bright": 0.53451526165,"dark": 0.465484768152},"probability": 0.53451526165,"value": "bright"},"tonal_atonal": {"all": {"atonal": 0.398306131363,"tonal": 0.601693868637},"probability": 0.601693868637,"value": "tonal"},"voice_instrumental": {"all": {"instrumental": 0.00547281838953,"voice": 0.994527161121},"probability": 0.994527161121,"value": "voice"}},"metadata": {"audio_properties": {"analysis_sample_rate": 44100,"bit_rate": 254992,"equal_loudness": 0,"length": 170.898864746,"lossless": 0,"replay_gain": -8.14980506897,"sample_rate": 44100,"codec": "aac","downmix": "mix","md5_encoded": "8510a540127b4a7ce5d135ee2c9b12ea"},"tags": {"file_name": "27 - Things Are Changing.m4a","album": ["Come a Little Bit Closer: The Best of Jay and the Americans"],"albumartistsort": ["Jay & Americans, The"],"artist": ["Jay & The Americans"],"artistsort": ["Jay & Americans, The"],"asin": ["B00000DRAR"],"barcode": ["077779344826"],"catalognumber": ["CDP-7-93448-2"],"compilation": ["1"],"composer": ["Mike Love"],"date": ["1965"],"discnumber": ["1\/1"],"genre": ["Pop Rock"],"label": ["United Artists"],"language": ["eng"],"media": ["CD"],"musicbrainz_albumartistid": ["4d3279bc-b3de-45da-aa2c-2274ef08c6dd"],"musicbrainz_albumid": ["d8ad8355-0276-4869-8a61-4b935b080502"],"musicbrainz_artistid": ["4d3279bc-b3de-45da-aa2c-2274ef08c6dd"],"musicbrainz_recordingid": ["b27b2826-7985-4b68-89f6-d21b5cb6fc48"],"musicbrainz_releasegroupid": ["03ba6871-6793-39f6-acc6-dbe736cfb599"],"script": ["Latin"],"title": ["Things Are Changing"],"tracknumber": ["27\/28"]},"version": {"highlevel": {"essentia": "2.1-beta5-dev","essentia_build_sha": "e74af04b57b164eed312abeef4963962215860f0","essentia_git_sha": "v2.1_beta4-499-g4013ebc","extractor": "music 2.0","gaia": "2.4.5","gaia_git_sha": "v2.4.4-44-g95f4851","models_essentia_git_sha": "v2.1_beta1"},"lowlevel": {"essentia": "2.1-beta2","essentia_build_sha": "2d9f1f26377add8aeb1075a9c2973f962c4f09fd","essentia_git_sha": "v2.1_beta2-1-ge3940c0","extractor": "music 1.0"}}}}