{"highlevel": {"danceability": {"all": {"danceable": 0.16770465672,"not_danceable": 0.832295358181},"probability": 0.832295358181,"value": "not_danceable"},"gender": {"all": {"female": 0.577834606171,"male": 0.422165393829},"probability": 0.577834606171,"value": "female"},"genre_dortmund": {"all": {"alternative": 0.0140213370323,"blues": 0.00196035113186,"electronic": 0.974691987038,"folkcountry": 0.00592723721638,"funksoulrnb": 7.02294928487e-05,"jazz": 0.00191705790348,"pop": 0.000432202621596,"raphiphop": 4.07324405387e-05,"rock": 0.000938876357395},"probability": 0.974691987038,"value": "electronic"},"genre_electronic": {"all": {"ambient": 0.757136881351,"dnb": 0.0176484044641,"house": 0.146634623408,"techno": 0.0307360570878,"trance": 0.0478440262377},"probability": 0.757136881351,"value": "ambient"},"genre_rosamerica": {"all": {"cla": 0.0763250589371,"dan": 0.0601976886392,"hip": 0.022622583434,"jaz": 0.308521330357,"pop": 0.276440769434,"rhy": 0.216744542122,"roc": 0.0249849501997,"spe": 0.014163072221},"probability": 0.308521330357,"value": "jaz"},"genre_tzanetakis": {"all": {"blu": 0.0620671063662,"cla": 0.034474901855,"cou": 0.103433981538,"dis": 0.0620971247554,"hip": 0.15527240932,"jaz": 0.310666948557,"met": 0.044346679002,"pop": 0.0620793737471,"reg": 0.0620816536248,"roc": 0.103479810059},"probability": 0.310666948557,"value": "jaz"},"ismir04_rhythm": {"all": {"ChaChaCha": 0.029299730435,"Jive": 0.00328867975622,"Quickstep": 0.00223412667401,"Rumba-American": 0.0479787625372,"Rumba-International": 0.0239392425865,"Rumba-Misc": 0.00580342113972,"Samba": 0.0115313064307,"Tango": 0.706416010857,"VienneseWaltz": 0.156157165766,"Waltz": 0.0133515372872},"probability": 0.706416010857,"value": "Tango"},"mood_acoustic": {"all": {"acoustic": 0.83188444376,"not_acoustic": 0.168115526438},"probability": 0.83188444376,"value": "acoustic"},"mood_aggressive": {"all": {"aggressive": 0.0317348688841,"not_aggressive": 0.968265116215},"probability": 0.968265116215,"value": "not_aggressive"},"mood_electronic": {"all": {"electronic": 0.563692212105,"not_electronic": 0.436307758093},"probability": 0.563692212105,"value": "electronic"},"mood_happy": {"all": {"happy": 0.00271477876231,"not_happy": 0.997285246849},"probability": 0.997285246849,"value": "not_happy"},"mood_party": {"all": {"not_party": 0.93538081646,"party": 0.0646192058921},"probability": 0.93538081646,"value": "not_party"},"mood_relaxed": {"all": {"not_relaxed": 0.00736446771771,"relaxed": 0.992635548115},"probability": 0.992635548115,"value": "relaxed"},"mood_sad": {"all": {"not_sad": 0.181028544903,"sad": 0.818971455097},"probability": 0.818971455097,"value": "sad"},"moods_mirex": {"all": {"Cluster1": 0.0569439828396,"Cluster2": 0.0857850685716,"Cluster3": 0.648607194424,"Cluster4": 0.167674601078,"Cluster5": 0.0409891679883},"probability": 0.648607194424,"value": "Cluster3"},"timbre": {"all": {"bright": 0.214403167367,"dark": 0.785596847534},"probability": 0.785596847534,"value": "dark"},"tonal_atonal": {"all": {"atonal": 0.860382378101,"tonal": 0.139617621899},"probability": 0.860382378101,"value": "atonal"},"voice_instrumental": {"all": {"instrumental": 0.739931583405,"voice": 0.260068446398},"probability": 0.739931583405,"value": "instrumental"}},"metadata": {"audio_properties": {"analysis_sample_rate": 44100,"bit_rate": 0,"equal_loudness": 0,"length": 219.093338013,"lossless": 1,"replay_gain": -10.0285968781,"sample_rate": 44100,"codec": "flac","downmix": "mix","md5_encoded": "cf442abc79ebf535bb619e1c8db3c611"},"tags": {"file_name": "04 - May Queen.flac","album": ["The Facts of Life"],"albumartist": ["Black Box Recorder"],"albumartistsort": ["Black Box Recorder"],"artist": ["Black Box Recorder"],"artistsort": ["Black Box Recorder"],"asin": ["B00005AKF5"],"catalognumber": ["TWA36CD"],"date": ["2001-03-20"],"discnumber": ["1"],"disctotal": ["1"],"genre": ["Indie"],"label": ["Jetset Records"],"media": ["CD"],"musicbrainz_albumartistid": ["49302df8-9e4f-42ed-8a9c-5d6f8d6cb83c"],"musicbrainz_albumid": ["86db438e-70c4-432e-a8ce-98868604a071"],"musicbrainz_artistid": ["49302df8-9e4f-42ed-8a9c-5d6f8d6cb83c"],"musicbrainz_recordingid": ["b2f6ecf8-268a-4cd2-8977-b95d5e9568b4"],"musicbrainz_releasegroupid": ["9190953d-001d-3605-91b9-64d676b3633f"],"musicbrainz_releasetrackid": ["032aafc6-5827-3824-9e84-09c264cda1c0"],"originaldate": ["2000-05-01"],"originalyear": ["2000"],"releasecountry": ["US"],"releasestatus": ["official"],"releasetype": ["album"],"script": ["Latn"],"title": ["May Queen"],"totaldiscs": ["1"],"totaltracks": ["13"],"tracknumber": ["4"],"tracktotal": ["13"]},"version": {"highlevel": {"essentia": "2.1-beta5-dev","essentia_build_sha": "e74af04b57b164eed312abeef4963962215860f0","essentia_git_sha": "v2.1_beta4-499-g4013ebc","extractor": "music 2.0","gaia": "2.4.5","gaia_git_sha": "v2.4.4-44-g95f4851","models_essentia_git_sha": "v2.1_beta1"},"lowlevel": {"essentia": "2.1-beta2","essentia_build_sha": "70f2e5ece6736b2c40cc944ad0e695b16b925413","essentia_git_sha": "v2.1_beta2","extractor": "music 1.0"}}}}