{"highlevel": {"danceability": {"all": {"danceable": 0.0469873733819,"not_danceable": 0.953012645245},"probability": 0.953012645245,"value": "not_danceable"},"gender": {"all": {"female": 0.925709009171,"male": 0.0742910057306},"probability": 0.925709009171,"value": "female"},"genre_dortmund": {"all": {"alternative": 0.036101590842,"blues": 0.00568778021261,"electronic": 0.936679422855,"folkcountry": 0.0125456443056,"funksoulrnb": 0.000428537168773,"jazz": 0.00379767944105,"pop": 0.00166524539236,"raphiphop": 0.000250245968346,"rock": 0.00284386705607},"probability": 0.936679422855,"value": "electronic"},"genre_electronic": {"all": {"ambient": 0.881677210331,"dnb": 0.00675900187343,"house": 0.0774038732052,"techno": 0.0121287833899,"trance": 0.022031141445},"probability": 0.881677210331,"value": "ambient"},"genre_rosamerica": {"all": {"cla": 0.02867580764,"dan": 0.00828292034566,"hip": 0.0313784144819,"jaz": 0.428918153048,"pop": 0.0894689708948,"rhy": 0.393507868052,"roc": 0.00634971493855,"spe": 0.0134181221947},"probability": 0.428918153048,"value": "jaz"},"genre_tzanetakis": {"all": {"blu": 0.0626870542765,"cla": 0.0348228886724,"cou": 0.104483813047,"dis": 0.0627374649048,"hip": 0.156886413693,"jaz": 0.313951909542,"met": 0.0448243469,"pop": 0.0784323960543,"reg": 0.0627435147762,"roc": 0.0784302055836},"probability": 0.313951909542,"value": "jaz"},"ismir04_rhythm": {"all": {"ChaChaCha": 0.13721832633,"Jive": 0.0188508816063,"Quickstep": 0.0100805712864,"Rumba-American": 0.0983068794012,"Rumba-International": 0.385516822338,"Rumba-Misc": 0.061075001955,"Samba": 0.0298828072846,"Tango": 0.0514141358435,"VienneseWaltz": 0.175833329558,"Waltz": 0.0318212509155},"probability": 0.385516822338,"value": "Rumba-International"},"mood_acoustic": {"all": {"acoustic": 0.958685994148,"not_acoustic": 0.0413140319288},"probability": 0.958685994148,"value": "acoustic"},"mood_aggressive": {"all": {"aggressive": 0.00370002095588,"not_aggressive": 0.996299982071},"probability": 0.996299982071,"value": "not_aggressive"},"mood_electronic": {"all": {"electronic": 0.321605026722,"not_electronic": 0.678394973278},"probability": 0.678394973278,"value": "not_electronic"},"mood_happy": {"all": {"happy": 0.0601304322481,"not_happy": 0.939869582653},"probability": 0.939869582653,"value": "not_happy"},"mood_party": {"all": {"not_party": 0.973446905613,"party": 0.0265531092882},"probability": 0.973446905613,"value": "not_party"},"mood_relaxed": {"all": {"not_relaxed": 0.0423642396927,"relaxed": 0.957635760307},"probability": 0.957635760307,"value": "relaxed"},"mood_sad": {"all": {"not_sad": 0.0735901221633,"sad": 0.926409900188},"probability": 0.926409900188,"value": "sad"},"moods_mirex": {"all": {"Cluster1": 0.0528223142028,"Cluster2": 0.0770096331835,"Cluster3": 0.709523260593,"Cluster4": 0.09832123667,"Cluster5": 0.0623235404491},"probability": 0.709523260593,"value": "Cluster3"},"timbre": {"all": {"bright": 0.412889748812,"dark": 0.587110221386},"probability": 0.587110221386,"value": "dark"},"tonal_atonal": {"all": {"atonal": 0.627418518066,"tonal": 0.372581481934},"probability": 0.627418518066,"value": "atonal"},"voice_instrumental": {"all": {"instrumental": 0.604403495789,"voice": 0.395596504211},"probability": 0.604403495789,"value": "instrumental"}},"metadata": {"audio_properties": {"analysis_sample_rate": 44100,"bit_rate": 197672,"equal_loudness": 0,"length": 295.314300537,"lossless": 0,"replay_gain": -11.4018630981,"sample_rate": 44100,"codec": "mp3","downmix": "mix","md5_encoded": "981d270f5bd4922a4b6f57a3d32157a3"},"tags": {"file_name": "07. Night and Day.mp3","acoustid_id": ["38c4239c-eeb3-4967-81cc-29d15f6cc0c3"],"album": ["Momento"],"albumartist": ["Bebel Gilberto"],"albumartistsort": ["Gilberto, Bebel"],"artist": ["Bebel Gilberto"],"artistsort": ["Gilberto, Bebel"],"barcode": ["657036113329"],"date": ["2007"],"discnumber": ["1\/1"],"genre": ["Bossa Nova"],"isrc": ["BE6F50602160"],"label": ["Six Degrees"],"language": ["eng"],"length": ["295253"],"media": ["CD"],"musicbrainz album release country": ["US"],"musicbrainz album status": ["official"],"musicbrainz album type": ["album"],"musicbrainz_albumartistid": ["8777a849-fb4e-4430-9918-170f619c5286"],"musicbrainz_albumid": ["e0f91039-a7eb-4273-b564-4853a1517641"],"musicbrainz_artistid": ["8777a849-fb4e-4430-9918-170f619c5286"],"musicbrainz_recordingid": ["3a3329c7-c8f5-4abc-9b83-04ed47dc57f7"],"originaldate": ["2007"],"script": ["Latn"],"title": ["Night and Day"],"tracknumber": ["7\/11"]},"version": {"highlevel": {"essentia": "2.1-beta5-dev","essentia_build_sha": "e74af04b57b164eed312abeef4963962215860f0","essentia_git_sha": "v2.1_beta4-499-g4013ebc","extractor": "music 2.0","gaia": "2.4.5","gaia_git_sha": "v2.4.4-44-g95f4851","models_essentia_git_sha": "v2.1_beta1"},"lowlevel": {"essentia": "2.1-beta2","essentia_build_sha": "70f2e5ece6736b2c40cc944ad0e695b16b925413","essentia_git_sha": "v2.1_beta2","extractor": "music 1.0"}}}}