{"highlevel": {"danceability": {"all": {"danceable": 0.0223300103098,"not_danceable": 0.977670013905},"probability": 0.977670013905,"value": "not_danceable"},"gender": {"all": {"female": 0.5,"male": 0.5},"probability": 0.5,"value": "female"},"genre_dortmund": {"all": {"alternative": 0.00894352700561,"blues": 0.00106446561404,"electronic": 0.986684918404,"folkcountry": 0.00233613466844,"funksoulrnb": 2.42921723839e-05,"jazz": 0.000339064310538,"pop": 0.000100888195448,"raphiphop": 1.4507425476e-05,"rock": 0.000492197927088},"probability": 0.986684918404,"value": "electronic"},"genre_electronic": {"all": {"ambient": 0.888513624668,"dnb": 0.00372922606766,"house": 0.0577700361609,"techno": 0.00476324371994,"trance": 0.0452238805592},"probability": 0.888513624668,"value": "ambient"},"genre_rosamerica": {"all": {"cla": 0.60463231802,"dan": 0.00491580972448,"hip": 0.0040419222787,"jaz": 0.0397916473448,"pop": 0.125644266605,"rhy": 0.146317765117,"roc": 0.0647636130452,"spe": 0.00989264529198},"probability": 0.60463231802,"value": "cla"},"genre_tzanetakis": {"all": {"blu": 0.0582678802311,"cla": 0.0343541838229,"cou": 0.103082336485,"dis": 0.077378898859,"hip": 0.154812335968,"jaz": 0.309747219086,"met": 0.0442159883678,"pop": 0.0618959069252,"reg": 0.0788671821356,"roc": 0.0773780792952},"probability": 0.309747219086,"value": "jaz"},"ismir04_rhythm": {"all": {"ChaChaCha": 0.00995985232294,"Jive": 0.00241219368763,"Quickstep": 0.00127370632254,"Rumba-American": 0.00315680564381,"Rumba-International": 0.0019543026574,"Rumba-Misc": 0.00318129733205,"Samba": 0.00262705329806,"Tango": 0.292973101139,"VienneseWaltz": 0.661943674088,"Waltz": 0.0205180421472},"probability": 0.661943674088,"value": "VienneseWaltz"},"mood_acoustic": {"all": {"acoustic": 0.789889812469,"not_acoustic": 0.210110172629},"probability": 0.789889812469,"value": "acoustic"},"mood_aggressive": {"all": {"aggressive": 0.0124704400077,"not_aggressive": 0.987529575825},"probability": 0.987529575825,"value": "not_aggressive"},"mood_electronic": {"all": {"electronic": 0.144205883145,"not_electronic": 0.855794131756},"probability": 0.855794131756,"value": "not_electronic"},"mood_happy": {"all": {"happy": 0.441890329123,"not_happy": 0.558109641075},"probability": 0.558109641075,"value": "not_happy"},"mood_party": {"all": {"not_party": 0.960094809532,"party": 0.0399051755667},"probability": 0.960094809532,"value": "not_party"},"mood_relaxed": {"all": {"not_relaxed": 0.0115280775353,"relaxed": 0.988471925259},"probability": 0.988471925259,"value": "relaxed"},"mood_sad": {"all": {"not_sad": 0.331453293562,"sad": 0.668546676636},"probability": 0.668546676636,"value": "sad"},"moods_mirex": {"all": {"Cluster1": 0.103973820806,"Cluster2": 0.178129941225,"Cluster3": 0.404499173164,"Cluster4": 0.133248120546,"Cluster5": 0.180148944259},"probability": 0.404499173164,"value": "Cluster3"},"timbre": {"all": {"bright": 0.816243767738,"dark": 0.18375621736},"probability": 0.816243767738,"value": "bright"},"tonal_atonal": {"all": {"atonal": 0.43190959096,"tonal": 0.568090438843},"probability": 0.568090438843,"value": "tonal"},"voice_instrumental": {"all": {"instrumental": 0.239751249552,"voice": 0.760248780251},"probability": 0.760248780251,"value": "voice"}},"metadata": {"audio_properties": {"analysis_sample_rate": 44100,"bit_rate": 186616,"equal_loudness": 0,"length": 351.634277344,"lossless": 0,"replay_gain": -10.9639930725,"sample_rate": 44100,"codec": "mp3","downmix": "mix","md5_encoded": "04928b02876c8878daf89f34289e715b"},"tags": {"file_name": "1517919.mp3","album": ["Division"],"artist": ["10 Years"],"date": ["2008"],"encoding": ["LAME"],"genre": ["Rock"],"label": ["Universal"],"language": ["eng"],"musicbrainz_recordingid": ["3a442abf-3876-4f7b-82ec-a5409184b7fa"],"title": ["Proud Of You"],"tracknumber": ["13\/13"]},"version": {"highlevel": {"essentia": "2.1-beta5-dev","essentia_build_sha": "e74af04b57b164eed312abeef4963962215860f0","essentia_git_sha": "v2.1_beta4-499-g4013ebc","extractor": "music 2.0","gaia": "2.4.5","gaia_git_sha": "v2.4.4-44-g95f4851","models_essentia_git_sha": "v2.1_beta1"},"lowlevel": {"essentia": "2.1-beta2","essentia_build_sha": "70f2e5ece6736b2c40cc944ad0e695b16b925413","essentia_git_sha": "v2.1_beta2","extractor": "music 1.0"}}}}