{"highlevel": {"danceability": {"all": {"danceable": 0.441855788231,"not_danceable": 0.558144211769},"probability": 0.558144211769,"value": "not_danceable"},"gender": {"all": {"female": 0.56298917532,"male": 0.437010854483},"probability": 0.56298917532,"value": "female"},"genre_dortmund": {"all": {"alternative": 0.0659325346351,"blues": 0.00806385558099,"electronic": 0.909147441387,"folkcountry": 0.0082857683301,"funksoulrnb": 0.000280417123577,"jazz": 0.00295017636381,"pop": 0.000593858887441,"raphiphop": 0.000161067393492,"rock": 0.00458485586569},"probability": 0.909147441387,"value": "electronic"},"genre_electronic": {"all": {"ambient": 0.435957074165,"dnb": 0.0150166433305,"house": 0.0821489840746,"techno": 0.00667527271435,"trance": 0.460202008486},"probability": 0.460202008486,"value": "trance"},"genre_rosamerica": {"all": {"cla": 0.00932541210204,"dan": 0.015607423149,"hip": 0.0035000811331,"jaz": 0.0146784801036,"pop": 0.204834312201,"rhy": 0.0196867268533,"roc": 0.72682505846,"spe": 0.00554250925779},"probability": 0.72682505846,"value": "roc"},"genre_tzanetakis": {"all": {"blu": 0.0626613423228,"cla": 0.0348169617355,"cou": 0.104475811124,"dis": 0.0784321576357,"hip": 0.15692435205,"jaz": 0.313974827528,"met": 0.0448166541755,"pop": 0.0627359300852,"reg": 0.0627360641956,"roc": 0.0784258767962},"probability": 0.313974827528,"value": "jaz"},"ismir04_rhythm": {"all": {"ChaChaCha": 0.0306584369391,"Jive": 0.0816331878304,"Quickstep": 0.00853632204235,"Rumba-American": 0.00794143136591,"Rumba-International": 0.00676613813266,"Rumba-Misc": 0.00461512804031,"Samba": 0.020248606801,"Tango": 0.728353142738,"VienneseWaltz": 0.106910459697,"Waltz": 0.00433712219819},"probability": 0.728353142738,"value": "Tango"},"mood_acoustic": {"all": {"acoustic": 0.0842208564281,"not_acoustic": 0.91577911377},"probability": 0.91577911377,"value": "not_acoustic"},"mood_aggressive": {"all": {"aggressive": 0.723846971989,"not_aggressive": 0.276153028011},"probability": 0.723846971989,"value": "aggressive"},"mood_electronic": {"all": {"electronic": 0.365358710289,"not_electronic": 0.634641289711},"probability": 0.634641289711,"value": "not_electronic"},"mood_happy": {"all": {"happy": 0.0202968921512,"not_happy": 0.979703128338},"probability": 0.979703128338,"value": "not_happy"},"mood_party": {"all": {"not_party": 0.563992798328,"party": 0.436007231474},"probability": 0.563992798328,"value": "not_party"},"mood_relaxed": {"all": {"not_relaxed": 0.531475782394,"relaxed": 0.468524217606},"probability": 0.531475782394,"value": "not_relaxed"},"mood_sad": {"all": {"not_sad": 0.748134613037,"sad": 0.251865357161},"probability": 0.748134613037,"value": "not_sad"},"moods_mirex": {"all": {"Cluster1": 0.113459073007,"Cluster2": 0.095020249486,"Cluster3": 0.144777417183,"Cluster4": 0.079140484333,"Cluster5": 0.567602753639},"probability": 0.567602753639,"value": "Cluster5"},"timbre": {"all": {"bright": 0.158935055137,"dark": 0.841064929962},"probability": 0.841064929962,"value": "dark"},"tonal_atonal": {"all": {"atonal": 0.505762398243,"tonal": 0.494237601757},"probability": 0.505762398243,"value": "atonal"},"voice_instrumental": {"all": {"instrumental": 0.366786837578,"voice": 0.633213162422},"probability": 0.633213162422,"value": "voice"}},"metadata": {"audio_properties": {"analysis_sample_rate": 44100,"bit_rate": 192000,"equal_loudness": 0,"length": 249.495513916,"lossless": 0,"replay_gain": -16.2606945038,"sample_rate": 44100,"codec": "mp3","downmix": "mix","md5_encoded": "6094e98d355caf03b169c554aeaffcf0"},"tags": {"file_name": "270111.mp3","album": ["Dangerous Dreams"],"albumartist": ["Moving Units"],"artist": ["Moving Units"],"date": ["2004"],"discnumber": ["1\/1"],"encodedby": ["iTunes v4.7.1.30"],"genre": ["Alternative & Punk"],"musicbrainz_recordingid": ["3a93f669-375d-4e11-8f21-9fb5407fd485"],"title": ["Available"],"tracknumber": ["3"]},"version": {"highlevel": {"essentia": "2.1-beta5-dev","essentia_build_sha": "e74af04b57b164eed312abeef4963962215860f0","essentia_git_sha": "v2.1_beta4-499-g4013ebc","extractor": "music 2.0","gaia": "2.4.5","gaia_git_sha": "v2.4.4-44-g95f4851","models_essentia_git_sha": "v2.1_beta1"},"lowlevel": {"essentia": "2.1-beta2","essentia_build_sha": "70f2e5ece6736b2c40cc944ad0e695b16b925413","essentia_git_sha": "v2.1_beta2","extractor": "music 1.0"}}}}