{"highlevel": {"danceability": {"all": {"danceable": 1.25449468522e-11,"not_danceable": 1},"probability": 1,"value": "not_danceable"},"gender": {"all": {"female": 0.45818978548,"male": 0.54181021452},"probability": 0.54181021452,"value": "male"},"genre_dortmund": {"all": {"alternative": 0.00328319356777,"blues": 0.000794830906671,"electronic": 0.992902100086,"folkcountry": 0.00208290852606,"funksoulrnb": 2.84187699435e-05,"jazz": 0.000382532423828,"pop": 9.98856630758e-05,"raphiphop": 3.21151273965e-05,"rock": 0.000393997237552},"probability": 0.992902100086,"value": "electronic"},"genre_electronic": {"all": {"ambient": 0.787804424763,"dnb": 0.00542346155271,"house": 0.159897133708,"techno": 0.0150742316619,"trance": 0.0318007282913},"probability": 0.787804424763,"value": "ambient"},"genre_rosamerica": {"all": {"cla": 0.140931606293,"dan": 0.011295654811,"hip": 0.036021977663,"jaz": 0.0412899404764,"pop": 0.147247850895,"rhy": 0.582598030567,"roc": 0.0185006055981,"spe": 0.0221143551171},"probability": 0.582598030567,"value": "rhy"},"genre_tzanetakis": {"all": {"blu": 0.046570237726,"cla": 0.108639135957,"cou": 0.0651582628489,"dis": 0.0542948096991,"hip": 0.046538606286,"jaz": 0.108593158424,"met": 0.0543010272086,"pop": 0.108605891466,"reg": 0.0814592093229,"roc": 0.325839668512},"probability": 0.325839668512,"value": "roc"},"ismir04_rhythm": {"all": {"ChaChaCha": 0.164811894298,"Jive": 0.0456737093627,"Quickstep": 0.0252963062376,"Rumba-American": 0.0490006133914,"Rumba-International": 0.0762435048819,"Rumba-Misc": 0.0678037852049,"Samba": 0.0551658906043,"Tango": 0.181532993913,"VienneseWaltz": 0.258373975754,"Waltz": 0.0760973393917},"probability": 0.258373975754,"value": "VienneseWaltz"},"mood_acoustic": {"all": {"acoustic": 0.0234651900828,"not_acoustic": 0.97653478384},"probability": 0.97653478384,"value": "not_acoustic"},"mood_aggressive": {"all": {"aggressive": 3.00000096379e-14,"not_aggressive": 1},"probability": 1,"value": "not_aggressive"},"mood_electronic": {"all": {"electronic": 0.740704238415,"not_electronic": 0.259295791388},"probability": 0.740704238415,"value": "electronic"},"mood_happy": {"all": {"happy": 0.103605687618,"not_happy": 0.896394312382},"probability": 0.896394312382,"value": "not_happy"},"mood_party": {"all": {"not_party": 0.99998497963,"party": 1.50024416143e-05},"probability": 0.99998497963,"value": "not_party"},"mood_relaxed": {"all": {"not_relaxed": 0.191182896495,"relaxed": 0.808817088604},"probability": 0.808817088604,"value": "relaxed"},"mood_sad": {"all": {"not_sad": 0.535370051861,"sad": 0.464629977942},"probability": 0.535370051861,"value": "not_sad"},"moods_mirex": {"all": {"Cluster1": 0.114890702069,"Cluster2": 0.187228158116,"Cluster3": 0.230406478047,"Cluster4": 0.164928391576,"Cluster5": 0.302546262741},"probability": 0.302546262741,"value": "Cluster5"},"timbre": {"all": {"bright": 0.158965364099,"dark": 0.841034650803},"probability": 0.841034650803,"value": "dark"},"tonal_atonal": {"all": {"atonal": 0.8517562747,"tonal": 0.148243710399},"probability": 0.8517562747,"value": "atonal"},"voice_instrumental": {"all": {"instrumental": 0.0627369359136,"voice": 0.937263071537},"probability": 0.937263071537,"value": "voice"}},"metadata": {"audio_properties": {"analysis_sample_rate": 44100,"bit_rate": 0,"equal_loudness": 0,"length": 248.600006104,"lossless": 1,"replay_gain": -8.95023536682,"codec": "flac","downmix": "mix","md5_encoded": "2ce63f5249462852ec0b8baa2f99dad0"},"tags": {"file_name": "CD1 16 Flight.flac","acoustid_id": ["e0db8b96-c906-46e8-985a-b483c5dc8dcf"],"album": ["Man of Steel"],"albumartist": ["Hans Zimmer"],"albumartistsort": ["Zimmer, Hans"],"artists": ["Hans Zimmer"],"artistsort": ["Zimmer, Hans"],"asin": ["B00C2U6G7C"],"barcode": ["794043169137"],"catalognumber": ["WTM39426"],"date": ["2013-06-11"],"discnumber": ["1"],"disctotal": ["2"],"label": ["WaterTower Music"],"media": ["CD"],"musicbrainz_albumartistid": ["e6de1f3b-6484-491c-88dd-6d619f142abc"],"musicbrainz_albumid": ["82046df2-a149-46f2-8218-5139ee7d0763"],"musicbrainz_artistid": ["e6de1f3b-6484-491c-88dd-6d619f142abc"],"musicbrainz_recordingid": ["3ae22c0f-f3f6-49c4-9983-65183fe715c2"],"musicbrainz_releasegroupid": ["74f154e4-a8a5-4f12-8767-e8845ff65560"],"musicbrainz_releasetrackid": ["567d8778-59c8-48c0-a9af-8afc3017d5b5"],"originaldate": ["2013-06-11"],"releasecountry": ["US"],"releasestatus": ["official"],"releasetype": ["album", "soundtrack"],"script": ["Latn"],"title": ["Flight"],"totaldiscs": ["2"],"totaltracks": ["17"],"tracknumber": ["16"],"tracktotal": ["17"]},"version": {"highlevel": {"essentia": "2.1-beta5-dev","essentia_build_sha": "e74af04b57b164eed312abeef4963962215860f0","essentia_git_sha": "v2.1_beta4-499-g4013ebc","extractor": "music 2.0","gaia": "2.4.5","gaia_git_sha": "v2.4.4-44-g95f4851","models_essentia_git_sha": "v2.1_beta1"},"lowlevel": {"essentia": "2.1-beta1","essentia_build_sha": "7f154e5731828a63663f0144680ef47bd640f88b","essentia_git_sha": "v2.1_beta1-6-g5578087","extractor": "music 1.0"}}}}