{"highlevel": {"danceability": {"all": {"danceable": 0.768672943115,"not_danceable": 0.231327027082},"probability": 0.768672943115,"value": "danceable"},"gender": {"all": {"female": 0.164774388075,"male": 0.835225582123},"probability": 0.835225582123,"value": "male"},"genre_dortmund": {"all": {"alternative": 0.126708969474,"blues": 0.166756778955,"electronic": 0.228014320135,"folkcountry": 0.221558094025,"funksoulrnb": 0.0137073602527,"jazz": 0.0519792512059,"pop": 0.0352114103734,"raphiphop": 0.00939714815468,"rock": 0.146666675806},"probability": 0.228014320135,"value": "electronic"},"genre_electronic": {"all": {"ambient": 0.728628337383,"dnb": 0.0323511064053,"house": 0.122799873352,"techno": 0.010887959972,"trance": 0.105332739651},"probability": 0.728628337383,"value": "ambient"},"genre_rosamerica": {"all": {"cla": 0.0030566714704,"dan": 0.00518152536824,"hip": 0.00420000730082,"jaz": 0.137238100171,"pop": 0.715469658375,"rhy": 0.044667031616,"roc": 0.0871223658323,"spe": 0.00306464871392},"probability": 0.715469658375,"value": "pop"},"genre_tzanetakis": {"all": {"blu": 0.0620671063662,"cla": 0.034474901855,"cou": 0.103433981538,"dis": 0.0620971247554,"hip": 0.15527240932,"jaz": 0.310666948557,"met": 0.044346679002,"pop": 0.0620793737471,"reg": 0.0620816536248,"roc": 0.103479810059},"probability": 0.310666948557,"value": "jaz"},"ismir04_rhythm": {"all": {"ChaChaCha": 0.510643720627,"Jive": 0.077431678772,"Quickstep": 0.0275909006596,"Rumba-American": 0.0439330115914,"Rumba-International": 0.0528062060475,"Rumba-Misc": 0.0210885051638,"Samba": 0.0351707786322,"Tango": 0.104936502874,"VienneseWaltz": 0.116879783571,"Waltz": 0.00951890088618},"probability": 0.510643720627,"value": "ChaChaCha"},"mood_acoustic": {"all": {"acoustic": 0.828014075756,"not_acoustic": 0.171985939145},"probability": 0.828014075756,"value": "acoustic"},"mood_aggressive": {"all": {"aggressive": 0.170788988471,"not_aggressive": 0.829210996628},"probability": 0.829210996628,"value": "not_aggressive"},"mood_electronic": {"all": {"electronic": 0.378813356161,"not_electronic": 0.621186614037},"probability": 0.621186614037,"value": "not_electronic"},"mood_happy": {"all": {"happy": 0.696545541286,"not_happy": 0.303454458714},"probability": 0.696545541286,"value": "happy"},"mood_party": {"all": {"not_party": 0.847906172276,"party": 0.152093827724},"probability": 0.847906172276,"value": "not_party"},"mood_relaxed": {"all": {"not_relaxed": 0.0469835549593,"relaxed": 0.953016459942},"probability": 0.953016459942,"value": "relaxed"},"mood_sad": {"all": {"not_sad": 0.598859488964,"sad": 0.401140540838},"probability": 0.598859488964,"value": "not_sad"},"moods_mirex": {"all": {"Cluster1": 0.159561261535,"Cluster2": 0.475752830505,"Cluster3": 0.108074456453,"Cluster4": 0.180259525776,"Cluster5": 0.0763519257307},"probability": 0.475752830505,"value": "Cluster2"},"timbre": {"all": {"bright": 0.877285778522,"dark": 0.122714228928},"probability": 0.877285778522,"value": "bright"},"tonal_atonal": {"all": {"atonal": 0.0096619296819,"tonal": 0.990338087082},"probability": 0.990338087082,"value": "tonal"},"voice_instrumental": {"all": {"instrumental": 0.979031085968,"voice": 0.0209689382464},"probability": 0.979031085968,"value": "instrumental"}},"metadata": {"audio_properties": {"analysis_sample_rate": 44100,"bit_rate": 128000,"equal_loudness": 0,"length": 178.128982544,"lossless": 0,"replay_gain": -4.02199745178,"sample_rate": 44100,"codec": "mp3","downmix": "mix","md5_encoded": "105752f6859d0cfbf967c37063d290c8"},"tags": {"file_name": "ZZ Top - Snappy Kakkie.mp3","album": ["Tejas"],"albumartist": ["ZZ Top"],"albumartistsort": ["ZZ Top"],"artist": ["ZZ Top"],"artistsort": ["ZZ Top"],"asin": ["B000002KJU"],"barcode": ["075992738323"],"catalognumber": ["7599-27383-2"],"contentgroup": ["Classic Rock"],"date": ["1977"],"discnumber": ["1\/1"],"genre": ["Rock"],"isrc": ["USWB10100986"],"label": ["Warner Bros. Records"],"language": ["eng"],"media": ["CD"],"musicbrainz album release country": ["DE"],"musicbrainz album status": ["official"],"musicbrainz album type": ["album"],"musicbrainz_albumartistid": ["a81259a0-a2f5-464b-866e-71220f2739f1"],"musicbrainz_albumid": ["15c921b8-a2ba-32f4-a2a4-9ffd95dfb0b2"],"musicbrainz_artistid": ["a81259a0-a2f5-464b-866e-71220f2739f1"],"musicbrainz_recordingid": ["f76d76ef-7923-4bf2-87e8-170fbff5cce9"],"musicbrainz_releasegroupid": ["6d8d4a77-3d5d-3f05-ab54-42890f26ba55"],"musicbrainz_workid": ["728ae10a-05ca-3aa0-9179-b35ca9082559"],"originaldate": ["1976"],"originalyear": ["1976"],"script": ["Latn"],"title": ["Snappy Kakkie"],"tracknumber": ["4\/10"],"work": ["Snappy Kakkie"],"writer": ["Dusty Hill; Frank Beard; Billy Gibbons"]},"version": {"highlevel": {"essentia": "2.1-beta5-dev","essentia_build_sha": "e74af04b57b164eed312abeef4963962215860f0","essentia_git_sha": "v2.1_beta4-499-g4013ebc","extractor": "music 2.0","gaia": "2.4.5","gaia_git_sha": "v2.4.4-44-g95f4851","models_essentia_git_sha": "v2.1_beta1"},"lowlevel": {"essentia": "2.1-beta2","essentia_build_sha": "70f2e5ece6736b2c40cc944ad0e695b16b925413","essentia_git_sha": "v2.1_beta2","extractor": "music 1.0"}}}}