{"highlevel": {"danceability": {"all": {"danceable": 3.00000096379e-14,"not_danceable": 1},"probability": 1,"value": "not_danceable"},"gender": {"all": {"female": 0.622126698494,"male": 0.377873301506},"probability": 0.622126698494,"value": "female"},"genre_dortmund": {"all": {"alternative": 1.75374275377e-14,"blues": 2.19899426223e-14,"electronic": 0.999999761581,"folkcountry": 1.99269063472e-08,"funksoulrnb": 2.10852295623e-08,"jazz": 7.31250153763e-08,"pop": 1.54214863102e-08,"raphiphop": 2.67292268319e-08,"rock": 9.56689873988e-08},"probability": 0.999999761581,"value": "electronic"},"genre_electronic": {"all": {"ambient": 0.376606792212,"dnb": 0.0203699935228,"house": 0.027749510482,"techno": 0.304858386517,"trance": 0.270415335894},"probability": 0.376606792212,"value": "ambient"},"genre_rosamerica": {"all": {"cla": 0.00180252257269,"dan": 0.127760693431,"hip": 0.0152981141582,"jaz": 0.00270879594609,"pop": 0.0732409954071,"rhy": 0.00439322413877,"roc": 0.771603107452,"spe": 0.00319255562499},"probability": 0.771603107452,"value": "roc"},"genre_tzanetakis": {"all": {"blu": 0.0617713928223,"cla": 0.0343018434942,"cou": 0.102904699743,"dis": 0.0514719486237,"hip": 0.154438391328,"jaz": 0.309046447277,"met": 0.0441263727844,"pop": 0.0772129744291,"reg": 0.0617708563805,"roc": 0.102955065668},"probability": 0.309046447277,"value": "jaz"},"ismir04_rhythm": {"all": {"ChaChaCha": 0.0672987997532,"Jive": 0.0478344894946,"Quickstep": 0.141016423702,"Rumba-American": 0.0456584282219,"Rumba-International": 0.0463138148189,"Rumba-Misc": 0.0501883178949,"Samba": 0.143114641309,"Tango": 0.0633466243744,"VienneseWaltz": 0.120391584933,"Waltz": 0.274836868048},"probability": 0.274836868048,"value": "Waltz"},"mood_acoustic": {"all": {"acoustic": 0.0955903604627,"not_acoustic": 0.904409646988},"probability": 0.904409646988,"value": "not_acoustic"},"mood_aggressive": {"all": {"aggressive": 3.00000096379e-14,"not_aggressive": 1},"probability": 1,"value": "not_aggressive"},"mood_electronic": {"all": {"electronic": 0.979391694069,"not_electronic": 0.0206082761288},"probability": 0.979391694069,"value": "electronic"},"mood_happy": {"all": {"happy": 0.89941573143,"not_happy": 0.100584261119},"probability": 0.89941573143,"value": "happy"},"mood_party": {"all": {"not_party": 0.999984204769,"party": 1.57784197654e-05},"probability": 0.999984204769,"value": "not_party"},"mood_relaxed": {"all": {"not_relaxed": 0.191182896495,"relaxed": 0.808817088604},"probability": 0.808817088604,"value": "relaxed"},"mood_sad": {"all": {"not_sad": 0.64779394865,"sad": 0.352206081152},"probability": 0.64779394865,"value": "not_sad"},"moods_mirex": {"all": {"Cluster1": 0.0772226452827,"Cluster2": 0.0444035679102,"Cluster3": 0.227747857571,"Cluster4": 0.0306320842355,"Cluster5": 0.61999386549},"probability": 0.61999386549,"value": "Cluster5"},"timbre": {"all": {"bright": 0.239074021578,"dark": 0.76092594862},"probability": 0.76092594862,"value": "dark"},"tonal_atonal": {"all": {"atonal": 0.999999821186,"tonal": 1.53488315391e-07},"probability": 0.999999821186,"value": "atonal"},"voice_instrumental": {"all": {"instrumental": 1,"voice": 6.15159256867e-10},"probability": 1,"value": "instrumental"}},"metadata": {"audio_properties": {"analysis_sample_rate": 44100,"bit_rate": 202467,"equal_loudness": 0,"length": 1118.9822998,"lossless": 0,"replay_gain": 4.46597480774,"sample_rate": 44100,"codec": "mp3","downmix": "mix","md5_encoded": "a23305b66517cfb35800be4882bcaed3"},"tags": {"file_name": "02 - Burnout.mp3","acoustid_id": ["342b0693-d724-4a3b-9e4d-dab14dd126a6"],"album": ["Supercoven"],"albumartist": ["Electric Wizard"],"albumartistsort": ["Electric Wizard"],"artist": ["Electric Wizard"],"artists": ["Electric Wizard"],"artistsort": ["Electric Wizard"],"asin": ["B00004KEQM"],"catalognumber": ["SUNN04"],"date": ["2000-01-25"],"label": ["Southern Lord"],"media": ["CD"],"musicbrainz album release country": ["US"],"musicbrainz album status": ["official"],"musicbrainz album type": ["ep"],"musicbrainz release track id": ["93e612e5-6338-3a37-af49-c99f8200b8ef"],"musicbrainz_albumartistid": ["da7d57e6-0619-4f0f-8d15-d0b4195c3f55"],"musicbrainz_albumid": ["95723409-e2ed-47a0-bf56-d5d37f7dbdc5"],"musicbrainz_artistid": ["da7d57e6-0619-4f0f-8d15-d0b4195c3f55"],"musicbrainz_recordingid": ["863dc379-070d-48ee-bf36-b82cc9e77849"],"musicbrainz_releasegroupid": ["6b14ec0c-2390-30da-b908-0d795ed369e4"],"originaldate": ["1998"],"script": ["Latn"],"title": ["Burnout"],"tracknumber": ["2\/4"]},"version": {"highlevel": {"essentia": "2.1-beta5-dev","essentia_build_sha": "e74af04b57b164eed312abeef4963962215860f0","essentia_git_sha": "v2.1_beta4-499-g4013ebc","extractor": "music 2.0","gaia": "2.4.5","gaia_git_sha": "v2.4.4-44-g95f4851","models_essentia_git_sha": "v2.1_beta1"},"lowlevel": {"essentia": "2.1-beta1","essentia_build_sha": "ca57ba49d9b1854bd80e60cf9ccf267278fb7d6b","essentia_git_sha": "v2.1_beta1-28-g21ef5f4-dirty","extractor": "music 1.0"}}}}