{"highlevel": {"danceability": {"all": {"danceable": 0.0329684689641,"not_danceable": 0.967031538486},"probability": 0.967031538486,"value": "not_danceable"},"gender": {"all": {"female": 0.492832005024,"male": 0.507167994976},"probability": 0.507167994976,"value": "male"},"genre_dortmund": {"all": {"alternative": 0.049147490412,"blues": 0.138032108545,"electronic": 0.103771395981,"folkcountry": 0.598181307316,"funksoulrnb": 0.00513989198953,"jazz": 0.0371385477483,"pop": 0.018245857209,"raphiphop": 0.00375018198974,"rock": 0.0465932451189},"probability": 0.598181307316,"value": "folkcountry"},"genre_electronic": {"all": {"ambient": 0.905706167221,"dnb": 0.00406887987629,"house": 0.0711282864213,"techno": 0.00537281483412,"trance": 0.0137238688767},"probability": 0.905706167221,"value": "ambient"},"genre_rosamerica": {"all": {"cla": 0.149749591947,"dan": 0.00266161677428,"hip": 0.00473229400814,"jaz": 0.724256396294,"pop": 0.0348549894989,"rhy": 0.0726618915796,"roc": 0.00345833180472,"spe": 0.00762486550957},"probability": 0.724256396294,"value": "jaz"},"genre_tzanetakis": {"all": {"blu": 0.0626613423228,"cla": 0.0348169617355,"cou": 0.104475811124,"dis": 0.0784321576357,"hip": 0.15692435205,"jaz": 0.313974827528,"met": 0.0448166541755,"pop": 0.0627359300852,"reg": 0.0627360641956,"roc": 0.0784258767962},"probability": 0.313974827528,"value": "jaz"},"ismir04_rhythm": {"all": {"ChaChaCha": 0.152563810349,"Jive": 0.0252495072782,"Quickstep": 0.0409741401672,"Rumba-American": 0.0707817822695,"Rumba-International": 0.0944854989648,"Rumba-Misc": 0.0934458002448,"Samba": 0.0323154479265,"Tango": 0.157261043787,"VienneseWaltz": 0.262534081936,"Waltz": 0.070388905704},"probability": 0.262534081936,"value": "VienneseWaltz"},"mood_acoustic": {"all": {"acoustic": 0.966091454029,"not_acoustic": 0.033908534795},"probability": 0.966091454029,"value": "acoustic"},"mood_aggressive": {"all": {"aggressive": 0.0365022085607,"not_aggressive": 0.963497817516},"probability": 0.963497817516,"value": "not_aggressive"},"mood_electronic": {"all": {"electronic": 0.0667155236006,"not_electronic": 0.933284461498},"probability": 0.933284461498,"value": "not_electronic"},"mood_happy": {"all": {"happy": 0.0393359959126,"not_happy": 0.960663974285},"probability": 0.960663974285,"value": "not_happy"},"mood_party": {"all": {"not_party": 0.981250464916,"party": 0.0187495201826},"probability": 0.981250464916,"value": "not_party"},"mood_relaxed": {"all": {"not_relaxed": 0.00746505428106,"relaxed": 0.992534935474},"probability": 0.992534935474,"value": "relaxed"},"mood_sad": {"all": {"not_sad": 0.073711425066,"sad": 0.926288604736},"probability": 0.926288604736,"value": "sad"},"moods_mirex": {"all": {"Cluster1": 0.0893011912704,"Cluster2": 0.184916123748,"Cluster3": 0.417222082615,"Cluster4": 0.169090673327,"Cluster5": 0.13946993649},"probability": 0.417222082615,"value": "Cluster3"},"timbre": {"all": {"bright": 0.995433449745,"dark": 0.00456654559821},"probability": 0.995433449745,"value": "bright"},"tonal_atonal": {"all": {"atonal": 0.183811530471,"tonal": 0.816188454628},"probability": 0.816188454628,"value": "tonal"},"voice_instrumental": {"all": {"instrumental": 0.00539911165833,"voice": 0.994600892067},"probability": 0.994600892067,"value": "voice"}},"metadata": {"audio_properties": {"analysis_sample_rate": 44100,"bit_rate": 0,"equal_loudness": 0,"length": 133.199996948,"lossless": 1,"replay_gain": -2.63055038452,"sample_rate": 44100,"codec": "flac","downmix": "mix","md5_encoded": "dbf780ada8787327c03de9684c968a81"},"tags": {"file_name": "09 - New Mama.flac","acoustid_id": ["f5b00ca7-fe90-4120-b5b0-4a1aca928b98"],"album": ["Tonight's the Night"],"albumartist": ["Neil Young"],"albumartistsort": ["Young, Neil"],"artist": ["Neil Young"],"artistsort": ["Young, Neil"],"date": ["1975"],"musicbrainz_albumartistid": ["75167b8b-44e4-407b-9d35-effe87b223cf"],"musicbrainz_albumid": ["d9ecef28-8f1e-457e-a2c4-561a33534aaf"],"musicbrainz_artistid": ["75167b8b-44e4-407b-9d35-effe87b223cf"],"musicbrainz_recordingid": ["86a2c28f-a5a8-4da0-89bd-bd329a366b75"],"title": ["New Mama"],"totaltracks": ["12"],"tracknumber": ["9"],"tracktotal": ["12"]},"version": {"highlevel": {"essentia": "2.1-beta5-dev","essentia_build_sha": "e74af04b57b164eed312abeef4963962215860f0","essentia_git_sha": "v2.1_beta4-499-g4013ebc","extractor": "music 2.0","gaia": "2.4.5","gaia_git_sha": "v2.4.4-44-g95f4851","models_essentia_git_sha": "v2.1_beta1"},"lowlevel": {"essentia": "2.1-beta1","essentia_build_sha": "ca57ba49d9b1854bd80e60cf9ccf267278fb7d6b","essentia_git_sha": "v2.1_beta1-28-g21ef5f4-dirty","extractor": "music 1.0"}}}}