{"highlevel": {"danceability": {"all": {"danceable": 0.993249893188,"not_danceable": 0.00675010075793},"probability": 0.993249893188,"value": "danceable"},"gender": {"all": {"female": 0.379512876272,"male": 0.62048715353},"probability": 0.62048715353,"value": "male"},"genre_dortmund": {"all": {"alternative": 0.000819195411168,"blues": 9.91105407593e-05,"electronic": 0.998617649078,"folkcountry": 0.000115787908726,"funksoulrnb": 4.99427915202e-06,"jazz": 0.000235630170209,"pop": 9.41490179684e-06,"raphiphop": 3.65335426977e-06,"rock": 9.45450083236e-05},"probability": 0.998617649078,"value": "electronic"},"genre_electronic": {"all": {"ambient": 0.475406259298,"dnb": 0.00525530567393,"house": 0.115437343717,"techno": 0.0221879351884,"trance": 0.381713151932},"probability": 0.475406259298,"value": "ambient"},"genre_rosamerica": {"all": {"cla": 0.0137335816398,"dan": 0.125927940011,"hip": 0.15411119163,"jaz": 0.0557724274695,"pop": 0.0934252589941,"rhy": 0.472849339247,"roc": 0.0516362823546,"spe": 0.0325439870358},"probability": 0.472849339247,"value": "rhy"},"genre_tzanetakis": {"all": {"blu": 0.0689665675163,"cla": 0.0382774211466,"cou": 0.114807605743,"dis": 0.0573986619711,"hip": 0.172186940908,"jaz": 0.172201260924,"met": 0.0491683483124,"pop": 0.0860371664166,"reg": 0.0688384696841,"roc": 0.172117561102},"probability": 0.172201260924,"value": "jaz"},"ismir04_rhythm": {"all": {"ChaChaCha": 0.20280598104,"Jive": 0.0820942893624,"Quickstep": 0.0281740967184,"Rumba-American": 0.0646293833852,"Rumba-International": 0.0705113559961,"Rumba-Misc": 0.0470709316432,"Samba": 0.122272096574,"Tango": 0.171152859926,"VienneseWaltz": 0.189593955874,"Waltz": 0.0216950401664},"probability": 0.20280598104,"value": "ChaChaCha"},"mood_acoustic": {"all": {"acoustic": 0.231977880001,"not_acoustic": 0.768022119999},"probability": 0.768022119999,"value": "not_acoustic"},"mood_aggressive": {"all": {"aggressive": 3.00000096379e-14,"not_aggressive": 1},"probability": 1,"value": "not_aggressive"},"mood_electronic": {"all": {"electronic": 0.866979122162,"not_electronic": 0.133020862937},"probability": 0.866979122162,"value": "electronic"},"mood_happy": {"all": {"happy": 0.161298081279,"not_happy": 0.83870190382},"probability": 0.83870190382,"value": "not_happy"},"mood_party": {"all": {"not_party": 0.999259412289,"party": 0.000740579911508},"probability": 0.999259412289,"value": "not_party"},"mood_relaxed": {"all": {"not_relaxed": 0.190456956625,"relaxed": 0.809543013573},"probability": 0.809543013573,"value": "relaxed"},"mood_sad": {"all": {"not_sad": 0.514764308929,"sad": 0.485235661268},"probability": 0.514764308929,"value": "not_sad"},"moods_mirex": {"all": {"Cluster1": 0.101917259395,"Cluster2": 0.126159906387,"Cluster3": 0.32081630826,"Cluster4": 0.132090970874,"Cluster5": 0.319015532732},"probability": 0.32081630826,"value": "Cluster3"},"timbre": {"all": {"bright": 0.590777277946,"dark": 0.409222751856},"probability": 0.590777277946,"value": "bright"},"tonal_atonal": {"all": {"atonal": 0.668013870716,"tonal": 0.331986129284},"probability": 0.668013870716,"value": "atonal"},"voice_instrumental": {"all": {"instrumental": 0.871239960194,"voice": 0.128760054708},"probability": 0.871239960194,"value": "instrumental"}},"metadata": {"audio_properties": {"analysis_sample_rate": 44100,"bit_rate": 0,"equal_loudness": 0,"length": 299.279998779,"lossless": 1,"replay_gain": -12.5850772858,"sample_rate": 44100,"codec": "flac","downmix": "mix","md5_encoded": "e1482b503d7e2f9ed49eb79968a0fc5a"},"tags": {"file_name": "11 Shotgun (Blast To The Brain).flac","acoustid_id": ["e010a30d-3aa8-439b-972c-4cb37f2dee08"],"album": ["At The Center"],"albumartist": ["Meat Beat Manifesto"],"albumartistsort": ["Meat Beat Manifesto"],"artist": ["Meat Beat Manifesto"],"artistsort": ["Meat Beat Manifesto"],"asin": ["B0008EI74Y"],"catalognumber": ["THI57159.2"],"date": ["2005"],"discnumber": ["1"],"disctotal": ["1"],"genre": ["Electronic"],"label": ["Thirsty Ear"],"media": ["CD"],"musicbrainz_albumartistid": ["dcb2955e-ff59-4ff2-a608-cbb90ee3ac38"],"musicbrainz_albumid": ["799238a4-4dbd-4525-87d1-fe63845497e3"],"musicbrainz_artistid": ["dcb2955e-ff59-4ff2-a608-cbb90ee3ac38"],"musicbrainz_recordingid": ["86ea468e-7d6a-447e-83ef-50f72d2b88b1"],"musicbrainz_releasegroupid": ["bbbcffb2-a2ab-3a43-b7c7-55b6c5437080"],"originaldate": ["2005-05-24"],"releasecountry": ["US"],"releasestatus": ["official"],"releasetype": ["album"],"script": ["Latn"],"title": ["Shotgun! (Blast To The Brain)"],"tracknumber": ["11"],"tracktotal": ["12"]},"version": {"highlevel": {"essentia": "2.1-beta5-dev","essentia_build_sha": "e74af04b57b164eed312abeef4963962215860f0","essentia_git_sha": "v2.1_beta4-499-g4013ebc","extractor": "music 2.0","gaia": "2.4.5","gaia_git_sha": "v2.4.4-44-g95f4851","models_essentia_git_sha": "v2.1_beta1"},"lowlevel": {"essentia": "2.1-beta2","essentia_build_sha": "2d9f1f26377add8aeb1075a9c2973f962c4f09fd","essentia_git_sha": "v2.1_beta2-1-ge3940c0","extractor": "music 1.0"}}}}