{"highlevel": {"danceability": {"all": {"danceable": 0.999001443386,"not_danceable": 0.000998546369374},"probability": 0.999001443386,"value": "danceable"},"gender": {"all": {"female": 0.937920868397,"male": 0.0620791055262},"probability": 0.937920868397,"value": "female"},"genre_dortmund": {"all": {"alternative": 0.000474077096442,"blues": 2.47094158112e-05,"electronic": 0.999255955219,"folkcountry": 0.000113853726361,"funksoulrnb": 3.56572991222e-06,"jazz": 6.39255158603e-05,"pop": 1.02475114545e-05,"raphiphop": 7.53258655095e-06,"rock": 4.61078088847e-05},"probability": 0.999255955219,"value": "electronic"},"genre_electronic": {"all": {"ambient": 0.0548100024462,"dnb": 0.00565544981509,"house": 0.786546707153,"techno": 0.0299162492156,"trance": 0.123071558774},"probability": 0.786546707153,"value": "house"},"genre_rosamerica": {"all": {"cla": 0.000294370634947,"dan": 0.0432438589633,"hip": 0.819620132446,"jaz": 0.00171448488254,"pop": 0.00115036859643,"rhy": 0.132044509053,"roc": 0.000237559899688,"spe": 0.00169469602406},"probability": 0.819620132446,"value": "hip"},"genre_tzanetakis": {"all": {"blu": 1.73039564584e-14,"cla": 1.11415783148e-14,"cou": 2.95482666384e-14,"dis": 1.81374046912e-14,"hip": 2.93446568585e-14,"jaz": 0.999999940395,"met": 2.0000017642e-08,"pop": 2.0000017642e-08,"reg": 2.0000017642e-08,"roc": 2.50000233848e-08},"probability": 0.999999940395,"value": "jaz"},"ismir04_rhythm": {"all": {"ChaChaCha": 0.268491744995,"Jive": 0.0748055651784,"Quickstep": 0.040396746248,"Rumba-American": 0.0592594742775,"Rumba-International": 0.0598467998207,"Rumba-Misc": 0.0417942963541,"Samba": 0.14232994616,"Tango": 0.235021054745,"VienneseWaltz": 0.0585993006825,"Waltz": 0.0194550603628},"probability": 0.268491744995,"value": "ChaChaCha"},"mood_acoustic": {"all": {"acoustic": 0.105769351125,"not_acoustic": 0.894230663776},"probability": 0.894230663776,"value": "not_acoustic"},"mood_aggressive": {"all": {"aggressive": 0.152132228017,"not_aggressive": 0.847867786884},"probability": 0.847867786884,"value": "not_aggressive"},"mood_electronic": {"all": {"electronic": 0.889829874039,"not_electronic": 0.110170133412},"probability": 0.889829874039,"value": "electronic"},"mood_happy": {"all": {"happy": 0.156678318977,"not_happy": 0.843321681023},"probability": 0.843321681023,"value": "not_happy"},"mood_party": {"all": {"not_party": 0.0723759159446,"party": 0.927624106407},"probability": 0.927624106407,"value": "party"},"mood_relaxed": {"all": {"not_relaxed": 0.512286424637,"relaxed": 0.487713575363},"probability": 0.512286424637,"value": "not_relaxed"},"mood_sad": {"all": {"not_sad": 0.588557720184,"sad": 0.411442279816},"probability": 0.588557720184,"value": "not_sad"},"moods_mirex": {"all": {"Cluster1": 0.119727700949,"Cluster2": 0.178781121969,"Cluster3": 0.160446539521,"Cluster4": 0.10947098583,"Cluster5": 0.431573659182},"probability": 0.431573659182,"value": "Cluster5"},"timbre": {"all": {"bright": 0.433930635452,"dark": 0.566069364548},"probability": 0.566069364548,"value": "dark"},"tonal_atonal": {"all": {"atonal": 0.968003749847,"tonal": 0.0319962762296},"probability": 0.968003749847,"value": "atonal"},"voice_instrumental": {"all": {"instrumental": 0.0314754731953,"voice": 0.968524515629},"probability": 0.968524515629,"value": "voice"}},"metadata": {"audio_properties": {"analysis_sample_rate": 44100,"bit_rate": 0,"equal_loudness": 0,"length": 212.466659546,"lossless": 1,"replay_gain": -10.8323478699,"sample_rate": 44100,"codec": "flac","downmix": "mix","md5_encoded": "2081f46cc98480e7ba85a02405b6f717"},"tags": {"file_name": "05 - Dub Ites Green & Gold.flac","acoustid_id": ["39b033fe-539e-4472-b48c-35d48d886062"],"album": ["Dub Like Dirt 1975-1977"],"albumartist": ["King Tubby"],"albumartistsort": ["Tubby, King"],"artist": ["King Tubby"],"artistsort": ["Tubby, King"],"asin": ["B00000I9X5"],"barcode": ["783564002627"],"catalognumber": ["BAFCD 026"],"date": ["1999"],"discnumber": ["1"],"disctotal": ["1"],"genre": ["Jamaica - Dub"],"label": ["Blood and Fire"],"media": ["CD"],"musicbrainz_albumartistid": ["576134a6-9f1f-4bfa-af04-4848195849ca"],"musicbrainz_albumid": ["0f4f6d59-e1ad-40a9-92ef-eb933c0885c9"],"musicbrainz_artistid": ["576134a6-9f1f-4bfa-af04-4848195849ca"],"musicbrainz_recordingid": ["86eb9c57-82bf-4634-82e8-2a85cb83a649"],"musicbrainz_releasegroupid": ["29827314-0d06-3782-aa3c-702cd4907408"],"originaldate": ["1999"],"releasecountry": ["GB"],"releasestatus": ["official"],"releasetype": ["album", "compilation"],"script": ["Latn"],"title": ["Dub Ites Green & Gold"],"tracknumber": ["5"],"tracktotal": ["16"]},"version": {"highlevel": {"essentia": "2.1-beta5-dev","essentia_build_sha": "e74af04b57b164eed312abeef4963962215860f0","essentia_git_sha": "v2.1_beta4-499-g4013ebc","extractor": "music 2.0","gaia": "2.4.5","gaia_git_sha": "v2.4.4-44-g95f4851","models_essentia_git_sha": "v2.1_beta1"},"lowlevel": {"essentia": "2.1-beta2","essentia_build_sha": "2d9f1f26377add8aeb1075a9c2973f962c4f09fd","essentia_git_sha": "v2.1_beta2-1-ge3940c0","extractor": "music 1.0"}}}}