{"highlevel": {"danceability": {"all": {"danceable": 0.218100234866,"not_danceable": 0.781899750233},"probability": 0.781899750233,"value": "not_danceable"},"gender": {"all": {"female": 0.121315926313,"male": 0.878684043884},"probability": 0.878684043884,"value": "male"},"genre_dortmund": {"all": {"alternative": 0.00378028163686,"blues": 0.000220008238102,"electronic": 0.995086073875,"folkcountry": 0.000283976201899,"funksoulrnb": 1.42877624967e-05,"jazz": 0.000178258182132,"pop": 2.62851972366e-05,"raphiphop": 5.73379793423e-06,"rock": 0.000405074591981},"probability": 0.995086073875,"value": "electronic"},"genre_electronic": {"all": {"ambient": 0.145394280553,"dnb": 0.0112835681066,"house": 0.619307756424,"techno": 0.0146897947416,"trance": 0.209324583411},"probability": 0.619307756424,"value": "house"},"genre_rosamerica": {"all": {"cla": 0.0169609598815,"dan": 0.11351685971,"hip": 0.0663160309196,"jaz": 0.0870593264699,"pop": 0.343761086464,"rhy": 0.143465310335,"roc": 0.214999884367,"spe": 0.0139205520973},"probability": 0.343761086464,"value": "pop"},"genre_tzanetakis": {"all": {"blu": 0.0626613423228,"cla": 0.0348169617355,"cou": 0.104475811124,"dis": 0.0784321576357,"hip": 0.15692435205,"jaz": 0.313974827528,"met": 0.0448166541755,"pop": 0.0627359300852,"reg": 0.0627360641956,"roc": 0.0784258767962},"probability": 0.313974827528,"value": "jaz"},"ismir04_rhythm": {"all": {"ChaChaCha": 0.0873374789953,"Jive": 0.103773847222,"Quickstep": 0.0167046505958,"Rumba-American": 0.0298359449953,"Rumba-International": 0.0175423678011,"Rumba-Misc": 0.0131178712472,"Samba": 0.0417479127645,"Tango": 0.552631378174,"VienneseWaltz": 0.127754956484,"Waltz": 0.00955360010266},"probability": 0.552631378174,"value": "Tango"},"mood_acoustic": {"all": {"acoustic": 0.0491910278797,"not_acoustic": 0.950808942318},"probability": 0.950808942318,"value": "not_acoustic"},"mood_aggressive": {"all": {"aggressive": 0.455389201641,"not_aggressive": 0.544610798359},"probability": 0.544610798359,"value": "not_aggressive"},"mood_electronic": {"all": {"electronic": 0.922192156315,"not_electronic": 0.0778078585863},"probability": 0.922192156315,"value": "electronic"},"mood_happy": {"all": {"happy": 0.213179692626,"not_happy": 0.786820292473},"probability": 0.786820292473,"value": "not_happy"},"mood_party": {"all": {"not_party": 0.176417246461,"party": 0.82358276844},"probability": 0.82358276844,"value": "party"},"mood_relaxed": {"all": {"not_relaxed": 0.542322218418,"relaxed": 0.457677781582},"probability": 0.542322218418,"value": "not_relaxed"},"mood_sad": {"all": {"not_sad": 0.666739702225,"sad": 0.333260267973},"probability": 0.666739702225,"value": "not_sad"},"moods_mirex": {"all": {"Cluster1": 0.151221647859,"Cluster2": 0.103230908513,"Cluster3": 0.190748378634,"Cluster4": 0.14258480072,"Cluster5": 0.412214279175},"probability": 0.412214279175,"value": "Cluster5"},"timbre": {"all": {"bright": 0.00159405148588,"dark": 0.99840593338},"probability": 0.99840593338,"value": "dark"},"tonal_atonal": {"all": {"atonal": 0.99069494009,"tonal": 0.00930505804718},"probability": 0.99069494009,"value": "atonal"},"voice_instrumental": {"all": {"instrumental": 0.139721170068,"voice": 0.860278844833},"probability": 0.860278844833,"value": "voice"}},"metadata": {"audio_properties": {"analysis_sample_rate": 44100,"bit_rate": 0,"equal_loudness": 0,"length": 322.973327637,"lossless": 1,"replay_gain": -11.2278289795,"codec": "flac","downmix": "mix","md5_encoded": "7bf875b10f929547ad632bfef4323a47"},"tags": {"file_name": "06 Demon's Eye.flac","acoustid_id": ["9f5a7013-de33-4973-b938-5ab76067beb3"],"album": ["The Collection"],"albumartist": ["Deep Purple"],"albumartistsort": ["Deep Purple"],"artist": ["Deep Purple"],"artists": ["Deep Purple"],"artistsort": ["Deep Purple"],"asin": ["B000006Y4A"],"barcode": ["724385507724"],"catalognumber": ["55077 2"],"composer": ["Ian Paice", "Roger Glover", "Jon Lord", "Ritchie Blackmore", "Ian Gillan"],"composersort": ["Paice, Ian", "Glover, Roger", "Lord, Jon", "Blackmore, Ritchie", "Gillan, Ian"],"date": ["1997-04-07"],"discnumber": ["1"],"disctotal": ["1"],"genre": ["Hard Rock"],"grouping": ["Classic Rock"],"isrc": ["GBDXG0600058"],"label": ["EMI Gold"],"language": ["eng"],"media": ["CD"],"mood": ["Groovy; Funky"],"musicbrainz_albumartistid": ["79491354-3d83-40e3-9d8e-7592d58d790a"],"musicbrainz_albumid": ["09c640fb-cd69-4784-b615-ac1058e20dcf"],"musicbrainz_artistid": ["79491354-3d83-40e3-9d8e-7592d58d790a"],"musicbrainz_recordingid": ["cbdd8b67-c521-4a2e-be46-0bd927d2b397"],"musicbrainz_releasegroupid": ["77da9cba-d5e5-375f-8492-c70c39f7d253"],"musicbrainz_releasetrackid": ["a392e09a-c406-3b02-9026-128d270c384c"],"musicbrainz_workid": ["4ec68485-239f-3b95-b153-bd5817d3996b"],"originaldate": ["1997-04-07"],"originalyear": ["1997"],"releasecountry": ["GB"],"releasestatus": ["official"],"releasetype": ["album", "compilation"],"replaygain_album_gain": ["-4.75 dB"],"replaygain_album_peak": ["0.996094"],"replaygain_track_gain": ["-7.44 dB"],"replaygain_track_peak": ["0.944061"],"script": ["Latn"],"title": ["Demon's Eye"],"totaldiscs": ["1"],"totaltracks": ["9"],"tracknumber": ["6"],"tracktotal": ["9"],"work": ["Demon's Eye"]},"version": {"highlevel": {"essentia": "2.1-beta5-dev","essentia_build_sha": "e74af04b57b164eed312abeef4963962215860f0","essentia_git_sha": "v2.1_beta4-499-g4013ebc","extractor": "music 2.0","gaia": "2.4.5","gaia_git_sha": "v2.4.4-44-g95f4851","models_essentia_git_sha": "v2.1_beta1"},"lowlevel": {"essentia": "2.1-beta1","essentia_build_sha": "ed039d7e5a6e3dec64cf0be7c36ef885fb432306","essentia_git_sha": "v2.1_beta1-7-ge0e83e8","extractor": "music 1.0"}}}}