{"highlevel": {"danceability": {"all": {"danceable": 0.999999880791,"not_danceable": 1.00000008274e-07},"probability": 0.999999880791,"value": "danceable"},"gender": {"all": {"female": 0.622126698494,"male": 0.377873301506},"probability": 0.622126698494,"value": "female"},"genre_dortmund": {"all": {"alternative": 0.00024679111084,"blues": 8.05621220934e-06,"electronic": 0.999679625034,"folkcountry": 2.61673103523e-05,"funksoulrnb": 2.3952054562e-07,"jazz": 1.81782343134e-05,"pop": 1.3031007029e-06,"raphiphop": 7.73136079601e-08,"rock": 1.95403190446e-05},"probability": 0.999679625034,"value": "electronic"},"genre_electronic": {"all": {"ambient": 0.570246696472,"dnb": 0.00285784900188,"house": 0.174580842257,"techno": 0.0152604253963,"trance": 0.237054169178},"probability": 0.570246696472,"value": "ambient"},"genre_rosamerica": {"all": {"cla": 0.135508596897,"dan": 0.0186821017414,"hip": 0.030269805342,"jaz": 0.217080458999,"pop": 0.127029567957,"rhy": 0.42133679986,"roc": 0.0308379344642,"spe": 0.0192547496408},"probability": 0.42133679986,"value": "rhy"},"genre_tzanetakis": {"all": {"blu": 1.13367287766e-14,"cla": 3.04301668499e-14,"cou": 1.17068559165e-14,"dis": 4.21400551444e-14,"hip": 2.93635795746e-14,"jaz": 0.999999940395,"met": 2.0000017642e-08,"pop": 2.0000017642e-08,"reg": 2.50000233848e-08,"roc": 1.66666822565e-08},"probability": 0.999999940395,"value": "jaz"},"ismir04_rhythm": {"all": {"ChaChaCha": 0.00706576695666,"Jive": 0.000847291201353,"Quickstep": 7.53781569074e-05,"Rumba-American": 0.00394366588444,"Rumba-International": 0.00093901285436,"Rumba-Misc": 0.0004472710134,"Samba": 0.000553627731279,"Tango": 0.0116240577772,"VienneseWaltz": 0.97414702177,"Waltz": 0.000356889679097},"probability": 0.97414702177,"value": "VienneseWaltz"},"mood_acoustic": {"all": {"acoustic": 0.0955903604627,"not_acoustic": 0.904409646988},"probability": 0.904409646988,"value": "not_acoustic"},"mood_aggressive": {"all": {"aggressive": 0.999999880791,"not_aggressive": 1.00000008274e-07},"probability": 0.999999880791,"value": "aggressive"},"mood_electronic": {"all": {"electronic": 0.979391694069,"not_electronic": 0.0206082761288},"probability": 0.979391694069,"value": "electronic"},"mood_happy": {"all": {"happy": 0.312079668045,"not_happy": 0.687920331955},"probability": 0.687920331955,"value": "not_happy"},"mood_party": {"all": {"not_party": 0.999984204769,"party": 1.57784197654e-05},"probability": 0.999984204769,"value": "not_party"},"mood_relaxed": {"all": {"not_relaxed": 0.191182896495,"relaxed": 0.808817088604},"probability": 0.808817088604,"value": "relaxed"},"mood_sad": {"all": {"not_sad": 0.464635580778,"sad": 0.53536438942},"probability": 0.53536438942,"value": "sad"},"moods_mirex": {"all": {"Cluster1": 0.0772226452827,"Cluster2": 0.0444035679102,"Cluster3": 0.227747857571,"Cluster4": 0.0306320842355,"Cluster5": 0.61999386549},"probability": 0.61999386549,"value": "Cluster5"},"timbre": {"all": {"bright": 0.484266221523,"dark": 0.515733778477},"probability": 0.515733778477,"value": "dark"},"tonal_atonal": {"all": {"atonal": 0.0525530278683,"tonal": 0.947446942329},"probability": 0.947446942329,"value": "tonal"},"voice_instrumental": {"all": {"instrumental": 0.738877356052,"voice": 0.261122643948},"probability": 0.738877356052,"value": "instrumental"}},"metadata": {"audio_properties": {"analysis_sample_rate": 44100,"bit_rate": 0,"equal_loudness": 0,"length": 293.493347168,"lossless": 1,"replay_gain": -12.3686923981,"sample_rate": 44100,"codec": "flac","downmix": "mix","md5_encoded": "cea2e317dc87b7319e4173dfaa9f4fd9"},"tags": {"file_name": "aa4420ce411d8efe822179bcefdf.flac","acoustid_id": ["0058aa44-20ce-411d-8efe-822179bcefdf"],"album": ["Quebec"],"albumartist": ["Ween"],"albumartistsort": ["Ween"],"artist": ["Ween"],"artistsort": ["Ween"],"catalognumber": ["SANCD-135"],"date": ["2003"],"discnumber": ["1"],"disctotal": ["1"],"label": ["Sanctuary Records"],"media": ["CD"],"musicbrainz_albumartistid": ["c0eee88b-47f2-4cd2-ac48-a045e902a432"],"musicbrainz_albumid": ["9a89cc4b-f4cd-3443-89c2-a91c2b54ed8c"],"musicbrainz_artistid": ["c0eee88b-47f2-4cd2-ac48-a045e902a432"],"musicbrainz_recordingid": ["2e5120aa-05b7-4cf6-a9ef-9199ae6a9d44"],"musicbrainz_releasegroupid": ["d51d3947-55f5-3672-8d30-23755dda3cdf"],"musicbrainz_releasetrackid": ["098cadd0-44b2-3d66-afd4-9454f2b4ce2c"],"originaldate": ["2003-08-05"],"originalyear": ["2003"],"releasecountry": ["GB"],"releasestatus": ["official"],"releasetype": ["album"],"script": ["Latn"],"title": ["The Argus"],"totaldiscs": ["1"],"totaltracks": ["15"],"tracknumber": ["14"],"tracktotal": ["15"]},"version": {"highlevel": {"essentia": "2.1-beta5-dev","essentia_build_sha": "e74af04b57b164eed312abeef4963962215860f0","essentia_git_sha": "v2.1_beta4-499-g4013ebc","extractor": "music 2.0","gaia": "2.4.5","gaia_git_sha": "v2.4.4-44-g95f4851","models_essentia_git_sha": "v2.1_beta1"},"lowlevel": {"essentia": "2.1-beta2","essentia_build_sha": "2d9f1f26377add8aeb1075a9c2973f962c4f09fd","essentia_git_sha": "v2.1_beta2-1-ge3940c0","extractor": "music 1.0"}}}}