{"highlevel": {"danceability": {"all": {"danceable": 0.984802365303,"not_danceable": 0.0151976561174},"probability": 0.984802365303,"value": "danceable"},"gender": {"all": {"female": 0.715872466564,"male": 0.284127563238},"probability": 0.715872466564,"value": "female"},"genre_dortmund": {"all": {"alternative": 0.0215357970446,"blues": 0.00389432045631,"electronic": 0.956386089325,"folkcountry": 0.0100407944992,"funksoulrnb": 0.000341726990882,"jazz": 0.00215894333087,"pop": 0.00141083006747,"raphiphop": 0.000289144925773,"rock": 0.00394232477993},"probability": 0.956386089325,"value": "electronic"},"genre_electronic": {"all": {"ambient": 0.42431551218,"dnb": 0.0548570677638,"house": 0.296196877956,"techno": 0.0303984824568,"trance": 0.194232046604},"probability": 0.42431551218,"value": "ambient"},"genre_rosamerica": {"all": {"cla": 0.00932379812002,"dan": 0.0668054148555,"hip": 0.0833052918315,"jaz": 0.0786477997899,"pop": 0.387151122093,"rhy": 0.329438835382,"roc": 0.0398503467441,"spe": 0.00547738745809},"probability": 0.387151122093,"value": "pop"},"genre_tzanetakis": {"all": {"blu": 2.00933528442e-14,"cla": 1.10376880297e-14,"cou": 2.21312073892e-14,"dis": 1.76883671149e-14,"hip": 4.29576757196e-14,"jaz": 0.999999940395,"met": 2.0000017642e-08,"pop": 2.0000017642e-08,"reg": 1.66666822565e-08,"roc": 2.50000233848e-08},"probability": 0.999999940395,"value": "jaz"},"ismir04_rhythm": {"all": {"ChaChaCha": 0.979182600975,"Jive": 0.00185072957538,"Quickstep": 0.000499736692291,"Rumba-American": 0.00632539531216,"Rumba-International": 0.00113189499825,"Rumba-Misc": 0.00078179477714,"Samba": 0.00252466625534,"Tango": 0.00228556361981,"VienneseWaltz": 0.00519434781745,"Waltz": 0.000223298819037},"probability": 0.979182600975,"value": "ChaChaCha"},"mood_acoustic": {"all": {"acoustic": 0.0329817868769,"not_acoustic": 0.967018187046},"probability": 0.967018187046,"value": "not_acoustic"},"mood_aggressive": {"all": {"aggressive": 0.0555661581457,"not_aggressive": 0.944433867931},"probability": 0.944433867931,"value": "not_aggressive"},"mood_electronic": {"all": {"electronic": 0.550475180149,"not_electronic": 0.449524790049},"probability": 0.550475180149,"value": "electronic"},"mood_happy": {"all": {"happy": 0.322831869125,"not_happy": 0.677168130875},"probability": 0.677168130875,"value": "not_happy"},"mood_party": {"all": {"not_party": 0.361719876528,"party": 0.638280153275},"probability": 0.638280153275,"value": "party"},"mood_relaxed": {"all": {"not_relaxed": 0.457675099373,"relaxed": 0.542324900627},"probability": 0.542324900627,"value": "relaxed"},"mood_sad": {"all": {"not_sad": 0.661482155323,"sad": 0.338517814875},"probability": 0.661482155323,"value": "not_sad"},"moods_mirex": {"all": {"Cluster1": 0.145730555058,"Cluster2": 0.288364857435,"Cluster3": 0.0782675519586,"Cluster4": 0.200241401792,"Cluster5": 0.287395656109},"probability": 0.288364857435,"value": "Cluster2"},"timbre": {"all": {"bright": 0.982165277004,"dark": 0.0178347397596},"probability": 0.982165277004,"value": "bright"},"tonal_atonal": {"all": {"atonal": 0.189772233367,"tonal": 0.810227751732},"probability": 0.810227751732,"value": "tonal"},"voice_instrumental": {"all": {"instrumental": 0.313022404909,"voice": 0.686977624893},"probability": 0.686977624893,"value": "voice"}},"metadata": {"audio_properties": {"analysis_sample_rate": 44100,"bit_rate": 0,"equal_loudness": 0,"length": 243.547576904,"lossless": 1,"replay_gain": -10.6503143311,"sample_rate": 96000,"codec": "flac","downmix": "mix","md5_encoded": "82cb5201977e7b0dc6db4578a899cfc7"},"tags": {"file_name": "1-01 This Is Emotion.flac","acoustid_fingerprint": ["AQADtMnFKEmSJAzitmj0oSfxLRd-OGJY4Uf-LhCjZkd-Az9xGn4U5MN9Qs542FNWxBvxfPgDPzyOG_mlwZcsqDJ-_PhaiA8PqM2F_2j0olc66PzwHz5zxPqR5_gfiFcUXN2RH_9w2AmPXPhxHVrEKTvaI_-MB32yo6kY_MhfaB2Dpspu5B92D_6CXySe-witSHgu6JK-IcyaB19w7LLh88OPfNAiNgj14cePG32yHM2D80RShPtSNA_u4DlxHbaPi9fwHPlJeFVSqPtw_EHlXWiu48eTQ_ATDbmH-_gFc5VxPEd-iKt0_PgOXOshPlGU4nj24EcjNoM2_fiD__B-xB6NM5dwmNESfMmOn2huhCSDb4EcWRv6RMmRthcq5Ql-XDqO6zDVHNdvnAgXZkeTSslwXDjCZ0GT9jhy7XgaiHyY4YeO_mi4vrgeDXK4o9mjCaHGqDh-_HgGP0deXNyhlxpSqQqe4z5--Mcd5C9k7vDKIz6DHx_ObEa6hanw4xT0PAgjiQl6sniOE67a4ePxBzlEpRwRFz-O03C-4LxwRbh4oVHkGH2oIr-RHJWno5kUVNML79mCbt5WVD8SDnkOo_l0vDryXoCY53gzyYj_AI10ow_xGzeD1MlCnFDf4kduHbaPfDl04TqHcJHyo-F4nAxuHY8oeK_wTwpyaFyRqllQaQGueTjhM8cR-5BvRUhfvMmLH9d-mOSLH89ROUcj5VKEVzmuY5KOMDugVNOJS7GFH40ix4WmHbnwo_7R_LiS40eYz4J25AJ--JqM49qRoyKVodE96HqBilvQ3MNx8Ye_ZINMRR4u4jmqp4OiHLuPvAmOnjkaPtHx4Ab8F9-HPEugPUYTkWmR57jwIly4pEPz4Rd-vIdfvO9w_oCoZrFwEld92MSZrIV-NKER8jn6w5NV-FrRJzqRsxX0HGHykOh1_DiDPiMaHfmDZPPyoGFOHDfOFI3foMf7CfnxQ0e6bImEMztQfUHjTsLpFGE-EtUh5B_qpzCVHKV04UeOSz1EaQzy4viF6rvQlErxE98Fywvy6Hhg8xii6ugawh_eoHwqXJTR5Dsi9THk6Xhy5PmEnpgySimOd2im7-iD50R1PfiIG47uIzzk7UZOlGOyBc7RonkQypmKLxeaXtD2xNCJUgmNNFSL_kHfifBR8UIkR4thHafwLDE2TS_sGm20BM8J_Qvyo3mFjskpfPjxHTnEWUG-HMfRnJHQIyehRdtSVJuOo2lz9DG07_CpoVZYIRRPWHoDo5xO_EdTMUfZC_eRH_I2C2FGKSt69Al8CemYox0dyDkaIy98Fv1xJtfQHs0z4sxxJFueI0w-_MKBktLR5MF15NTRRyma47kIPccv-B2e40KjcwivIY-SH9eRLw38HsfnHF_04VEO78nxNcePckcT9xquRBfOI38ciPIQyx52fAl-E-lYqKrwQ3nWIpJ_NMmJ_zj6LUOzIz-SvTqYtDIeXsIT6fjRXJuQ5YeOLxeUR7GQZxesHE-k48qMtzu8LseVHeeJ9CFeHMd1NGOUrAg_nIgNXb6G9MF1_DgsrcfT4MyO9AqekcP5Fc-PMxTS3ziF-Cme6UjGJUOTJ_hxRm3x_fC6CH9wnP2QxlGyCXoG_OhraImZ49oFuTsCS6FS4wqNK6fwE94r5NATotEa-QgZKQpyQf5wq0SkLxWaT0JkaYeeC1eOHM05VJ-H6wkeZ0euQIuLp4GtIzyuIL4T7FUI7SnSrniFXnKE7_jSIxczOE4O3QI_xfiPptkPZhN_aDKDZj3OD02fBq2SHJdE6L3QK4dyw6KIksVtfEe9oyGJX-jR6I5wB-fRXEW14xd-_ENbxWhOXMePSj-mHLKUH8eX5ehzaLki4biDnlQCLak-5DyeYnoWNLkT_LiYI08TaLmF8HnRlRbSJw166FEilCzCY9ofpFWPSkqgf6i2SFPQHTnOhCkaRtED5vg6VL9wMR5IhuJQUTmSI3_QPOlRShmPK7kwArkM7WgqKYgdPBcqMw6aH09C5EwFtxHka3jRMmiqFmd6fNAV_IJ35HXx5bhVNE6WoMavDfmh9TF-tEmD_BidS0c6Mk4InTmyvIEZ5WiYMJmCY2ZqCv-R_3AVFnp6_GhbaLmyItK-Do6Pi0aY4ye-HNrRdDt-pdCGMD-e3PiD52jqCMxzEad0fAdV3biaZki-Gc1PhB_OCc9FuEmpIo8pKHqQRmSq4MeWTJnRhznO5MiV4-qh5UfpId6Dmbnwoe_R9EWeztDxvAgziT76JMOTG0WYH3qO58EXHkfJHz6enOjxLGjMHL2OlwzucWhCkYI2Lcf1FKUaNNaDeJWFUj4aTcerodSL5nzwr8h3VJLT4NXRE3-ELzsu7fgNcWSQR8lRPkWei7hI4omPZlIe6J3g88N-6MmGcmFYuBeax8WZPbiMMoyMJp6Mlz7uhCae4xea6sWnXEGbH7km_Oj1IFKqQc_Co9aLdAvea_gEj0evKI7wYOKTaUVqQX8Q9gV_PDn2B7eFJjtCUsKnQD_y5IGVpbgfNM_QM0cM_eiDJtfwHPqQN2jeo9qz4wp-mMeT5bh45NCWkwgTTsnx4B5u9EzRbGWFX_iDH9Y3IdehHvlhLhSF6zgOy-zwFNfxEn2iHM135Iec7MIPPwQABDBQMACEIYZAJjwAgBHiAIAAMGEggQoIQgAgRgAgBBBCKCKEIIAQSxQXSgrgEGAEBAIpgAQ5IQwRgihDCDFECEEwARAZR4AwBBAEFDBIAMMMIEwRCIwgThkjhVHEKSOgEAA4gABZgjhAHEGKEEOAKAgRBIAAigiKQGEACKKCEWcIEZQEznCAhRJCmOKUYkg4IAwjABGnBFCGCGIQJ8wAwQQzABCGhHGIAaOQAYghEZAAiBAAgAKGAAUcEwAYBjwAABDKCRJAEAEUcYAYCoAjQgHAHAJCSMAQAIAgQwkgCgEGJBBAGgI4IUQh4BAAxRAEiBAAGGKscIABAgxjShgBkFIGCOKYMkQRIJAgwhBEhCAEACIQMwAKygSSQCiSGHAEKCUgJwAAIYQDxEGpAEFAAgCQMYYBZSAEggACnKLEKCeAAEYBYEARSkmAiFACESPAgpQhhhwwTCFDnASSKEYEEMQUBQRgAABDAARGQYCAcgoJQwhAhokBAIGGGCeEUIgRg4hTzDEhBDBEMCWcQEQYJJQADiFhACBCCCAAQwIIBoBhjTlEACAEEAGIJYIYgSQlCBAAsFJAAGKUQgAgBYwzQQhAGDEEAKeAMMQZIQkAjiEgBCAICEKEQcAYohAQEBABDEFEKiCYQYwSLYwAVgAkhBGeAGAEEAARAwRAiAiBmAAECgOIMU4hYR1BwDlIBBUGBKSAYEgQoSQzjAEgkQBGCgsEQMaaIKwBBCFOnBGCCKCYQkAphglQhAkCDEKOSCIENxIAQARhQCBABAHECYCQNoQgAYAwkAjilBGEAMCAIYBpwwARFABBDDFEAAOJAAAAIQwBRAGEmBAAqiQUE5ApIRUxQCBgAACAGSaEEEQAQgQwRBBFgCEEAWEJMIgIMAQgkjhEBAACFEAAEAQYBRgQACCkiEFICCYUMQIIIZxATAiACAAKIqAAMGAIA4lwhCFAAFJiGeBZJ0ACAQRhhBCHAA"],"acoustid_id": ["e3ed94a8-aaca-4fb4-aa86-e2bc8018ad39"],"album": ["Metal Rhythm"],"albumartist": ["Gary Numan"],"albumartistsort": ["Numan, Gary"],"artist": ["Gary Numan"],"artistsort": ["Numan, Gary"],"barcode": ["5015557001566"],"catalognumber": ["ILP035"],"composer": ["Gary Numan"],"date": ["1988"],"discnumber": ["1"],"disctotal": ["1"],"genre": ["Synth-pop"],"grouping": ["Electronic"],"label": ["Illegal Records"],"language": ["eng"],"media": ["12″ Vinyl"],"musicbrainz_albumartistid": ["6cb79cb2-9087-44d4-828b-5c6fdff2c957"],"musicbrainz_albumid": ["d004cac3-c92d-4105-9ee7-c7f124b06e48"],"musicbrainz_artistid": ["6cb79cb2-9087-44d4-828b-5c6fdff2c957"],