{"highlevel": {"danceability": {"all": {"danceable": 0.999999701977,"not_danceable": 2.70617078968e-07},"probability": 0.999999701977,"value": "danceable"},"gender": {"all": {"female": 0.622126698494,"male": 0.377873301506},"probability": 0.622126698494,"value": "female"},"genre_dortmund": {"all": {"alternative": 0.0906731784344,"blues": 0.00190515432041,"electronic": 0.895272135735,"folkcountry": 0.00309111783281,"funksoulrnb": 0.000431467109593,"jazz": 0.0009536286816,"pop": 0.000772432191297,"raphiphop": 0.000125707869302,"rock": 0.00677517615259},"probability": 0.895272135735,"value": "electronic"},"genre_electronic": {"all": {"ambient": 0.913575768471,"dnb": 0.0151289450005,"house": 0.0123075488955,"techno": 0.00501024024561,"trance": 0.0539774745703},"probability": 0.913575768471,"value": "ambient"},"genre_rosamerica": {"all": {"cla": 0.0103397769853,"dan": 0.00394446915016,"hip": 0.00661341613159,"jaz": 0.00728476932272,"pop": 0.404587894678,"rhy": 0.00639035319909,"roc": 0.559687793255,"spe": 0.0011515407823},"probability": 0.559687793255,"value": "roc"},"genre_tzanetakis": {"all": {"blu": 0.0626541376114,"cla": 0.0348133966327,"cou": 0.0783501937985,"dis": 0.104547761381,"hip": 0.15693578124,"jaz": 0.313987255096,"met": 0.044816005975,"pop": 0.0627349764109,"reg": 0.0627352520823,"roc": 0.0784252434969},"probability": 0.313987255096,"value": "jaz"},"ismir04_rhythm": {"all": {"ChaChaCha": 0.0578302741051,"Jive": 0.113202251494,"Quickstep": 0.019150217995,"Rumba-American": 0.0193790644407,"Rumba-International": 0.0114976987243,"Rumba-Misc": 0.00931469164789,"Samba": 0.0750514343381,"Tango": 0.627153515816,"VienneseWaltz": 0.0579131394625,"Waltz": 0.00950771290809},"probability": 0.627153515816,"value": "Tango"},"mood_acoustic": {"all": {"acoustic": 0.0028106062673,"not_acoustic": 0.99718940258},"probability": 0.99718940258,"value": "not_acoustic"},"mood_aggressive": {"all": {"aggressive": 0.873959004879,"not_aggressive": 0.12604098022},"probability": 0.873959004879,"value": "aggressive"},"mood_electronic": {"all": {"electronic": 0.999308764935,"not_electronic": 0.000691228487995},"probability": 0.999308764935,"value": "electronic"},"mood_happy": {"all": {"happy": 0.00943253282458,"not_happy": 0.990567445755},"probability": 0.990567445755,"value": "not_happy"},"mood_party": {"all": {"not_party": 0.0728893205523,"party": 0.927110671997},"probability": 0.927110671997,"value": "party"},"mood_relaxed": {"all": {"not_relaxed": 0.227850481868,"relaxed": 0.772149503231},"probability": 0.772149503231,"value": "relaxed"},"mood_sad": {"all": {"not_sad": 0.885618448257,"sad": 0.114381581545},"probability": 0.885618448257,"value": "not_sad"},"moods_mirex": {"all": {"Cluster1": 0.0647560358047,"Cluster2": 0.0452675409615,"Cluster3": 0.087123259902,"Cluster4": 0.0451858006418,"Cluster5": 0.75766736269},"probability": 0.75766736269,"value": "Cluster5"},"timbre": {"all": {"bright": 0.0303622279316,"dark": 0.969637751579},"probability": 0.969637751579,"value": "dark"},"tonal_atonal": {"all": {"atonal": 0.965464413166,"tonal": 0.0345355756581},"probability": 0.965464413166,"value": "atonal"},"voice_instrumental": {"all": {"instrumental": 0.938139379025,"voice": 0.0618606470525},"probability": 0.938139379025,"value": "instrumental"}},"metadata": {"audio_properties": {"analysis_sample_rate": 44100,"bit_rate": 80000,"equal_loudness": 0,"length": 193.53453064,"lossless": 0,"replay_gain": -1.76613426208,"sample_rate": 32000,"codec": "mp3","downmix": "mix","md5_encoded": "a8562417f8ae1db5da3e06a72820e605"},"tags": {"file_name": "12 I Know What Boys Like.mp3","album": ["The Good, the Bad, and the Argyle"],"albumartist": ["The Bouncing Souls"],"albumartistsort": ["Bouncing Souls, The"],"artist": ["The Bouncing Souls"],"asin": ["B00005T60S"],"barcode": ["020282003124"],"catalognumber": ["BYO 031CD"],"contentgroup": ["USA"],"date": ["1994"],"discnumber": ["1\/1"],"genre": ["Punk"],"label": ["BYO Records"],"language": ["eng"],"media": ["CD"],"musicbrainz album release country": ["US"],"musicbrainz album status": ["official"],"musicbrainz album type": ["album"],"musicbrainz_albumartistid": ["429d5f26-329c-41cc-bdff-17c29dbf1fb8"],"musicbrainz_albumid": ["919fa0c1-2825-4089-adeb-5402c9f9f4bc"],"musicbrainz_artistid": ["429d5f26-329c-41cc-bdff-17c29dbf1fb8"],"musicbrainz_recordingid": ["6622cd7f-aa62-4d9b-90b8-818ce204f3c3"],"originaldate": ["1994"],"script": ["Latn"],"title": ["I Know What Boys Like"],"tracknumber": ["12\/12"]},"version": {"highlevel": {"essentia": "2.1-beta5-dev","essentia_build_sha": "e74af04b57b164eed312abeef4963962215860f0","essentia_git_sha": "v2.1_beta4-499-g4013ebc","extractor": "music 2.0","gaia": "2.4.5","gaia_git_sha": "v2.4.4-44-g95f4851","models_essentia_git_sha": "v2.1_beta1"},"lowlevel": {"essentia": "2.1-beta1","essentia_build_sha": "ca57ba49d9b1854bd80e60cf9ccf267278fb7d6b","essentia_git_sha": "v2.1_beta1-28-g21ef5f4-dirty","extractor": "music 1.0"}}}}