{"highlevel": {"danceability": {"all": {"danceable": 0.169855758548,"not_danceable": 0.830144226551},"probability": 0.830144226551,"value": "not_danceable"},"gender": {"all": {"female": 0.975055515766,"male": 0.0249444805086},"probability": 0.975055515766,"value": "female"},"genre_dortmund": {"all": {"alternative": 2.85624857099e-10,"blues": 3.06008718365e-10,"electronic": 0.999998867512,"folkcountry": 5.3419327628e-08,"funksoulrnb": 1.65095688232e-08,"jazz": 9.27858422983e-07,"pop": 1.65497837656e-08,"raphiphop": 1.52684016541e-08,"rock": 1.19437842727e-07},"probability": 0.999998867512,"value": "electronic"},"genre_electronic": {"all": {"ambient": 0.530317425728,"dnb": 0.00117331393994,"house": 0.0328507311642,"techno": 0.00684422207996,"trance": 0.428814291954},"probability": 0.530317425728,"value": "ambient"},"genre_rosamerica": {"all": {"cla": 0.0421683304012,"dan": 0.0151363862678,"hip": 0.00515734637156,"jaz": 0.00878544896841,"pop": 0.0200253427029,"rhy": 0.018163966015,"roc": 0.886721730232,"spe": 0.00384144438431},"probability": 0.886721730232,"value": "roc"},"genre_tzanetakis": {"all": {"blu": 0.0626613423228,"cla": 0.0348169617355,"cou": 0.104475811124,"dis": 0.0784321576357,"hip": 0.15692435205,"jaz": 0.313974827528,"met": 0.0448166541755,"pop": 0.0627359300852,"reg": 0.0627360641956,"roc": 0.0784258767962},"probability": 0.313974827528,"value": "jaz"},"ismir04_rhythm": {"all": {"ChaChaCha": 0.0168294087052,"Jive": 0.0116378786042,"Quickstep": 0.000669660745189,"Rumba-American": 0.0016959621571,"Rumba-International": 0.000636212760583,"Rumba-Misc": 0.000759192218538,"Samba": 0.00177900993731,"Tango": 0.24447260797,"VienneseWaltz": 0.72096824646,"Waltz": 0.000551802047994},"probability": 0.72096824646,"value": "VienneseWaltz"},"mood_acoustic": {"all": {"acoustic": 0.0586013197899,"not_acoustic": 0.94139868021},"probability": 0.94139868021,"value": "not_acoustic"},"mood_aggressive": {"all": {"aggressive": 0.819671392441,"not_aggressive": 0.180328577757},"probability": 0.819671392441,"value": "aggressive"},"mood_electronic": {"all": {"electronic": 0.781581699848,"not_electronic": 0.218418329954},"probability": 0.781581699848,"value": "electronic"},"mood_happy": {"all": {"happy": 0.345996886492,"not_happy": 0.654003083706},"probability": 0.654003083706,"value": "not_happy"},"mood_party": {"all": {"not_party": 0.753246963024,"party": 0.246753036976},"probability": 0.753246963024,"value": "not_party"},"mood_relaxed": {"all": {"not_relaxed": 0.276408731937,"relaxed": 0.723591268063},"probability": 0.723591268063,"value": "relaxed"},"mood_sad": {"all": {"not_sad": 0.644480109215,"sad": 0.355519890785},"probability": 0.644480109215,"value": "not_sad"},"moods_mirex": {"all": {"Cluster1": 0.0727547258139,"Cluster2": 0.0600793920457,"Cluster3": 0.221012055874,"Cluster4": 0.0397804453969,"Cluster5": 0.606373369694},"probability": 0.606373369694,"value": "Cluster5"},"timbre": {"all": {"bright": 0.754688322544,"dark": 0.245311692357},"probability": 0.754688322544,"value": "bright"},"tonal_atonal": {"all": {"atonal": 0.140510395169,"tonal": 0.859489619732},"probability": 0.859489619732,"value": "tonal"},"voice_instrumental": {"all": {"instrumental": 0.996828079224,"voice": 0.00317191961221},"probability": 0.996828079224,"value": "instrumental"}},"metadata": {"audio_properties": {"analysis_sample_rate": 44100,"bit_rate": 0,"equal_loudness": 0,"length": 465.399993896,"lossless": 1,"replay_gain": -13.3273563385,"sample_rate": 44100,"codec": "flac","downmix": "mix","md5_encoded": "d0118a437bb81cf35dbbcc53965c0ada"},"tags": {"file_name": "01_Wrists_of_Kings.flac","acoustid_id": ["665aa79f-0982-4bdd-ab77-79916ea7ce35"],"album": ["In the Absence of Truth"],"albumartist": ["Isis"],"albumartistsort": ["Isis"],"artist": ["Isis"],"artistsort": ["Isis"],"asin": ["B000I2K9JW"],"barcode": ["689230008125"],"catalognumber": ["IPC-81"],"date": ["2006-10-31"],"discnumber": ["1"],"disctotal": ["1"],"genre": ["Heavy Metal"],"label": ["Ipecac Recordings"],"language": ["eng"],"media": ["CD"],"musicbrainz_albumartistid": ["5e521e8c-0ab2-44c4-8fd8-14d8d3321265"],"musicbrainz_albumid": ["8975f6d6-1776-4aa9-b997-cc9369c5ba5a"],"musicbrainz_artistid": ["5e521e8c-0ab2-44c4-8fd8-14d8d3321265"],"musicbrainz_recordingid": ["6629f927-1818-4b64-adf7-e402c0987dfb"],"musicbrainz_releasegroupid": ["bd21552f-34ac-37bf-b53f-10f7c8bd043d"],"musicbrainz_releasetrackid": ["5dbcd9e6-1ba3-3cfd-b015-71641fdcb441"],"originaldate": ["2006-10-06"],"releasecountry": ["US"],"releasestatus": ["official"],"releasetype": ["album"],"script": ["Latn"],"title": ["Wrists of Kings"],"totaldiscs": ["1"],"totaltracks": ["9"],"tracknumber": ["1"],"tracktotal": ["9"]},"version": {"highlevel": {"essentia": "2.1-beta5-dev","essentia_build_sha": "e74af04b57b164eed312abeef4963962215860f0","essentia_git_sha": "v2.1_beta4-499-g4013ebc","extractor": "music 2.0","gaia": "2.4.5","gaia_git_sha": "v2.4.4-44-g95f4851","models_essentia_git_sha": "v2.1_beta1"},"lowlevel": {"essentia": "2.1-beta2","essentia_build_sha": "70f2e5ece6736b2c40cc944ad0e695b16b925413","essentia_git_sha": "v2.1_beta2","extractor": "music 1.0"}}}}