{"highlevel": {"danceability": {"all": {"danceable": 0.0275782886893,"not_danceable": 0.972421705723},"probability": 0.972421705723,"value": "not_danceable"},"gender": {"all": {"female": 0.0266357287765,"male": 0.973364293575},"probability": 0.973364293575,"value": "male"},"genre_dortmund": {"all": {"alternative": 0.128705456853,"blues": 0.0220028460026,"electronic": 0.7815502882,"folkcountry": 0.0158472917974,"funksoulrnb": 0.0042084637098,"jazz": 0.00633679237217,"pop": 0.00656727561727,"raphiphop": 0.00377180753276,"rock": 0.0310097634792},"probability": 0.7815502882,"value": "electronic"},"genre_electronic": {"all": {"ambient": 0.162920743227,"dnb": 0.0338545180857,"house": 0.0634368285537,"techno": 0.0155771933496,"trance": 0.724210739136},"probability": 0.724210739136,"value": "trance"},"genre_rosamerica": {"all": {"cla": 0.000608496717177,"dan": 0.0142929377034,"hip": 0.00942867342383,"jaz": 0.000761110452004,"pop": 0.204852551222,"rhy": 0.00213145371526,"roc": 0.767276644707,"spe": 0.000648109649774},"probability": 0.767276644707,"value": "roc"},"genre_tzanetakis": {"all": {"blu": 0.0626613423228,"cla": 0.0348169617355,"cou": 0.104475811124,"dis": 0.0784321576357,"hip": 0.15692435205,"jaz": 0.313974827528,"met": 0.0448166541755,"pop": 0.0627359300852,"reg": 0.0627360641956,"roc": 0.0784258767962},"probability": 0.313974827528,"value": "jaz"},"ismir04_rhythm": {"all": {"ChaChaCha": 0.813805580139,"Jive": 0.0301837809384,"Quickstep": 0.00543676270172,"Rumba-American": 0.0141413947567,"Rumba-International": 0.00520497700199,"Rumba-Misc": 0.00447246525437,"Samba": 0.017001317814,"Tango": 0.0750076025724,"VienneseWaltz": 0.0317650325596,"Waltz": 0.00298107159324},"probability": 0.813805580139,"value": "ChaChaCha"},"mood_acoustic": {"all": {"acoustic": 1.55298494064e-05,"not_acoustic": 0.999984443188},"probability": 0.999984443188,"value": "not_acoustic"},"mood_aggressive": {"all": {"aggressive": 0.991953730583,"not_aggressive": 0.00804629269987},"probability": 0.991953730583,"value": "aggressive"},"mood_electronic": {"all": {"electronic": 0.388154149055,"not_electronic": 0.611845850945},"probability": 0.611845850945,"value": "not_electronic"},"mood_happy": {"all": {"happy": 0.285679578781,"not_happy": 0.714320421219},"probability": 0.714320421219,"value": "not_happy"},"mood_party": {"all": {"not_party": 0.15019069612,"party": 0.849809288979},"probability": 0.849809288979,"value": "party"},"mood_relaxed": {"all": {"not_relaxed": 0.972609162331,"relaxed": 0.0273908562958},"probability": 0.972609162331,"value": "not_relaxed"},"mood_sad": {"all": {"not_sad": 0.937934756279,"sad": 0.0620652399957},"probability": 0.937934756279,"value": "not_sad"},"moods_mirex": {"all": {"Cluster1": 0.115608565509,"Cluster2": 0.0545527525246,"Cluster3": 0.0831917077303,"Cluster4": 0.0434753336012,"Cluster5": 0.703171610832},"probability": 0.703171610832,"value": "Cluster5"},"timbre": {"all": {"bright": 0.413906633854,"dark": 0.586093366146},"probability": 0.586093366146,"value": "dark"},"tonal_atonal": {"all": {"atonal": 0.910624742508,"tonal": 0.0893752798438},"probability": 0.910624742508,"value": "atonal"},"voice_instrumental": {"all": {"instrumental": 0.0562769137323,"voice": 0.943723082542},"probability": 0.943723082542,"value": "voice"}},"metadata": {"audio_properties": {"analysis_sample_rate": 44100,"bit_rate": 0,"equal_loudness": 0,"length": 291.866668701,"lossless": 1,"replay_gain": -15.1146907806,"sample_rate": 44100,"codec": "flac","downmix": "mix","md5_encoded": "ea2c14fa7f00377d86a8f93576edf5f1"},"tags": {"file_name": "02 Avantasia - Promised Land.flac","album": ["Lost in Space, Part 2"],"albumartist": ["Avantasia"],"albumartistsort": ["Avantasia"],"artist": ["Avantasia"],"artistsort": ["Avantasia"],"asin": ["B000X1L8FM"],"barcode": ["727361199128"],"catalognumber": ["NB 1991-2"],"date": ["2007-11-15"],"discnumber": ["1"],"disctotal": ["1"],"genre": ["Power Metal"],"label": ["Nuclear Blast"],"language": ["eng"],"media": ["CD"],"musicbrainz_albumartistid": ["2ecbc483-dee4-442f-8ce7-f3ab31c73f87"],"musicbrainz_albumid": ["70711162-1b94-4afc-bee0-e9dd1f16a86a"],"musicbrainz_artistid": ["2ecbc483-dee4-442f-8ce7-f3ab31c73f87"],"musicbrainz_recordingid": ["66d21ce9-bd27-4dfa-9f3c-8282b6e8851b"],"musicbrainz_releasegroupid": ["ecb33435-fe64-38f1-ae42-15057d1b67d4"],"musicbrainz_releasetrackid": ["30c63eeb-a6da-37ad-b6a0-4abe83953988"],"originaldate": ["2007-11-15"],"originalyear": ["2007"],"releasecountry": ["DE"],"releasestatus": ["official"],"releasetype": ["ep"],"script": ["Latn"],"title": ["Promised Land"],"totaldiscs": ["1"],"totaltracks": ["6"],"tracknumber": ["2"],"tracktotal": ["6"]},"version": {"highlevel": {"essentia": "2.1-beta5-dev","essentia_build_sha": "e74af04b57b164eed312abeef4963962215860f0","essentia_git_sha": "v2.1_beta4-499-g4013ebc","extractor": "music 2.0","gaia": "2.4.5","gaia_git_sha": "v2.4.4-44-g95f4851","models_essentia_git_sha": "v2.1_beta1"},"lowlevel": {"essentia": "2.1-beta2","essentia_build_sha": "2d9f1f26377add8aeb1075a9c2973f962c4f09fd","essentia_git_sha": "v2.1_beta2-1-ge3940c0","extractor": "music 1.0"}}}}