{"highlevel": {"danceability": {"all": {"danceable": 0.0581492297351,"not_danceable": 0.941850781441},"probability": 0.941850781441,"value": "not_danceable"},"gender": {"all": {"female": 0.0257562492043,"male": 0.974243760109},"probability": 0.974243760109,"value": "male"},"genre_dortmund": {"all": {"alternative": 0.218257889152,"blues": 0.0659705102444,"electronic": 0.230660036206,"folkcountry": 0.313106000423,"funksoulrnb": 0.0101423766464,"jazz": 0.026351377368,"pop": 0.0350322648883,"raphiphop": 0.00791892595589,"rock": 0.0925606116652},"probability": 0.313106000423,"value": "folkcountry"},"genre_electronic": {"all": {"ambient": 0.811156511307,"dnb": 0.00748465489596,"house": 0.134974732995,"techno": 0.00882524158806,"trance": 0.037558849901},"probability": 0.811156511307,"value": "ambient"},"genre_rosamerica": {"all": {"cla": 0.113865867257,"dan": 0.0123502789065,"hip": 0.0230834037066,"jaz": 0.161297500134,"pop": 0.184320494533,"rhy": 0.431055873632,"roc": 0.0344120003283,"spe": 0.0396145842969},"probability": 0.431055873632,"value": "rhy"},"genre_tzanetakis": {"all": {"blu": 0.0626433193684,"cla": 0.0537013560534,"cou": 0.0939878076315,"dis": 0.0752028077841,"hip": 0.18802139163,"jaz": 0.188037931919,"met": 0.0752047523856,"pop": 0.125335499644,"reg": 0.0751987472177,"roc": 0.0626663789153},"probability": 0.188037931919,"value": "jaz"},"ismir04_rhythm": {"all": {"ChaChaCha": 0.0987418666482,"Jive": 0.015313193202,"Quickstep": 0.0186760034412,"Rumba-American": 0.0435442328453,"Rumba-International": 0.0813860446215,"Rumba-Misc": 0.0477985963225,"Samba": 0.0274699423462,"Tango": 0.398028284311,"VienneseWaltz": 0.229528084397,"Waltz": 0.0395137369633},"probability": 0.398028284311,"value": "Tango"},"mood_acoustic": {"all": {"acoustic": 0.955754458904,"not_acoustic": 0.0442455150187},"probability": 0.955754458904,"value": "acoustic"},"mood_aggressive": {"all": {"aggressive": 0.00865876395255,"not_aggressive": 0.991341233253},"probability": 0.991341233253,"value": "not_aggressive"},"mood_electronic": {"all": {"electronic": 0.133718177676,"not_electronic": 0.866281807423},"probability": 0.866281807423,"value": "not_electronic"},"mood_happy": {"all": {"happy": 0.0813875719905,"not_happy": 0.918612420559},"probability": 0.918612420559,"value": "not_happy"},"mood_party": {"all": {"not_party": 0.896467268467,"party": 0.103532724082},"probability": 0.896467268467,"value": "not_party"},"mood_relaxed": {"all": {"not_relaxed": 0.152823910117,"relaxed": 0.847176074982},"probability": 0.847176074982,"value": "relaxed"},"mood_sad": {"all": {"not_sad": 0.0861279293895,"sad": 0.91387206316},"probability": 0.91387206316,"value": "sad"},"moods_mirex": {"all": {"Cluster1": 0.106954246759,"Cluster2": 0.375430375338,"Cluster3": 0.278216302395,"Cluster4": 0.220736116171,"Cluster5": 0.0186629742384},"probability": 0.375430375338,"value": "Cluster2"},"timbre": {"all": {"bright": 0.949376702309,"dark": 0.0506232753396},"probability": 0.949376702309,"value": "bright"},"tonal_atonal": {"all": {"atonal": 0.263372927904,"tonal": 0.736627042294},"probability": 0.736627042294,"value": "tonal"},"voice_instrumental": {"all": {"instrumental": 0.00147839379497,"voice": 0.998521625996},"probability": 0.998521625996,"value": "voice"}},"metadata": {"audio_properties": {"analysis_sample_rate": 44100,"bit_rate": 320034,"equal_loudness": 0,"length": 247.77142334,"lossless": 0,"replay_gain": -9.41339111328,"sample_rate": 44100,"codec": "mp3","downmix": "mix","md5_encoded": "bbf128a7b0c81a51698d2d768dfd73e8"},"tags": {"file_name": "2118625.mp3","album": ["Kings & Queens"],"albumartist": ["Jamie T"],"artist": ["Jamie T"],"musicbrainz_recordingid": ["66fe7264-aab1-418e-a2ed-487786f8ee3b"],"title": ["Emily's Heart"]},"version": {"highlevel": {"essentia": "2.1-beta5-dev","essentia_build_sha": "e74af04b57b164eed312abeef4963962215860f0","essentia_git_sha": "v2.1_beta4-499-g4013ebc","extractor": "music 2.0","gaia": "2.4.5","gaia_git_sha": "v2.4.4-44-g95f4851","models_essentia_git_sha": "v2.1_beta1"},"lowlevel": {"essentia": "2.1-beta2","essentia_build_sha": "70f2e5ece6736b2c40cc944ad0e695b16b925413","essentia_git_sha": "v2.1_beta2","extractor": "music 1.0"}}}}