{"highlevel": {"danceability": {"all": {"danceable": 0.159679934382,"not_danceable": 0.840320050716},"probability": 0.840320050716,"value": "not_danceable"},"gender": {"all": {"female": 0.707380414009,"male": 0.292619556189},"probability": 0.707380414009,"value": "female"},"genre_dortmund": {"all": {"alternative": 0.265780597925,"blues": 0.0660007968545,"electronic": 0.287418335676,"folkcountry": 0.134376972914,"funksoulrnb": 0.0131397750229,"jazz": 0.0146760325879,"pop": 0.0317850075662,"raphiphop": 0.00629150401801,"rock": 0.180530980229},"probability": 0.287418335676,"value": "electronic"},"genre_electronic": {"all": {"ambient": 0.490183204412,"dnb": 0.0520222149789,"house": 0.0753895044327,"techno": 0.0117506291717,"trance": 0.370654433966},"probability": 0.490183204412,"value": "ambient"},"genre_rosamerica": {"all": {"cla": 0.00140097970143,"dan": 0.0074408412911,"hip": 0.00114016421139,"jaz": 0.00177698105108,"pop": 0.360573321581,"rhy": 0.0212979894131,"roc": 0.60563480854,"spe": 0.000734891335014},"probability": 0.60563480854,"value": "roc"},"genre_tzanetakis": {"all": {"blu": 0.0626613423228,"cla": 0.0348169617355,"cou": 0.104475811124,"dis": 0.0784321576357,"hip": 0.15692435205,"jaz": 0.313974827528,"met": 0.0448166541755,"pop": 0.0627359300852,"reg": 0.0627360641956,"roc": 0.0784258767962},"probability": 0.313974827528,"value": "jaz"},"ismir04_rhythm": {"all": {"ChaChaCha": 0.254238516092,"Jive": 0.198388397694,"Quickstep": 0.0206035804003,"Rumba-American": 0.0204170905054,"Rumba-International": 0.0918052941561,"Rumba-Misc": 0.025450496003,"Samba": 0.135103031993,"Tango": 0.0300828590989,"VienneseWaltz": 0.204329609871,"Waltz": 0.0195811279118},"probability": 0.254238516092,"value": "ChaChaCha"},"mood_acoustic": {"all": {"acoustic": 0.10239931941,"not_acoustic": 0.897600710392},"probability": 0.897600710392,"value": "not_acoustic"},"mood_aggressive": {"all": {"aggressive": 0.129351347685,"not_aggressive": 0.870648622513},"probability": 0.870648622513,"value": "not_aggressive"},"mood_electronic": {"all": {"electronic": 0.167829290032,"not_electronic": 0.832170724869},"probability": 0.832170724869,"value": "not_electronic"},"mood_happy": {"all": {"happy": 0.0587523542345,"not_happy": 0.94124764204},"probability": 0.94124764204,"value": "not_happy"},"mood_party": {"all": {"not_party": 0.582930386066,"party": 0.417069584131},"probability": 0.582930386066,"value": "not_party"},"mood_relaxed": {"all": {"not_relaxed": 0.606525242329,"relaxed": 0.393474757671},"probability": 0.606525242329,"value": "not_relaxed"},"mood_sad": {"all": {"not_sad": 0.707520544529,"sad": 0.292479425669},"probability": 0.707520544529,"value": "not_sad"},"moods_mirex": {"all": {"Cluster1": 0.225414529443,"Cluster2": 0.298031121492,"Cluster3": 0.103659592569,"Cluster4": 0.186593547463,"Cluster5": 0.186301231384},"probability": 0.298031121492,"value": "Cluster2"},"timbre": {"all": {"bright": 0.249764665961,"dark": 0.750235319138},"probability": 0.750235319138,"value": "dark"},"tonal_atonal": {"all": {"atonal": 0.890341818333,"tonal": 0.109658189118},"probability": 0.890341818333,"value": "atonal"},"voice_instrumental": {"all": {"instrumental": 0.0874564498663,"voice": 0.912543535233},"probability": 0.912543535233,"value": "voice"}},"metadata": {"audio_properties": {"analysis_sample_rate": 44100,"bit_rate": 214185,"equal_loudness": 0,"length": 225.018768311,"lossless": 0,"replay_gain": -15.1638145447,"sample_rate": 44100,"codec": "mp3","downmix": "mix","md5_encoded": "7e3ae2619a5726c2dc704bec8d08d991"},"tags": {"file_name": "1880215.mp3","album": ["The Reason Why"],"artist": ["Little Big Town"],"date": ["2010"],"genre": ["民谣\/乡村"],"language": ["English"],"musicbrainz_recordingid": ["496c20f6-c801-4376-a0e4-d7e6908b2a39"],"title": ["Why, Oh Why"],"tracknumber": ["5"]},"version": {"highlevel": {"essentia": "2.1-beta5-dev","essentia_build_sha": "e74af04b57b164eed312abeef4963962215860f0","essentia_git_sha": "v2.1_beta4-499-g4013ebc","extractor": "music 2.0","gaia": "2.4.5","gaia_git_sha": "v2.4.4-44-g95f4851","models_essentia_git_sha": "v2.1_beta1"},"lowlevel": {"essentia": "2.1-beta2","essentia_build_sha": "70f2e5ece6736b2c40cc944ad0e695b16b925413","essentia_git_sha": "v2.1_beta2","extractor": "music 1.0"}}}}