{"highlevel": {"danceability": {"all": {"danceable": 0.565067350864,"not_danceable": 0.434932619333},"probability": 0.565067350864,"value": "danceable"},"gender": {"all": {"female": 0.603235781193,"male": 0.39676424861},"probability": 0.603235781193,"value": "female"},"genre_dortmund": {"all": {"alternative": 0.0031463962514,"blues": 0.000300738989608,"electronic": 0.995095491409,"folkcountry": 0.000914869247936,"funksoulrnb": 7.68492100178e-06,"jazz": 0.000194406951778,"pop": 5.92721553403e-05,"raphiphop": 8.52105040394e-06,"rock": 0.000272643374046},"probability": 0.995095491409,"value": "electronic"},"genre_electronic": {"all": {"ambient": 0.555123448372,"dnb": 0.0128820799291,"house": 0.300236642361,"techno": 0.0389280244708,"trance": 0.092829823494},"probability": 0.555123448372,"value": "ambient"},"genre_rosamerica": {"all": {"cla": 0.00641663791612,"dan": 0.0147061180323,"hip": 0.107133723795,"jaz": 0.0108016626909,"pop": 0.209265977144,"rhy": 0.635839939117,"roc": 0.00366164837033,"spe": 0.0121742784977},"probability": 0.635839939117,"value": "rhy"},"genre_tzanetakis": {"all": {"blu": 0.0527074858546,"cla": 0.035141415894,"cou": 0.105430841446,"dis": 0.063269354403,"hip": 0.158181324601,"jaz": 0.316383779049,"met": 0.0632681101561,"pop": 0.0790834501386,"reg": 0.0632666572928,"roc": 0.0632675811648},"probability": 0.316383779049,"value": "jaz"},"ismir04_rhythm": {"all": {"ChaChaCha": 0.179206699133,"Jive": 0.0333200581372,"Quickstep": 0.0222211461514,"Rumba-American": 0.0561311170459,"Rumba-International": 0.237857460976,"Rumba-Misc": 0.0592632740736,"Samba": 0.0800051018596,"Tango": 0.099047228694,"VienneseWaltz": 0.204544529319,"Waltz": 0.0284033808857},"probability": 0.237857460976,"value": "Rumba-International"},"mood_acoustic": {"all": {"acoustic": 0.912054300308,"not_acoustic": 0.0879456996918},"probability": 0.912054300308,"value": "acoustic"},"mood_aggressive": {"all": {"aggressive": 1.64521734405e-05,"not_aggressive": 0.999983549118},"probability": 0.999983549118,"value": "not_aggressive"},"mood_electronic": {"all": {"electronic": 0.336059898138,"not_electronic": 0.66394007206},"probability": 0.66394007206,"value": "not_electronic"},"mood_happy": {"all": {"happy": 0.257908046246,"not_happy": 0.742091953754},"probability": 0.742091953754,"value": "not_happy"},"mood_party": {"all": {"not_party": 0.918792009354,"party": 0.0812079682946},"probability": 0.918792009354,"value": "not_party"},"mood_relaxed": {"all": {"not_relaxed": 0.00630425335839,"relaxed": 0.993695735931},"probability": 0.993695735931,"value": "relaxed"},"mood_sad": {"all": {"not_sad": 0.19175183773,"sad": 0.80824816227},"probability": 0.80824816227,"value": "sad"},"moods_mirex": {"all": {"Cluster1": 0.0936665087938,"Cluster2": 0.153661295772,"Cluster3": 0.272812873125,"Cluster4": 0.0880150198936,"Cluster5": 0.391844302416},"probability": 0.391844302416,"value": "Cluster5"},"timbre": {"all": {"bright": 0.613209664822,"dark": 0.386790305376},"probability": 0.613209664822,"value": "bright"},"tonal_atonal": {"all": {"atonal": 0.890177667141,"tonal": 0.109822310507},"probability": 0.890177667141,"value": "atonal"},"voice_instrumental": {"all": {"instrumental": 0.000947817286942,"voice": 0.999052166939},"probability": 0.999052166939,"value": "voice"}},"metadata": {"audio_properties": {"analysis_sample_rate": 44100,"bit_rate": 188414,"equal_loudness": 0,"length": 413.518371582,"lossless": 0,"replay_gain": -1.40898323059,"sample_rate": 44100,"codec": "mp3","downmix": "mix","md5_encoded": "8c8ad1aa8de13358f81d99202aecfce2"},"tags": {"file_name": "2064595.mp3","album": ["Any Other City"],"artist": ["Life Without Buildings"],"date": ["2000-01-01 00:00"],"discnumber": ["1"],"musicbrainz_recordingid": ["49e94698-017e-4d40-b91e-6d66764bf7d1"],"title": ["Sorrow"],"tracknumber": ["10"]},"version": {"highlevel": {"essentia": "2.1-beta5-dev","essentia_build_sha": "e74af04b57b164eed312abeef4963962215860f0","essentia_git_sha": "v2.1_beta4-499-g4013ebc","extractor": "music 2.0","gaia": "2.4.5","gaia_git_sha": "v2.4.4-44-g95f4851","models_essentia_git_sha": "v2.1_beta1"},"lowlevel": {"essentia": "2.1-beta2","essentia_build_sha": "70f2e5ece6736b2c40cc944ad0e695b16b925413","essentia_git_sha": "v2.1_beta2","extractor": "music 1.0"}}}}