{"highlevel": {"danceability": {"all": {"danceable": 0.415180951357,"not_danceable": 0.584819018841},"probability": 0.584819018841,"value": "not_danceable"},"gender": {"all": {"female": 0.116629578173,"male": 0.883370399475},"probability": 0.883370399475,"value": "male"},"genre_dortmund": {"all": {"alternative": 0.264558374882,"blues": 0.0450794026256,"electronic": 0.515628516674,"folkcountry": 0.0945811718702,"funksoulrnb": 0.00685290712863,"jazz": 0.0148628912866,"pop": 0.0143276089802,"raphiphop": 0.00537139223889,"rock": 0.0387377142906},"probability": 0.515628516674,"value": "electronic"},"genre_electronic": {"all": {"ambient": 0.663595497608,"dnb": 0.0269341189414,"house": 0.249418482184,"techno": 0.0128264827654,"trance": 0.047225445509},"probability": 0.663595497608,"value": "ambient"},"genre_rosamerica": {"all": {"cla": 0.0225319601595,"dan": 0.0150684118271,"hip": 0.0179016385227,"jaz": 0.180403620005,"pop": 0.421820580959,"rhy": 0.187718838453,"roc": 0.140078887343,"spe": 0.0144760692492},"probability": 0.421820580959,"value": "pop"},"genre_tzanetakis": {"all": {"blu": 0.0620671063662,"cla": 0.034474901855,"cou": 0.103433981538,"dis": 0.0620971247554,"hip": 0.15527240932,"jaz": 0.310666948557,"met": 0.044346679002,"pop": 0.0620793737471,"reg": 0.0620816536248,"roc": 0.103479810059},"probability": 0.310666948557,"value": "jaz"},"ismir04_rhythm": {"all": {"ChaChaCha": 0.00993631221354,"Jive": 0.00479271728545,"Quickstep": 0.00120498763863,"Rumba-American": 0.00297133484855,"Rumba-International": 0.00377055373974,"Rumba-Misc": 0.00581266311929,"Samba": 0.00224986532703,"Tango": 0.92000246048,"VienneseWaltz": 0.0472243465483,"Waltz": 0.00203476310708},"probability": 0.92000246048,"value": "Tango"},"mood_acoustic": {"all": {"acoustic": 0.914555609226,"not_acoustic": 0.0854444131255},"probability": 0.914555609226,"value": "acoustic"},"mood_aggressive": {"all": {"aggressive": 0.204733207822,"not_aggressive": 0.795266807079},"probability": 0.795266807079,"value": "not_aggressive"},"mood_electronic": {"all": {"electronic": 0.0853839889169,"not_electronic": 0.914615988731},"probability": 0.914615988731,"value": "not_electronic"},"mood_happy": {"all": {"happy": 0.341735333204,"not_happy": 0.658264636993},"probability": 0.658264636993,"value": "not_happy"},"mood_party": {"all": {"not_party": 0.797533810139,"party": 0.202466219664},"probability": 0.797533810139,"value": "not_party"},"mood_relaxed": {"all": {"not_relaxed": 0.0805997923017,"relaxed": 0.919400215149},"probability": 0.919400215149,"value": "relaxed"},"mood_sad": {"all": {"not_sad": 0.268086850643,"sad": 0.731913149357},"probability": 0.731913149357,"value": "sad"},"moods_mirex": {"all": {"Cluster1": 0.10262838006,"Cluster2": 0.535139143467,"Cluster3": 0.172114148736,"Cluster4": 0.127592355013,"Cluster5": 0.0625259876251},"probability": 0.535139143467,"value": "Cluster2"},"timbre": {"all": {"bright": 0.987794697285,"dark": 0.012205327861},"probability": 0.987794697285,"value": "bright"},"tonal_atonal": {"all": {"atonal": 0.100212343037,"tonal": 0.899787664413},"probability": 0.899787664413,"value": "tonal"},"voice_instrumental": {"all": {"instrumental": 0.109003737569,"voice": 0.890996277332},"probability": 0.890996277332,"value": "voice"}},"metadata": {"audio_properties": {"analysis_sample_rate": 44100,"bit_rate": 0,"equal_loudness": 0,"length": 270.040008545,"lossless": 1,"replay_gain": -13.3177490234,"sample_rate": 44100,"codec": "flac","downmix": "mix","md5_encoded": "bb69913d896b8f0175eab89cefa2fc24"},"tags": {"file_name": "10 Time.flac","acoustid_id": ["898bdee3-0b1b-4f63-aedd-d7f8173d19b8"],"album": ["Songs for Silverman"],"albumartist": ["Ben Folds"],"albumartistsort": ["Folds, Ben"],"artist": ["Ben Folds"],"artistsort": ["Folds, Ben"],"asin": ["B0007X6SR4"],"barcode": ["5099751701224"],"catalognumber": ["EPC 517012 2"],"date": ["2005"],"discnumber": ["1"],"disctotal": ["1"],"label": ["Epic"],"media": ["CD"],"mixer": ["Michael H. Brauer", "Joe Costa"],"musicbrainz_albumartistid": ["51b7f46f-6c0f-46f2-9496-08c9ec2624d4"],"musicbrainz_albumid": ["9c960edc-6d64-4224-91cb-ad5d190687a4"],"musicbrainz_artistid": ["51b7f46f-6c0f-46f2-9496-08c9ec2624d4"],"musicbrainz_recordingid": ["f90d2c33-1397-40ae-a905-29b6ad85b983"],"musicbrainz_releasegroupid": ["7b976502-ad58-3749-afa8-968f8659abdb"],"musicbrainz_releasetrackid": ["301c8a41-5dba-3a46-8b92-1d2756829af7"],"originaldate": ["2005-04-13"],"originalyear": ["2005"],"performer": ["\"Weird Al\" Yankovic (guest background vocals)"],"producer": ["Ben Folds", "John Mark Painter"],"releasecountry": ["AU"],"releasestatus": ["official"],"releasetype": ["album"],"script": ["Latn"],"title": ["Time"],"tracknumber": ["10"],"tracktotal": ["11"]},"version": {"highlevel": {"essentia": "2.1-beta5-dev","essentia_build_sha": "e74af04b57b164eed312abeef4963962215860f0","essentia_git_sha": "v2.1_beta4-499-g4013ebc","extractor": "music 2.0","gaia": "2.4.5","gaia_git_sha": "v2.4.4-44-g95f4851","models_essentia_git_sha": "v2.1_beta1"},"lowlevel": {"essentia": "2.1-beta2","essentia_build_sha": "2d9f1f26377add8aeb1075a9c2973f962c4f09fd","essentia_git_sha": "v2.1_beta2-1-ge3940c0","extractor": "music 1.0"}}}}