{"highlevel": {"danceability": {"all": {"danceable": 0.926779806614,"not_danceable": 0.0732202157378},"probability": 0.926779806614,"value": "danceable"},"gender": {"all": {"female": 0.00264865672216,"male": 0.9973513484},"probability": 0.9973513484,"value": "male"},"genre_dortmund": {"all": {"alternative": 0.000288310984615,"blues": 9.41245161812e-06,"electronic": 0.999608159065,"folkcountry": 3.15534744004e-05,"funksoulrnb": 7.16170973192e-07,"jazz": 9.10767994355e-06,"pop": 2.18789909923e-06,"raphiphop": 1.51696937678e-07,"rock": 5.04205127072e-05},"probability": 0.999608159065,"value": "electronic"},"genre_electronic": {"all": {"ambient": 0.312099188566,"dnb": 0.0209697466344,"house": 0.124415457249,"techno": 0.0262918230146,"trance": 0.516223788261},"probability": 0.516223788261,"value": "trance"},"genre_rosamerica": {"all": {"cla": 0.00556339509785,"dan": 0.00551277399063,"hip": 0.0101493410766,"jaz": 0.00441269436851,"pop": 0.14999102056,"rhy": 0.0240836646408,"roc": 0.798710823059,"spe": 0.00157628313173},"probability": 0.798710823059,"value": "roc"},"genre_tzanetakis": {"all": {"blu": 0.0626613423228,"cla": 0.0348169617355,"cou": 0.104475811124,"dis": 0.0784321576357,"hip": 0.15692435205,"jaz": 0.313974827528,"met": 0.0448166541755,"pop": 0.0627359300852,"reg": 0.0627360641956,"roc": 0.0784258767962},"probability": 0.313974827528,"value": "jaz"},"ismir04_rhythm": {"all": {"ChaChaCha": 0.146327599883,"Jive": 0.166618213058,"Quickstep": 0.0297648813576,"Rumba-American": 0.0428152158856,"Rumba-International": 0.0269260592759,"Rumba-Misc": 0.0257259327918,"Samba": 0.0612922310829,"Tango": 0.274392038584,"VienneseWaltz": 0.208710059524,"Waltz": 0.0174277871847},"probability": 0.274392038584,"value": "Tango"},"mood_acoustic": {"all": {"acoustic": 0.0433589145541,"not_acoustic": 0.956641077995},"probability": 0.956641077995,"value": "not_acoustic"},"mood_aggressive": {"all": {"aggressive": 0.632774412632,"not_aggressive": 0.367225557566},"probability": 0.632774412632,"value": "aggressive"},"mood_electronic": {"all": {"electronic": 0.449966192245,"not_electronic": 0.550033807755},"probability": 0.550033807755,"value": "not_electronic"},"mood_happy": {"all": {"happy": 0.0351357683539,"not_happy": 0.964864253998},"probability": 0.964864253998,"value": "not_happy"},"mood_party": {"all": {"not_party": 0.536121547222,"party": 0.463878452778},"probability": 0.536121547222,"value": "not_party"},"mood_relaxed": {"all": {"not_relaxed": 0.689118564129,"relaxed": 0.310881406069},"probability": 0.689118564129,"value": "not_relaxed"},"mood_sad": {"all": {"not_sad": 0.777319967747,"sad": 0.222680017352},"probability": 0.777319967747,"value": "not_sad"},"moods_mirex": {"all": {"Cluster1": 0.0890718027949,"Cluster2": 0.0948778912425,"Cluster3": 0.169970318675,"Cluster4": 0.0872076451778,"Cluster5": 0.55887234211},"probability": 0.55887234211,"value": "Cluster5"},"timbre": {"all": {"bright": 0.237591698766,"dark": 0.762408316135},"probability": 0.762408316135,"value": "dark"},"tonal_atonal": {"all": {"atonal": 0.443943113089,"tonal": 0.556056916714},"probability": 0.556056916714,"value": "tonal"},"voice_instrumental": {"all": {"instrumental": 0.00160410522949,"voice": 0.9983959198},"probability": 0.9983959198,"value": "voice"}},"metadata": {"audio_properties": {"analysis_sample_rate": 44100,"bit_rate": 0,"equal_loudness": 0,"length": 362.546661377,"lossless": 1,"replay_gain": -14.6664524078,"sample_rate": 44100,"codec": "flac","downmix": "mix","md5_encoded": "ac3684d5170db41930283dda353ad246"},"tags": {"file_name": "09 Cannons.flac","acoustid_id": ["6e3322ad-adac-46fa-b157-d096ef9d0979"],"album": ["Education, Education, Education & War"],"albumartist": ["Kaiser Chiefs"],"albumartistsort": ["Kaiser Chiefs"],"artist": ["Kaiser Chiefs"],"artistsort": ["Kaiser Chiefs"],"asin": ["B00IAC68KQ"],"barcode": ["886922670923"],"catalognumber": ["267092 CD"],"date": ["2014-04-04"],"discnumber": ["1"],"disctotal": ["1"],"genre": ["Rock", "Alternative", "Indie Rock"],"grouping": ["Indie"],"label": ["SPV GmbH"],"media": ["CD"],"mood": ["Unknown"],"musicbrainz_albumartistid": ["90218af4-4d58-4821-8d41-2ee295ebbe21"],"musicbrainz_albumid": ["b241bc77-5a48-412c-a183-b8a452b1d444"],"musicbrainz_artistid": ["90218af4-4d58-4821-8d41-2ee295ebbe21"],"musicbrainz_recordingid": ["f960f942-b51a-4dc4-856d-a245fba8cee1"],"musicbrainz_releasegroupid": ["b31c75c3-d53f-4705-be4f-e96e5f374faa"],"musicbrainz_releasetrackid": ["9eedcc99-a0cd-4cc3-a248-35716834aca8"],"originaldate": ["2014-03-31"],"originalyear": ["2014"],"releasecountry": ["DE"],"releasestatus": ["official"],"releasetype": ["album"],"script": ["Latn"],"title": ["Cannons"],"totaldiscs": ["1"],"totaltracks": ["10"],"tracknumber": ["9"],"tracktotal": ["10"],"website": ["http:\/\/www.kaiserchiefs.co.uk\/"]},"version": {"highlevel": {"essentia": "2.1-beta5-dev","essentia_build_sha": "e74af04b57b164eed312abeef4963962215860f0","essentia_git_sha": "v2.1_beta4-499-g4013ebc","extractor": "music 2.0","gaia": "2.4.5","gaia_git_sha": "v2.4.4-44-g95f4851","models_essentia_git_sha": "v2.1_beta1"},"lowlevel": {"essentia": "2.1-beta2","essentia_build_sha": "70f2e5ece6736b2c40cc944ad0e695b16b925413","essentia_git_sha": "v2.1_beta2","extractor": "music 1.0"}}}}