{"highlevel": {"danceability": {"all": {"danceable": 0.286149948835,"not_danceable": 0.713850080967},"probability": 0.713850080967,"value": "not_danceable"},"gender": {"all": {"female": 0.0344285517931,"male": 0.965571463108},"probability": 0.965571463108,"value": "male"},"genre_dortmund": {"all": {"alternative": 0.00709704076871,"blues": 0.000545103277545,"electronic": 0.990693390369,"folkcountry": 0.000563724781387,"funksoulrnb": 1.58071761689e-05,"jazz": 7.54298307584e-05,"pop": 5.86039132031e-05,"raphiphop": 1.36060534714e-05,"rock": 0.000937281583901},"probability": 0.990693390369,"value": "electronic"},"genre_electronic": {"all": {"ambient": 0.204246357083,"dnb": 0.0227718371898,"house": 0.0621711947024,"techno": 0.0199610739946,"trance": 0.690849542618},"probability": 0.690849542618,"value": "trance"},"genre_rosamerica": {"all": {"cla": 0.000430660234997,"dan": 0.0210915058851,"hip": 0.00190118118189,"jaz": 0.000703541212715,"pop": 0.237841546535,"rhy": 0.00212326250039,"roc": 0.735306024551,"spe": 0.00060229212977},"probability": 0.735306024551,"value": "roc"},"genre_tzanetakis": {"all": {"blu": 0.0626613423228,"cla": 0.0348169617355,"cou": 0.104475811124,"dis": 0.0784321576357,"hip": 0.15692435205,"jaz": 0.313974827528,"met": 0.0448166541755,"pop": 0.0627359300852,"reg": 0.0627360641956,"roc": 0.0784258767962},"probability": 0.313974827528,"value": "jaz"},"ismir04_rhythm": {"all": {"ChaChaCha": 0.289597868919,"Jive": 0.172833889723,"Quickstep": 0.0272698197514,"Rumba-American": 0.0678087174892,"Rumba-International": 0.0298259221017,"Rumba-Misc": 0.0286128837615,"Samba": 0.0828966349363,"Tango": 0.162056401372,"VienneseWaltz": 0.119425833225,"Waltz": 0.0196720194072},"probability": 0.289597868919,"value": "ChaChaCha"},"mood_acoustic": {"all": {"acoustic": 1.57052636496e-05,"not_acoustic": 0.999984323978},"probability": 0.999984323978,"value": "not_acoustic"},"mood_aggressive": {"all": {"aggressive": 0.848877072334,"not_aggressive": 0.151122942567},"probability": 0.848877072334,"value": "aggressive"},"mood_electronic": {"all": {"electronic": 0.453741550446,"not_electronic": 0.546258449554},"probability": 0.546258449554,"value": "not_electronic"},"mood_happy": {"all": {"happy": 0.505657970905,"not_happy": 0.494342029095},"probability": 0.505657970905,"value": "happy"},"mood_party": {"all": {"not_party": 0.248456671834,"party": 0.751543343067},"probability": 0.751543343067,"value": "party"},"mood_relaxed": {"all": {"not_relaxed": 0.899417102337,"relaxed": 0.100582905114},"probability": 0.899417102337,"value": "not_relaxed"},"mood_sad": {"all": {"not_sad": 0.865945458412,"sad": 0.134054556489},"probability": 0.865945458412,"value": "not_sad"},"moods_mirex": {"all": {"Cluster1": 0.0666434466839,"Cluster2": 0.0403400696814,"Cluster3": 0.0601928941905,"Cluster4": 0.0391003750265,"Cluster5": 0.793723225594},"probability": 0.793723225594,"value": "Cluster5"},"timbre": {"all": {"bright": 0.273317009211,"dark": 0.726682960987},"probability": 0.726682960987,"value": "dark"},"tonal_atonal": {"all": {"atonal": 0.973298072815,"tonal": 0.0267019309103},"probability": 0.973298072815,"value": "atonal"},"voice_instrumental": {"all": {"instrumental": 0.80516988039,"voice": 0.194830104709},"probability": 0.80516988039,"value": "instrumental"}},"metadata": {"audio_properties": {"analysis_sample_rate": 44100,"bit_rate": 160000,"equal_loudness": 0,"length": 289.246612549,"lossless": 0,"replay_gain": -7.21683502197,"sample_rate": 44100,"codec": "vorbis","downmix": "mix","md5_encoded": "79cfd76e089e0ec9d093ecce900b1275"},"tags": {"file_name": "12 We Were Men.ogg","acoustid_fingerprint": ["AQADtEmYKEmWJUmi4A9uaDLRVFlwHFrMxAgtiRr4uGiO6SnO4xfRNM0jhD9UG_mV48ej5KjzoNGPd9mQU4TCJziV40qIPjAvnIf-FJoTBpxI44Y5BVmZ8MSJx0SppE3RnIxivNKRH8eXJDI-OmgiP0OvHLcJPE7x1TGkDw4t4Sk-97h44Q_6JDne4ZT04UzBiMrxH-0oItcON2FQkhj_Y4xGIw9PPOpTXCm0I7Q0XEItbcK7oCfBSbgqBixpodeJMCpx6MOlJDXOXGj3Eu7QfPiSBdfRH83IPHg6fMG9Q20PV7rxRsKFa3mgOSm6X4hMnGEH8xsia1mPX9DWI4zQH97C48oH_wsRektxS5CPSzm-SY9Q7sYFfYXtCk98oxKPHP-Di8qJa8GZAblY6PLRLhdifsezH47BEE9cZFbBSDWcMKgd6BJybkSb7EHTB5zI4M2E5kHFdMd_5MeLJwmao_-gn0G7B7uy4zn6HMdfNI7wH-gPPRX240ezP2ibWMHLQ8ouojoOPcdzhFmPentx453x9Pj14AqPhwJD9BTe49GDWn0I7yQaHvGP5ob24VMSNFWigznyi2h5PIXHXCilB8-RT9mOkoeWh8fxQ1fQ-CLqPkGeH0cuMIsSPXDHJsRvGI58QmMOfQ-uC1qO6ngodMl-vBfB_PiCLssL80UaMTPxMDmu4wp-_DgNPyTC99C0i6CSHf3RlEPPB4p6NCXUyoN1nDryyMc5_Aj1Qj8iJlol9LPwUkdJNC6JMzxu3Fmmo9FT9NGRf4KixNlF7HDVopUk4xSN8Ej1BrErGn1GKbiOH8m4I0xtPMrxDK9yfNrwI-caSA8pNFaNyjuuE_okg1eWD3kC5ztOIoSfo06YBzcpKM-C0hKmkFCpJUTO6cF36biJ5sfjoOyHD0cj-gh_sDyc6fhxKseVHN2k4xY0UbTxIwy5OGDu48dnvBdOB_kw7YRzTEa_oEmTC_-gJeTxK-D3w_hjnPCY0tCN3gpOZQezkIWzRsOPZjq-EM_GoyS0_LiGHMf34yueBc2OK0jnTUc4LTvOJ2hcfOEO7_CPWlfwHEzOIGR-aJRi2DtCMuKMr-IQLguu8Kj-4WiWoxZzfPIE7guao_slqD16HM364dEeVEajdIdqLYV2Hs2k43lw9CemvMazBW_w4hf6JCeiffjhnniOJhRxEXlwFk2dg1ovlJnF4NBsHOU24bFxHv1V6EyFdDyJ2jWuvLgOP8txHLn0Q0yR_zgfnJI8XDjB94YZO0KOW4O25vgvKPuMPjnO4z-aX1A3XmiU6nhzIhdKiQnRcDnxC88DPzwuTEeYKzhT6bjwo3KJptvx4Dya-4F2xfjxGf3hDxUXHdePnoe444RPdMd1NKyOUseT79BjoWeMHuyLZ8SzEJfQRTzEP-hnvDkCf0dOFz-YkNSgXeiOKf1x44oaQmPhsMeFmseP8GhWHL9WNNGFriWN8cWOs8iVJMNkXtC0dcxw7zjxZEbtwE90aB1TfMcfPOZxQg-afka58NCX4GqC5kZ_vER-xfhx6Yi3o_nRHQdzDiaP4zd8fFTwTjj-4LjhXEkBZodmHj-o4_jhI0g_Fh-s4xsql5ieQ6xTPOtw-MzwLdHRHJ-io0d69Dx-ofzRdFGOI-eHkhzRyKzwIj-uB9WPMN_x67ighbXQ5Q_2MEUF__jRPMJH9DFeeB1-MB-n4ZfQE1oWHj9yKkdz_NNxHXluFIf-oVNS1HrwE_qD5kHZSBMhcIyn40VzdCGN8_hS4xVeCeVXfGKOktqh_YIfPIcnZbeQH00cvDy4M8iTH3oS5Mvx4RoaJ3lQkh2avkbYD-qL_OgK_0a3hDJxnMkj5Eoo4UyLM1_wHJ949MsFLc_x4zuuBN8uaGn4EJWPIwdH-3iSI6PzIj9-HX1HeFJQJ0flsPCD0OJRRtdhRZqDJw-6487BUkI16UOzqgr0482OXCh1NPkcHLE6Hvp0sPKDnEYtCS9y2MkV6I0Wgr0PM8iP9EelH82emNA2HLmDlpFhPQ_aRPlwMRdy_JBip2hc_Dj2VOiVo7mO3PiXoE1ypIrs4IeWckGObx96PfDRE7lj_HhQLhl5NEukN_imYHyOH9dRThAJjWuc4DJRw3DUHKEizrhEHD3842UcvNfxfSj9ILSP5syE54Z-XEMtHmZ52ImO0BQVHKF-oZlEnF-CK8uhcySaH-FTXMHz4KtQElnSXDEeQTf-4AtK3cG9L-ATosmPNcyhJ8l1XEdzFpHwHV-q45J-fD7-zcjyHJYiiGlyKGcO30kQPiYmH8efo0tx_7jTJHgtSBUOdw_eHFeVw3mJc0cu6DtCeD_-wPUp2AmPiiaeI4euPsgTJbjxaUZD_ui25fh0HH1ypJEkIS9-zI8RhpVxJtFxHc11aHyKfCn6D4-Wozb6wCfRF7mYQ3mCD2ekLeiPptIq8NB5eNLx6DiNfinSHuGf4BtulDQapsGnMLhy5Deae-hCRrhy4c1xH82Dske-o87RVMcfC6-So1YW6HkRlsZ9nEwF6sfx5BKOnCG-pFCFukfj4kqIZsdB8TI-XhDz4TDj4wye46jTF1cVDYyuw_pRPSrRVDx63EfJEM2hE3lTnPiX45EXBg01lBo-pLMCaQRDhCsGkAIKAqCoMQ45QhRAiAhGGGFCECOEgIwIBAghhgAlABAGEkAAEIQQJCwgQAEDiFJUGqCsQcQARJAhTBGGhEAQICAEUUAZQ4QADAggCAEAIUKAAcAIAgxBAAAEBBEUCcMEUkACKxgyxgBFBFCGQC4MEUgY5BQzAhACpDNSISQsARgIQYgRViAChHKCWSOAAZASpQwAVCgnFUECKAQekAZAQhQQThlAhBJOOMWgQMQZx4wQzAAgBIRAKEGZQwoJBRhBAEgEiBAOGCKQckQ5QAo0hBlhiBMAGQAIIAAZIIwADhlDEGuSEMYFIAwQxYwCjiGlAAFWAGGIcUYAAxgBgEEDiCHAiA8EAMQgRwRgxmiBDJPAAAAQMsIERQACijhSjDAKKaWMAooBzwwhxAshKPjMISgNUcQgYQTBAFAuhABAKAHII0AEAwhAwhBMjCECEGCcQQoxQJglgBBBgEIEIEKMMxIKIQQgBAkPDDAIECe0MAoQgJQCQjAEBQZACaSMU9og4SwlRAgAFFAGAQAU8UoIQpxiDDhCFBOQQmSQIApAkxikQBpKhEXMCgQMQQwEAJAAVgjAjCCAAaGYIgoQIgAgRAACjEOCECAoYUYAIowiQwCkjPPAIQCgsIAhA4gXCgghDFAGECaUEwAQpxwyACHBBUBEKEYAckIQAgwzzkGBCIZCGIUUAkQICBhAjEBECBREEQWEEEYgZggSQlGBBBHKCCAQcEU7C4ZRQjnClCMIGSGkMgpRIKQhFCJBCYEkUIIAMAI4wAhShABCEREEAQQMcVQhJIYBAgBAkEBAAISEFYIQYAAAQhBoAAKaAqOAEEgxAowAhhBHiABOCEGVJsBQQwgwCCDAmBGAEEiE0IQgQICARBgCnEHKEAWIA0xAhYxSCDGgEEOISMMAEIAogAhiDjkkDEDSOQQAU4wRLJCAQgIBEEOIMgCAYAA"],"acoustid_id": ["3a2b4711-da91-4a01-95a5-d04a58597c6d"],"album": ["The Truth Is..."],"albumartist": ["Theory of a Deadman"],"albumartistsort": ["Theory of a Deadman"],"artist": ["Theory of a Deadman"],"artistsort": ["Theory of a Deadman"],"asin": ["B0057ZSKE6"],"bpm": ["132"],"compilation": ["0"],"date": ["2011-07-08"],"discnumber": ["1"],"disctotal": ["1"],"genre": ["Post-Grunge, Alternative Rock, Rock"],"initialkey": ["C#m"],"label": ["Roadrunner Records"],"language": ["eng"],"media": ["Digital Media"],"musicbrainz_albumartistid": ["183e636e-d41c-43fe-a428-8a034eb20c7b"],"musicbrainz_albumid": ["4f1279aa-98af-43dd-9b90-8d0d3d00c12d"],"musicbrainz_artistid": ["183e636e-d41c-43fe-a428-8a034eb20c7b"],"musicbrainz_recordingid": ["7e1c9bae-8aac-4601-afc4-6484b387d964"],