{"highlevel": {"danceability": {"all": {"danceable": 0.87309896946,"not_danceable": 0.12690103054},"probability": 0.87309896946,"value": "danceable"},"gender": {"all": {"female": 0.533929109573,"male": 0.466070890427},"probability": 0.533929109573,"value": "female"},"genre_dortmund": {"all": {"alternative": 0.00755126448348,"blues": 0.000447728583822,"electronic": 0.989933729172,"folkcountry": 0.000842092034873,"funksoulrnb": 3.01563595713e-05,"jazz": 0.00027157846489,"pop": 7.02366669429e-05,"raphiphop": 2.12213908526e-05,"rock": 0.000831982295495},"probability": 0.989933729172,"value": "electronic"},"genre_electronic": {"all": {"ambient": 0.406712949276,"dnb": 0.0284293424338,"house": 0.215422600508,"techno": 0.0198105797172,"trance": 0.329624503851},"probability": 0.406712949276,"value": "ambient"},"genre_rosamerica": {"all": {"cla": 0.0426812320948,"dan": 0.0332689285278,"hip": 0.156025037169,"jaz": 0.0540189258754,"pop": 0.490584462881,"rhy": 0.062128726393,"roc": 0.149720072746,"spe": 0.0115726180375},"probability": 0.490584462881,"value": "pop"},"genre_tzanetakis": {"all": {"blu": 0.0620671063662,"cla": 0.034474901855,"cou": 0.103433981538,"dis": 0.0620971247554,"hip": 0.15527240932,"jaz": 0.310666948557,"met": 0.044346679002,"pop": 0.0620793737471,"reg": 0.0620816536248,"roc": 0.103479810059},"probability": 0.310666948557,"value": "jaz"},"ismir04_rhythm": {"all": {"ChaChaCha": 0.207878783345,"Jive": 0.206558272243,"Quickstep": 0.035803258419,"Rumba-American": 0.0557384267449,"Rumba-International": 0.032410889864,"Rumba-Misc": 0.0298884455115,"Samba": 0.0633622705936,"Tango": 0.227179229259,"VienneseWaltz": 0.119721978903,"Waltz": 0.0214584488422},"probability": 0.227179229259,"value": "Tango"},"mood_acoustic": {"all": {"acoustic": 0.0162910707295,"not_acoustic": 0.983708918095},"probability": 0.983708918095,"value": "not_acoustic"},"mood_aggressive": {"all": {"aggressive": 0.693303883076,"not_aggressive": 0.306696116924},"probability": 0.693303883076,"value": "aggressive"},"mood_electronic": {"all": {"electronic": 0.438269436359,"not_electronic": 0.561730563641},"probability": 0.561730563641,"value": "not_electronic"},"mood_happy": {"all": {"happy": 0.451974630356,"not_happy": 0.548025369644},"probability": 0.548025369644,"value": "not_happy"},"mood_party": {"all": {"not_party": 0.332541882992,"party": 0.667458117008},"probability": 0.667458117008,"value": "party"},"mood_relaxed": {"all": {"not_relaxed": 0.969866514206,"relaxed": 0.0301335044205},"probability": 0.969866514206,"value": "not_relaxed"},"mood_sad": {"all": {"not_sad": 0.864094078541,"sad": 0.135905891657},"probability": 0.864094078541,"value": "not_sad"},"moods_mirex": {"all": {"Cluster1": 0.0818321183324,"Cluster2": 0.0947528406978,"Cluster3": 0.0624395981431,"Cluster4": 0.065617993474,"Cluster5": 0.695357441902},"probability": 0.695357441902,"value": "Cluster5"},"timbre": {"all": {"bright": 0.437349498272,"dark": 0.562650501728},"probability": 0.562650501728,"value": "dark"},"tonal_atonal": {"all": {"atonal": 0.970668971539,"tonal": 0.0293310564011},"probability": 0.970668971539,"value": "atonal"},"voice_instrumental": {"all": {"instrumental": 0.597811698914,"voice": 0.402188301086},"probability": 0.597811698914,"value": "instrumental"}},"metadata": {"audio_properties": {"analysis_sample_rate": 44100,"bit_rate": 0,"equal_loudness": 0,"length": 255.733337402,"lossless": 1,"replay_gain": -8.60851097107,"sample_rate": 44100,"codec": "flac","downmix": "mix","md5_encoded": "5d3c6094703637a15efad99830e7dbb7"},"tags": {"file_name": "04 - Clean Cut Kid.flac","album": ["Empire Burlesque"],"albumartist": ["Bob Dylan"],"albumartistsort": ["Dylan, Bob"],"artist": ["Bob Dylan"],"artistsort": ["Dylan, Bob"],"asin": ["B000025RLO"],"barcode": ["5099746784027"],"catalognumber": ["467840 2"],"date": ["1991-03-12"],"discnumber": ["1"],"disctotal": ["1"],"genre": ["Lazy", "Dylan", "Like Bob Eventually", "Protest", "Singer-Songwriter", "Rock", "Rhythm And Blues", "War", "Folk"],"label": ["Columbia"],"media": ["CD"],"musicbrainz_albumartistid": ["72c536dc-7137-4477-a521-567eeb840fa8"],"musicbrainz_albumid": ["82d4b7fb-5afa-3ebe-9181-8fe9b63f0369"],"musicbrainz_artistid": ["72c536dc-7137-4477-a521-567eeb840fa8"],"musicbrainz_recordingid": ["7e9d6d63-1f78-4f72-a4aa-06836f89ea4a"],"musicbrainz_releasegroupid": ["a90b32b2-c84d-35ad-bab3-07e6799cde5b"],"originaldate": ["1985-05-30"],"releasecountry": ["DE"],"releasestatus": ["official"],"releasetype": ["album"],"script": ["Latn"],"title": ["Clean Cut Kid"],"totaldiscs": ["1"],"totaltracks": ["10"],"tracknumber": ["4"],"tracktotal": ["10"]},"version": {"highlevel": {"essentia": "2.1-beta5-dev","essentia_build_sha": "e74af04b57b164eed312abeef4963962215860f0","essentia_git_sha": "v2.1_beta4-499-g4013ebc","extractor": "music 2.0","gaia": "2.4.5","gaia_git_sha": "v2.4.4-44-g95f4851","models_essentia_git_sha": "v2.1_beta1"},"lowlevel": {"essentia": "2.1-beta2","essentia_build_sha": "70f2e5ece6736b2c40cc944ad0e695b16b925413","essentia_git_sha": "v2.1_beta2","extractor": "music 1.0"}}}}