{"highlevel": {"danceability": {"all": {"danceable": 0.010682053864,"not_danceable": 0.989317953587},"probability": 0.989317953587,"value": "not_danceable"},"gender": {"all": {"female": 0.190370649099,"male": 0.809629321098},"probability": 0.809629321098,"value": "male"},"genre_dortmund": {"all": {"alternative": 0.366365462542,"blues": 0.00613875361159,"electronic": 0.0397190600634,"folkcountry": 0.369650781155,"funksoulrnb": 0.00262755714357,"jazz": 0.127421140671,"pop": 0.0728060230613,"raphiphop": 0.00216519832611,"rock": 0.0131060155109},"probability": 0.369650781155,"value": "folkcountry"},"genre_electronic": {"all": {"ambient": 0.992871642113,"dnb": 0.000722572847735,"house": 0.0045200753957,"techno": 0.000894839409739,"trance": 0.000990848289803},"probability": 0.992871642113,"value": "ambient"},"genre_rosamerica": {"all": {"cla": 0.840526759624,"dan": 0.00689291860908,"hip": 0.0118543673307,"jaz": 0.0590204447508,"pop": 0.0178985092789,"rhy": 0.0372830852866,"roc": 0.00635625980794,"spe": 0.0201676581055},"probability": 0.840526759624,"value": "cla"},"genre_tzanetakis": {"all": {"blu": 0.0455724000931,"cla": 0.0637885853648,"cou": 0.0637773871422,"dis": 0.0531442239881,"hip": 0.0455523431301,"jaz": 0.159437030554,"met": 0.0637808963656,"pop": 0.106303006411,"reg": 0.0797289311886,"roc": 0.318915188313},"probability": 0.318915188313,"value": "roc"},"ismir04_rhythm": {"all": {"ChaChaCha": 0.0422926954925,"Jive": 0.00516260648146,"Quickstep": 0.00732225645334,"Rumba-American": 0.028543503955,"Rumba-International": 0.0515902601182,"Rumba-Misc": 0.0950433164835,"Samba": 0.00882203690708,"Tango": 0.523204684258,"VienneseWaltz": 0.075086787343,"Waltz": 0.162931874394},"probability": 0.523204684258,"value": "Tango"},"mood_acoustic": {"all": {"acoustic": 0.964952886105,"not_acoustic": 0.0350471287966},"probability": 0.964952886105,"value": "acoustic"},"mood_aggressive": {"all": {"aggressive": 0.0324640199542,"not_aggressive": 0.967535972595},"probability": 0.967535972595,"value": "not_aggressive"},"mood_electronic": {"all": {"electronic": 0.382243782282,"not_electronic": 0.617756187916},"probability": 0.617756187916,"value": "not_electronic"},"mood_happy": {"all": {"happy": 0.0413036607206,"not_happy": 0.958696365356},"probability": 0.958696365356,"value": "not_happy"},"mood_party": {"all": {"not_party": 0.985737860203,"party": 0.0142621472478},"probability": 0.985737860203,"value": "not_party"},"mood_relaxed": {"all": {"not_relaxed": 0.0128470519558,"relaxed": 0.987152934074},"probability": 0.987152934074,"value": "relaxed"},"mood_sad": {"all": {"not_sad": 0.0202289652079,"sad": 0.979771018028},"probability": 0.979771018028,"value": "sad"},"moods_mirex": {"all": {"Cluster1": 0.0424358285964,"Cluster2": 0.0911653116345,"Cluster3": 0.801139950752,"Cluster4": 0.0574939362705,"Cluster5": 0.00776495644823},"probability": 0.801139950752,"value": "Cluster3"},"timbre": {"all": {"bright": 0.0192081481218,"dark": 0.980791866779},"probability": 0.980791866779,"value": "dark"},"tonal_atonal": {"all": {"atonal": 0.115878663957,"tonal": 0.884121358395},"probability": 0.884121358395,"value": "tonal"},"voice_instrumental": {"all": {"instrumental": 0.112393736839,"voice": 0.887606263161},"probability": 0.887606263161,"value": "voice"}},"metadata": {"audio_properties": {"analysis_sample_rate": 44100,"bit_rate": 320000,"equal_loudness": 0,"length": 45.3224487305,"lossless": 0,"replay_gain": -8.88278198242,"sample_rate": 44100,"codec": "mp3","downmix": "mix","md5_encoded": "38b0f004812256ea4e217218b11fe713"},"tags": {"file_name": "1909015.mp3","album": ["Rain Tree Crow"],"albumartist": ["Rain Tree Crow"],"artist": ["Rain Tree Crow"],"date": ["1991"],"discnumber": ["1"],"encodedby": ["FreeRIP 2.942"],"genre": ["Alternative"],"musicbrainz_recordingid": ["7ecb1c3c-a8a6-444c-8f46-2aa21f256da6"],"title": ["Boat's for Burning"],"tracknumber": ["06"]},"version": {"highlevel": {"essentia": "2.1-beta5-dev","essentia_build_sha": "e74af04b57b164eed312abeef4963962215860f0","essentia_git_sha": "v2.1_beta4-499-g4013ebc","extractor": "music 2.0","gaia": "2.4.5","gaia_git_sha": "v2.4.4-44-g95f4851","models_essentia_git_sha": "v2.1_beta1"},"lowlevel": {"essentia": "2.1-beta2","essentia_build_sha": "70f2e5ece6736b2c40cc944ad0e695b16b925413","essentia_git_sha": "v2.1_beta2","extractor": "music 1.0"}}}}