{"highlevel": {"danceability": {"all": {"danceable": 0.111244745553,"not_danceable": 0.888755261898},"probability": 0.888755261898,"value": "not_danceable"},"gender": {"all": {"female": 0.85719782114,"male": 0.142802193761},"probability": 0.85719782114,"value": "female"},"genre_dortmund": {"all": {"alternative": 0.000894829630852,"blues": 0.000198052686756,"electronic": 0.997630536556,"folkcountry": 0.000909211754333,"funksoulrnb": 3.02769221889e-05,"jazz": 0.000163509961567,"pop": 3.87059153582e-05,"raphiphop": 4.20024298364e-06,"rock": 0.000130679531139},"probability": 0.997630536556,"value": "electronic"},"genre_electronic": {"all": {"ambient": 0.781352877617,"dnb": 0.0130021981895,"house": 0.0660974010825,"techno": 0.00858304835856,"trance": 0.130964457989},"probability": 0.781352877617,"value": "ambient"},"genre_rosamerica": {"all": {"cla": 0.183008700609,"dan": 0.00937769375741,"hip": 0.0106538757682,"jaz": 0.0451443605125,"pop": 0.467448741198,"rhy": 0.254318535328,"roc": 0.0234902352095,"spe": 0.00655785528943},"probability": 0.467448741198,"value": "pop"},"genre_tzanetakis": {"all": {"blu": 1.69366931368e-14,"cla": 1.09051070447e-14,"cou": 2.16908451243e-14,"dis": 2.15938835687e-14,"hip": 4.29717195258e-14,"jaz": 0.999999940395,"met": 2.0000017642e-08,"pop": 2.0000017642e-08,"reg": 1.66666822565e-08,"roc": 2.50000233848e-08},"probability": 0.999999940395,"value": "jaz"},"ismir04_rhythm": {"all": {"ChaChaCha": 0.18294878304,"Jive": 0.115212924778,"Quickstep": 0.0357875153422,"Rumba-American": 0.0560283139348,"Rumba-International": 0.0451374016702,"Rumba-Misc": 0.026373334229,"Samba": 0.049541015178,"Tango": 0.176764592528,"VienneseWaltz": 0.273996382952,"Waltz": 0.0382097139955},"probability": 0.273996382952,"value": "VienneseWaltz"},"mood_acoustic": {"all": {"acoustic": 0.186783373356,"not_acoustic": 0.813216626644},"probability": 0.813216626644,"value": "not_acoustic"},"mood_aggressive": {"all": {"aggressive": 0.0936025157571,"not_aggressive": 0.906397461891},"probability": 0.906397461891,"value": "not_aggressive"},"mood_electronic": {"all": {"electronic": 0.725033223629,"not_electronic": 0.274966746569},"probability": 0.725033223629,"value": "electronic"},"mood_happy": {"all": {"happy": 0.957040667534,"not_happy": 0.0429593399167},"probability": 0.957040667534,"value": "happy"},"mood_party": {"all": {"not_party": 0.605869293213,"party": 0.394130706787},"probability": 0.605869293213,"value": "not_party"},"mood_relaxed": {"all": {"not_relaxed": 0.253972142935,"relaxed": 0.746027886868},"probability": 0.746027886868,"value": "relaxed"},"mood_sad": {"all": {"not_sad": 0.616255044937,"sad": 0.383744925261},"probability": 0.616255044937,"value": "not_sad"},"moods_mirex": {"all": {"Cluster1": 0.0460550710559,"Cluster2": 0.117676608264,"Cluster3": 0.300858825445,"Cluster4": 0.303770035505,"Cluster5": 0.23163947463},"probability": 0.303770035505,"value": "Cluster4"},"timbre": {"all": {"bright": 0.972926139832,"dark": 0.0270738527179},"probability": 0.972926139832,"value": "bright"},"tonal_atonal": {"all": {"atonal": 0.843927681446,"tonal": 0.156072333455},"probability": 0.843927681446,"value": "atonal"},"voice_instrumental": {"all": {"instrumental": 0.29723572731,"voice": 0.70276427269},"probability": 0.70276427269,"value": "voice"}},"metadata": {"audio_properties": {"analysis_sample_rate": 44100,"bit_rate": 0,"equal_loudness": 0,"length": 305.33984375,"lossless": 1,"replay_gain": -7.97344779968,"sample_rate": 96000,"codec": "flac","downmix": "mix","md5_encoded": "43133ffc27dfcb60f81147d3f1f65c4b"},"tags": {"file_name": "1-03 Lady.flac","album": ["Drumless ❬ltd, green vinyl❭"],"albumartist": ["Chromatics"],"albumartistsort": ["Chromatics"],"artist": ["Chromatics"],"artistsort": ["Chromatics"],"bpm": ["101.136459351"],"catalognumber": ["IDIB-043"],"date": ["2014-12-04"],"discnumber": ["1"],"disctotal": ["1"],"genre": ["New Wave", "Synth-pop"],"grouping": ["Electronic", "Pop"],"label": ["Italians Do It Better"],"language": ["eng"],"media": ["12″ Vinyl"],"mood": ["happy", "bright", "relaxed"],"musicbrainz_albumartistid": ["c89ea689-c053-4d97-bada-8b81a6236f58"],"musicbrainz_albumid": ["3384d5fc-e87b-4ec1-ad60-0fd93f2db532"],"musicbrainz_artistid": ["c89ea689-c053-4d97-bada-8b81a6236f58"],"musicbrainz_recordingid": ["0f909657-98e8-4d2e-9b11-c17757544461"],"musicbrainz_releasegroupid": ["45254f57-6fb6-4fa9-88be-1d8e181d2fc1"],"musicbrainz_releasetrackid": ["26bb368e-0676-4c4f-95c7-3b7d9ccf561d"],"originaldate": ["2014-12-04"],"originalyear": ["2014"],"releasecountry": ["US"],"releasestatus": ["official"],"releasetype": ["album"],"script": ["Latn"],"title": ["Lady"],"totaldiscs": ["1"],"totaltracks": ["8"],"tracknumber": ["3"],"tracktotal": ["8"]},"version": {"highlevel": {"essentia": "2.1-beta5-dev","essentia_build_sha": "e74af04b57b164eed312abeef4963962215860f0","essentia_git_sha": "v2.1_beta4-499-g4013ebc","extractor": "music 2.0","gaia": "2.4.5","gaia_git_sha": "v2.4.4-44-g95f4851","models_essentia_git_sha": "v2.1_beta1"},"lowlevel": {"essentia": "2.1-beta2","essentia_build_sha": "70f2e5ece6736b2c40cc944ad0e695b16b925413","essentia_git_sha": "v2.1_beta2","extractor": "music 1.0"}}}}