{"highlevel": {"danceability": {"all": {"danceable": 0.999999880791,"not_danceable": 1.00000008274e-07},"probability": 0.999999880791,"value": "danceable"},"gender": {"all": {"female": 0.622126698494,"male": 0.377873301506},"probability": 0.622126698494,"value": "female"},"genre_dortmund": {"all": {"alternative": 0.000360789243132,"blues": 2.3365695597e-05,"electronic": 0.999420583248,"folkcountry": 8.56794576976e-05,"funksoulrnb": 1.01935449948e-06,"jazz": 7.03022087691e-05,"pop": 4.19647903982e-06,"raphiphop": 2.35037205698e-07,"rock": 3.38214158546e-05},"probability": 0.999420583248,"value": "electronic"},"genre_electronic": {"all": {"ambient": 0.825736522675,"dnb": 0.00420429650694,"house": 0.0941022336483,"techno": 0.017377031967,"trance": 0.0585798881948},"probability": 0.825736522675,"value": "ambient"},"genre_rosamerica": {"all": {"cla": 0.566402971745,"dan": 0.00747283035889,"hip": 0.0390759594738,"jaz": 0.202868834138,"pop": 0.014416157268,"rhy": 0.137802898884,"roc": 0.00960907526314,"spe": 0.0223512984812},"probability": 0.566402971745,"value": "cla"},"genre_tzanetakis": {"all": {"blu": 0.0994755327702,"cla": 0.0892375931144,"cou": 0.0785693824291,"dis": 0.0866650566459,"hip": 0.077558323741,"jaz": 0.197373777628,"met": 0.0646548122168,"pop": 0.131918162107,"reg": 0.0775821208954,"roc": 0.0969652235508},"probability": 0.197373777628,"value": "jaz"},"ismir04_rhythm": {"all": {"ChaChaCha": 0.000638318364508,"Jive": 0.000122413199279,"Quickstep": 1.14141730592e-05,"Rumba-American": 0.000210417449125,"Rumba-International": 0.000169849430677,"Rumba-Misc": 0.000174108514329,"Samba": 0.000103403384855,"Tango": 0.993053913116,"VienneseWaltz": 0.00541677186266,"Waltz": 9.93782523437e-05},"probability": 0.993053913116,"value": "Tango"},"mood_acoustic": {"all": {"acoustic": 0.424979656935,"not_acoustic": 0.575020313263},"probability": 0.575020313263,"value": "not_acoustic"},"mood_aggressive": {"all": {"aggressive": 3.00000096379e-14,"not_aggressive": 1},"probability": 1,"value": "not_aggressive"},"mood_electronic": {"all": {"electronic": 0.984320700169,"not_electronic": 0.0156792830676},"probability": 0.984320700169,"value": "electronic"},"mood_happy": {"all": {"happy": 0.0225489549339,"not_happy": 0.97745102644},"probability": 0.97745102644,"value": "not_happy"},"mood_party": {"all": {"not_party": 0.999961495399,"party": 3.85282510251e-05},"probability": 0.999961495399,"value": "not_party"},"mood_relaxed": {"all": {"not_relaxed": 0.191176921129,"relaxed": 0.808823049068},"probability": 0.808823049068,"value": "relaxed"},"mood_sad": {"all": {"not_sad": 0.35436835885,"sad": 0.645631611347},"probability": 0.645631611347,"value": "sad"},"moods_mirex": {"all": {"Cluster1": 0.0772226452827,"Cluster2": 0.0444035679102,"Cluster3": 0.227747857571,"Cluster4": 0.0306320842355,"Cluster5": 0.61999386549},"probability": 0.61999386549,"value": "Cluster5"},"timbre": {"all": {"bright": 0.513099551201,"dark": 0.486900478601},"probability": 0.513099551201,"value": "bright"},"tonal_atonal": {"all": {"atonal": 0.920239031315,"tonal": 0.0797609835863},"probability": 0.920239031315,"value": "atonal"},"voice_instrumental": {"all": {"instrumental": 0.750362932682,"voice": 0.249637082219},"probability": 0.750362932682,"value": "instrumental"}},"metadata": {"audio_properties": {"analysis_sample_rate": 44100,"bit_rate": 0,"equal_loudness": 0,"length": 343.706665039,"lossless": 1,"replay_gain": -5.03960418701,"codec": "flac","downmix": "mix","md5_encoded": "73acc6c6f91c62c4da3791b291dae6f0"},"tags": {"file_name": "CD3 10 Jedi Master Revealed _ Mynock Cave.flac","acoustid_id": ["932d5de2-1f8d-4d05-9fca-5db123d06a2c"],"album": ["The Music of Star Wars: 30th Anniversary Collector's Edition"],"album artist": ["John Williams"],"albumartist": ["John Williams"],"albumartistsort": ["Williams, John"],"arranger": ["Herbert Winfield Spencer"],"artist": ["John Williams"],"artistsort": ["Williams, John"],"asin": ["B000VEA38E"],"barcode": ["886971411423"],"catalognumber": ["88697-14114-2", "88697-14114-2\/7"],"compilation": ["1"],"composer": ["John Williams"],"conductor": ["John Williams"],"date": ["1980"],"disc": ["1"],"discnumber": ["3"],"discsubtitle": ["Star Wars: Episode V - The Empire Strikes Back"],"disctotal": ["7"],"encoder": ["MediaMonkey 3.2.4"],"ensemble": ["John Williams"],"genre": ["Soundtrack"],"label": ["Sony Classical", "Sony Classical"],"media": ["CD"],"musicbrainz_albumartistid": ["53b106e7-0cc6-42cc-ac95-ed8d30a3a98e"],"musicbrainz_albumid": ["33edca2e-f5d6-4107-9d6d-e744d2d0c541"],"musicbrainz_artistid": ["53b106e7-0cc6-42cc-ac95-ed8d30a3a98e"],"musicbrainz_recordingid": ["76d722c2-a675-42fb-ad6e-b9309df387bf"],"musicbrainz_releasegroupid": ["886b5e7c-b5ec-457f-a807-bde3b9350ba4"],"musicbrainz_workid": ["8dceb59a-6d7f-3703-8635-0135cd106825"],"originaldate": ["2007-11-06"],"performer": ["London Symphony Orchestra (orchestra)"],"producer": ["John Williams"],"releasecountry": ["US"],"releasestatus": ["official"],"releasetype": ["album", "compilation", "soundtrack"],"script": ["Latn"],"title": ["Jedi Master Revealed \/ Mynock Cave"],"totaldiscs": ["7"],"totaltracks": ["11"],"tracknumber": ["10"],"tracktotal": ["11"]},"version": {"highlevel": {"essentia": "2.1-beta5-dev","essentia_build_sha": "e74af04b57b164eed312abeef4963962215860f0","essentia_git_sha": "v2.1_beta4-499-g4013ebc","extractor": "music 2.0","gaia": "2.4.5","gaia_git_sha": "v2.4.4-44-g95f4851","models_essentia_git_sha": "v2.1_beta1"},"lowlevel": {"essentia": "2.1-beta1","essentia_build_sha": "7f154e5731828a63663f0144680ef47bd640f88b","essentia_git_sha": "v2.1_beta1-6-g5578087","extractor": "music 1.0"}}}}