{"highlevel": {"danceability": {"all": {"danceable": 0.560751080513,"not_danceable": 0.439248919487},"probability": 0.560751080513,"value": "danceable"},"gender": {"all": {"female": 0.37342518568,"male": 0.62657481432},"probability": 0.62657481432,"value": "male"},"genre_dortmund": {"all": {"alternative": 0.12144189328,"blues": 0.0237817950547,"electronic": 0.79654532671,"folkcountry": 0.0326591916382,"funksoulrnb": 0.00210284697823,"jazz": 0.0054585589096,"pop": 0.00313389743678,"raphiphop": 0.00153905479237,"rock": 0.0133374035358},"probability": 0.79654532671,"value": "electronic"},"genre_electronic": {"all": {"ambient": 0.807277023792,"dnb": 0.0059215426445,"house": 0.048605710268,"techno": 0.00349560868926,"trance": 0.134700089693},"probability": 0.807277023792,"value": "ambient"},"genre_rosamerica": {"all": {"cla": 0.127190575004,"dan": 0.0163341537118,"hip": 0.0131443347782,"jaz": 0.104892589152,"pop": 0.283296227455,"rhy": 0.104243770242,"roc": 0.332750231028,"spe": 0.0181481074542},"probability": 0.332750231028,"value": "roc"},"genre_tzanetakis": {"all": {"blu": 1.69366931368e-14,"cla": 1.09051070447e-14,"cou": 2.16908451243e-14,"dis": 2.15938835687e-14,"hip": 4.29717195258e-14,"jaz": 0.999999940395,"met": 2.0000017642e-08,"pop": 2.0000017642e-08,"reg": 1.66666822565e-08,"roc": 2.50000233848e-08},"probability": 0.999999940395,"value": "jaz"},"ismir04_rhythm": {"all": {"ChaChaCha": 0.00565227493644,"Jive": 0.00250430521555,"Quickstep": 0.000298076629406,"Rumba-American": 0.00360037735663,"Rumba-International": 0.000655690731946,"Rumba-Misc": 0.000726060941815,"Samba": 0.000542472989764,"Tango": 0.834205806255,"VienneseWaltz": 0.1507037431,"Waltz": 0.00111120170914},"probability": 0.834205806255,"value": "Tango"},"mood_acoustic": {"all": {"acoustic": 0.67956250906,"not_acoustic": 0.320437520742},"probability": 0.67956250906,"value": "acoustic"},"mood_aggressive": {"all": {"aggressive": 0.00726379593834,"not_aggressive": 0.99273622036},"probability": 0.99273622036,"value": "not_aggressive"},"mood_electronic": {"all": {"electronic": 0.198661699891,"not_electronic": 0.80133831501},"probability": 0.80133831501,"value": "not_electronic"},"mood_happy": {"all": {"happy": 0.0442709922791,"not_happy": 0.955729007721},"probability": 0.955729007721,"value": "not_happy"},"mood_party": {"all": {"not_party": 0.929220914841,"party": 0.0707790628076},"probability": 0.929220914841,"value": "not_party"},"mood_relaxed": {"all": {"not_relaxed": 0.663883626461,"relaxed": 0.336116373539},"probability": 0.663883626461,"value": "not_relaxed"},"mood_sad": {"all": {"not_sad": 0.485676765442,"sad": 0.514323234558},"probability": 0.514323234558,"value": "sad"},"moods_mirex": {"all": {"Cluster1": 0.107558079064,"Cluster2": 0.151718214154,"Cluster3": 0.364319503307,"Cluster4": 0.276983678341,"Cluster5": 0.099420517683},"probability": 0.364319503307,"value": "Cluster3"},"timbre": {"all": {"bright": 0.976068079472,"dark": 0.0239319242537},"probability": 0.976068079472,"value": "bright"},"tonal_atonal": {"all": {"atonal": 0.00581445824355,"tonal": 0.994185566902},"probability": 0.994185566902,"value": "tonal"},"voice_instrumental": {"all": {"instrumental": 0.391965210438,"voice": 0.608034789562},"probability": 0.608034789562,"value": "voice"}},"metadata": {"audio_properties": {"analysis_sample_rate": 44100,"bit_rate": 0,"equal_loudness": 0,"length": 234.333328247,"lossless": 1,"replay_gain": -11.6511268616,"sample_rate": 44100,"codec": "flac","downmix": "mix","md5_encoded": "e7fee42f223ebb866f5f6bebb296a9d1"},"tags": {"file_name": "06. Milkwood Blues.flac","acoustid_id": ["6cd2b64c-3d67-426d-b692-598ec2fcc630"],"album": ["Magic and Medicine"],"albumartist": ["The Coral"],"albumartistsort": ["Coral, The"],"artist": ["The Coral"],"artistsort": ["Coral, The"],"asin": ["B0000A0UB1"],"barcode": ["5099751256090"],"catalognumber": ["DLTCD014"],"composer": ["James Skelly"],"date": ["2003-07-28"],"discnumber": ["1"],"disctotal": ["1"],"engineer": ["Jon Gray"],"genre": ["Indie Rock"],"isrc": ["GBETG0300019"],"label": ["Deltasonic"],"language": ["eng"],"lyricist": ["James Skelly"],"media": ["CD"],"musicbrainz_albumartistid": ["3b1c66fb-98ad-417f-b01e-49baf37f06a3"],"musicbrainz_albumid": ["3e78962e-9e9d-409a-8341-913115029e0c"],"musicbrainz_artistid": ["3b1c66fb-98ad-417f-b01e-49baf37f06a3"],"musicbrainz_recordingid": ["76f9f1b3-bd5e-4736-b680-e7201fa3efff"],"musicbrainz_releasegroupid": ["4feff6dd-666f-3676-93f8-90368aaebe68"],"musicbrainz_workid": ["cd5f6e48-e61a-48ed-8433-6c0b258931b2"],"originaldate": ["2003-07-28"],"producer": ["The Coral", "Ian Broudie"],"releasecountry": ["GB"],"releasestatus": ["official"],"releasetype": ["album"],"script": ["Latn"],"title": ["Milkwood Blues"],"totaldiscs": ["1"],"totaltracks": ["12"],"tracknumber": ["6"],"tracktotal": ["12"]},"version": {"highlevel": {"essentia": "2.1-beta5-dev","essentia_build_sha": "e74af04b57b164eed312abeef4963962215860f0","essentia_git_sha": "v2.1_beta4-499-g4013ebc","extractor": "music 2.0","gaia": "2.4.5","gaia_git_sha": "v2.4.4-44-g95f4851","models_essentia_git_sha": "v2.1_beta1"},"lowlevel": {"essentia": "2.1-beta2","essentia_build_sha": "70f2e5ece6736b2c40cc944ad0e695b16b925413","essentia_git_sha": "v2.1_beta2","extractor": "music 1.0"}}}}