{"highlevel": {"danceability": {"all": {"danceable": 0.103781737387,"not_danceable": 0.896218240261},"probability": 0.896218240261,"value": "not_danceable"},"gender": {"all": {"female": 0.827861666679,"male": 0.172138348222},"probability": 0.827861666679,"value": "female"},"genre_dortmund": {"all": {"alternative": 0.000598336046096,"blues": 0.000124837155454,"electronic": 0.998246192932,"folkcountry": 0.000271675002296,"funksoulrnb": 5.95181199969e-06,"jazz": 0.000614864635281,"pop": 8.76620197232e-06,"raphiphop": 1.24801317725e-06,"rock": 0.000128147687064},"probability": 0.998246192932,"value": "electronic"},"genre_electronic": {"all": {"ambient": 0.906338512897,"dnb": 0.00320590473711,"house": 0.0477752238512,"techno": 0.014894858934,"trance": 0.027785487473},"probability": 0.906338512897,"value": "ambient"},"genre_rosamerica": {"all": {"cla": 0.00351776252501,"dan": 0.000903543608729,"hip": 0.00715954741463,"jaz": 0.958918690681,"pop": 0.00355052645318,"rhy": 0.0140594597906,"roc": 0.000851454620715,"spe": 0.0110390270129},"probability": 0.958918690681,"value": "jaz"},"genre_tzanetakis": {"all": {"blu": 0.056156732142,"cla": 0.0655242353678,"cou": 0.0983001664281,"dis": 0.0786538794637,"hip": 0.131100311875,"jaz": 0.196662306786,"met": 0.0983236655593,"pop": 0.131088346243,"reg": 0.0786489397287,"roc": 0.0655414164066},"probability": 0.196662306786,"value": "jaz"},"ismir04_rhythm": {"all": {"ChaChaCha": 0.00280745490454,"Jive": 6.31880975561e-05,"Quickstep": 4.42087657575e-05,"Rumba-American": 0.00128472258803,"Rumba-International": 0.000221352791414,"Rumba-Misc": 0.00120443431661,"Samba": 0.000253815727774,"Tango": 0.973769009113,"VienneseWaltz": 0.0200737584382,"Waltz": 0.000278064573649},"probability": 0.973769009113,"value": "Tango"},"mood_acoustic": {"all": {"acoustic": 0.944710075855,"not_acoustic": 0.0552899241447},"probability": 0.944710075855,"value": "acoustic"},"mood_aggressive": {"all": {"aggressive": 0.0753296017647,"not_aggressive": 0.924670398235},"probability": 0.924670398235,"value": "not_aggressive"},"mood_electronic": {"all": {"electronic": 0.348041415215,"not_electronic": 0.651958584785},"probability": 0.651958584785,"value": "not_electronic"},"mood_happy": {"all": {"happy": 0.14384624362,"not_happy": 0.856153726578},"probability": 0.856153726578,"value": "not_happy"},"mood_party": {"all": {"not_party": 0.953939259052,"party": 0.0460607595742},"probability": 0.953939259052,"value": "not_party"},"mood_relaxed": {"all": {"not_relaxed": 0.0128994099796,"relaxed": 0.987100601196},"probability": 0.987100601196,"value": "relaxed"},"mood_sad": {"all": {"not_sad": 0.429365754128,"sad": 0.570634245872},"probability": 0.570634245872,"value": "sad"},"moods_mirex": {"all": {"Cluster1": 0.0705973729491,"Cluster2": 0.0887046158314,"Cluster3": 0.474084556103,"Cluster4": 0.157143011689,"Cluster5": 0.209470435977},"probability": 0.474084556103,"value": "Cluster3"},"timbre": {"all": {"bright": 0.840921521187,"dark": 0.159078478813},"probability": 0.840921521187,"value": "bright"},"tonal_atonal": {"all": {"atonal": 0.33719432354,"tonal": 0.66280567646},"probability": 0.66280567646,"value": "tonal"},"voice_instrumental": {"all": {"instrumental": 0.99615073204,"voice": 0.0038492588792},"probability": 0.99615073204,"value": "instrumental"}},"metadata": {"audio_properties": {"analysis_sample_rate": 44100,"bit_rate": 0,"equal_loudness": 0,"length": 325.306671143,"lossless": 1,"replay_gain": -12.8283939362,"sample_rate": 44100,"codec": "flac","downmix": "mix","md5_encoded": "a7b7203164d40543858ab29a99d4d15f"},"tags": {"file_name": "miles_davis_quintet_legendary_prestige_quintet_sessions_01__round_midnight.flac","acoustid_fingerprint": ["AQADtErCNEsSD9PJHJdO_LiE34gPHddR29C74z7y40tz_PAjHn3wDD-e40PyC_mEH35JPGXQJeEQZoeOHPvhPh2OnEi07djzRCg3pUPzfagH_4QmHlVePGhonOlxJ9gP6oiMZIkpHiafoh5xXHtwSeif4mOO4vzRzcEz-Zh-5MsYSMd_TPAj6EJPnMezFn-CX9DQNMeBE8_wKg-u7IIeCaGfwleEOxfaJA0uHxduIj-S2Tu8JcuRMnKRzE7xKNkz3OhRmTQeHI9IJgniSReSy5iPL-mCksePa5jzwA-DvFWhPcfDkbiLH2-SHtdxBrmciHgLV8fvBUc37mjYlIGj42lT7MSJD3kOHeWF9A_-4bCSZbj8B58yHIdvMMeXG7-O5lok3IeTvFJQJk-wF9OF53gWTJTMoI-IB7_h5bie4Qzx4yp-OEmU45Qe7CGOfEji4IKbR_C5hEOyI-fRH0-coFYrXDfCJDeSHVcW4tnRj0FPSsM7MsEPNwkupgn2UUeTc2D2Yt2RL0ey5OiFHia5ofTRhFuKXjnyHxcvnD9OiCc-Hh_h0_jR62hkQseDQ9cR5gxa7jh-OF-OIy-aRy9E5egz4MqJag8OHQ6rFdrxI4xaVMOXoKmPPii7o3luHP6NH8fHw3mINz9CHcqui8gueMgOPSR6xMdz9JvQnB1ybDx0xkX4rEGTCz9uyWg-IMx-6JOJ63j1QEsuhMqlHJfwHMeJO3iOH89T5MnxjMcT_KKK_Cv2HayCeubwG4f8D02Yl7hyzDhFUfAUJQl-osrR_Pgv6JqKOkdz5iiZ6HgKvKFSTG-WIG-g5-DLoId2IWeOUdXwRPiJysvxCb6OPsiD5GyEP4MfFscp48uDq0fyIz3x49nxyeglOM7R4heSOuyRoxEqXRYenMElUcTF436G_rgRn_g__ISinAd_KO_xJEd-VDrRSMMvfMKP2kOQvPjwoY_y46LxjDqOi5TQhPlRBclNBD_uBscTH_twRToYXXDy4T-uD9OPowyXHv7xGE2OIzmDPMeno4cvocctBU2SHi0_nEdtbthe9EN-6Mhv7Dh-_PjSo6mUrOiuBMl55EejjUW1Y-Lh4zwStkL0CD9aTrg0JsEjw82OI6kzIiTLBL5hoZJ8PMmIWsrR4DjDBnmihkjTZEvx_fg3PD4chU_x40fDhT764HyGo-bR9EO-9EieKBOOD1dYTNnxGTcqEBeNxno61CL-CMa4LMrx53j0IAw_6Gg2QziPEL-OHN7xGG4E7ceN_ujxIg-NfvCN8jgd4ThDDpPVw2lFFVlMJIu6EH2UAi9Rhg-aHx-67giz8MPlB9ozCdR3lB_0H_nRHP1xVsiXN0j-Y0q1HG9OPNRRPsfR_3DM4FPwBUf144_wI-8evBYeSdCO2IWtcUE3Hs9RPfiPSzqqF-d2nCbCR_mRLOXRE16Wp_iJoyeSXoqEUEnGDs2O_RPxxEUfOUVzKcUDejKcrEdSSxnyDCdMXjGOn3i8HEcP_4xR5jhJHD-Sq0GePNhlJcKXsmhypGovJPyDPvjxHHcQXkiO7rnxK8WXo5lOHC_6RA_yHArFgd-PPdGhX8ifoT_co45y4Y-A5kV55LkjJN9S-MeNUxxO6XimfDjOjKhTNKEOHa9-PKvxUxiVgVV8TN4eobl5nE9w4vSxH00V9CaRJbWD-owGhW2HI0yVpJhmZCXW5AlRUQ8eweiPHzplXDy067jw4yoPLfVxKdGD8LmE5riPfnjW4juew32D8EXy47fwPGPgV0eYMVWgMXGGvMaVJ_CZ4znGOEP74wmJtEeyeZmCK6Mt_CimhC-e9Hjh43EzXGIqfEpCaGGOqyoJXzx6GveDRpGeCRNzg9FxIYU-hUcapVXwK4d_8ES1LcOjNEZ-KAhf9MlS_MQT5UXPI1nOUEXsJMdzjbhavCye5SIaN-gfvDry6kj64OHx45mFXmhCkdrwBn-Dp9pwUWpxGtdRGw2zpEqCR0o11D_CPBH0HHk_nE-Ca5PxxOhjNMdFCe-DXFyKZqTQJzl2oTzMH-U_3BYmfUeY5Mrxo0dz_PiHvsHm5KhyHS8hJTdq7OlyXMVx1_B1PA-uFD5j6Lng68WZ5JiPasvRHPNKId-N5BlOHb2E08SnEI-KZhvK5GheqYgeQsuXDeEJXjmFJ3twBg_2x7DzI1eg7ohz4U-C5uiVXriDoznQ3Mzw5cL-4MelIz_KHFN25JoU_DieY8p1VNfwPCx6Ruh14jaY7EJ4UUiOMlF-GE4eo2poPMs-9OiX4w-OSTuRNJESZRFSh0OVtUN1Es2zIKeRXFmc4OGPHk90nDl81OpYPMk3jMhTBQnH5Tiu6MMTPrgN5mjkD0eS6wjjDZGsQT-y48nx8Sh5-EtQH8c1xccjI7xoUK8DXcceuDsuCf2OHL2GMlG2HM_xFf_wB91J2DZ09D5u4MOD3Q6YPOUQ8lCVX_gFPnmQYfbRVs7gh_hRJjnyqMEl6jjSnxTOBxUfPFGSuUSfHD_6FNtjMBeJfYTqLMZ1YQ8Y5fDNYU9K1NsT4x9uHKdk4omixKjziGgiu3iy4znirwAiiKDMESqMgIBZYZRADghjCBEMCii8UgIyNo1RBAhDADGAGcQIRAATIhRBDBhDAEBAKMYcAUIZIggFzFDEHBGCGKAAIEJkxgwjCBEOBwHAGGaJVQowhoATgBkvgAUABKYkQQ4xJxBDAAjAINXCEIQAAAogZqgg0DqhiGJMIgIdAAyKgoQUVjEDCJEIUWSI4QgJqAABIlhDiGBEEEQAFUYYQYQhkAiEgCDAAMCAAFAgAMhUzhigBAJOCYfAM0YAIgRABGAMpAGOIeGEBAIAwRARwgjKoAyVMg4YMAwoCYQwQADpDCBIMcQMRAAwgoFgBAEBmNFGASIQsERoAZgBqjnBkIAMUCaYgAwBcQhiSiBABQWCCQCAQEggJRQyjhBAJkWAAEKARQoghxwhjiAiKFIEIYKIYAYglxwzhAAEECEKEEW4QRYITKQBABgBoUSOCGuYdAgR5RgRQiAgICCCAQ00QXIZRRAJQTqSCBFMCKUEs0gAIDw1TFBEMEEGQUOJIIQAAwkBRAnlgBAGQACdEUAQoIghArgjCBLMGUacEkAaBZgjhADkjCBAACEEIhIKQA1QCICmPADBAOS1AICAhhgExgAgkAWFYGJAEcgQA8wQRAIgCHBIECaAFsQBMADBAAhgiCHMKSEEFAQIIBBQCFEgDAQGMQQMUkIYR5wgABhBFFHQEESBUUgBAQBACBEgIBEMIUCkQ8wBRoAlgChAAECMIKIAAMAZBQBRxAgCIACIECMQIAAI5gxmVABLCFNMIYAQBIAYwgxIhABBjGRAAAQIABIZbzgFAgADCBJgEgaMIQAxQhBSAgBGGdBAMSAccgAZw6RQBhgCHTEGUBmCIU4IwwyEBDEoCBFAGECQEAxaRABhQhKAHCECKKIEsEQSIJESDhBCBGAKCMUgAQQQpJwHBChgCCPMECgAUhhAShgXxDgkkAXIAiQEQQA4BjwQRCmgDHOQCCSQp0gApkAsxAjFiAM"],"acoustid_id": ["eb3ef948-e328-4782-a555-5cd2a0ae4508"],"album": ["Legendary Prestige Quintet Sessions"],"albumartist": ["Miles Davis Quintet"],"albumartistsort": ["Davis, Miles, Quintet"],"artist": ["Miles Davis Quintet"],"artistsort": ["Davis, Miles, Quintet"],"asin": ["B000F5GNXS"],"compilation": ["1"],"date": ["2006"],"discnumber": ["03"],"disctotal": ["04"],"genre": ["Jazz"],"language": ["English"],"musicbrainz_albumartistid": ["fe7245e7-d734-4ca1-8e26-691883f58201"],"musicbrainz_albumid": ["70cb28a3-2f4f-4915-86f6-db1f5cf247a6"],"musicbrainz_artistid": ["fe7245e7-d734-4ca1-8e26-691883f58201"],"musicbrainz_discid": ["rIMXexy2Z9CyvLyecmMyHloJD0Y-"],"musicbrainz_recordingid": ["8c82d308-934f-4f6f-a7bd-b197d3e0afe6"],