{"highlevel": {"danceability": {"all": {"danceable": 0.972664892673,"not_danceable": 0.0273350980133},"probability": 0.972664892673,"value": "danceable"},"gender": {"all": {"female": 0.919103085995,"male": 0.0808968991041},"probability": 0.919103085995,"value": "female"},"genre_dortmund": {"all": {"alternative": 0.00557508552447,"blues": 0.000701639452018,"electronic": 0.991122841835,"folkcountry": 0.00112963165157,"funksoulrnb": 3.49775546056e-05,"jazz": 0.000800826353952,"pop": 0.000114348949865,"raphiphop": 6.98182557244e-05,"rock": 0.000450851308415},"probability": 0.991122841835,"value": "electronic"},"genre_electronic": {"all": {"ambient": 0.340531796217,"dnb": 0.0272429734468,"house": 0.473013997078,"techno": 0.0392981506884,"trance": 0.119913078845},"probability": 0.473013997078,"value": "house"},"genre_rosamerica": {"all": {"cla": 0.00243418710306,"dan": 0.0341782271862,"hip": 0.846300363541,"jaz": 0.0208620652556,"pop": 0.033076737076,"rhy": 0.0558333322406,"roc": 0.00324139627628,"spe": 0.00407370179892},"probability": 0.846300363541,"value": "hip"},"genre_tzanetakis": {"all": {"blu": 0.0522521100938,"cla": 0.104511000216,"cou": 0.0836200267076,"dis": 0.104533016682,"hip": 0.104539349675,"jaz": 0.139387249947,"met": 0.104536913335,"pop": 0.139375969768,"reg": 0.0836221724749,"roc": 0.0836222022772},"probability": 0.139387249947,"value": "jaz"},"ismir04_rhythm": {"all": {"ChaChaCha": 0.00348298065364,"Jive": 0.00754949590191,"Quickstep": 0.00109084439464,"Rumba-American": 0.00478219054639,"Rumba-International": 0.00192289054394,"Rumba-Misc": 0.000482885894598,"Samba": 0.00262553268112,"Tango": 0.96832472086,"VienneseWaltz": 0.00941474176943,"Waltz": 0.000323707878124},"probability": 0.96832472086,"value": "Tango"},"mood_acoustic": {"all": {"acoustic": 0.287236809731,"not_acoustic": 0.712763190269},"probability": 0.712763190269,"value": "not_acoustic"},"mood_aggressive": {"all": {"aggressive": 0.209950566292,"not_aggressive": 0.790049433708},"probability": 0.790049433708,"value": "not_aggressive"},"mood_electronic": {"all": {"electronic": 0.795803129673,"not_electronic": 0.204196900129},"probability": 0.795803129673,"value": "electronic"},"mood_happy": {"all": {"happy": 0.345735907555,"not_happy": 0.654264092445},"probability": 0.654264092445,"value": "not_happy"},"mood_party": {"all": {"not_party": 0.484734535217,"party": 0.515265464783},"probability": 0.515265464783,"value": "party"},"mood_relaxed": {"all": {"not_relaxed": 0.708783268929,"relaxed": 0.291216701269},"probability": 0.708783268929,"value": "not_relaxed"},"mood_sad": {"all": {"not_sad": 0.46134147048,"sad": 0.538658499718},"probability": 0.538658499718,"value": "sad"},"moods_mirex": {"all": {"Cluster1": 0.10026793927,"Cluster2": 0.261244982481,"Cluster3": 0.270646750927,"Cluster4": 0.258834034204,"Cluster5": 0.109006300569},"probability": 0.270646750927,"value": "Cluster3"},"timbre": {"all": {"bright": 0.698109030724,"dark": 0.301890999079},"probability": 0.698109030724,"value": "bright"},"tonal_atonal": {"all": {"atonal": 0.893925726414,"tonal": 0.106074266136},"probability": 0.893925726414,"value": "atonal"},"voice_instrumental": {"all": {"instrumental": 0.561421275139,"voice": 0.438578695059},"probability": 0.561421275139,"value": "instrumental"}},"metadata": {"audio_properties": {"analysis_sample_rate": 44100,"bit_rate": 0,"equal_loudness": 0,"length": 203.160003662,"lossless": 1,"replay_gain": -4.48504638672,"sample_rate": 44100,"codec": "flac","downmix": "mix","md5_encoded": "0a2ae617ebb97dd07ec46f3217ce0e52"},"tags": {"file_name": "05 - Slowly But Surely.flac","acoustid_id": ["f6d328af-2d0b-4b8a-b396-2925f7a11822"],"album": ["Wa-Do-Dem"],"albumartist": ["Eek-A-Mouse"],"albumartistsort": ["Eek-A-Mouse"],"artist": ["Eek-A-Mouse"],"artistsort": ["Eek-A-Mouse"],"asin": ["B000000DZE"],"catalognumber": ["GRELCD 031"],"date": ["1987"],"discnumber": ["1"],"disctotal": ["1"],"genre": ["Jamaica - Reggae"],"label": ["Greensleeves Records"],"media": ["CD"],"musicbrainz_albumartistid": ["c7e31260-7372-46dc-adf1-bd6e3e983e32"],"musicbrainz_albumid": ["feadcefe-b456-3403-8383-a8058f90197c"],"musicbrainz_artistid": ["c7e31260-7372-46dc-adf1-bd6e3e983e32"],"musicbrainz_recordingid": ["c9294f51-dc66-4864-ae38-3a2d66d814a2"],"musicbrainz_releasegroupid": ["6df8e144-a05c-3f77-b57c-ebad7fcb8928"],"originaldate": ["1981"],"releasecountry": ["GB"],"releasestatus": ["official"],"releasetype": ["album"],"script": ["Latn"],"title": ["Slowly But Surely"],"tracknumber": ["5"],"tracktotal": ["10"]},"version": {"highlevel": {"essentia": "2.1-beta5-dev","essentia_build_sha": "e74af04b57b164eed312abeef4963962215860f0","essentia_git_sha": "v2.1_beta4-499-g4013ebc","extractor": "music 2.0","gaia": "2.4.5","gaia_git_sha": "v2.4.4-44-g95f4851","models_essentia_git_sha": "v2.1_beta1"},"lowlevel": {"essentia": "2.1-beta2","essentia_build_sha": "2d9f1f26377add8aeb1075a9c2973f962c4f09fd","essentia_git_sha": "v2.1_beta2-1-ge3940c0","extractor": "music 1.0"}}}}