{"highlevel": {"danceability": {"all": {"danceable": 3.00000096379e-14,"not_danceable": 1},"probability": 1,"value": "not_danceable"},"gender": {"all": {"female": 0.622126698494,"male": 0.377873301506},"probability": 0.622126698494,"value": "female"},"genre_dortmund": {"all": {"alternative": 0.00311172707006,"blues": 0.000428810744779,"electronic": 0.994750678539,"folkcountry": 0.000295167701552,"funksoulrnb": 1.43865272548e-05,"jazz": 0.00111358158756,"pop": 2.99417806673e-05,"raphiphop": 7.89835485193e-06,"rock": 0.000247809366556},"probability": 0.994750678539,"value": "electronic"},"genre_electronic": {"all": {"ambient": 0.793486297131,"dnb": 0.0060508819297,"house": 0.0480094589293,"techno": 0.0376337170601,"trance": 0.114819638431},"probability": 0.793486297131,"value": "ambient"},"genre_rosamerica": {"all": {"cla": 0.0911883190274,"dan": 0.0408200696111,"hip": 0.141647309065,"jaz": 0.202654004097,"pop": 0.0983684957027,"rhy": 0.255413174629,"roc": 0.0350480414927,"spe": 0.134860575199},"probability": 0.255413174629,"value": "rhy"},"genre_tzanetakis": {"all": {"blu": 0.0617713928223,"cla": 0.0343018434942,"cou": 0.102904699743,"dis": 0.0514719486237,"hip": 0.154438391328,"jaz": 0.309046447277,"met": 0.0441263727844,"pop": 0.0772129744291,"reg": 0.0617708563805,"roc": 0.102955065668},"probability": 0.309046447277,"value": "jaz"},"ismir04_rhythm": {"all": {"ChaChaCha": 0.000199206959223,"Jive": 0.00030285154935,"Quickstep": 0.000596261001192,"Rumba-American": 0.977233588696,"Rumba-International": 0.000321496889228,"Rumba-Misc": 0.00207453826442,"Samba": 0.0116164358333,"Tango": 0.00673374719918,"VienneseWaltz": 0.000415320915636,"Waltz": 0.00050655339146},"probability": 0.977233588696,"value": "Rumba-American"},"mood_acoustic": {"all": {"acoustic": 0.0955903604627,"not_acoustic": 0.904409646988},"probability": 0.904409646988,"value": "not_acoustic"},"mood_aggressive": {"all": {"aggressive": 3.00000096379e-14,"not_aggressive": 1},"probability": 1,"value": "not_aggressive"},"mood_electronic": {"all": {"electronic": 0.979391694069,"not_electronic": 0.0206082761288},"probability": 0.979391694069,"value": "electronic"},"mood_happy": {"all": {"happy": 0.0101623907685,"not_happy": 0.98983758688},"probability": 0.98983758688,"value": "not_happy"},"mood_party": {"all": {"not_party": 0.999984204769,"party": 1.57784197654e-05},"probability": 0.999984204769,"value": "not_party"},"mood_relaxed": {"all": {"not_relaxed": 0.191182896495,"relaxed": 0.808817088604},"probability": 0.808817088604,"value": "relaxed"},"mood_sad": {"all": {"not_sad": 0.608825325966,"sad": 0.391174644232},"probability": 0.608825325966,"value": "not_sad"},"moods_mirex": {"all": {"Cluster1": 0.0772226452827,"Cluster2": 0.0444035679102,"Cluster3": 0.227747857571,"Cluster4": 0.0306320842355,"Cluster5": 0.61999386549},"probability": 0.61999386549,"value": "Cluster5"},"timbre": {"all": {"bright": 0.00349185219966,"dark": 0.99650812149},"probability": 0.99650812149,"value": "dark"},"tonal_atonal": {"all": {"atonal": 0.987244129181,"tonal": 0.0127558941022},"probability": 0.987244129181,"value": "atonal"},"voice_instrumental": {"all": {"instrumental": 1,"voice": 9.76017311416e-09},"probability": 1,"value": "instrumental"}},"metadata": {"audio_properties": {"analysis_sample_rate": 44100,"bit_rate": 128000,"equal_loudness": 0,"length": 176.822860718,"lossless": 0,"replay_gain": -2.17545700073,"sample_rate": 44100,"codec": "mp3","downmix": "mix","md5_encoded": "8b3f6f770ab0bac91c0523f37e03863f"},"tags": {"file_name": "05 - The Superman.mp3","acoustid_id": ["33720451-ccd9-408d-848c-e961f3b9734e"],"album": ["Ziggy Stardust and the Spiders From Mars 'live'"],"albumartist": ["David Bowie"],"albumartistsort": ["Bowie, David"],"artist": ["David Bowie"],"artistsort": ["Bowie, David"],"date": ["1995"],"discnumber": ["1\/1"],"encodedby": ["iTunes v4.9"],"genre": ["Rock"],"isrc": ["USJT10300125"],"musicbrainz album release country": ["PT"],"musicbrainz album status": ["official"],"musicbrainz album type": ["album\/live"],"musicbrainz_albumartistid": ["5441c29d-3602-4898-b1a1-b77fa23b8e50"],"musicbrainz_albumid": ["8c4e2d1e-c686-4f34-94bc-b618cf4e01a4"],"musicbrainz_artistid": ["5441c29d-3602-4898-b1a1-b77fa23b8e50"],"musicbrainz_recordingid": ["163c6ac7-2953-4373-8e23-c2a39192afed"],"musicbrainz_releasegroupid": ["1d2c03b3-19bb-38fb-b44a-35266602e6d3"],"originaldate": ["1989"],"script": ["Latn"],"title": ["The Superman"],"tracknumber": ["5\/19"]},"version": {"highlevel": {"essentia": "2.1-beta5-dev","essentia_build_sha": "e74af04b57b164eed312abeef4963962215860f0","essentia_git_sha": "v2.1_beta4-499-g4013ebc","extractor": "music 2.0","gaia": "2.4.5","gaia_git_sha": "v2.4.4-44-g95f4851","models_essentia_git_sha": "v2.1_beta1"},"lowlevel": {"essentia": "2.1-beta1","essentia_build_sha": "ca57ba49d9b1854bd80e60cf9ccf267278fb7d6b","essentia_git_sha": "v2.1_beta1-28-g21ef5f4-dirty","extractor": "music 1.0"}}}}