{"highlevel": {"danceability": {"all": {"danceable": 0.992625236511,"not_danceable": 0.00737475743517},"probability": 0.992625236511,"value": "danceable"},"gender": {"all": {"female": 0.0844363570213,"male": 0.915563642979},"probability": 0.915563642979,"value": "male"},"genre_dortmund": {"all": {"alternative": 0.172801315784,"blues": 0.12347754091,"electronic": 0.368002474308,"folkcountry": 0.0943680405617,"funksoulrnb": 0.0149117363617,"jazz": 0.0554095543921,"pop": 0.0229821428657,"raphiphop": 0.0120399650186,"rock": 0.136007234454},"probability": 0.368002474308,"value": "electronic"},"genre_electronic": {"all": {"ambient": 0.576980113983,"dnb": 0.0358968228102,"house": 0.29657253623,"techno": 0.015494720079,"trance": 0.0750558152795},"probability": 0.576980113983,"value": "ambient"},"genre_rosamerica": {"all": {"cla": 0.0143368318677,"dan": 0.059729680419,"hip": 0.22663782537,"jaz": 0.0267535764724,"pop": 0.232239425182,"rhy": 0.117605045438,"roc": 0.311124950647,"spe": 0.0115726478398},"probability": 0.311124950647,"value": "roc"},"genre_tzanetakis": {"all": {"blu": 0.0622582100332,"cla": 0.0466684661806,"cou": 0.0746714919806,"dis": 0.074705325067,"hip": 0.186866149306,"jaz": 0.187099412084,"met": 0.0748249068856,"pop": 0.124669194221,"reg": 0.0747784823179,"roc": 0.0934583544731},"probability": 0.187099412084,"value": "jaz"},"ismir04_rhythm": {"all": {"ChaChaCha": 0.173509612679,"Jive": 0.100943654776,"Quickstep": 0.0395123660564,"Rumba-American": 0.0645689740777,"Rumba-International": 0.0624038055539,"Rumba-Misc": 0.0372364223003,"Samba": 0.0704137831926,"Tango": 0.278289347887,"VienneseWaltz": 0.142448589206,"Waltz": 0.030673449859},"probability": 0.278289347887,"value": "Tango"},"mood_acoustic": {"all": {"acoustic": 0.253026366234,"not_acoustic": 0.746973633766},"probability": 0.746973633766,"value": "not_acoustic"},"mood_aggressive": {"all": {"aggressive": 0.0196457207203,"not_aggressive": 0.980354249477},"probability": 0.980354249477,"value": "not_aggressive"},"mood_electronic": {"all": {"electronic": 0.103532023728,"not_electronic": 0.896467983723},"probability": 0.896467983723,"value": "not_electronic"},"mood_happy": {"all": {"happy": 0.445878475904,"not_happy": 0.554121553898},"probability": 0.554121553898,"value": "not_happy"},"mood_party": {"all": {"not_party": 0.847632110119,"party": 0.152367889881},"probability": 0.847632110119,"value": "not_party"},"mood_relaxed": {"all": {"not_relaxed": 0.827449917793,"relaxed": 0.172550067306},"probability": 0.827449917793,"value": "not_relaxed"},"mood_sad": {"all": {"not_sad": 0.549709141254,"sad": 0.450290858746},"probability": 0.549709141254,"value": "not_sad"},"moods_mirex": {"all": {"Cluster1": 0.140625655651,"Cluster2": 0.202529728413,"Cluster3": 0.320562511683,"Cluster4": 0.233826771379,"Cluster5": 0.102455332875},"probability": 0.320562511683,"value": "Cluster3"},"timbre": {"all": {"bright": 0.990699648857,"dark": 0.00930033437908},"probability": 0.990699648857,"value": "bright"},"tonal_atonal": {"all": {"atonal": 0.0140241570771,"tonal": 0.985975861549},"probability": 0.985975861549,"value": "tonal"},"voice_instrumental": {"all": {"instrumental": 0.973911166191,"voice": 0.0260888487101},"probability": 0.973911166191,"value": "instrumental"}},"metadata": {"audio_properties": {"analysis_sample_rate": 44100,"bit_rate": 252776,"equal_loudness": 0,"length": 161.436737061,"lossless": 0,"replay_gain": -10.4410858154,"sample_rate": 44100,"codec": "mp3","downmix": "mix","md5_encoded": "7b9b7d62d0a016e589dae92994576511"},"tags": {"file_name": "09. Gorgo_2-41.mp3","acoustid_fingerprint": ["AQADtFoSJfxh9cebRMepw6WM9sgHLUefI8fhLlHw4zZR6QoOM86RJ4fyHLEs408eVNeQHj_0fTAJtssELUkzIY8C7rAf3NgqXEHcIjlzWF8F5w_aKReePDjcDcmDMH8w_UCPxkKfo3mS4MOpHPmR7OPwB9R0dGzxjUQeJP-wp8df1Ayc5ni04KOR8EeoE7dwpcWXG-6L_XiODz_IJzl-7BeelYmRPMiP8TmO6kkR5kfy41ZwMUcT7knR_YMKljweYg-NKzlcabiyTMCeH_yJR8iTo-wCKTniF__gxjieGOkcfCdm6UGd5MN9IXwWHMYXKEokJsI5Hr_BwztOPMdYHx-jIj-0RHmOnMfzoOnRZ0aeoc_h8QmuBmKUZYPPo2sW6A_2RR1yJcfx8HiuCP5HfM_wMBE-Cs2HL3CGB038oU8S2NEuNJPx5NCPH82zHJN8XHnwULKHXBXUH2-Yok9yQfyD0EpQmbiloqKPH7P0Bs2THYnyGjlGKUkOS2mCpLoo5A78ZMePfXjr4WlyeGMOuviP6bCFC__xJCHijPgh-sh5uM7RP8SPo4kkoY5xHdMLPkctOsGXDrGPaReaJ3iOPwn86JihJzlibkwCPqLwo-bROAuJ77jxHUd42aC6BZdkaGbw4FlwPoP8FE2O_nhwAyGp4FFyPMe1gz98pFUDr4G6JkIXHLn0wM2B_wOjLUmCLamQ58Z1iB_y3EH54hme6XgfNKUwfUEuJDqegWVmjDeeb0LTHDWeI0dyF79xSj_qXMHjFQ8JP0d-I4naNbh2sEtyIhQSH_1xJix67diWCBcznMGPZ0HIxIY-5eiDdMzxPKhOnLiP_tiT4NTR4zvyB-SR0FNwLfgRMtMjuEopWBxOuFtQ9si3w6MIfg_OHNcPJh_CE3LJFf-RB1fC4s-FJgRzPHg_lFEPTy9CHRd2RflwFnuON4eea8jlNOB71CYaVcKjDz-mLEcpZcfm-Mj7QHtkNHmQ50fGHM8TomdkND-Iv7iiKCGmyTnSH_lz6MQX5YOnnKnQozlzRHqO5MieZMF1_E_R6EctDa-UwD-uJ0g-I2eIP8PjcmimKx1yhWGRrAd74U1zcJSEd8ePhNWRR8lyXBfeAD7-D098otkTPHnB5DSeGNfRSoPrHCF9aP_RPDvy4yOPJxmaMfGM9EdyNCtH_AYn7cJzEdMJP1HgB1VxZkK-y9D_BKmPHzezw98BP8d1TOyHZ4eDZCNyPMef4ArOBXmy5EiiBBP1RLhqnAz-C42yHKGUKjmSZ8YTNCf6CzUfsKGCyjquB0xCukN4VgGTaUUfXML5CFPh6PikZESdJMON4zn8x_iSLDhNDRcRZpTRLkmOG-8x5ah4vEdzoU5T8Aq89Hh43DvcPEX-HjqFeATbUrhzzDy-8CiV4mHh60fJIz5kdYgZXUL9KIEfFldz_CEiPYlmcCmR5ziDSzr6REbz43N0nC_G5PhCGr6MZwnyQnsuNNmJMIoe9Dga1DrcKJKx77iPXA-aiBmF8GBfPPuwi3Ak40uyIzeRLEGf47xwJviFKSNzdPrBMTcii4f2KOnhVfj-IE0jWLOKsM9xHQ1q6PlwLh_CJ0GoJOPxQ_cxxSVqXfhz5KrhLTGSLryQ5yOa_KiPPaiHZuTxHcn1DGH0VKia40dTocedKME076g14ZuOijYyLQsFsWIcVD2yWNLR6Al-4-LRSY2IQGfxTETqHt9xB9OF5D5youZxlMzxJBHxBtUlpIcii3j04hf28VAWM_iKLzl6HTe8Kyh5GjpyRQr6CM0O7jjIJqyKg7OQy0ieJJGMH0efoPnxHU-SBs_RKBRCMgq060h5UOF2tEJ9pM_iCLqO-Ievo8enY9INU0epLciV6BKaPwh_3DqeJMf1BBX8o_ISNGqGSuqD5DFCKw-ayxJOzcejxfDm4RzxWD7-ENcd9PgRzZFyfDPE_ajWC3mPJhdqS8MVE82L_sL0aRKR60ie6LiYw-LRf3iOiuLR9LiSQ_mLX8GNRuGDNkkWnFOOE4mSf6i2Fpc_7MmH84f2D2GOezg_XFFO_MgF8d-I6Mf3H5wkVIf7wcuyozwyfkieJMefcHhwHk9mw_lxHd-xhhGcEzl07dgTxsOPJtYhG4xu5MLRG82eo3GP8Az0LGhmHaF-5NyhCc2D_NiPO6GGOX8QC2p2pFaOMwjzo48h3siaZbZwOU7QpNfQTUGPMJBy5PlQS8ebMkKlp4KvB7WGK8FJJUQpZSca9UF2HLWyBDpydH3Q6_DB6GiOOiFiKiy0KJfhpRLqqhHUXuiDZsiz6MGPC9QeXNkFLk8CI8-igFdGaFn0ICST48OjgdMX_KnQLEqPshOSH_ke-CaeIy9-iBOP_Gie6eizC8-HtsRfvKCXnTiO58MZFnmR9D-ujAflHIxliThTXAvxZj86hQcqJ7h5PDnoHOUFlzqsOYhF6Jpy4VpUIY0OtlGC9cf5wExe5MdJHXpWhMe3E8-HUNkNMceO3DryRdDdUAgq-zjuYO-IC_lzJNNzeDweNFPwXEOfxWhO5J-hckejKCtCHc1RXES-VNDjE-OFcD-abJGOS8e7FLkDVcinxviyo9LRlMcfvFGKPQjH5nBoXPghXjpKOceT4wgTJzm6KyHijTihOT_cFz3yFxezII6m4Bl0ofll9Dg_5BMqJ7ByHACMAEox54EgRgEhHAuIACAEEAApQJBgIBEBjGBMgCiIFVoJoAASjhglkETMAGCNMApgioghSFHmgAACGGMMkc4gIYEhgBhHgBDMEAqQAIAggJFCijEgCABGUCcAsMIxZpBwBgihGFGGCWgMAAgRY5gQxAiDhBIAgSOQcAoBAwhFRBAiGRAKCKCQAoIoJyQQVAkADCBECUQEgIAhBQBBQArmBBAOQKoYEEIA5BwASmCDQGCIEEMsUQgZASQAjFAgDDKAGEQYFYAwYAASihMEiGNIBUOAAARQIJVAwEAFBDCAQcGA0YQIJgAiRCHBATQKIiIFI0QAJBQSQhBEAEJAAMCEAcoiAgCSggEkhGMAUACAEcQIgxwjAgnkCCGCAIUAAQoIgSBAABhhACDCICKBAYYApYQwEDLhgLMCIECIYwJIopQQCgAipBAGGGWAUUYAQogBAiAmgBCOEIYUUUoZpCABSBkCADHGUWCEMAIAxQiCghLCABIABEQQJkIhgIQCBBkggCASCEYAMAwYwAhhSDFAiFAAAGScIkwISJSy1hhiAAOEASmAMgYp4IgSQCEBEAHAAXAMEAYQR4hhwBgBgDCMAMCAI8gRBQQRiAimiADMCQAEEQiRAKwjzBAHlADKKOqEIkgBUgYAgmKghCXMCOMAAUwQQYgSCiglACIKOIEJIwQABAgwQAhngMFIIQSEAEwSYIBwBEhAFECUKGqMkEBQAxREhAABmAAEgQoMEQYxABQEAAhDBCFEICUZEYAqAoQUgQFCiDFmCQIEAoQAAZQhCgFBBAJGAIKEMdAIQZgBQgmQpBLGSCKQEgApKICBCiDBCBJEGGQMokwwaBAEAAChBGaAU8MIQAAgwTQBQEAgpLAOCIAQAcABgYhRyhCEBGVCMQQEIggAA4gxDEChACEEMQMkIAwJAoIhUABCgGASACKQIQIQJISVBCAAhCFCSQA"],"acoustid_id": ["6289a675-ec02-42a6-ad61-69739e8600dc"],"album": ["Trance-Fusion"],"albumartist": ["Frank Zappa"],"albumartistsort": ["Frank Zappa"],"artist": ["Frank Zappa"],"artistsort": ["Frank Zappa"],"barcode": ["824302000229"],"catalognumber": ["ZR 20002"],"date": ["2006"],"discnumber": ["01\/01"],"genre": ["Jazz"],"label": ["Zappa Records"],"language": ["eng"],"media": ["(CD)"],"musicbrainz album release country": ["US"],"musicbrainz album status": ["Official"],"musicbrainz album type": ["Album", "Live"],"musicbrainz_albumartistid": ["e20747e7-55a4-452e-8766-7b985585082d"],"musicbrainz_albumid": ["26d7044f-3b3d-4b08-b914-f7d7fa9f0b22"],"musicbrainz_artistid": ["e20747e7-55a4-452e-8766-7b985585082d"],