{"highlevel": {"danceability": {"all": {"danceable": 3.00000096379e-14,"not_danceable": 1},"probability": 1,"value": "not_danceable"},"gender": {"all": {"female": 0.622126698494,"male": 0.377873301506},"probability": 0.622126698494,"value": "female"},"genre_dortmund": {"all": {"alternative": 0.024965852499,"blues": 0.00295442272909,"electronic": 0.96237796545,"folkcountry": 0.00176446849946,"funksoulrnb": 0.000302108790493,"jazz": 0.0025033603888,"pop": 0.000509319070261,"raphiphop": 0.000292291515507,"rock": 0.00433023180813},"probability": 0.96237796545,"value": "electronic"},"genre_electronic": {"all": {"ambient": 0.483362466097,"dnb": 0.124090202153,"house": 0.0645071268082,"techno": 0.0420861802995,"trance": 0.285954028368},"probability": 0.483362466097,"value": "ambient"},"genre_rosamerica": {"all": {"cla": 0.0101588964462,"dan": 0.052404768765,"hip": 0.109764747322,"jaz": 0.00799603760242,"pop": 0.0984639525414,"rhy": 0.0188796520233,"roc": 0.696636617184,"spe": 0.00569534441456},"probability": 0.696636617184,"value": "roc"},"genre_tzanetakis": {"all": {"blu": 0.0617713928223,"cla": 0.0343018434942,"cou": 0.102904699743,"dis": 0.0514719486237,"hip": 0.154438391328,"jaz": 0.309046447277,"met": 0.0441263727844,"pop": 0.0772129744291,"reg": 0.0617708563805,"roc": 0.102955065668},"probability": 0.309046447277,"value": "jaz"},"ismir04_rhythm": {"all": {"ChaChaCha": 0.34872046113,"Jive": 0.112747378647,"Quickstep": 0.0239580608904,"Rumba-American": 0.136495351791,"Rumba-International": 0.0473745241761,"Rumba-Misc": 0.019352901727,"Samba": 0.16727425158,"Tango": 0.0903534889221,"VienneseWaltz": 0.0358292721212,"Waltz": 0.0178943257779},"probability": 0.34872046113,"value": "ChaChaCha"},"mood_acoustic": {"all": {"acoustic": 0.0955903604627,"not_acoustic": 0.904409646988},"probability": 0.904409646988,"value": "not_acoustic"},"mood_aggressive": {"all": {"aggressive": 3.00000096379e-14,"not_aggressive": 1},"probability": 1,"value": "not_aggressive"},"mood_electronic": {"all": {"electronic": 0.979391694069,"not_electronic": 0.0206082761288},"probability": 0.979391694069,"value": "electronic"},"mood_happy": {"all": {"happy": 0.480200260878,"not_happy": 0.519799768925},"probability": 0.519799768925,"value": "not_happy"},"mood_party": {"all": {"not_party": 0.999984204769,"party": 1.57784197654e-05},"probability": 0.999984204769,"value": "not_party"},"mood_relaxed": {"all": {"not_relaxed": 0.191182896495,"relaxed": 0.808817088604},"probability": 0.808817088604,"value": "relaxed"},"mood_sad": {"all": {"not_sad": 0.963258385658,"sad": 0.036741618067},"probability": 0.963258385658,"value": "not_sad"},"moods_mirex": {"all": {"Cluster1": 0.0772226452827,"Cluster2": 0.0444035679102,"Cluster3": 0.227747857571,"Cluster4": 0.0306320842355,"Cluster5": 0.61999386549},"probability": 0.61999386549,"value": "Cluster5"},"timbre": {"all": {"bright": 0.00030901748687,"dark": 0.999691009521},"probability": 0.999691009521,"value": "dark"},"tonal_atonal": {"all": {"atonal": 0.993522882462,"tonal": 0.00647714314982},"probability": 0.993522882462,"value": "atonal"},"voice_instrumental": {"all": {"instrumental": 0.999986946583,"voice": 1.30370972329e-05},"probability": 0.999986946583,"value": "instrumental"}},"metadata": {"audio_properties": {"analysis_sample_rate": 44100,"bit_rate": 249966,"equal_loudness": 0,"length": 174.838623047,"lossless": 0,"replay_gain": -11.5056190491,"sample_rate": 44100,"codec": "mp3","downmix": "mix","md5_encoded": "edc493d3a96d38d90faeab6250c4fb36"},"tags": {"file_name": "14 Disconnected.mp3","acoustid_fingerprint": ["AQADtAmjJFEUZUkifDnyJUetRNWQBhrzIBJfobnxp7gyNFSO0jrqC-eELOU-3BahP-jDzHiM_7AuZLlxLsWHL0ceNDn65IN-HMWVHE4Pjd_wbIvRRUezE5eCb0ez60MvQb8M5mgX4qzRB9YeEm9QK8d7qM6Qh0KXRLng6wreHg6l8eiP_gjz4hlx6DjCi2gm5TiyZwkaX3iiXNByhNIH84tQNVnQtOhEZsIjoyca_sizRsElfugP-4d2HHmJ6-jy480pmEfPI6SUQcsXhPmHSbfwihSaiCFq8ULYE82ORw-auA-6_HB23D_2QVGczDNKukF75CtCXIkOvW2QRn9wNFzgHx1y5cMUB5p1Ec1zobdxB1rCODxqIbo09MfLHGlGlDrOGC-aiEO7jEMYXUe5PGgmx-iaHfnRcDy0Fw8vhE9xKXoQmsfeSYI3ESp3NJyLkNLRh0djPKSG5ilTVFTQ_GD4UchfHQm54pTw6Ee_g8klHs-CX8inB8kTF_URi4f46-iHO8uxGzmiZ0FPVNApMNmSgxGbG0fn3NCSc8hPNNaJdniKZj9O-EeqQ_uFvGji4jr8DVVDNI_CoXxwVNGicPgFPx76XBWuFFlylFJu3BShRfGJysczHM1pRfihNhpSpQPHox-OPnLQHOcRbxEJLcptlPqFPiMa58E7odlzPBKsKUf5orqi4xsbws9ydBPU6shzC8wHsx_yBnWEJw9xZyPEgz_-Q7uswAvBw8eVjAn0GiF1tBuaHT_eRDG6Pkh7VdCkh0KeC_yH-2iqjuiHK_sQQouu43Jy5D1xvkNetIsHvQkyOUePkw2eSLjio8-DZpsevMoRUh-0PDvObGjeCZUYPhMeTRuaaIMeIt0p_IQpEbnowkHPGp2zQzx4TU2gPxu-HOV_HK1ywsdz4cNFFNcx6tDFaCn6REeYLdzwZZSO8xqeHHGPUk2EhhWUNsfpoXuM6xL6LLiO5kGPUwnxHY02-DR6PHGNXAi94Az-GFR5aOfxZIHW45QuPFkqpNVQMscnGWU_pEetHtpYD_6NJz-8lfhhbsQP8fvQB7_Q9PiCxjkeXkdjxeisGSfuZwgj7TizB32OS-glKQR1vFoVOPqJMmWRu4FOhC-aJ6LwJ8FpiXgzNOPR_viR7-BvaGcQJqQMXi_qJsX9w1-Oai-eHjfToM94-MghMkf4o5xyNJ_C4HgH9oyR38KjHJoWtfCF9-iPkuHhTMf9wA-ljNAW6UJ7eDz4ZMffQ3zRLw-u49i4DBcvdPPxIxJ5fGiZG43Kg-ON96h2fAmRcyOmHMd1TCTDQyTzQX9wMsW7I7SRH_3hQ4f3ES9evEf5PHglnCWuHCpTB0-C_kQz68Gj40meojzR5JCbDPeC_Phz_BZyKcfDlBCPfMdDXBnecEc3rkT-TIPWCrEOxg8aazx-hPmR7DkeHpXW8Gh6XBoelA8cJ3qCVMlEqtDOI2aa4xOYE82DWPzwpZGh-2hi9FEyBc8sPELVHc1r8PHQ82hSXYWePUH8cGiXKDgPT0fXLx2-HD8xZRmR7DkiihIe3BViSV4yaEfDH9m1HMejotYCP400xIs--DnU5iCnThrSbNnxoCTxHKfxjEIt4pordD7yGYe4pcaveEOYCzePeTqufah8oWeFMNaL7ziat0Kfpka7wztew6GiHsqPMGOFKzv6FB734Lo02M2PRkmM_8hy5dByJsbzCVkSJjpaPENTH-GzVER_iFkshErQJzqOPSOmc0GfxGh-hMxiQkuSp0H-oHJGNM4RHz2eudCVD9-GK5mK_8K3pYMzBYx3IbzxB7kJN6gkZXiaBzo_-CH4ZYHuK0S7QxwD1xLe4rmMt0bOTUez4EeeHW-bSIOWtkJ_5D-euAp4GfwOP8N55MkVaLh0I9YTHc2FB7nxpc6gxbrAkEfe4nnxLcNjNFuOHl9zhI03gckYaP_QvMWV4DlVaNlHfJlxEyF7hF12-C16vKzRB37gP4H_HD13PDh5aKdh5tCO8oV8ET0uH_tx2WjOIDyO-8h7_Gi4JUU3QnmORxt6PmCebfiD53CFF1dU_MGpH-fx4zp6ww_24VOFU0efEQ9zdLqCeZGs4spyBn50TOTx9ZhOw9EHzTpeD1344IcdBvWDV8N5aMkv9Il2nNVxXGGFbyd0Hv7xHY8CfQtK6kIqccf1FH2GforgKw_-HOlOVEq0Q7pRPRn8HF1VBreCq-hHeN3R44oegV0PHd0Rxi6u0OgP5y0qdTm-4wkPfmmMfjCyHiIRmkE5TURzKU0w8riOI2dT1IN49DzeHPpfXFmK60OpKzhJiJOyFHtyPB98_Hnw3CAu6biKLaKOM7hyBZPkVcXx5fDxjcefQMqhRSHeLHiL7zjaT3D-4DncYw_EB_UroJpsMTBv4s1xMhWuHWJl4hIisUmCZze49Av6Cf1S5A-uQGseaDmeMcQXGl_CNMaVQAuPPj-ySTrxHH_RqC2qH09y_EL4DP6hMQyN_A9GSyk-59j34jx-9EHzIheFO-KCV1HA_3h2XEfzXGjH4Jsh_SpMSoaOo2pVmDueQ_xBHX2CozbMMRCnHfnRHBfxLWi-oyvFoWSuIkw_6MwR5rnAdGRxTke9ERZfvDucPRbSD6om4T7y4wt8DiU7PEP-QDuaI6d28DrCVA9-vDs-VA4eCc0tfBpcBYc1RdlwH6LzDX0YEr2Fpk6R72h9hPmES-qhR7PQxVYMH1-OUAxu5MmKhuPQ45KWxPh6XARiFIBEEIGQAQQB4oBhBhBjBEEKAUOUQ4w5w5gQBggBhCACAMmMQ0AAIIwQBDDBHWOiICaAQ04IoAgQFAnDlAMEAAAFIIAggYBjAgiEiABeCAQQICQYAwxQAhAkjDCKKSAUsAgIAwERyBAjgALACGAAQoQIQQhjDihjqACCAKOBEcQJM4wBxDQBgLBGCEIVIJYpI4hRABhmFMBKEoYwEQIgYaAAigBBAACEAAgMYEAZQAAxFCFjOOLAACAUEogRIIAQwglAkGQaAAeAEQYQwBgSBiEHjEACMEAAAcAZcYCGAlIihAEEMYMQI0gIioBATADNPBPCCKIYAYoaIABQTAAEBChEGKENEkIwAiwBzCAihBDGCKAQEAQRpIQCSghDDBDCCAIEAUII4QAIChADAUHAAUQIMM4QBQzBQiBDABFWKE-IU0AQRagEQCBEiAJQAbGEhQwAYQgiTChhCCIGAWeIEAYIo5CRFAEiAEQCYAUEEcIAxgAQjiBHiSBOMCMAEYwgIJhSwAEADKHCAiGUB0IBw6Bn0jIAHQoAAAiEIUQYigBRkAGCBFCCCACYAQQAoYQhAkhhwGEIGGCAoVYQACAwQhAGAQECAUCAUMwBIIhiighIBAAEOQKIEYYRIICRhDAHBABHEyEEcgQJBIBSWhBgAAFEEHOAIIoAEgyQBBACGDEUGkQFEIIwqZgzRBDhiEJKCcQQEQogJAAxgAiiFHWICOYIEIYgggAARlBIGBWOAKIEEQQYwQwgFBmmBACcIASEMAoYQwyAxHFAhSAICIEMUQwogQQwQAoiDBGIUGMYEIgxQhmgxghmlBMACEUUYEQRQpQhBFEEoBMCCKSAlQIZZJhyAhAkECDGIIAcAEwAQJgAAAkAmjJQASTcUQYQQwAywApBACICSGQkYMooxAARAClBjaIkGQCUAIoJgIAjwiCkMCBAAA"],"acoustid_id": ["ed9083d7-3ae8-46ec-81f8-2d69d94c4b22"],"album": ["Don't You Fake It"],"album artist credit": ["The Red Jumpsuit Apparatus"],"albumartist": ["The Red Jumpsuit Apparatus"],"albumartistsort": ["Red Jumpsuit Apparatus, The"],"artist": ["The Red Jumpsuit Apparatus"],"artist credit": ["The Red Jumpsuit Apparatus"],"artistsort": ["Red Jumpsuit Apparatus, The"],"asin": ["B000NA28CA"],"barcode": ["884315798117"],"bpm": ["0"],"date": ["2007"],"discnumber": ["1\/1"],"encoding": ["LAME v3.90.3 --alt-preset standard"],"genre": ["Rock"],"label": ["Virgin Records America"],"language": ["eng"],"media": ["CD"],"musicbrainz album release country": ["US"],"musicbrainz album status": ["official"],