{"highlevel": {"danceability": {"all": {"danceable": 0.00941673200577,"not_danceable": 0.990583240986},"probability": 0.990583240986,"value": "not_danceable"},"gender": {"all": {"female": 0.29419451952,"male": 0.70580548048},"probability": 0.70580548048,"value": "male"},"genre_dortmund": {"all": {"alternative": 0.0821249112487,"blues": 0.308027416468,"electronic": 0.0281889922917,"folkcountry": 0.107528716326,"funksoulrnb": 0.0223272778094,"jazz": 0.0431288145483,"pop": 0.0890638381243,"raphiphop": 0.00648025935516,"rock": 0.313129752874},"probability": 0.313129752874,"value": "rock"},"genre_electronic": {"all": {"ambient": 0.516695261002,"dnb": 0.150689601898,"house": 0.0997151508927,"techno": 0.0150475744158,"trance": 0.217852443457},"probability": 0.516695261002,"value": "ambient"},"genre_rosamerica": {"all": {"cla": 0.0438179783523,"dan": 0.0117086358368,"hip": 0.0100917052478,"jaz": 0.0186404213309,"pop": 0.234369069338,"rhy": 0.0651722326875,"roc": 0.613299131393,"spe": 0.00290079647675},"probability": 0.613299131393,"value": "roc"},"genre_tzanetakis": {"all": {"blu": 0.0626613423228,"cla": 0.0348169617355,"cou": 0.104475811124,"dis": 0.0784321576357,"hip": 0.15692435205,"jaz": 0.313974827528,"met": 0.0448166541755,"pop": 0.0627359300852,"reg": 0.0627360641956,"roc": 0.0784258767962},"probability": 0.313974827528,"value": "jaz"},"ismir04_rhythm": {"all": {"ChaChaCha": 0.628502488136,"Jive": 0.154272332788,"Quickstep": 0.00829776655883,"Rumba-American": 0.0146558592096,"Rumba-International": 0.00755131850019,"Rumba-Misc": 0.00287322513759,"Samba": 0.0100414529443,"Tango": 0.00863788556308,"VienneseWaltz": 0.160257399082,"Waltz": 0.0049102595076},"probability": 0.628502488136,"value": "ChaChaCha"},"mood_acoustic": {"all": {"acoustic": 0.0924927666783,"not_acoustic": 0.907507240772},"probability": 0.907507240772,"value": "not_acoustic"},"mood_aggressive": {"all": {"aggressive": 0.315428078175,"not_aggressive": 0.684571921825},"probability": 0.684571921825,"value": "not_aggressive"},"mood_electronic": {"all": {"electronic": 0.104004777968,"not_electronic": 0.89599519968},"probability": 0.89599519968,"value": "not_electronic"},"mood_happy": {"all": {"happy": 0.890306174755,"not_happy": 0.109693840146},"probability": 0.890306174755,"value": "happy"},"mood_party": {"all": {"not_party": 0.5,"party": 0.5},"probability": 0.5,"value": "not_party"},"mood_relaxed": {"all": {"not_relaxed": 0.993065595627,"relaxed": 0.00693441694602},"probability": 0.993065595627,"value": "not_relaxed"},"mood_sad": {"all": {"not_sad": 0.799616038799,"sad": 0.200383961201},"probability": 0.799616038799,"value": "not_sad"},"moods_mirex": {"all": {"Cluster1": 0.278179556131,"Cluster2": 0.192863106728,"Cluster3": 0.25259244442,"Cluster4": 0.136554315686,"Cluster5": 0.139810577035},"probability": 0.278179556131,"value": "Cluster1"},"timbre": {"all": {"bright": 0.870231091976,"dark": 0.129768893123},"probability": 0.870231091976,"value": "bright"},"tonal_atonal": {"all": {"atonal": 0.200423121452,"tonal": 0.799576878548},"probability": 0.799576878548,"value": "tonal"},"voice_instrumental": {"all": {"instrumental": 0.0194121785462,"voice": 0.98058784008},"probability": 0.98058784008,"value": "voice"}},"metadata": {"audio_properties": {"analysis_sample_rate": 44100,"bit_rate": 208883,"equal_loudness": 0,"length": 145.39755249,"lossless": 0,"replay_gain": -15.1411685944,"sample_rate": 44100,"codec": "mp3","downmix": "mix","md5_encoded": "0c3f4a464ae5c0ab82705381fb06d881"},"tags": {"file_name": "09 Tu Mens.mp3","album": ["Paris in April"],"albumartist": ["April March"],"albumartistsort": ["April March"],"artist": ["April March"],"artistsort": ["April March"],"asin": ["B000003L02"],"catalognumber": ["SFTRI456"],"date": ["1996"],"discnumber": ["1\/1"],"label": ["Sympathy for the Record Industry"],"media": ["CD"],"musicbrainz album release country": ["US"],"musicbrainz album status": ["official"],"musicbrainz album type": ["album"],"musicbrainz_albumartistid": ["e77b7ecf-c417-4124-b255-a3a927bb604e"],"musicbrainz_albumid": ["ccdae3f2-8150-4549-88ec-98fe38127ee0"],"musicbrainz_artistid": ["e77b7ecf-c417-4124-b255-a3a927bb604e"],"musicbrainz_recordingid": ["ee35e051-4dfe-478a-acef-4976297c6c78"],"musicbrainz_releasegroupid": ["fb907b88-3931-3857-94e0-f630cc22741c"],"originaldate": ["1996"],"script": ["Latn"],"title": ["Tu Mens"],"tracknumber": ["9\/14"]},"version": {"highlevel": {"essentia": "2.1-beta5-dev","essentia_build_sha": "e74af04b57b164eed312abeef4963962215860f0","essentia_git_sha": "v2.1_beta4-499-g4013ebc","extractor": "music 2.0","gaia": "2.4.5","gaia_git_sha": "v2.4.4-44-g95f4851","models_essentia_git_sha": "v2.1_beta1"},"lowlevel": {"essentia": "2.1-beta2","essentia_build_sha": "cead25079874084f62182a551b7393616cd33d87","essentia_git_sha": "v2.1_beta2-1-ge3940c0","extractor": "music 1.0"}}}}