{"highlevel": {"danceability": {"all": {"danceable": 0.0136936148629,"not_danceable": 0.986306369305},"probability": 0.986306369305,"value": "not_danceable"},"gender": {"all": {"female": 0.836305320263,"male": 0.163694664836},"probability": 0.836305320263,"value": "female"},"genre_dortmund": {"all": {"alternative": 0.0196074713022,"blues": 0.147241294384,"electronic": 0.450555026531,"folkcountry": 0.232744202018,"funksoulrnb": 0.00208956259303,"jazz": 0.124886333942,"pop": 0.00501496624202,"raphiphop": 0.000714082387276,"rock": 0.0171470567584},"probability": 0.450555026531,"value": "electronic"},"genre_electronic": {"all": {"ambient": 0.553462445736,"dnb": 0.0078970072791,"house": 0.394306004047,"techno": 0.0207476112992,"trance": 0.023586936295},"probability": 0.553462445736,"value": "ambient"},"genre_rosamerica": {"all": {"cla": 0.659240961075,"dan": 0.000617164711002,"hip": 0.000494329142384,"jaz": 0.300113350153,"pop": 0.0122837824747,"rhy": 0.0197903439403,"roc": 0.00154048041441,"spe": 0.0059195975773},"probability": 0.659240961075,"value": "cla"},"genre_tzanetakis": {"all": {"blu": 0.000566715141758,"cla": 0.0045200875029,"cou": 0.00156021036673,"dis": 0.0024884219747,"hip": 0.00183076271787,"jaz": 0.981704056263,"met": 7.64553260524e-05,"pop": 0.00449820747599,"reg": 0.00207209470682,"roc": 0.000682977901306},"probability": 0.981704056263,"value": "jaz"},"ismir04_rhythm": {"all": {"ChaChaCha": 0.0235200431198,"Jive": 0.00342661351897,"Quickstep": 0.010854746215,"Rumba-American": 0.0138423293829,"Rumba-International": 0.00944450963289,"Rumba-Misc": 0.0181129742414,"Samba": 0.00666416389868,"Tango": 0.0639169216156,"VienneseWaltz": 0.753915131092,"Waltz": 0.0963025763631},"probability": 0.753915131092,"value": "VienneseWaltz"},"mood_acoustic": {"all": {"acoustic": 0.961809098721,"not_acoustic": 0.0381908863783},"probability": 0.961809098721,"value": "acoustic"},"mood_aggressive": {"all": {"aggressive": 0.0144099453464,"not_aggressive": 0.985590040684},"probability": 0.985590040684,"value": "not_aggressive"},"mood_electronic": {"all": {"electronic": 0.160177648067,"not_electronic": 0.839822351933},"probability": 0.839822351933,"value": "not_electronic"},"mood_happy": {"all": {"happy": 0.815752029419,"not_happy": 0.184247970581},"probability": 0.815752029419,"value": "happy"},"mood_party": {"all": {"not_party": 0.991578102112,"party": 0.00842187087983},"probability": 0.991578102112,"value": "not_party"},"mood_relaxed": {"all": {"not_relaxed": 0.0741784796119,"relaxed": 0.92582154274},"probability": 0.92582154274,"value": "relaxed"},"mood_sad": {"all": {"not_sad": 0.248401403427,"sad": 0.751598596573},"probability": 0.751598596573,"value": "sad"},"moods_mirex": {"all": {"Cluster1": 0.0675857886672,"Cluster2": 0.243741005659,"Cluster3": 0.315072894096,"Cluster4": 0.342794954777,"Cluster5": 0.0308053512126},"probability": 0.342794954777,"value": "Cluster4"},"timbre": {"all": {"bright": 0.999998986721,"dark": 1.01741977687e-06},"probability": 0.999998986721,"value": "bright"},"tonal_atonal": {"all": {"atonal": 0.77969866991,"tonal": 0.22030133009},"probability": 0.77969866991,"value": "atonal"},"voice_instrumental": {"all": {"instrumental": 0.977449715137,"voice": 0.0225503128022},"probability": 0.977449715137,"value": "instrumental"}},"metadata": {"audio_properties": {"analysis_sample_rate": 44100,"bit_rate": 192000,"equal_loudness": 0,"length": 176.222045898,"lossless": 0,"replay_gain": -8.39087295532,"sample_rate": 44100,"codec": "mp3","downmix": "mix","md5_encoded": "8e83e5041a84c26beece6ac0b62b2900"},"tags": {"file_name": "295707.mp3","album": ["Bix Beiderbecke, Vol. 1Singin' the Blues"],"albumartist": ["Bix Beiderbecke"],"artist": ["Bix Beiderbecke"],"date": ["1990"],"genre": ["Other"],"length": ["0"],"musicbrainz_recordingid": ["3d57a229-26c5-4b15-9fcd-9d96081e139b"],"title": ["Wringin' An' Twistin'"],"tracknumber": ["13"]},"version": {"highlevel": {"essentia": "2.1-beta5-dev","essentia_build_sha": "e74af04b57b164eed312abeef4963962215860f0","essentia_git_sha": "v2.1_beta4-499-g4013ebc","extractor": "music 2.0","gaia": "2.4.5","gaia_git_sha": "v2.4.4-44-g95f4851","models_essentia_git_sha": "v2.1_beta1"},"lowlevel": {"essentia": "2.1-beta2","essentia_build_sha": "70f2e5ece6736b2c40cc944ad0e695b16b925413","essentia_git_sha": "v2.1_beta2","extractor": "music 1.0"}}}}