{"highlevel": {"danceability": {"all": {"danceable": 0.5,"not_danceable": 0.5},"probability": 0.5,"value": "danceable"},"gender": {"all": {"female": 0.979783415794,"male": 0.0202165581286},"probability": 0.979783415794,"value": "female"},"genre_dortmund": {"all": {"alternative": 0.00839065946639,"blues": 0.00322782224976,"electronic": 0.961679577827,"folkcountry": 0.0183589495718,"funksoulrnb": 0.00103878648952,"jazz": 0.00219619134441,"pop": 0.00160872493871,"raphiphop": 0.000144386547618,"rock": 0.00335491611622},"probability": 0.961679577827,"value": "electronic"},"genre_electronic": {"all": {"ambient": 0.612284719944,"dnb": 0.0415982864797,"house": 0.188959762454,"techno": 0.0145234111696,"trance": 0.142633840442},"probability": 0.612284719944,"value": "ambient"},"genre_rosamerica": {"all": {"cla": 0.0048518339172,"dan": 0.0101157650352,"hip": 0.00316977291368,"jaz": 0.0130741950125,"pop": 0.734739303589,"rhy": 0.0981092229486,"roc": 0.13497929275,"spe": 0.000960616802331},"probability": 0.734739303589,"value": "pop"},"genre_tzanetakis": {"all": {"blu": 0.0620671063662,"cla": 0.034474901855,"cou": 0.103433981538,"dis": 0.0620971247554,"hip": 0.15527240932,"jaz": 0.310666948557,"met": 0.044346679002,"pop": 0.0620793737471,"reg": 0.0620816536248,"roc": 0.103479810059},"probability": 0.310666948557,"value": "jaz"},"ismir04_rhythm": {"all": {"ChaChaCha": 0.170122548938,"Jive": 0.0678134039044,"Quickstep": 0.020162332803,"Rumba-American": 0.0330255776644,"Rumba-International": 0.0558978579938,"Rumba-Misc": 0.0177050549537,"Samba": 0.0906300246716,"Tango": 0.164608567953,"VienneseWaltz": 0.361991554499,"Waltz": 0.0180430728942},"probability": 0.361991554499,"value": "VienneseWaltz"},"mood_acoustic": {"all": {"acoustic": 0.171634182334,"not_acoustic": 0.828365802765},"probability": 0.828365802765,"value": "not_acoustic"},"mood_aggressive": {"all": {"aggressive": 5.06444408979e-12,"not_aggressive": 1},"probability": 1,"value": "not_aggressive"},"mood_electronic": {"all": {"electronic": 0.606059253216,"not_electronic": 0.393940746784},"probability": 0.606059253216,"value": "electronic"},"mood_happy": {"all": {"happy": 0.0551706440747,"not_happy": 0.944829344749},"probability": 0.944829344749,"value": "not_happy"},"mood_party": {"all": {"not_party": 0.998126387596,"party": 0.00187361321878},"probability": 0.998126387596,"value": "not_party"},"mood_relaxed": {"all": {"not_relaxed": 0.187375679612,"relaxed": 0.812624335289},"probability": 0.812624335289,"value": "relaxed"},"mood_sad": {"all": {"not_sad": 0.583396196365,"sad": 0.416603803635},"probability": 0.583396196365,"value": "not_sad"},"moods_mirex": {"all": {"Cluster1": 0.090339794755,"Cluster2": 0.191830262542,"Cluster3": 0.369515180588,"Cluster4": 0.311514526606,"Cluster5": 0.0368002392352},"probability": 0.369515180588,"value": "Cluster3"},"timbre": {"all": {"bright": 0.990061163902,"dark": 0.00993883889169},"probability": 0.990061163902,"value": "bright"},"tonal_atonal": {"all": {"atonal": 0.631285786629,"tonal": 0.368714243174},"probability": 0.631285786629,"value": "atonal"},"voice_instrumental": {"all": {"instrumental": 0.192960396409,"voice": 0.807039618492},"probability": 0.807039618492,"value": "voice"}},"metadata": {"audio_properties": {"analysis_sample_rate": 44100,"bit_rate": 0,"equal_loudness": 0,"length": 236.733337402,"lossless": 1,"replay_gain": -10.1987915039,"sample_rate": 44100,"codec": "flac","downmix": "mix","md5_encoded": "78a8eb118297bdba3b131171ab98e8cf"},"tags": {"file_name": "12 Sorry for Myself.flac","album": ["Blood Red Cherry"],"albumartist": ["Arden, Jann (1962- )"],"albumartistsort": ["Arden, Jann"],"artist": ["Arden, Jann (1962- )"],"artistsort": ["Arden, Jann"],"asin": ["B00005LCFX"],"barcode": ["601215752724"],"catalognumber": ["012157527-2"],"compilation": ["false"],"composer": ["Broom, Russell"],"composersort": ["Broom, Russell"],"date": ["2000"],"genre": ["Adult Alternative Pop\/Rock"],"label": ["Universal Music"],"language": ["eng"],"media": ["CD"],"musicbrainz_albumartistid": ["31930c85-3e0e-488e-8407-46a0d73fa816"],"musicbrainz_albumid": ["d1d86815-32e7-4d1c-ba24-469f0c65986a"],"musicbrainz_artistid": ["31930c85-3e0e-488e-8407-46a0d73fa816"],"musicbrainz_discid": ["qhTA0x.FgnqIpEEkqYd0cAg4AkQ-"],"musicbrainz_recordingid": ["2c42750f-ec92-4b99-9be3-2aa0463ef664"],"musicip_puid": ["12bb01d0-ff42-6cc8-aef0-45ab0297cf42"],"performer": ["Jann Arden (vocal); John Philip Shenale (keyboard); Russell Broom (baritone guitar, acoustic guitar and electric guitar)"],"releasecountry": ["CA"],"releasestatus": ["official"],"releasetype": ["album"],"script": ["Latn"],"title": ["Sorry for Myself?"],"totaltracks": ["14"],"tracknumber": ["12"],"tracktotal": ["14"]},"version": {"highlevel": {"essentia": "2.1-beta5-dev","essentia_build_sha": "e74af04b57b164eed312abeef4963962215860f0","essentia_git_sha": "v2.1_beta4-499-g4013ebc","extractor": "music 2.0","gaia": "2.4.5","gaia_git_sha": "v2.4.4-44-g95f4851","models_essentia_git_sha": "v2.1_beta1"},"lowlevel": {"essentia": "2.1-beta2","essentia_build_sha": "2d9f1f26377add8aeb1075a9c2973f962c4f09fd","essentia_git_sha": "v2.1_beta2-1-ge3940c0","extractor": "music 1.0"}}}}