{"highlevel": {"danceability": {"all": {"danceable": 0.0213628895581,"not_danceable": 0.978637099266},"probability": 0.978637099266,"value": "not_danceable"},"gender": {"all": {"female": 0.566353857517,"male": 0.433646142483},"probability": 0.566353857517,"value": "female"},"genre_dortmund": {"all": {"alternative": 0.0101327998564,"blues": 0.0256215333939,"electronic": 0.0201698280871,"folkcountry": 0.1980009377,"funksoulrnb": 0.000966803519987,"jazz": 0.732394337654,"pop": 0.0111348805949,"raphiphop": 0.000337954814313,"rock": 0.0012409061892},"probability": 0.732394337654,"value": "jazz"},"genre_electronic": {"all": {"ambient": 0.952016711235,"dnb": 0.00317408842966,"house": 0.0199277382344,"techno": 0.0221590641886,"trance": 0.00272240093909},"probability": 0.952016711235,"value": "ambient"},"genre_rosamerica": {"all": {"cla": 0.844275414944,"dan": 0.00321365147829,"hip": 0.0128546692431,"jaz": 0.100050076842,"pop": 0.00328099960461,"rhy": 0.0254987347871,"roc": 0.00135336362291,"spe": 0.00947309285402},"probability": 0.844275414944,"value": "cla"},"genre_tzanetakis": {"all": {"blu": 0.078546307981,"cla": 0.0997222363949,"cou": 0.0722188949585,"dis": 0.0579973496497,"hip": 0.0504405908287,"jaz": 0.147411614656,"met": 0.0403239093721,"pop": 0.097858004272,"reg": 0.0619180798531,"roc": 0.293563008308},"probability": 0.293563008308,"value": "roc"},"ismir04_rhythm": {"all": {"ChaChaCha": 0.00566258141771,"Jive": 9.25517524593e-05,"Quickstep": 0.000281181448372,"Rumba-American": 0.00202752230689,"Rumba-International": 0.0443900190294,"Rumba-Misc": 0.00904226116836,"Samba": 0.000698563933838,"Tango": 0.00225885375403,"VienneseWaltz": 0.0068097775802,"Waltz": 0.928736686707},"probability": 0.928736686707,"value": "Waltz"},"mood_acoustic": {"all": {"acoustic": 0.993163347244,"not_acoustic": 0.00683667650446},"probability": 0.993163347244,"value": "acoustic"},"mood_aggressive": {"all": {"aggressive": 0.0468590706587,"not_aggressive": 0.95314091444},"probability": 0.95314091444,"value": "not_aggressive"},"mood_electronic": {"all": {"electronic": 0.08940654248,"not_electronic": 0.910593450069},"probability": 0.910593450069,"value": "not_electronic"},"mood_happy": {"all": {"happy": 0.0321144759655,"not_happy": 0.967885494232},"probability": 0.967885494232,"value": "not_happy"},"mood_party": {"all": {"not_party": 0.98822247982,"party": 0.0117775341496},"probability": 0.98822247982,"value": "not_party"},"mood_relaxed": {"all": {"not_relaxed": 0.00778132257983,"relaxed": 0.992218673229},"probability": 0.992218673229,"value": "relaxed"},"mood_sad": {"all": {"not_sad": 0.210559010506,"sad": 0.789440989494},"probability": 0.789440989494,"value": "sad"},"moods_mirex": {"all": {"Cluster1": 0.0470212213695,"Cluster2": 0.0426819548011,"Cluster3": 0.754809200764,"Cluster4": 0.0708784013987,"Cluster5": 0.0846092030406},"probability": 0.754809200764,"value": "Cluster3"},"timbre": {"all": {"bright": 0.984471738338,"dark": 0.0155282635242},"probability": 0.984471738338,"value": "bright"},"tonal_atonal": {"all": {"atonal": 0.0268278922886,"tonal": 0.973172128201},"probability": 0.973172128201,"value": "tonal"},"voice_instrumental": {"all": {"instrumental": 0.999991893768,"voice": 8.09396260593e-06},"probability": 0.999991893768,"value": "instrumental"}},"metadata": {"audio_properties": {"analysis_sample_rate": 44100,"bit_rate": 192000,"equal_loudness": 0,"length": 107.284896851,"lossless": 0,"replay_gain": -6.17557144165,"sample_rate": 44100,"codec": "mp3","downmix": "mix","md5_encoded": "177cad4cf259876d63f3851138e37abe"},"tags": {"file_name": "416861.mp3","album": ["BalladsDerek Bailey"],"albumartist": ["Derek Bailey"],"artist": ["Derek Bailey"],"date": ["2002"],"musicbrainz_recordingid": ["2c52448c-d83b-4306-a0d5-897ca07665fa"],"title": ["you go to my head"],"tracknumber": ["12"]},"version": {"highlevel": {"essentia": "2.1-beta5-dev","essentia_build_sha": "e74af04b57b164eed312abeef4963962215860f0","essentia_git_sha": "v2.1_beta4-499-g4013ebc","extractor": "music 2.0","gaia": "2.4.5","gaia_git_sha": "v2.4.4-44-g95f4851","models_essentia_git_sha": "v2.1_beta1"},"lowlevel": {"essentia": "2.1-beta2","essentia_build_sha": "70f2e5ece6736b2c40cc944ad0e695b16b925413","essentia_git_sha": "v2.1_beta2","extractor": "music 1.0"}}}}