{"highlevel": {"danceability": {"all": {"danceable": 0.216870263219,"not_danceable": 0.783129751682},"probability": 0.783129751682,"value": "not_danceable"},"gender": {"all": {"female": 0.620856881142,"male": 0.379143089056},"probability": 0.620856881142,"value": "female"},"genre_dortmund": {"all": {"alternative": 0.00931714940816,"blues": 0.00362820993178,"electronic": 0.960245192051,"folkcountry": 0.00771246151999,"funksoulrnb": 0.000411856919527,"jazz": 0.0138938110322,"pop": 0.000681293662637,"raphiphop": 0.000793398590758,"rock": 0.00331661547534},"probability": 0.960245192051,"value": "electronic"},"genre_electronic": {"all": {"ambient": 0.665385603905,"dnb": 0.0156689621508,"house": 0.252608865499,"techno": 0.0379977636039,"trance": 0.0283387936652},"probability": 0.665385603905,"value": "ambient"},"genre_rosamerica": {"all": {"cla": 0.00978650618345,"dan": 0.0102295521647,"hip": 0.0396619662642,"jaz": 0.144466131926,"pop": 0.204560890794,"rhy": 0.57157343626,"roc": 0.00667463196442,"spe": 0.0130468802527},"probability": 0.57157343626,"value": "rhy"},"genre_tzanetakis": {"all": {"blu": 0.0514711923897,"cla": 0.0343172624707,"cou": 0.102957598865,"dis": 0.102972343564,"hip": 0.154464527965,"jaz": 0.308918893337,"met": 0.0441242903471,"pop": 0.0617748275399,"reg": 0.0617764480412,"roc": 0.0772226303816},"probability": 0.308918893337,"value": "jaz"},"ismir04_rhythm": {"all": {"ChaChaCha": 0.159988537431,"Jive": 0.0155421886593,"Quickstep": 0.0104408860207,"Rumba-American": 0.0671713128686,"Rumba-International": 0.325277715921,"Rumba-Misc": 0.138203069568,"Samba": 0.0537383034825,"Tango": 0.129018723965,"VienneseWaltz": 0.0810223892331,"Waltz": 0.0195968654007},"probability": 0.325277715921,"value": "Rumba-International"},"mood_acoustic": {"all": {"acoustic": 0.562056183815,"not_acoustic": 0.437943816185},"probability": 0.562056183815,"value": "acoustic"},"mood_aggressive": {"all": {"aggressive": 0.0309213735163,"not_aggressive": 0.969078600407},"probability": 0.969078600407,"value": "not_aggressive"},"mood_electronic": {"all": {"electronic": 0.89466804266,"not_electronic": 0.105331972241},"probability": 0.89466804266,"value": "electronic"},"mood_happy": {"all": {"happy": 0.31932926178,"not_happy": 0.68067073822},"probability": 0.68067073822,"value": "not_happy"},"mood_party": {"all": {"not_party": 0.885174930096,"party": 0.114825062454},"probability": 0.885174930096,"value": "not_party"},"mood_relaxed": {"all": {"not_relaxed": 0.0265006646514,"relaxed": 0.9734993577},"probability": 0.9734993577,"value": "relaxed"},"mood_sad": {"all": {"not_sad": 0.342801898718,"sad": 0.65719807148},"probability": 0.65719807148,"value": "sad"},"moods_mirex": {"all": {"Cluster1": 0.117161728442,"Cluster2": 0.30880510807,"Cluster3": 0.241467520595,"Cluster4": 0.182151541114,"Cluster5": 0.15041410923},"probability": 0.30880510807,"value": "Cluster2"},"timbre": {"all": {"bright": 0.00663225911558,"dark": 0.993367731571},"probability": 0.993367731571,"value": "dark"},"tonal_atonal": {"all": {"atonal": 0.980612099171,"tonal": 0.019387871027},"probability": 0.980612099171,"value": "atonal"},"voice_instrumental": {"all": {"instrumental": 0.765105307102,"voice": 0.234894677997},"probability": 0.765105307102,"value": "instrumental"}},"metadata": {"audio_properties": {"analysis_sample_rate": 44100,"bit_rate": 0,"equal_loudness": 0,"length": 241.320007324,"lossless": 1,"replay_gain": -6.4757194519,"sample_rate": 44100,"codec": "flac","downmix": "mix","md5_encoded": "8cf02e55fa6d80987b1124d556b4403c"},"tags": {"file_name": "07. DJ OKAWARI - One for U.flac","acoustid_id": ["303614fe-5eb0-482b-8f9b-ae397daf57f4"],"album": ["Diorama"],"albumartist": ["DJ OKAWARI"],"albumartistsort": ["OKAWARI, DJ"],"artist": ["DJ OKAWARI"],"artistsort": ["OKAWARI, DJ"],"asin": ["B0017W7GUC"],"bpm": ["0"],"catalognumber": ["LMCD-27"],"compilation": ["0"],"date": ["2008-05-28"],"discnumber": ["1"],"disctotal": ["1"],"genre": ["Electronica"],"label": ["Libyus Music"],"language": ["mul"],"media": ["CD"],"musicbrainz_albumartistid": ["c7b38fda-4013-4275-83ca-88eb1d1a2f2c"],"musicbrainz_albumid": ["8fbd6217-c715-4b57-826a-b86444e2ecd4"],"musicbrainz_artistid": ["c7b38fda-4013-4275-83ca-88eb1d1a2f2c"],"musicbrainz_recordingid": ["0e9006b4-c508-4cae-8625-5b0ba8d25635"],"musicbrainz_releasegroupid": ["bdd09cf9-dab9-3631-b432-0795b1f430f6"],"originaldate": ["2008-05-28"],"releasecountry": ["JP"],"script": ["Latn"],"title": ["One for U"],"totaldiscs": ["1"],"totaltracks": ["14"],"tracknumber": ["7"],"tracktotal": ["14"]},"version": {"highlevel": {"essentia": "2.1-beta5-dev","essentia_build_sha": "e74af04b57b164eed312abeef4963962215860f0","essentia_git_sha": "v2.1_beta4-499-g4013ebc","extractor": "music 2.0","gaia": "2.4.5","gaia_git_sha": "v2.4.4-44-g95f4851","models_essentia_git_sha": "v2.1_beta1"},"lowlevel": {"essentia": "2.1-beta2","essentia_build_sha": "05ddcf096b9560a4bec586e3e2c3f09258f97377","essentia_git_sha": "v2.1_beta2","extractor": "music 1.0"}}}}