{"highlevel": {"danceability": {"all": {"danceable": 0.337015986443,"not_danceable": 0.662984013557},"probability": 0.662984013557,"value": "not_danceable"},"gender": {"all": {"female": 0.0806857272983,"male": 0.919314265251},"probability": 0.919314265251,"value": "male"},"genre_dortmund": {"all": {"alternative": 0.0185986347497,"blues": 0.00351449172013,"electronic": 0.96666353941,"folkcountry": 0.00630596932024,"funksoulrnb": 0.000180250193807,"jazz": 0.0020653323736,"pop": 0.000449809682323,"raphiphop": 0.000151530577568,"rock": 0.0020704253111},"probability": 0.96666353941,"value": "electronic"},"genre_electronic": {"all": {"ambient": 0.869392454624,"dnb": 0.00940212793648,"house": 0.0569590553641,"techno": 0.011716899462,"trance": 0.0525294542313},"probability": 0.869392454624,"value": "ambient"},"genre_rosamerica": {"all": {"cla": 0.0367805920541,"dan": 0.00825924798846,"hip": 0.279229521751,"jaz": 0.184135884047,"pop": 0.0844328403473,"rhy": 0.382732003927,"roc": 0.0188064910471,"spe": 0.00562338996679},"probability": 0.382732003927,"value": "rhy"},"genre_tzanetakis": {"all": {"blu": 0.0651461258531,"cla": 0.0488551557064,"cou": 0.0781677886844,"dis": 0.0977122932673,"hip": 0.0781738758087,"jaz": 0.195442155004,"met": 0.0781821459532,"pop": 0.130301326513,"reg": 0.0977238118649,"roc": 0.130295321345},"probability": 0.195442155004,"value": "jaz"},"ismir04_rhythm": {"all": {"ChaChaCha": 0.0640385821462,"Jive": 0.0240780971944,"Quickstep": 0.00419479003176,"Rumba-American": 0.0214981101453,"Rumba-International": 0.0173898842186,"Rumba-Misc": 0.00724110053852,"Samba": 0.0181437581778,"Tango": 0.0428341366351,"VienneseWaltz": 0.793357312679,"Waltz": 0.0072242342867},"probability": 0.793357312679,"value": "VienneseWaltz"},"mood_acoustic": {"all": {"acoustic": 0.927450716496,"not_acoustic": 0.0725492537022},"probability": 0.927450716496,"value": "acoustic"},"mood_aggressive": {"all": {"aggressive": 0.00522812781855,"not_aggressive": 0.994771897793},"probability": 0.994771897793,"value": "not_aggressive"},"mood_electronic": {"all": {"electronic": 0.1852927953,"not_electronic": 0.814707219601},"probability": 0.814707219601,"value": "not_electronic"},"mood_happy": {"all": {"happy": 0.255222588778,"not_happy": 0.744777441025},"probability": 0.744777441025,"value": "not_happy"},"mood_party": {"all": {"not_party": 0.920887291431,"party": 0.079112701118},"probability": 0.920887291431,"value": "not_party"},"mood_relaxed": {"all": {"not_relaxed": 0.0449648946524,"relaxed": 0.955035090446},"probability": 0.955035090446,"value": "relaxed"},"mood_sad": {"all": {"not_sad": 0.229941636324,"sad": 0.770058393478},"probability": 0.770058393478,"value": "sad"},"moods_mirex": {"all": {"Cluster1": 0.111875988543,"Cluster2": 0.259132713079,"Cluster3": 0.280040889978,"Cluster4": 0.127110868692,"Cluster5": 0.221839517355},"probability": 0.280040889978,"value": "Cluster3"},"timbre": {"all": {"bright": 0.796053409576,"dark": 0.203946575522},"probability": 0.796053409576,"value": "bright"},"tonal_atonal": {"all": {"atonal": 0.00967408251017,"tonal": 0.990325927734},"probability": 0.990325927734,"value": "tonal"},"voice_instrumental": {"all": {"instrumental": 0.1305244416,"voice": 0.869475543499},"probability": 0.869475543499,"value": "voice"}},"metadata": {"audio_properties": {"analysis_sample_rate": 44100,"bit_rate": 1,"equal_loudness": 0,"length": 346.017944336,"lossless": 0,"replay_gain": -8.3643951416,"sample_rate": 44100,"codec": "mp3","downmix": "mix","md5_encoded": "1ac18be7d022163dc03c956dc114b0b3"},"tags": {"file_name": "04 Las tardes del sol, las noches del agua.mp3","album": ["Circo Beat"],"albumartist": ["Fito Páez"],"albumartistsort": ["Páez, Fito"],"artist": ["Fito Páez"],"asin": ["B000005TS9"],"date": ["1994"],"discnumber": ["1\/1"],"genre": ["World"],"label": ["Warner Music Argentina"],"language": ["spa"],"length": ["346200"],"musicbrainz album release country": ["AR"],"musicbrainz album status": ["official"],"musicbrainz album type": ["album"],"musicbrainz_albumartistid": ["54bd120a-6bac-4d7c-8b10-ba167bc7e26c"],"musicbrainz_albumid": ["fa76d4f8-cc70-4e24-962f-580ba9f520f6"],"musicbrainz_artistid": ["54bd120a-6bac-4d7c-8b10-ba167bc7e26c"],"musicbrainz_recordingid": ["0e9ad8f7-eb1d-4707-b3be-d39bfb26b872"],"originaldate": ["1994"],"script": ["Latn"],"title": ["Las tardes del sol, las noches del agua"],"tracknumber": ["4\/13"]},"version": {"highlevel": {"essentia": "2.1-beta5-dev","essentia_build_sha": "e74af04b57b164eed312abeef4963962215860f0","essentia_git_sha": "v2.1_beta4-499-g4013ebc","extractor": "music 2.0","gaia": "2.4.5","gaia_git_sha": "v2.4.4-44-g95f4851","models_essentia_git_sha": "v2.1_beta1"},"lowlevel": {"essentia": "2.1-beta2","essentia_build_sha": "70f2e5ece6736b2c40cc944ad0e695b16b925413","essentia_git_sha": "v2.1_beta2","extractor": "music 1.0"}}}}