{"highlevel": {"danceability": {"all": {"danceable": 0.862893998623,"not_danceable": 0.137105986476},"probability": 0.862893998623,"value": "danceable"},"gender": {"all": {"female": 0.971098899841,"male": 0.0289011280984},"probability": 0.971098899841,"value": "female"},"genre_dortmund": {"all": {"alternative": 0.0316833741963,"blues": 0.0758572891355,"electronic": 0.615037739277,"folkcountry": 0.155601277947,"funksoulrnb": 0.00467616505921,"jazz": 0.0775385648012,"pop": 0.00730633968487,"raphiphop": 0.00416192458943,"rock": 0.0281373001635},"probability": 0.615037739277,"value": "electronic"},"genre_electronic": {"all": {"ambient": 0.786260843277,"dnb": 0.00733617180958,"house": 0.0912575572729,"techno": 0.0153402909636,"trance": 0.0998051315546},"probability": 0.786260843277,"value": "ambient"},"genre_rosamerica": {"all": {"cla": 0.144449517131,"dan": 0.0331849902868,"hip": 0.0553961545229,"jaz": 0.142060592771,"pop": 0.280828028917,"rhy": 0.251008689404,"roc": 0.0728857815266,"spe": 0.0201862547547},"probability": 0.280828028917,"value": "pop"},"genre_tzanetakis": {"all": {"blu": 0.0626613423228,"cla": 0.0348169617355,"cou": 0.104475811124,"dis": 0.0784321576357,"hip": 0.15692435205,"jaz": 0.313974827528,"met": 0.0448166541755,"pop": 0.0627359300852,"reg": 0.0627360641956,"roc": 0.0784258767962},"probability": 0.313974827528,"value": "jaz"},"ismir04_rhythm": {"all": {"ChaChaCha": 0.0375205725431,"Jive": 0.00353360711597,"Quickstep": 0.00401831697673,"Rumba-American": 0.00803193915635,"Rumba-International": 0.0168431233615,"Rumba-Misc": 0.00589023856446,"Samba": 0.0134335616603,"Tango": 0.666094064713,"VienneseWaltz": 0.241524040699,"Waltz": 0.00311051099561},"probability": 0.666094064713,"value": "Tango"},"mood_acoustic": {"all": {"acoustic": 0.772123575211,"not_acoustic": 0.227876409888},"probability": 0.772123575211,"value": "acoustic"},"mood_aggressive": {"all": {"aggressive": 0.0109764290974,"not_aggressive": 0.989023566246},"probability": 0.989023566246,"value": "not_aggressive"},"mood_electronic": {"all": {"electronic": 0.13444045186,"not_electronic": 0.865559577942},"probability": 0.865559577942,"value": "not_electronic"},"mood_happy": {"all": {"happy": 0.275000542402,"not_happy": 0.724999427795},"probability": 0.724999427795,"value": "not_happy"},"mood_party": {"all": {"not_party": 0.875856459141,"party": 0.12414355576},"probability": 0.875856459141,"value": "not_party"},"mood_relaxed": {"all": {"not_relaxed": 0.733345806599,"relaxed": 0.266654223204},"probability": 0.733345806599,"value": "not_relaxed"},"mood_sad": {"all": {"not_sad": 0.406906038523,"sad": 0.59309399128},"probability": 0.59309399128,"value": "sad"},"moods_mirex": {"all": {"Cluster1": 0.0607117712498,"Cluster2": 0.471386492252,"Cluster3": 0.150042295456,"Cluster4": 0.299564152956,"Cluster5": 0.0182952638716},"probability": 0.471386492252,"value": "Cluster2"},"timbre": {"all": {"bright": 0.999993503094,"dark": 6.47770229989e-06},"probability": 0.999993503094,"value": "bright"},"tonal_atonal": {"all": {"atonal": 0.0205054003745,"tonal": 0.979494571686},"probability": 0.979494571686,"value": "tonal"},"voice_instrumental": {"all": {"instrumental": 0.993868291378,"voice": 0.00613171141595},"probability": 0.993868291378,"value": "instrumental"}},"metadata": {"audio_properties": {"analysis_sample_rate": 44100,"bit_rate": 224000,"equal_loudness": 0,"length": 202.579589844,"lossless": 0,"replay_gain": -7.60597801208,"sample_rate": 44100,"codec": "mp3","downmix": "mix","md5_encoded": "8d3e6bf0102cac9e14d56aed9a173948"},"tags": {"file_name": "199898.mp3","album": ["Old Hag You Have Killed Me"],"albumartist": ["The Bothy Band"],"artist": ["The Bothy Band"],"date": ["1993"],"genre": ["Other"],"label": ["Green Linnet"],"musicbrainz_recordingid": ["37f733ef-db62-4d61-a1e5-959954fe5ab1"],"title": ["Music In The Glen"],"tracknumber": ["1"]},"version": {"highlevel": {"essentia": "2.1-beta5-dev","essentia_build_sha": "e74af04b57b164eed312abeef4963962215860f0","essentia_git_sha": "v2.1_beta4-499-g4013ebc","extractor": "music 2.0","gaia": "2.4.5","gaia_git_sha": "v2.4.4-44-g95f4851","models_essentia_git_sha": "v2.1_beta1"},"lowlevel": {"essentia": "2.1-beta2","essentia_build_sha": "70f2e5ece6736b2c40cc944ad0e695b16b925413","essentia_git_sha": "v2.1_beta2","extractor": "music 1.0"}}}}