{"highlevel": {"danceability": {"all": {"danceable": 0.345718294382,"not_danceable": 0.654281675816},"probability": 0.654281675816,"value": "not_danceable"},"gender": {"all": {"female": 0.159149393439,"male": 0.84085059166},"probability": 0.84085059166,"value": "male"},"genre_dortmund": {"all": {"alternative": 0.193531423807,"blues": 0.0354594402015,"electronic": 0.683189034462,"folkcountry": 0.0194726735353,"funksoulrnb": 0.00479200528935,"jazz": 0.00871152058244,"pop": 0.00633947970346,"raphiphop": 0.00394179066643,"rock": 0.0445626489818},"probability": 0.683189034462,"value": "electronic"},"genre_electronic": {"all": {"ambient": 0.115116350353,"dnb": 0.0379360020161,"house": 0.0572989955544,"techno": 0.0124711086974,"trance": 0.777177512646},"probability": 0.777177512646,"value": "trance"},"genre_rosamerica": {"all": {"cla": 0.000892631011084,"dan": 0.0464388951659,"hip": 0.00406950572506,"jaz": 0.00144816352986,"pop": 0.0334499329329,"rhy": 0.00242823315784,"roc": 0.910676538944,"spe": 0.000596067751758},"probability": 0.910676538944,"value": "roc"},"genre_tzanetakis": {"all": {"blu": 0.0626613423228,"cla": 0.0348169617355,"cou": 0.104475811124,"dis": 0.0784321576357,"hip": 0.15692435205,"jaz": 0.313974827528,"met": 0.0448166541755,"pop": 0.0627359300852,"reg": 0.0627360641956,"roc": 0.0784258767962},"probability": 0.313974827528,"value": "jaz"},"ismir04_rhythm": {"all": {"ChaChaCha": 0.605098307133,"Jive": 0.0719634220004,"Quickstep": 0.0130044883117,"Rumba-American": 0.0260122306645,"Rumba-International": 0.011851945892,"Rumba-Misc": 0.00891516450793,"Samba": 0.0420248433948,"Tango": 0.150030732155,"VienneseWaltz": 0.0636749789119,"Waltz": 0.00742389913648},"probability": 0.605098307133,"value": "ChaChaCha"},"mood_acoustic": {"all": {"acoustic": 0.00397255830467,"not_acoustic": 0.996027469635},"probability": 0.996027469635,"value": "not_acoustic"},"mood_aggressive": {"all": {"aggressive": 0.991906881332,"not_aggressive": 0.00809313729405},"probability": 0.991906881332,"value": "aggressive"},"mood_electronic": {"all": {"electronic": 0.460704177618,"not_electronic": 0.53929579258},"probability": 0.53929579258,"value": "not_electronic"},"mood_happy": {"all": {"happy": 0.298240542412,"not_happy": 0.701759457588},"probability": 0.701759457588,"value": "not_happy"},"mood_party": {"all": {"not_party": 0.316085755825,"party": 0.683914244175},"probability": 0.683914244175,"value": "party"},"mood_relaxed": {"all": {"not_relaxed": 0.982079088688,"relaxed": 0.0179209169},"probability": 0.982079088688,"value": "not_relaxed"},"mood_sad": {"all": {"not_sad": 0.973428189754,"sad": 0.0265718158334},"probability": 0.973428189754,"value": "not_sad"},"moods_mirex": {"all": {"Cluster1": 0.157830804586,"Cluster2": 0.0490200221539,"Cluster3": 0.0365442335606,"Cluster4": 0.0754571482539,"Cluster5": 0.681147813797},"probability": 0.681147813797,"value": "Cluster5"},"timbre": {"all": {"bright": 0.0818559601903,"dark": 0.91814404726},"probability": 0.91814404726,"value": "dark"},"tonal_atonal": {"all": {"atonal": 0.5,"tonal": 0.5},"probability": 0.5,"value": "tonal"},"voice_instrumental": {"all": {"instrumental": 0.333624452353,"voice": 0.66637557745},"probability": 0.66637557745,"value": "voice"}},"metadata": {"audio_properties": {"analysis_sample_rate": 44100,"bit_rate": 0,"equal_loudness": 0,"length": 219.506668091,"lossless": 1,"replay_gain": -15.1838321686,"sample_rate": 44100,"codec": "flac","downmix": "mix","md5_encoded": "dca2d210873a0fe3aa643bbf1d4064a3"},"tags": {"file_name": "08-Wasted_Away.flac","album": ["Only in Dreams"],"artist": ["Dum Dum Girls"],"date": ["2011-00-00"],"musicbrainz_albumid": ["d9e56dc4-2154-4351-bbb5-da11a4b6db3f"],"musicbrainz_artistid": ["ca405011-906d-4090-992f-f230739278b1"],"musicbrainz_recordingid": ["e5a5a2a1-5ed8-4567-8479-fef964ad0bd7"],"title": ["Wasted Away"],"tracknumber": ["8"]},"version": {"highlevel": {"essentia": "2.1-beta5-dev","essentia_build_sha": "e74af04b57b164eed312abeef4963962215860f0","essentia_git_sha": "v2.1_beta4-499-g4013ebc","extractor": "music 2.0","gaia": "2.4.5","gaia_git_sha": "v2.4.4-44-g95f4851","models_essentia_git_sha": "v2.1_beta1"},"lowlevel": {"essentia": "2.1-beta2","essentia_build_sha": "c0e182ba78c2de26e491b7b7a4a2c98c1ed34208","essentia_git_sha": "v2.1_beta2-2-gbb40004","extractor": "music 1.0"}}}}