{"highlevel": {"danceability": {"all": {"danceable": 3.00000096379e-14,"not_danceable": 1},"probability": 1,"value": "not_danceable"},"gender": {"all": {"female": 0.622127056122,"male": 0.37787297368},"probability": 0.622127056122,"value": "female"},"genre_dortmund": {"all": {"alternative": 2.36773274764e-07,"blues": 2.17715282247e-07,"electronic": 0.999878942966,"folkcountry": 9.17139095691e-06,"funksoulrnb": 1.47849573295e-06,"jazz": 9.84714715742e-05,"pop": 9.63749926086e-07,"raphiphop": 3.27295538227e-07,"rock": 1.02033072835e-05},"probability": 0.999878942966,"value": "electronic"},"genre_electronic": {"all": {"ambient": 0.476429641247,"dnb": 0.0124182952568,"house": 0.253807514906,"techno": 0.163677841425,"trance": 0.0936667248607},"probability": 0.476429641247,"value": "ambient"},"genre_rosamerica": {"all": {"cla": 0.0120705803856,"dan": 0.0326964892447,"hip": 0.309762388468,"jaz": 0.187865063548,"pop": 0.0851549878716,"rhy": 0.316136717796,"roc": 0.0314132235944,"spe": 0.0249005462974},"probability": 0.316136717796,"value": "rhy"},"genre_tzanetakis": {"all": {"blu": 0.0617713928223,"cla": 0.0343018434942,"cou": 0.102904699743,"dis": 0.0514719486237,"hip": 0.154438391328,"jaz": 0.309046447277,"met": 0.0441263727844,"pop": 0.0772129744291,"reg": 0.0617708563805,"roc": 0.102955065668},"probability": 0.309046447277,"value": "jaz"},"ismir04_rhythm": {"all": {"ChaChaCha": 0.176895409822,"Jive": 0.0790307298303,"Quickstep": 0.034407582134,"Rumba-American": 0.0981191769242,"Rumba-International": 0.0736446082592,"Rumba-Misc": 0.0555602014065,"Samba": 0.220561876893,"Tango": 0.188591063023,"VienneseWaltz": 0.05120126158,"Waltz": 0.0219880864024},"probability": 0.220561876893,"value": "Samba"},"mood_acoustic": {"all": {"acoustic": 0.00610542763025,"not_acoustic": 0.993894577026},"probability": 0.993894577026,"value": "not_acoustic"},"mood_aggressive": {"all": {"aggressive": 3.00000096379e-14,"not_aggressive": 1},"probability": 1,"value": "not_aggressive"},"mood_electronic": {"all": {"electronic": 0.974909186363,"not_electronic": 0.0250908080488},"probability": 0.974909186363,"value": "electronic"},"mood_happy": {"all": {"happy": 0.160768270493,"not_happy": 0.839231729507},"probability": 0.839231729507,"value": "not_happy"},"mood_party": {"all": {"not_party": 0.999984383583,"party": 1.56411515491e-05},"probability": 0.999984383583,"value": "not_party"},"mood_relaxed": {"all": {"not_relaxed": 0.191182896495,"relaxed": 0.808817088604},"probability": 0.808817088604,"value": "relaxed"},"mood_sad": {"all": {"not_sad": 0.860693633556,"sad": 0.139306381345},"probability": 0.860693633556,"value": "not_sad"},"moods_mirex": {"all": {"Cluster1": 0.0675518140197,"Cluster2": 0.0558374151587,"Cluster3": 0.20430059731,"Cluster4": 0.0455959960818,"Cluster5": 0.626714169979},"probability": 0.626714169979,"value": "Cluster5"},"timbre": {"all": {"bright": 0.00142853183206,"dark": 0.998571455479},"probability": 0.998571455479,"value": "dark"},"tonal_atonal": {"all": {"atonal": 0.999999880791,"tonal": 1.46589357541e-07},"probability": 0.999999880791,"value": "atonal"},"voice_instrumental": {"all": {"instrumental": 0.99595451355,"voice": 0.0040454599075},"probability": 0.99595451355,"value": "instrumental"}},"metadata": {"audio_properties": {"analysis_sample_rate": 44100,"bit_rate": 207421,"equal_loudness": 0,"length": 252.892501831,"lossless": 0,"replay_gain": -5.05441856384,"sample_rate": 44100,"codec": "mp3","downmix": "mix","md5_encoded": "02d39861df6c6f22e2d11d778f324855"},"tags": {"file_name": "01 - Katchafire - Reggae Revival.mp3","album": ["Revival"],"album artist credit": ["Katchafire"],"albumartist": ["Katchafire"],"albumartistsort": ["Katchafire"],"artist": ["Katchafire"],"artist credit": ["Katchafire"],"artistsort": ["Katchafire"],"bpm": ["0"],"date": ["2003"],"discnumber": ["1\/1"],"encodedby": ["dBpoweramp Release 13.3"],"genre": ["Reggae"],"itunes_cddb_1": ["CA0E8211+278717+17+150+15336+31082+49528+68494+84016+98256+112422+129217+144212+158240+173645+191007+217306+232746+247802+265471"],"itunes_cddb_tracknumber": ["4"],"itunnorm": [" 00000341 00000410 0000357A 000038E2 000128C1 000128C1 00008000 00008000 00009D0C 0000452E"],"language": ["eng"],"musicbrainz album release country": ["NZ"],"musicbrainz album status": ["Official"],"musicbrainz album type": ["album"],"musicbrainz_albumid": ["9437ccd7-de26-429c-9174-904e8ee119bd"],"musicbrainz_artistid": ["24c1a4f1-6de0-46a5-bcec-88167a33b18d"],"musicbrainz_recordingid": ["6c33572a-18b0-450b-be88-221aeb9bae2b"],"musicbrainz_releasegroupid": ["586c76ac-23a0-3df1-b359-7054bc416cc6"],"originaldate": ["2003-11-12"],"replaygain_album_gain": ["0.00 dB"],"replaygain_album_peak": ["0.000000"],"replaygain_track_gain": ["0.00 dB"],"replaygain_track_peak": ["0.000000"],"script": ["Latn"],"title": ["Reggae Revival"],"tracknumber": ["1\/12"]},"version": {"highlevel": {"essentia": "2.1-beta5-dev","essentia_build_sha": "e74af04b57b164eed312abeef4963962215860f0","essentia_git_sha": "v2.1_beta4-499-g4013ebc","extractor": "music 2.0","gaia": "2.4.5","gaia_git_sha": "v2.4.4-44-g95f4851","models_essentia_git_sha": "v2.1_beta1"},"lowlevel": {"essentia": "2.1-beta1","essentia_build_sha": "ca57ba49d9b1854bd80e60cf9ccf267278fb7d6b","essentia_git_sha": "v2.1_beta1-28-g21ef5f4-dirty","extractor": "music 1.0"}}}}