{"highlevel": {"danceability": {"all": {"danceable": 0.995863080025,"not_danceable": 0.0041368920356},"probability": 0.995863080025,"value": "danceable"},"gender": {"all": {"female": 0.840078890324,"male": 0.159921079874},"probability": 0.840078890324,"value": "female"},"genre_dortmund": {"all": {"alternative": 1.74380135332e-10,"blues": 2.24262081128e-10,"electronic": 0.999998688698,"folkcountry": 6.95017874364e-08,"funksoulrnb": 3.49878490624e-08,"jazz": 1.05413710116e-06,"pop": 1.7070512115e-08,"raphiphop": 1.92863929271e-08,"rock": 1.05701232656e-07},"probability": 0.999998688698,"value": "electronic"},"genre_electronic": {"all": {"ambient": 0.125391840935,"dnb": 0.00533690815791,"house": 0.0448993742466,"techno": 0.0127944583073,"trance": 0.811577439308},"probability": 0.811577439308,"value": "trance"},"genre_rosamerica": {"all": {"cla": 0.00437120255083,"dan": 0.0310022700578,"hip": 0.821865320206,"jaz": 0.00561891822144,"pop": 0.0617165155709,"rhy": 0.0117241451517,"roc": 0.060378331691,"spe": 0.00332328188233},"probability": 0.821865320206,"value": "hip"},"genre_tzanetakis": {"all": {"blu": 2.00933528442e-14,"cla": 1.10376880297e-14,"cou": 2.21312073892e-14,"dis": 1.76883671149e-14,"hip": 4.29576757196e-14,"jaz": 0.999999940395,"met": 2.0000017642e-08,"pop": 2.0000017642e-08,"reg": 1.66666822565e-08,"roc": 2.50000233848e-08},"probability": 0.999999940395,"value": "jaz"},"ismir04_rhythm": {"all": {"ChaChaCha": 0.192256852984,"Jive": 0.214244827628,"Quickstep": 0.0341595225036,"Rumba-American": 0.0591718181968,"Rumba-International": 0.0334703698754,"Rumba-Misc": 0.0421211495996,"Samba": 0.0667201802135,"Tango": 0.10480966419,"VienneseWaltz": 0.230245232582,"Waltz": 0.0228003785014},"probability": 0.230245232582,"value": "VienneseWaltz"},"mood_acoustic": {"all": {"acoustic": 2.93082365488e-07,"not_acoustic": 0.999999701977},"probability": 0.999999701977,"value": "not_acoustic"},"mood_aggressive": {"all": {"aggressive": 0.792549490929,"not_aggressive": 0.207450479269},"probability": 0.792549490929,"value": "aggressive"},"mood_electronic": {"all": {"electronic": 0.812429308891,"not_electronic": 0.187570720911},"probability": 0.812429308891,"value": "electronic"},"mood_happy": {"all": {"happy": 0.533122479916,"not_happy": 0.466877520084},"probability": 0.533122479916,"value": "happy"},"mood_party": {"all": {"not_party": 0.0796441808343,"party": 0.920355796814},"probability": 0.920355796814,"value": "party"},"mood_relaxed": {"all": {"not_relaxed": 0.938118994236,"relaxed": 0.0618809983134},"probability": 0.938118994236,"value": "not_relaxed"},"mood_sad": {"all": {"not_sad": 0.766032099724,"sad": 0.233967885375},"probability": 0.766032099724,"value": "not_sad"},"moods_mirex": {"all": {"Cluster1": 0.0527660176158,"Cluster2": 0.0439425669611,"Cluster3": 0.16939650476,"Cluster4": 0.0422586686909,"Cluster5": 0.691636264324},"probability": 0.691636264324,"value": "Cluster5"},"timbre": {"all": {"bright": 0.307771772146,"dark": 0.692228257656},"probability": 0.692228257656,"value": "dark"},"tonal_atonal": {"all": {"atonal": 0.315961241722,"tonal": 0.684038758278},"probability": 0.684038758278,"value": "tonal"},"voice_instrumental": {"all": {"instrumental": 0.979301512241,"voice": 0.0206984821707},"probability": 0.979301512241,"value": "instrumental"}},"metadata": {"audio_properties": {"analysis_sample_rate": 44100,"bit_rate": 0,"equal_loudness": 0,"length": 332.399993896,"lossless": 1,"replay_gain": -7.12518882751,"sample_rate": 44100,"codec": "flac","downmix": "mix","md5_encoded": "4ea5941b94a9b8bbe9760a8ac6096c63"},"tags": {"file_name": "1-08 Raising Hell.flac","acoustid_id": ["f05195a1-67ea-4931-bb27-58eb75430b2c"],"album": ["Raising Hell"],"albumartist": ["Run‐D.M.C."],"albumartistsort": ["Run‐D.M.C."],"artist": ["Run‐D.M.C."],"artistsort": ["Run‐D.M.C."],"asin": ["B000000CDV"],"barcode": ["015151121726"],"bpm": ["166.462982178"],"catalognumber": ["PCD-1217"],"date": ["1986"],"discnumber": ["1"],"disctotal": ["1"],"engineer": ["Steve Ett"],"genre": ["Hip Hop"],"grouping": ["Hip Hop"],"isrc": ["USAR18600003"],"label": ["Profile Records"],"language": ["eng"],"media": ["CD"],"musicbrainz_albumartistid": ["5ecc3f72-20a6-47a0-8dc5-fb0b3dadeea0"],"musicbrainz_albumid": ["888b2aad-81de-3010-a9e3-a05eecb64b06"],"musicbrainz_artistid": ["5ecc3f72-20a6-47a0-8dc5-fb0b3dadeea0"],"musicbrainz_discid": ["AlDZfxLcW4V4qdBFoXEsMq2TwYM-"],"musicbrainz_recordingid": ["6c641441-d9a5-4e0d-af52-3f6118c0e4af"],"musicbrainz_releasegroupid": ["a209c0a5-e9b2-37ff-a76d-df5bc405a0e8"],"musicbrainz_releasetrackid": ["0be1831c-bc93-3644-aa0b-1944e37c0e3d"],"originaldate": ["1986"],"performer": ["Daniel Shulman (bass guitar)", "Jason Mizell (keyboard and percussion)", "Rick Rubin (guitars)"],"producer": ["Rick Rubin", "Joseph Simmons", "Jason Mizell", "Russell Simmons"],"releasecountry": ["US"],"releasestatus": ["official"],"releasetype": ["album"],"script": ["Latn"],"title": ["Raising Hell"],"totaldiscs": ["1"],"tracknumber": ["8"],"tracktotal": ["12"]},"version": {"highlevel": {"essentia": "2.1-beta5-dev","essentia_build_sha": "e74af04b57b164eed312abeef4963962215860f0","essentia_git_sha": "v2.1_beta4-499-g4013ebc","extractor": "music 2.0","gaia": "2.4.5","gaia_git_sha": "v2.4.4-44-g95f4851","models_essentia_git_sha": "v2.1_beta1"},"lowlevel": {"essentia": "2.1-beta2","essentia_build_sha": "70f2e5ece6736b2c40cc944ad0e695b16b925413","essentia_git_sha": "v2.1_beta2","extractor": "music 1.0"}}}}