{"highlevel": {"danceability": {"all": {"danceable": 0.540039241314,"not_danceable": 0.459960758686},"probability": 0.540039241314,"value": "danceable"},"gender": {"all": {"female": 0.539103388786,"male": 0.460896611214},"probability": 0.539103388786,"value": "female"},"genre_dortmund": {"all": {"alternative": 0.143809303641,"blues": 0.110600054264,"electronic": 0.423429727554,"folkcountry": 0.129807591438,"funksoulrnb": 0.0120279546827,"jazz": 0.0489412695169,"pop": 0.031455155462,"raphiphop": 0.00775885628536,"rock": 0.0921700969338},"probability": 0.423429727554,"value": "electronic"},"genre_electronic": {"all": {"ambient": 0.785045921803,"dnb": 0.0491455756128,"house": 0.0990882813931,"techno": 0.0162869207561,"trance": 0.0504332967103},"probability": 0.785045921803,"value": "ambient"},"genre_rosamerica": {"all": {"cla": 0.0105067584664,"dan": 0.0197303686291,"hip": 0.036109443754,"jaz": 0.23329089582,"pop": 0.349220722914,"rhy": 0.284513533115,"roc": 0.0512521006167,"spe": 0.0153761636466},"probability": 0.349220722914,"value": "pop"},"genre_tzanetakis": {"all": {"blu": 0.0620671063662,"cla": 0.034474901855,"cou": 0.103433981538,"dis": 0.0620971247554,"hip": 0.15527240932,"jaz": 0.310666948557,"met": 0.044346679002,"pop": 0.0620793737471,"reg": 0.0620816536248,"roc": 0.103479810059},"probability": 0.310666948557,"value": "jaz"},"ismir04_rhythm": {"all": {"ChaChaCha": 0.213303163648,"Jive": 0.0563587993383,"Quickstep": 0.0266433432698,"Rumba-American": 0.0924190729856,"Rumba-International": 0.0624401271343,"Rumba-Misc": 0.0311788823456,"Samba": 0.12189321965,"Tango": 0.270459204912,"VienneseWaltz": 0.103459812701,"Waltz": 0.0218443702906},"probability": 0.270459204912,"value": "Tango"},"mood_acoustic": {"all": {"acoustic": 0.831657707691,"not_acoustic": 0.16834230721},"probability": 0.831657707691,"value": "acoustic"},"mood_aggressive": {"all": {"aggressive": 0.0441191717982,"not_aggressive": 0.955880820751},"probability": 0.955880820751,"value": "not_aggressive"},"mood_electronic": {"all": {"electronic": 0.232610955834,"not_electronic": 0.767389059067},"probability": 0.767389059067,"value": "not_electronic"},"mood_happy": {"all": {"happy": 0.239586919546,"not_happy": 0.760413110256},"probability": 0.760413110256,"value": "not_happy"},"mood_party": {"all": {"not_party": 0.89039593935,"party": 0.109604075551},"probability": 0.89039593935,"value": "not_party"},"mood_relaxed": {"all": {"not_relaxed": 0.375676602125,"relaxed": 0.624323368073},"probability": 0.624323368073,"value": "relaxed"},"mood_sad": {"all": {"not_sad": 0.397816181183,"sad": 0.602183818817},"probability": 0.602183818817,"value": "sad"},"moods_mirex": {"all": {"Cluster1": 0.118442751467,"Cluster2": 0.432325422764,"Cluster3": 0.134208917618,"Cluster4": 0.242096096277,"Cluster5": 0.0729268044233},"probability": 0.432325422764,"value": "Cluster2"},"timbre": {"all": {"bright": 0.0877470523119,"dark": 0.912252962589},"probability": 0.912252962589,"value": "dark"},"tonal_atonal": {"all": {"atonal": 0.792559325695,"tonal": 0.207440659404},"probability": 0.792559325695,"value": "atonal"},"voice_instrumental": {"all": {"instrumental": 0.0854404419661,"voice": 0.914559543133},"probability": 0.914559543133,"value": "voice"}},"metadata": {"audio_properties": {"analysis_sample_rate": 44100,"bit_rate": 176834,"equal_loudness": 0,"length": 183.666931152,"lossless": 0,"replay_gain": -15.9112968445,"codec": "mp3","downmix": "mix","md5_encoded": "01a14441d5367bc4adfc03f7e1f6250b"},"tags": {"file_name": "01 - Get Happy.mp3","album": ["Sing You Sinners"],"albumartist": ["Erin McKeown"],"albumartistsort": ["McKeown, Erin"],"artist": ["Erin McKeown"],"artists": ["Erin McKeown"],"artistsort": ["McKeown, Erin"],"asin": ["B000KX0HVO"],"composer": ["Harold Arlen"],"date": ["2007-01-09"],"label": ["Sony Music Canada Inc."],"language": ["eng"],"lyricist": ["Ted Koehler"],"media": ["CD"],"musicbrainz album release country": ["CA"],"musicbrainz album status": ["official"],"musicbrainz album type": ["album"],"musicbrainz release track id": ["5d358351-6914-3ead-8e9b-bc1d524caeb4"],"musicbrainz_albumartistid": ["3f55dbb0-8ba0-4eda-b4dd-5a9169c5d29c"],"musicbrainz_albumid": ["d86858a7-d08a-4208-9e58-3894608a5824"],"musicbrainz_artistid": ["3f55dbb0-8ba0-4eda-b4dd-5a9169c5d29c"],"musicbrainz_recordingid": ["6ca1793d-26c0-43f3-804c-00f92742ffab"],"musicbrainz_releasegroupid": ["746d95b5-cda6-3fa9-afe9-88267761d8f6"],"musicbrainz_workid": ["a9e408cd-844b-3869-a5d0-410c3e509355"],"originaldate": ["2006"],"script": ["Latn"],"title": ["Get Happy"],"tracknumber": ["1\/13"],"work": ["Get Happy"]},"version": {"highlevel": {"essentia": "2.1-beta5-dev","essentia_build_sha": "e74af04b57b164eed312abeef4963962215860f0","essentia_git_sha": "v2.1_beta4-499-g4013ebc","extractor": "music 2.0","gaia": "2.4.5","gaia_git_sha": "v2.4.4-44-g95f4851","models_essentia_git_sha": "v2.1_beta1"},"lowlevel": {"essentia": "2.1-beta1","essentia_build_sha": "85931cb11b241c07ac43bfc3827c398894034a25","essentia_git_sha": "v2.1_beta1-6-g5578087","extractor": "music 1.0"}}}}