{"highlevel": {"danceability": {"all": {"danceable": 0.959704935551,"not_danceable": 0.0402950420976},"probability": 0.959704935551,"value": "danceable"},"gender": {"all": {"female": 0.978215038776,"male": 0.0217849630862},"probability": 0.978215038776,"value": "female"},"genre_dortmund": {"all": {"alternative": 0.00177911680657,"blues": 0.0002909633331,"electronic": 0.995722353458,"folkcountry": 0.00132868939545,"funksoulrnb": 1.95012125914e-05,"jazz": 0.000399937533075,"pop": 0.000116958588478,"raphiphop": 6.9314155553e-05,"rock": 0.000273169280263},"probability": 0.995722353458,"value": "electronic"},"genre_electronic": {"all": {"ambient": 0.552866101265,"dnb": 0.0250113978982,"house": 0.224079594016,"techno": 0.0332445539534,"trance": 0.164798334241},"probability": 0.552866101265,"value": "ambient"},"genre_rosamerica": {"all": {"cla": 0.000624650157988,"dan": 0.0090425144881,"hip": 0.0254827793688,"jaz": 0.00154513819143,"pop": 0.0917962193489,"rhy": 0.870153367519,"roc": 0.000784651492722,"spe": 0.000570647069253},"probability": 0.870153367519,"value": "rhy"},"genre_tzanetakis": {"all": {"blu": 0.0626613423228,"cla": 0.0348169617355,"cou": 0.104475811124,"dis": 0.0784321576357,"hip": 0.15692435205,"jaz": 0.313974827528,"met": 0.0448166541755,"pop": 0.0627359300852,"reg": 0.0627360641956,"roc": 0.0784258767962},"probability": 0.313974827528,"value": "jaz"},"ismir04_rhythm": {"all": {"ChaChaCha": 0.175996735692,"Jive": 0.0576707571745,"Quickstep": 0.0282983928919,"Rumba-American": 0.0486661791801,"Rumba-International": 0.100178010762,"Rumba-Misc": 0.0544963367283,"Samba": 0.098956272006,"Tango": 0.260770231485,"VienneseWaltz": 0.149479359388,"Waltz": 0.0254877116531},"probability": 0.260770231485,"value": "Tango"},"mood_acoustic": {"all": {"acoustic": 0.422556400299,"not_acoustic": 0.577443599701},"probability": 0.577443599701,"value": "not_acoustic"},"mood_aggressive": {"all": {"aggressive": 1.39850235428e-05,"not_aggressive": 0.999985992908},"probability": 0.999985992908,"value": "not_aggressive"},"mood_electronic": {"all": {"electronic": 0.473008960485,"not_electronic": 0.526991009712},"probability": 0.526991009712,"value": "not_electronic"},"mood_happy": {"all": {"happy": 0.357169270515,"not_happy": 0.642830729485},"probability": 0.642830729485,"value": "not_happy"},"mood_party": {"all": {"not_party": 0.848535358906,"party": 0.151464655995},"probability": 0.848535358906,"value": "not_party"},"mood_relaxed": {"all": {"not_relaxed": 0.0182181149721,"relaxed": 0.981781899929},"probability": 0.981781899929,"value": "relaxed"},"mood_sad": {"all": {"not_sad": 0.535140156746,"sad": 0.464859843254},"probability": 0.535140156746,"value": "not_sad"},"moods_mirex": {"all": {"Cluster1": 0.0878980085254,"Cluster2": 0.284641295671,"Cluster3": 0.278961062431,"Cluster4": 0.176269620657,"Cluster5": 0.172230005264},"probability": 0.284641295671,"value": "Cluster2"},"timbre": {"all": {"bright": 0.942271351814,"dark": 0.0577286705375},"probability": 0.942271351814,"value": "bright"},"tonal_atonal": {"all": {"atonal": 0.794149339199,"tonal": 0.205850690603},"probability": 0.794149339199,"value": "atonal"},"voice_instrumental": {"all": {"instrumental": 0.0308782123029,"voice": 0.969121813774},"probability": 0.969121813774,"value": "voice"}},"metadata": {"audio_properties": {"analysis_sample_rate": 44100,"bit_rate": 0,"equal_loudness": 0,"length": 355.600006104,"lossless": 1,"replay_gain": -12.4419593811,"sample_rate": 44100,"codec": "flac","downmix": "mix","md5_encoded": "a062d800e523d0b2acf768268d397eac"},"tags": {"file_name": "08 - You Got It On.flac","acoustid_id": ["b64b23d4-99d6-4d4c-9180-dc87bd5b02d0"],"album": ["The 20\/20 Experience 2 of 2"],"albumartist": ["Justin Timberlake"],"albumartistsort": ["Timberlake, Justin"],"artist": ["Justin Timberlake"],"artistsort": ["Timberlake, Justin"],"asin": ["B00E1LPTIC"],"barcode": ["0888837673921"],"catalognumber": ["88883767392"],"compilation": ["1"],"date": ["2013-09-30"],"discnumber": ["1"],"disctotal": ["2"],"genre": ["Catchy", "Epic", "Beautiful Mid-Tempo", "Make Out Music", "Sounds Like Falling In Love", "Minha Musica", "Snl", "Pop", "Rnb", "Actor", "R&B", "Tennessee", "Ballad", "Laid-Back", "Justin Timberlake", "Love Song", "Mickey Mouse Club", "Cheesy", "2013"],"label": ["RCA"],"media": ["CD"],"musicbrainz_albumartistid": ["596ffa74-3d08-44ef-b113-765d43d12738"],"musicbrainz_albumid": ["41e9d88d-ebdc-485a-8737-1edacd1b4c6a"],"musicbrainz_artistid": ["596ffa74-3d08-44ef-b113-765d43d12738"],"musicbrainz_recordingid": ["6ceb16bf-8bd7-4601-8d8b-374cbc7c7c3b"],"musicbrainz_releasegroupid": ["7cc6c164-bd3d-4920-9342-9cb8cd87d8de"],"originaldate": ["2013-09-30"],"releasecountry": ["GB"],"releasestatus": ["official"],"releasetype": ["album"],"script": ["Latn"],"title": ["You Got It On"],"totaldiscs": ["2"],"totaltracks": ["11"],"tracknumber": ["8"],"tracktotal": ["11"]},"version": {"highlevel": {"essentia": "2.1-beta5-dev","essentia_build_sha": "e74af04b57b164eed312abeef4963962215860f0","essentia_git_sha": "v2.1_beta4-499-g4013ebc","extractor": "music 2.0","gaia": "2.4.5","gaia_git_sha": "v2.4.4-44-g95f4851","models_essentia_git_sha": "v2.1_beta1"},"lowlevel": {"essentia": "2.1-beta2","essentia_build_sha": "70f2e5ece6736b2c40cc944ad0e695b16b925413","essentia_git_sha": "v2.1_beta2","extractor": "music 1.0"}}}}