{"highlevel": {"danceability": {"all": {"danceable": 0.0191573984921,"not_danceable": 0.980842590332},"probability": 0.980842590332,"value": "not_danceable"},"gender": {"all": {"female": 0.864376962185,"male": 0.135623022914},"probability": 0.864376962185,"value": "female"},"genre_dortmund": {"all": {"alternative": 0.552697479725,"blues": 0.0208203624934,"electronic": 0.114707075059,"folkcountry": 0.176484614611,"funksoulrnb": 0.0066254013218,"jazz": 0.0109091093764,"pop": 0.0543999709189,"raphiphop": 0.00349385268055,"rock": 0.0598620958626},"probability": 0.552697479725,"value": "alternative"},"genre_electronic": {"all": {"ambient": 0.986549437046,"dnb": 0.00231311097741,"house": 0.00645670201629,"techno": 0.000905981170945,"trance": 0.00377474189736},"probability": 0.986549437046,"value": "ambient"},"genre_rosamerica": {"all": {"cla": 0.932422757149,"dan": 0.00497026974335,"hip": 0.0081239240244,"jaz": 0.00580760603771,"pop": 0.0173535458744,"rhy": 0.0183839350939,"roc": 0.00703403167427,"spe": 0.00590393692255},"probability": 0.932422757149,"value": "cla"},"genre_tzanetakis": {"all": {"blu": 0.0626870542765,"cla": 0.0348228886724,"cou": 0.104483813047,"dis": 0.0627374649048,"hip": 0.156886413693,"jaz": 0.313951909542,"met": 0.0448243469,"pop": 0.0784323960543,"reg": 0.0627435147762,"roc": 0.0784302055836},"probability": 0.313951909542,"value": "jaz"},"ismir04_rhythm": {"all": {"ChaChaCha": 0.0304286051542,"Jive": 0.0039597847499,"Quickstep": 0.00596370035782,"Rumba-American": 0.00635855598375,"Rumba-International": 0.0155147789046,"Rumba-Misc": 0.0192331466824,"Samba": 0.00498097715899,"Tango": 0.17964425683,"VienneseWaltz": 0.0838305130601,"Waltz": 0.650085687637},"probability": 0.650085687637,"value": "Waltz"},"mood_acoustic": {"all": {"acoustic": 0.944284379482,"not_acoustic": 0.0557156056166},"probability": 0.944284379482,"value": "acoustic"},"mood_aggressive": {"all": {"aggressive": 0.0386999696493,"not_aggressive": 0.96130001545},"probability": 0.96130001545,"value": "not_aggressive"},"mood_electronic": {"all": {"electronic": 0.166846081614,"not_electronic": 0.833153903484},"probability": 0.833153903484,"value": "not_electronic"},"mood_happy": {"all": {"happy": 0.241467505693,"not_happy": 0.758532524109},"probability": 0.758532524109,"value": "not_happy"},"mood_party": {"all": {"not_party": 0.980171978474,"party": 0.0198280327022},"probability": 0.980171978474,"value": "not_party"},"mood_relaxed": {"all": {"not_relaxed": 0.0149131910875,"relaxed": 0.985086798668},"probability": 0.985086798668,"value": "relaxed"},"mood_sad": {"all": {"not_sad": 0.057201564312,"sad": 0.942798435688},"probability": 0.942798435688,"value": "sad"},"moods_mirex": {"all": {"Cluster1": 0.0356550104916,"Cluster2": 0.103101745248,"Cluster3": 0.75867331028,"Cluster4": 0.0949777960777,"Cluster5": 0.00759216863662},"probability": 0.75867331028,"value": "Cluster3"},"timbre": {"all": {"bright": 0.77865511179,"dark": 0.221344903111},"probability": 0.77865511179,"value": "bright"},"tonal_atonal": {"all": {"atonal": 0.0918818488717,"tonal": 0.908118128777},"probability": 0.908118128777,"value": "tonal"},"voice_instrumental": {"all": {"instrumental": 0.0134453326464,"voice": 0.986554682255},"probability": 0.986554682255,"value": "voice"}},"metadata": {"audio_properties": {"analysis_sample_rate": 44100,"bit_rate": 0,"equal_loudness": 0,"length": 119.959999084,"lossless": 1,"replay_gain": -10.3362483978,"sample_rate": 44100,"codec": "flac","downmix": "mix","md5_encoded": "5057b308f019aadc227326ba99588d1c"},"tags": {"file_name": "10 - Rock N Roll.flac","acoustid_id": ["b95c15f6-4fba-48aa-8def-b844dfdaaea1"],"album": ["Rock N Roll"],"albumartist": ["Ryan Adams"],"albumartistsort": ["Adams, Ryan"],"artist": ["Ryan Adams"],"artists": ["Ryan Adams"],"artistsort": ["Adams, Ryan"],"asin": ["B0000PCUHQ"],"barcode": ["602498613245"],"catalognumber": ["986 132-4"],"date": ["2003-11-03"],"label": ["Lost Highway Records"],"media": ["CD"],"musicbrainz_albumartistid": ["c80f38a6-9980-485d-997c-5c1a9cbd0d64"],"musicbrainz_albumid": ["93f71372-bb26-3ddc-8ff4-fcdebe4cda5b"],"musicbrainz_artistid": ["c80f38a6-9980-485d-997c-5c1a9cbd0d64"],"musicbrainz_recordingid": ["27394020-d710-4ac4-90c5-955e8dc67520"],"musicbrainz_releasegroupid": ["36fd3d9d-754b-3703-8f43-6ecd80b943a4"],"musicbrainz_releasetrackid": ["06ba8d53-ef44-3b3d-a9e4-a7b09c1647a7"],"originaldate": ["2003"],"performer": ["Johnny T. Yerington (drums)", "Ryan Adams (bass guitar and keyboard)"],"releasecountry": ["XE"],"releasestatus": ["official"],"releasetype": ["album"],"script": ["Latn"],"title": ["Rock N Roll"],"totaltracks": ["15"],"tracknumber": ["10"],"tracktotal": ["15"]},"version": {"highlevel": {"essentia": "2.1-beta5-dev","essentia_build_sha": "e74af04b57b164eed312abeef4963962215860f0","essentia_git_sha": "v2.1_beta4-499-g4013ebc","extractor": "music 2.0","gaia": "2.4.5","gaia_git_sha": "v2.4.4-44-g95f4851","models_essentia_git_sha": "v2.1_beta1"},"lowlevel": {"essentia": "2.1-beta1","essentia_build_sha": "ca57ba49d9b1854bd80e60cf9ccf267278fb7d6b","essentia_git_sha": "v2.1_beta1-28-g21ef5f4-dirty","extractor": "music 1.0"}}}}