{"highlevel": {"danceability": {"all": {"danceable": 0.964676201344,"not_danceable": 0.0353238023818},"probability": 0.964676201344,"value": "danceable"},"gender": {"all": {"female": 0.758314609528,"male": 0.241685405374},"probability": 0.758314609528,"value": "female"},"genre_dortmund": {"all": {"alternative": 0.0814553126693,"blues": 0.0194003600627,"electronic": 0.831003427505,"folkcountry": 0.00899871625006,"funksoulrnb": 0.0030767833814,"jazz": 0.040640514344,"pop": 0.00186891539488,"raphiphop": 0.00189414795022,"rock": 0.0116618201137},"probability": 0.831003427505,"value": "electronic"},"genre_electronic": {"all": {"ambient": 0.315566986799,"dnb": 0.00934571586549,"house": 0.593773603439,"techno": 0.0480936169624,"trance": 0.0332200750709},"probability": 0.593773603439,"value": "house"},"genre_rosamerica": {"all": {"cla": 0.155988961458,"dan": 0.0138260303065,"hip": 0.276962012053,"jaz": 0.199679508805,"pop": 0.0344541780651,"rhy": 0.256930559874,"roc": 0.021525496617,"spe": 0.0406332612038},"probability": 0.276962012053,"value": "hip"},"genre_tzanetakis": {"all": {"blu": 6.21417598268e-07,"cla": 3.35676190844e-07,"cou": 7.18225408036e-07,"dis": 9.06663615297e-07,"hip": 0.999576747417,"jaz": 8.18700243599e-07,"met": 0.00011669932428,"pop": 5.37528057976e-06,"reg": 3.52863958142e-06,"roc": 0.000294272700557},"probability": 0.999576747417,"value": "hip"},"ismir04_rhythm": {"all": {"ChaChaCha": 0.473710775375,"Jive": 0.00621177861467,"Quickstep": 0.00225673965178,"Rumba-American": 0.0168974585831,"Rumba-International": 0.00122935336549,"Rumba-Misc": 0.00181001878809,"Samba": 0.0100147789344,"Tango": 0.481961667538,"VienneseWaltz": 0.00517018372193,"Waltz": 0.00073723483365},"probability": 0.481961667538,"value": "Tango"},"mood_acoustic": {"all": {"acoustic": 0.00538831343874,"not_acoustic": 0.994611680508},"probability": 0.994611680508,"value": "not_acoustic"},"mood_aggressive": {"all": {"aggressive": 0.400740653276,"not_aggressive": 0.599259376526},"probability": 0.599259376526,"value": "not_aggressive"},"mood_electronic": {"all": {"electronic": 0.977748274803,"not_electronic": 0.0222517251968},"probability": 0.977748274803,"value": "electronic"},"mood_happy": {"all": {"happy": 0.0985229089856,"not_happy": 0.901477098465},"probability": 0.901477098465,"value": "not_happy"},"mood_party": {"all": {"not_party": 0.101385802031,"party": 0.898614168167},"probability": 0.898614168167,"value": "party"},"mood_relaxed": {"all": {"not_relaxed": 0.25246027112,"relaxed": 0.747539758682},"probability": 0.747539758682,"value": "relaxed"},"mood_sad": {"all": {"not_sad": 0.783212840557,"sad": 0.216787144542},"probability": 0.783212840557,"value": "not_sad"},"moods_mirex": {"all": {"Cluster1": 0.125588953495,"Cluster2": 0.0789366811514,"Cluster3": 0.0847349241376,"Cluster4": 0.0831802710891,"Cluster5": 0.627559185028},"probability": 0.627559185028,"value": "Cluster5"},"timbre": {"all": {"bright": 0.0605906508863,"dark": 0.939409375191},"probability": 0.939409375191,"value": "dark"},"tonal_atonal": {"all": {"atonal": 0.999999761581,"tonal": 2.28283042247e-07},"probability": 0.999999761581,"value": "atonal"},"voice_instrumental": {"all": {"instrumental": 0.999995529652,"voice": 4.47171760243e-06},"probability": 0.999995529652,"value": "instrumental"}},"metadata": {"audio_properties": {"analysis_sample_rate": 44100,"bit_rate": 0,"equal_loudness": 0,"length": 207.173339844,"lossless": 1,"replay_gain": -13.8880176544,"sample_rate": 44100,"codec": "flac","downmix": "mix","md5_encoded": "5dbd89b17842ebd56f1b001c45f25813"},"tags": {"file_name": "09. Actress - Towers.flac","acoustid_fingerprint": ["AQADtEmYiFGUZEkEHQ1J9Lh2oeyO-9DkHKdwrYL2wfmHPDJSLstRQk-W4pKDMA_6JDrK7B6s6MKzoDmPPNAlDkyWRTn6HEWjGy86CT5zpN_xaAH1pQiPM0uhUeKRSvBY9IlM_HiSofGPkDx0LkelDzlzfEI-opkkBXxwBflx8WgdIlUY4od4ZJ2O6zAXBVZRmSTabDnCOA90bcYPVySe44e26EKzLDihRQitoGcOOznyQj_SRziP4zuQNdGh5whTp8Oj49qDpkbXRMF1Cqm0E3oyo4afBb6Iy8iexUivo1eCLqTRENcWXEYTP2D0HZeOkllxBc9S6IF_aNODZkv2ILSOL0VzNmD4o82ioNmPNxdiSxAfXDnOI8yyjEIvElmPygvaSMqJPQ-eHX0OLT9OaCGeDc1z6DT-dIQvnNHR1Ib2EG8Iz5DFoz_c8fCP7_gaPDhdaLnwHM2JiZ_w8IEWcsZJI0yVBXx04dlxhjGaHCElHd-yTIKGhusFXiFeyeiZI3rQJXGQJzsqv2he6PrwHaEV9BSuFU93oUv8wt2BMDmhon6Q48ODMMqLLzs0SgxO2BruGc9g_iiXF41-TNR2tGjWqXiLkiy4MUclIhdZ3MSnbUK7w0fJLEYuEVqEUOZxKTQaMBeNI0sCjfWGXCrKw8_g4-GOdDw-PDT8Hz0YLlFgXiiLvtDihMjFgzlcBeF66CvRvMiXHVYe44OPMqTRhUcYHdciHI0SoywakYV2xsKDRl2OkD2e7Whqo1-Qh9BypngjDxkV8TiDLznCNZGhnRGa45OS46YELVyOM8iPbsaXEfkNbUyWIwyP4xqRgif0SQgPKxIDLwv66EF_pHWE_sWPMioJjwR_-MyhL4S5oOsRny6aotoQnhakZMeZHblWXNXRPLPw7GieBTnDQ0s-VJIWQ8-C1h3CTIq04yAZKUfz7MgFUVkYF2k-o-dxZykY6wgzHrIX5JLQjFLwZYfH6OhTNLoRHu9iaO3hMRyHXsRDBpJH9IG2MMN5IvyCZjgjK2h2oc9qhNbhtBCXMUXJBB8aa-gZTcinHyWzC15CHb1-hGTgPHC2DPoVdGWMMPmONhpeOghz9NCjHLl0MJqmGFaY4-mCa0GP3PiyQDzxJ2h34cygHU-OF5o-C-lRSRoaiQRDHTkhPVGM8HDMHFeWwOOHbls0oTmN_sjKDFqWaA96DT2sHMcPi8mC9EcttAuNZkR2HtqVHHkk_EE5rcSPNzvCPDwqLYK-7DiZoznj4J3xEaUccA8unEe-HHeIMMpSow80ZHqOL8cjHo-O9zi3IAwVHvoXXMpSOMeVE_rx7DCHS4GGVM1xMYdPhE8ObQk87sgz_LgzHNnEQ18upD_6LMUVdB_RVAzyKDkafYF24UbzFul3MOSNbyGaC31W5E-KRho08rjCDf0HxxnB_Kgk8Tgf6OHRK0F7-JJhUQtHhDy-HeULJjxOKWiq6OiaIxeaPNB8nHkQMsvgiwSPizvytcb05IGu48vRw8_xBT4Hn0aPP-h1NGMU9Cea4yGao5uSQeNhEq6hnzgzPIa2Ev2K7bD2ox8OrVyKZkRop2Dy6DgenqiMMJF4fIbWj2jeCzQV4pLRPYd_bEpy9MWboLmI6hehR8cZ5GKOS8Sjo1mOUntQhHnwV9DSXbjg_biUoVFb6OTRRlkKn7h0_HgGc0efHt3R1McJr1OxtzjODw9zHNlNvNGE82ikoyeexQgPLTny0uhPNA9x0wiPxsmh88iT_2genPCiMMinwz-e5fCDH2cGiuJRMjt6DuJ79MmRHc0RPji0SCfyZIEVCj2NmmiWZTkeiUcYoU_G4syhZUeXEEUjMjn0cdD2oxmPPBRqEY0cxchPNGcKvfPwPcikHVaKPDq-COJ5lFyCJ_MIrfuCKwvuI5Vy9MuQj8HLQwu5OOhxMoWfgYe-FOGDZhLRJVyM5sdzhLugRdMePEa5rEKz7IKUH-J5vBnEFdqEi0H8vWiyIfxSo5kMKQszI1-PHz6DR2hUol-MXN8gnsNLQ78McyF-GT-Y6EbnQzu8Lkf6o5di9Dmy5MLTKNBlhLl0PFsOjzs6z-ijIYxzvBuha5uGZgw__EJ__IOUEnKI6gsRukHz442Ohg9KZg1CUSds6C_CLAxu9AnCXAq-FzmzCw3zIid9HB6Jbwwc54K28kL4BU0WDWeMZkxkhMelLIXOKsiiPRWaMRG67oSfhRGaE7lxaF9s2D0u5cOZHYd2HudxKYf2I413PBKDMFx2nISupUF4Hc2PT0GZb2g0HT3R_MjaQWvQbIly_ELzoCTRLrAD5zTy43s6ZHqG8oceJUVI6YGlw1uyWOhnvDl6qggTCzrxLIsThO8kXCOewdOR5QGuLEdOGi-LMNLxidCR6dHxZcR9mNRhoXJ2hGHEHNofXJvR5EGt4BdkHs2So-yhweoRWhn6HBZ15BCXI1fw43h2XEjk5Uiro9c6PDkewiojPNGFhkE46hJ0o12Rkjv8G5ykLHDM48lxFalClIG-bEJ1-NcG5hEqyfhyPKinpKh9iJyQMyE8XiFq5egD72D6VGgmJTrC77hzaHrQVMR7tHfQjDm4C-eO7ngWpSLeY19MOD96Fi0X-NCzoInZ4XGQ63CV4z98ISdKormOTlEO8cc1ZvgLf8dzdMKLhsV1NC_2454TiNwRUk7B5DuONwt6Hk14xGKCdswkiEdLJavAC91T-Ds2CaXEGM_QpI1QObOgLz9CZke_AKYFEsBAwAgBABiGgACKAaCAAMwQIAQwghMABFUGIAGcAoQQRAEwTAGDgEAAIIYUYkwIA4QETFgHDEJOGIKAMIASAggh0ACCnGGOIACkA0IAIwhChCBDgREMKAOkYwggAwAhghmhFCIOGSWIQQAJRARhSlgChBECGASAMgoowQQgEiDpGTGAEQYIMgAxYwRBWBACQPBAEcAYMwIIBw2wBgAihAOAKSqYMAQQEIhgxAhMBDKMAIcEAIwQIoRQRABnDAACMEA0UYAAoAAAQCJhEhAKCAEYMoYIRQRBRggAhHECMQGAAUIIYJABgmihgCBIKiEMENIQwRwD2imiAGBAAAEEcUYiQAQBwABJBEBACCIAMQA5IIwRABFgABNCAYIEMQggIxwxSABgjLIAMCQIIsIQghhAQAiDiBDAICOME0YYQSRwCBBIDHJGEUIoMEQQQpzBCBkghAHCMAGY5QASaiQQUAwiGCBOAMEIEIYJoAABhhgBmXEGEUEoEQ4AoAAFDgHDhTGUEIIEUARBwbgRQACgFDAAAACYMMYwZhgiBggAgGFAEIAIEAAwAYQSBAlAATAIIOGAUAJRoIgURBBAFDKEKSOYIQYQhQAgBBEAGDHAEGKIYswggYASQgEBADCCKEUEEEAYQgAwREAEiARKEAGcAA4QQBgnCBgAhCFCGCIsQUAxQBQQghghFCBMEYAEQwgYCAAQAiEgBGKACEUAQUAAQEAQBAEhBFDEMOOYQUoYIZkFjAFClFDGMACIAAYwIgkFghihCCBECUAEEcIQApAghhhBkFHCIeOYIkIYBogEihAhkAUWEWeMkIJAIQQDhAjBAAGMAA"],"acoustid_id": ["d957564c-7d21-4b86-a388-97db9272795f"],"album": ["Ghettoville"],"albumartist": ["Actress"],"albumartistsort": ["Actress"],"artist": ["Actress"],"artistsort": ["Actress"],"barcode": ["5021392853123"],"bpm": ["131"],"catalognumber": ["WDNTCD006"],"compilation": ["0"],"date": ["2014-01-27"],"discnumber": ["1"],"disctotal": ["1"],"genre": ["Electronic, Idm, Electronica"],"initialkey": ["C#"],"isrc": ["GBCFB1304008"],"label": ["Ninja Tune"],"language": ["eng"],"media": ["CD"],"musicbrainz_albumartistid": ["973321d1-9565-4214-a6ef-a77f1890c294"],"musicbrainz_albumid": ["517341f6-7289-4817-be47-a81eea4d54f1"],"musicbrainz_artistid": ["973321d1-9565-4214-a6ef-a77f1890c294"],"musicbrainz_recordingid": ["27fd8abe-8a36-4caa-b826-cfdfb6c730e2"],