{"highlevel": {"danceability": {"all": {"danceable": 0.875722408295,"not_danceable": 0.124277576804},"probability": 0.875722408295,"value": "danceable"},"gender": {"all": {"female": 0.584932029247,"male": 0.415067970753},"probability": 0.584932029247,"value": "female"},"genre_dortmund": {"all": {"alternative": 0.00364940077998,"blues": 0.000387155741919,"electronic": 0.995157897472,"folkcountry": 0.000157860500622,"funksoulrnb": 5.10195968673e-06,"jazz": 1.01394043668e-05,"pop": 1.08328358692e-05,"raphiphop": 2.37264157477e-06,"rock": 0.000619229394943},"probability": 0.995157897472,"value": "electronic"},"genre_electronic": {"all": {"ambient": 0.154971390963,"dnb": 0.0125128719956,"house": 0.00858981255442,"techno": 0.00488631241024,"trance": 0.819039583206},"probability": 0.819039583206,"value": "trance"},"genre_rosamerica": {"all": {"cla": 4.71770727017e-05,"dan": 0.000455184606835,"hip": 0.000376636569854,"jaz": 0.000150483625475,"pop": 0.000671447545756,"rhy": 5.16326290381e-05,"roc": 0.998133778572,"spe": 0.000113671376312},"probability": 0.998133778572,"value": "roc"},"genre_tzanetakis": {"all": {"blu": 0.0626613423228,"cla": 0.0348169617355,"cou": 0.104475811124,"dis": 0.0784321576357,"hip": 0.15692435205,"jaz": 0.313974827528,"met": 0.0448166541755,"pop": 0.0627359300852,"reg": 0.0627360641956,"roc": 0.0784258767962},"probability": 0.313974827528,"value": "jaz"},"ismir04_rhythm": {"all": {"ChaChaCha": 0.300404548645,"Jive": 0.175241857767,"Quickstep": 0.0302210468799,"Rumba-American": 0.0402544140816,"Rumba-International": 0.029666768387,"Rumba-Misc": 0.0237942524254,"Samba": 0.0758654251695,"Tango": 0.157524466515,"VienneseWaltz": 0.147885784507,"Waltz": 0.0191414263099},"probability": 0.300404548645,"value": "ChaChaCha"},"mood_acoustic": {"all": {"acoustic": 3.62299168444e-08,"not_acoustic": 0.999999940395},"probability": 0.999999940395,"value": "not_acoustic"},"mood_aggressive": {"all": {"aggressive": 0.993342995644,"not_aggressive": 0.00665701599792},"probability": 0.993342995644,"value": "aggressive"},"mood_electronic": {"all": {"electronic": 0.41554698348,"not_electronic": 0.584452986717},"probability": 0.584452986717,"value": "not_electronic"},"mood_happy": {"all": {"happy": 0.0477591529489,"not_happy": 0.952240824699},"probability": 0.952240824699,"value": "not_happy"},"mood_party": {"all": {"not_party": 0.783812463284,"party": 0.216187551618},"probability": 0.783812463284,"value": "not_party"},"mood_relaxed": {"all": {"not_relaxed": 0.615774571896,"relaxed": 0.384225428104},"probability": 0.615774571896,"value": "not_relaxed"},"mood_sad": {"all": {"not_sad": 0.873462796211,"sad": 0.12653721869},"probability": 0.873462796211,"value": "not_sad"},"moods_mirex": {"all": {"Cluster1": 0.0480770878494,"Cluster2": 0.0197153799236,"Cluster3": 0.0563882216811,"Cluster4": 0.0187966357917,"Cluster5": 0.857022643089},"probability": 0.857022643089,"value": "Cluster5"},"timbre": {"all": {"bright": 0.00565879140049,"dark": 0.99434119463},"probability": 0.99434119463,"value": "dark"},"tonal_atonal": {"all": {"atonal": 0.967234611511,"tonal": 0.0327654071152},"probability": 0.967234611511,"value": "atonal"},"voice_instrumental": {"all": {"instrumental": 0.0146471392363,"voice": 0.985352873802},"probability": 0.985352873802,"value": "voice"}},"metadata": {"audio_properties": {"analysis_sample_rate": 44100,"bit_rate": 0,"equal_loudness": 0,"length": 290.160003662,"lossless": 1,"replay_gain": -16.4350967407,"sample_rate": 44100,"codec": "flac","downmix": "mix","md5_encoded": "66c1c43ab9be5fa82e35873ac3421409"},"tags": {"file_name": "08 - Once Sealed in Blood.flac","acoustid_id": ["3695b4c6-053d-4c7c-b466-70d47cfd857e"],"album": ["Fate of Norns"],"albumartist": ["Amon Amarth"],"albumartistsort": ["Amon Amarth"],"arranger": ["Amon Amarth"],"artist": ["Amon Amarth"],"artistsort": ["Amon Amarth"],"catalognumber": ["FO414CD"],"composer": ["Amon Amarth"],"composersort": ["Amon Amarth"],"date": ["2004"],"engineer": ["Berno Paulsson", "Patrik Wulff"],"label": ["ФОНО"],"lyricist": ["Amon Amarth"],"media": ["CD"],"mixer": ["Berno Paulsson"],"musicbrainz_albumartistid": ["5b687684-ad34-4a9f-b425-0e7aa81fbd38"],"musicbrainz_albumid": ["95287b2b-5750-3798-8190-512d0bd985af"],"musicbrainz_artistid": ["5b687684-ad34-4a9f-b425-0e7aa81fbd38"],"musicbrainz_recordingid": ["3871fb5e-ed5b-4431-b0cc-1178c60fe179"],"musicbrainz_releasegroupid": ["fc46c06e-7e19-3a28-a7eb-20f73a2c1dc1"],"musicbrainz_releasetrackid": ["7768e4c6-8315-316f-bad2-8236aa83124c"],"originaldate": ["2004"],"performer": ["Ted Lundström (bass guitar)", "Fredrik Andersson (drums)", "Johan Hegg (lead vocals)", "Johan Söderberg (guitars)", "Olavi Mikkonen (guitars)"],"producer": ["Amon Amarth", "Berno Paulsson"],"releasecountry": ["RU"],"releasestatus": ["official"],"releasetype": ["album"],"script": ["Latn"],"title": ["Once Sealed in Blood"],"totaltracks": ["8"],"tracknumber": ["8"],"tracktotal": ["8"]},"version": {"highlevel": {"essentia": "2.1-beta5-dev","essentia_build_sha": "e74af04b57b164eed312abeef4963962215860f0","essentia_git_sha": "v2.1_beta4-499-g4013ebc","extractor": "music 2.0","gaia": "2.4.5","gaia_git_sha": "v2.4.4-44-g95f4851","models_essentia_git_sha": "v2.1_beta1"},"lowlevel": {"essentia": "2.1-beta2","essentia_build_sha": "70f2e5ece6736b2c40cc944ad0e695b16b925413","essentia_git_sha": "v2.1_beta2","extractor": "music 1.0"}}}}