{"highlevel": {"danceability": {"all": {"danceable": 0.591167449951,"not_danceable": 0.408832520247},"probability": 0.591167449951,"value": "danceable"},"gender": {"all": {"female": 0.0378333665431,"male": 0.96216660738},"probability": 0.96216660738,"value": "male"},"genre_dortmund": {"all": {"alternative": 0.177662938833,"blues": 0.0621668212116,"electronic": 0.229723349214,"folkcountry": 0.377463459969,"funksoulrnb": 0.00792582798749,"jazz": 0.0192015375942,"pop": 0.0245010629296,"raphiphop": 0.00612822873518,"rock": 0.0952267870307},"probability": 0.377463459969,"value": "folkcountry"},"genre_electronic": {"all": {"ambient": 0.769643068314,"dnb": 0.0235829297453,"house": 0.157839894295,"techno": 0.0123035861179,"trance": 0.0366305150092},"probability": 0.769643068314,"value": "ambient"},"genre_rosamerica": {"all": {"cla": 0.031707778573,"dan": 0.00635613361374,"hip": 0.00808991491795,"jaz": 0.244421735406,"pop": 0.437038332224,"rhy": 0.200482055545,"roc": 0.0541946217418,"spe": 0.0177094303071},"probability": 0.437038332224,"value": "pop"},"genre_tzanetakis": {"all": {"blu": 0.0626613423228,"cla": 0.0348169617355,"cou": 0.104475811124,"dis": 0.0784321576357,"hip": 0.15692435205,"jaz": 0.313974827528,"met": 0.0448166541755,"pop": 0.0627359300852,"reg": 0.0627360641956,"roc": 0.0784258767962},"probability": 0.313974827528,"value": "jaz"},"ismir04_rhythm": {"all": {"ChaChaCha": 0.0638172924519,"Jive": 0.0224428344518,"Quickstep": 0.0152533445507,"Rumba-American": 0.0212890915573,"Rumba-International": 0.0166554786265,"Rumba-Misc": 0.0502188391984,"Samba": 0.0209859851748,"Tango": 0.477351278067,"VienneseWaltz": 0.293311417103,"Waltz": 0.0186744146049},"probability": 0.477351278067,"value": "Tango"},"mood_acoustic": {"all": {"acoustic": 0.977601706982,"not_acoustic": 0.0223983135074},"probability": 0.977601706982,"value": "acoustic"},"mood_aggressive": {"all": {"aggressive": 0.0851001515985,"not_aggressive": 0.91489982605},"probability": 0.91489982605,"value": "not_aggressive"},"mood_electronic": {"all": {"electronic": 0.0928106755018,"not_electronic": 0.907189309597},"probability": 0.907189309597,"value": "not_electronic"},"mood_happy": {"all": {"happy": 0.76493537426,"not_happy": 0.235064640641},"probability": 0.76493537426,"value": "happy"},"mood_party": {"all": {"not_party": 0.870688259602,"party": 0.129311710596},"probability": 0.870688259602,"value": "not_party"},"mood_relaxed": {"all": {"not_relaxed": 0.143757969141,"relaxed": 0.856242060661},"probability": 0.856242060661,"value": "relaxed"},"mood_sad": {"all": {"not_sad": 0.285024493933,"sad": 0.71497553587},"probability": 0.71497553587,"value": "sad"},"moods_mirex": {"all": {"Cluster1": 0.0888082012534,"Cluster2": 0.640205860138,"Cluster3": 0.0629206374288,"Cluster4": 0.172789394855,"Cluster5": 0.0352758951485},"probability": 0.640205860138,"value": "Cluster2"},"timbre": {"all": {"bright": 0.995993554592,"dark": 0.00400642072782},"probability": 0.995993554592,"value": "bright"},"tonal_atonal": {"all": {"atonal": 0.0848966538906,"tonal": 0.915103316307},"probability": 0.915103316307,"value": "tonal"},"voice_instrumental": {"all": {"instrumental": 0.00939290504903,"voice": 0.990607082844},"probability": 0.990607082844,"value": "voice"}},"metadata": {"audio_properties": {"analysis_sample_rate": 44100,"bit_rate": 160024,"equal_loudness": 0,"length": 174.341217041,"lossless": 0,"replay_gain": -8.68417549133,"sample_rate": 44100,"codec": "mp3","downmix": "mix","md5_encoded": "93ae795293e38062f13cebb335d6b8d4"},"tags": {"file_name": "Ben E. King - Spanish Harlem.mp3","album": ["Atlantic Gold: 100 Soul Classics"],"albumartist": ["Various Artists"],"albumartistsort": ["Various Artists"],"artist": ["Ben E. King"],"artistsort": ["King, Ben E."],"barcode": ["5051865328223"],"catalognumber": ["mntv100\/wmtv100"],"date": ["2009"],"discnumber": ["1\/4"],"encoding": ["Lavf56.36.100"],"label": ["Atlantic"],"media": ["CD"],"musicbrainz album release country": ["GB"],"musicbrainz album status": ["official"],"musicbrainz album type": ["album\/compilation"],"musicbrainz_albumartistid": ["89ad4ac3-39f7-470e-963a-56509c546377"],"musicbrainz_albumid": ["b70ed8a9-3983-42f1-9e41-66b73ad03af4"],"musicbrainz_artistid": ["837555ba-012e-45f1-9a9c-9628da13ee54"],"musicbrainz_recordingid": ["ba31436e-d919-4121-a7d7-758299857777"],"musicbrainz_releasegroupid": ["5cc3fbbc-33ec-4c8e-82e5-d584156c5e51"],"originaldate": ["2009"],"originalyear": ["2009"],"script": ["Latn"],"title": ["Spanish Harlem"],"tracknumber": ["3\/25"]},"version": {"highlevel": {"essentia": "2.1-beta5-dev","essentia_build_sha": "e74af04b57b164eed312abeef4963962215860f0","essentia_git_sha": "v2.1_beta4-499-g4013ebc","extractor": "music 2.0","gaia": "2.4.5","gaia_git_sha": "v2.4.4-44-g95f4851","models_essentia_git_sha": "v2.1_beta1"},"lowlevel": {"essentia": "2.1-beta2","essentia_build_sha": "70f2e5ece6736b2c40cc944ad0e695b16b925413","essentia_git_sha": "v2.1_beta2","extractor": "music 1.0"}}}}