{"highlevel": {"danceability": {"all": {"danceable": 0.866772890091,"not_danceable": 0.133227080107},"probability": 0.866772890091,"value": "danceable"},"gender": {"all": {"female": 0.614781320095,"male": 0.385218709707},"probability": 0.614781320095,"value": "female"},"genre_dortmund": {"all": {"alternative": 5.29802677424e-12,"blues": 5.87606699409e-12,"electronic": 0.99999922514,"folkcountry": 2.89241661733e-08,"funksoulrnb": 1.6388218782e-08,"jazz": 5.38882943601e-07,"pop": 1.54095758376e-08,"raphiphop": 1.67613141144e-08,"rock": 1.54886123482e-07},"probability": 0.99999922514,"value": "electronic"},"genre_electronic": {"all": {"ambient": 0.557275176048,"dnb": 0.00587625801563,"house": 0.210899949074,"techno": 0.033983360976,"trance": 0.19196523726},"probability": 0.557275176048,"value": "ambient"},"genre_rosamerica": {"all": {"cla": 0.0305466651917,"dan": 0.029004752636,"hip": 0.0237767770886,"jaz": 0.095695540309,"pop": 0.222636118531,"rhy": 0.543033659458,"roc": 0.0351984724402,"spe": 0.0201079901308},"probability": 0.543033659458,"value": "rhy"},"genre_tzanetakis": {"all": {"blu": 0.0565553829074,"cla": 0.0791664272547,"cou": 0.0791586786509,"dis": 0.0791581422091,"hip": 0.0659683346748,"jaz": 0.131944447756,"met": 0.0791752785444,"pop": 0.197942972183,"reg": 0.0989732220769,"roc": 0.131957098842},"probability": 0.197942972183,"value": "pop"},"ismir04_rhythm": {"all": {"ChaChaCha": 0.0738998576999,"Jive": 0.00922226905823,"Quickstep": 0.00511469645426,"Rumba-American": 0.0133127560839,"Rumba-International": 0.00854098051786,"Rumba-Misc": 0.00939769949764,"Samba": 0.0114515200257,"Tango": 0.0425042957067,"VienneseWaltz": 0.821381688118,"Waltz": 0.00517423730344},"probability": 0.821381688118,"value": "VienneseWaltz"},"mood_acoustic": {"all": {"acoustic": 0.0284386593848,"not_acoustic": 0.971561312675},"probability": 0.971561312675,"value": "not_acoustic"},"mood_aggressive": {"all": {"aggressive": 1.78053073796e-06,"not_aggressive": 0.999998211861},"probability": 0.999998211861,"value": "not_aggressive"},"mood_electronic": {"all": {"electronic": 0.740961194038,"not_electronic": 0.259038805962},"probability": 0.740961194038,"value": "electronic"},"mood_happy": {"all": {"happy": 0.0221147276461,"not_happy": 0.977885246277},"probability": 0.977885246277,"value": "not_happy"},"mood_party": {"all": {"not_party": 0.783379673958,"party": 0.216620355844},"probability": 0.783379673958,"value": "not_party"},"mood_relaxed": {"all": {"not_relaxed": 0.0499846711755,"relaxed": 0.950015306473},"probability": 0.950015306473,"value": "relaxed"},"mood_sad": {"all": {"not_sad": 0.61192047596,"sad": 0.38807952404},"probability": 0.61192047596,"value": "not_sad"},"moods_mirex": {"all": {"Cluster1": 0.072152890265,"Cluster2": 0.0495660938323,"Cluster3": 0.286099553108,"Cluster4": 0.0444392263889,"Cluster5": 0.547742247581},"probability": 0.547742247581,"value": "Cluster5"},"timbre": {"all": {"bright": 0.737372457981,"dark": 0.262627542019},"probability": 0.737372457981,"value": "bright"},"tonal_atonal": {"all": {"atonal": 0.540689468384,"tonal": 0.459310531616},"probability": 0.540689468384,"value": "atonal"},"voice_instrumental": {"all": {"instrumental": 0.999998927116,"voice": 1.09589007025e-06},"probability": 0.999998927116,"value": "instrumental"}},"metadata": {"audio_properties": {"analysis_sample_rate": 44100,"bit_rate": 0,"equal_loudness": 0,"length": 513.066650391,"lossless": 1,"replay_gain": -11.1013832092,"sample_rate": 44100,"codec": "flac","downmix": "mix","md5_encoded": "91fcacc36d8a7847b3c1fba930f7b583"},"tags": {"file_name": "03 Magic Hours.flac","acoustid_id": ["aa0c9664-bdf3-490a-b5f5-e399ecb6e4c1"],"album": ["How Strange, Innocence"],"albumartist": ["Explosions in the Sky"],"albumartistsort": ["Explosions in the Sky"],"artist": ["Explosions in the Sky"],"artistsort": ["Explosions in the Sky"],"catalognumber": ["SLA 001"],"date": ["2000-01-17"],"discnumber": ["1"],"disctotal": ["1"],"label": ["Sad Loud America"],"media": ["CD"],"musicbrainz_albumartistid": ["4236acde-2ce2-441c-a3d4-38d55f1b5474"],"musicbrainz_albumid": ["61baf344-c00d-4267-b5db-295c0ebcb8e5"],"musicbrainz_artistid": ["4236acde-2ce2-441c-a3d4-38d55f1b5474"],"musicbrainz_recordingid": ["ba6b5b51-fc83-4f08-8dbd-91dd7378fac3"],"musicbrainz_releasegroupid": ["f8c03ad5-004b-373e-a64b-0aab8ae97b3c"],"originaldate": ["2000-01-17"],"releasecountry": ["US"],"releasestatus": ["official"],"releasetype": ["album"],"script": ["Latn"],"title": ["Magic Hours"],"tracknumber": ["3"],"tracktotal": ["7"]},"version": {"highlevel": {"essentia": "2.1-beta5-dev","essentia_build_sha": "e74af04b57b164eed312abeef4963962215860f0","essentia_git_sha": "v2.1_beta4-499-g4013ebc","extractor": "music 2.0","gaia": "2.4.5","gaia_git_sha": "v2.4.4-44-g95f4851","models_essentia_git_sha": "v2.1_beta1"},"lowlevel": {"essentia": "2.1-beta2","essentia_build_sha": "70f2e5ece6736b2c40cc944ad0e695b16b925413","essentia_git_sha": "v2.1_beta2","extractor": "music 1.0"}}}}