{"highlevel": {"danceability": {"all": {"danceable": 0.724713861942,"not_danceable": 0.275286138058},"probability": 0.724713861942,"value": "danceable"},"gender": {"all": {"female": 0.31108674407,"male": 0.688913226128},"probability": 0.688913226128,"value": "male"},"genre_dortmund": {"all": {"alternative": 0.074374511838,"blues": 0.0163900982589,"electronic": 0.836901724339,"folkcountry": 0.0291538927704,"funksoulrnb": 0.00229443935677,"jazz": 0.0152394417673,"pop": 0.00460713310167,"raphiphop": 0.00188496976625,"rock": 0.0191538203508},"probability": 0.836901724339,"value": "electronic"},"genre_electronic": {"all": {"ambient": 0.676218450069,"dnb": 0.0245234370232,"house": 0.147905185819,"techno": 0.016172260046,"trance": 0.135180696845},"probability": 0.676218450069,"value": "ambient"},"genre_rosamerica": {"all": {"cla": 0.00964797753841,"dan": 0.120036251843,"hip": 0.179355099797,"jaz": 0.0473357960582,"pop": 0.169403359294,"rhy": 0.441261857748,"roc": 0.0234041195363,"spe": 0.00955554656684},"probability": 0.441261857748,"value": "rhy"},"genre_tzanetakis": {"all": {"blu": 0.0620671063662,"cla": 0.034474901855,"cou": 0.103433981538,"dis": 0.0620971247554,"hip": 0.15527240932,"jaz": 0.310666948557,"met": 0.044346679002,"pop": 0.0620793737471,"reg": 0.0620816536248,"roc": 0.103479810059},"probability": 0.310666948557,"value": "jaz"},"ismir04_rhythm": {"all": {"ChaChaCha": 0.568292617798,"Jive": 0.0713947415352,"Quickstep": 0.0114050069824,"Rumba-American": 0.0275303181261,"Rumba-International": 0.0158439390361,"Rumba-Misc": 0.0205170661211,"Samba": 0.0663915500045,"Tango": 0.158527389169,"VienneseWaltz": 0.053495708853,"Waltz": 0.00660164095461},"probability": 0.568292617798,"value": "ChaChaCha"},"mood_acoustic": {"all": {"acoustic": 0.1658436656,"not_acoustic": 0.8341563344},"probability": 0.8341563344,"value": "not_acoustic"},"mood_aggressive": {"all": {"aggressive": 0.209849521518,"not_aggressive": 0.790150463581},"probability": 0.790150463581,"value": "not_aggressive"},"mood_electronic": {"all": {"electronic": 0.906136512756,"not_electronic": 0.0938635095954},"probability": 0.906136512756,"value": "electronic"},"mood_happy": {"all": {"happy": 0.794246673584,"not_happy": 0.205753341317},"probability": 0.794246673584,"value": "happy"},"mood_party": {"all": {"not_party": 0.229609280825,"party": 0.770390689373},"probability": 0.770390689373,"value": "party"},"mood_relaxed": {"all": {"not_relaxed": 0.381231039762,"relaxed": 0.61876899004},"probability": 0.61876899004,"value": "relaxed"},"mood_sad": {"all": {"not_sad": 0.581524252892,"sad": 0.418475747108},"probability": 0.581524252892,"value": "not_sad"},"moods_mirex": {"all": {"Cluster1": 0.191952541471,"Cluster2": 0.236055999994,"Cluster3": 0.0962416827679,"Cluster4": 0.173474937677,"Cluster5": 0.302274823189},"probability": 0.302274823189,"value": "Cluster5"},"timbre": {"all": {"bright": 0.0672672837973,"dark": 0.932732701302},"probability": 0.932732701302,"value": "dark"},"tonal_atonal": {"all": {"atonal": 0.93221527338,"tonal": 0.067784756422},"probability": 0.93221527338,"value": "atonal"},"voice_instrumental": {"all": {"instrumental": 0.046173427254,"voice": 0.953826546669},"probability": 0.953826546669,"value": "voice"}},"metadata": {"audio_properties": {"analysis_sample_rate": 44100,"bit_rate": 192025,"equal_loudness": 0,"length": 203.075912476,"lossless": 0,"replay_gain": -14.0288734436,"sample_rate": 44100,"codec": "mp3","downmix": "mix","md5_encoded": "5b16db64c53b0149846a52c0d492c505"},"tags": {"file_name": "382136.mp3","album": ["Scissor Sisters"],"albumartist": ["Scissor Sisters"],"artist": ["Scissor Sisters"],"date": ["2004"],"genre": ["Electronic"],"label": ["Polydor"],"musicbrainz_recordingid": ["baaf3228-82a0-4155-931f-02b6176f7ffc"],"title": ["Lovers In The Backseat"],"tracknumber": ["5"]},"version": {"highlevel": {"essentia": "2.1-beta5-dev","essentia_build_sha": "e74af04b57b164eed312abeef4963962215860f0","essentia_git_sha": "v2.1_beta4-499-g4013ebc","extractor": "music 2.0","gaia": "2.4.5","gaia_git_sha": "v2.4.4-44-g95f4851","models_essentia_git_sha": "v2.1_beta1"},"lowlevel": {"essentia": "2.1-beta2","essentia_build_sha": "70f2e5ece6736b2c40cc944ad0e695b16b925413","essentia_git_sha": "v2.1_beta2","extractor": "music 1.0"}}}}