{"highlevel": {"danceability": {"all": {"danceable": 0.999995946884,"not_danceable": 4.05134414905e-06},"probability": 0.999995946884,"value": "danceable"},"gender": {"all": {"female": 0.988619148731,"male": 0.0113808801398},"probability": 0.988619148731,"value": "female"},"genre_dortmund": {"all": {"alternative": 0.00229183654301,"blues": 0.000252776953857,"electronic": 0.996876895428,"folkcountry": 0.000191901286598,"funksoulrnb": 5.31271825821e-06,"jazz": 0.000173275358975,"pop": 2.43305676122e-05,"raphiphop": 6.66995902066e-06,"rock": 0.000177006819285},"probability": 0.996876895428,"value": "electronic"},"genre_electronic": {"all": {"ambient": 0.0805000141263,"dnb": 0.00900301896036,"house": 0.189800411463,"techno": 0.0252441130579,"trance": 0.695452451706},"probability": 0.695452451706,"value": "trance"},"genre_rosamerica": {"all": {"cla": 0.00133006833494,"dan": 0.903297126293,"hip": 0.0179791226983,"jaz": 0.00223097321577,"pop": 0.0207272022963,"rhy": 0.0212214831263,"roc": 0.0304179936647,"spe": 0.00279604108073},"probability": 0.903297126293,"value": "dan"},"genre_tzanetakis": {"all": {"blu": 0.0620671063662,"cla": 0.034474901855,"cou": 0.103433981538,"dis": 0.0620971247554,"hip": 0.15527240932,"jaz": 0.310666948557,"met": 0.044346679002,"pop": 0.0620793737471,"reg": 0.0620816536248,"roc": 0.103479810059},"probability": 0.310666948557,"value": "jaz"},"ismir04_rhythm": {"all": {"ChaChaCha": 0.873047411442,"Jive": 0.0157667305321,"Quickstep": 0.00206260825507,"Rumba-American": 0.00762017071247,"Rumba-International": 0.00343013810925,"Rumba-Misc": 0.00416551856324,"Samba": 0.0194150619209,"Tango": 0.062399327755,"VienneseWaltz": 0.0106828454882,"Waltz": 0.00141019618604},"probability": 0.873047411442,"value": "ChaChaCha"},"mood_acoustic": {"all": {"acoustic": 7.50504250391e-06,"not_acoustic": 0.999992489815},"probability": 0.999992489815,"value": "not_acoustic"},"mood_aggressive": {"all": {"aggressive": 0.0595281012356,"not_aggressive": 0.940471887589},"probability": 0.940471887589,"value": "not_aggressive"},"mood_electronic": {"all": {"electronic": 0.964606463909,"not_electronic": 0.035393524915},"probability": 0.964606463909,"value": "electronic"},"mood_happy": {"all": {"happy": 0.0470024645329,"not_happy": 0.952997505665},"probability": 0.952997505665,"value": "not_happy"},"mood_party": {"all": {"not_party": 0.236275509,"party": 0.763724505901},"probability": 0.763724505901,"value": "party"},"mood_relaxed": {"all": {"not_relaxed": 0.149077177048,"relaxed": 0.850922822952},"probability": 0.850922822952,"value": "relaxed"},"mood_sad": {"all": {"not_sad": 0.852875292301,"sad": 0.147124707699},"probability": 0.852875292301,"value": "not_sad"},"moods_mirex": {"all": {"Cluster1": 0.134042531252,"Cluster2": 0.0934098139405,"Cluster3": 0.246790364385,"Cluster4": 0.1937507689,"Cluster5": 0.332006514072},"probability": 0.332006514072,"value": "Cluster5"},"timbre": {"all": {"bright": 0.106940090656,"dark": 0.893059909344},"probability": 0.893059909344,"value": "dark"},"tonal_atonal": {"all": {"atonal": 0.988614320755,"tonal": 0.011385650374},"probability": 0.988614320755,"value": "atonal"},"voice_instrumental": {"all": {"instrumental": 0.848652422428,"voice": 0.151347562671},"probability": 0.848652422428,"value": "instrumental"}},"metadata": {"audio_properties": {"analysis_sample_rate": 44100,"bit_rate": 320000,"equal_loudness": 0,"length": 264.75100708,"lossless": 0,"replay_gain": -11.0508956909,"sample_rate": 44100,"codec": "mp3","downmix": "mix","md5_encoded": "865ddaa7c31b813d71d8980907c5ad90"},"tags": {"file_name": "04 Girls Can Be Cruel.mp3","album": ["Six Feet Above Yesterday"],"albumartist": ["Infusion"],"albumartistsort": ["Infusion"],"artist": ["Infusion"],"artistsort": ["Infusion"],"asin": ["B0002VK8IG"],"catalognumber": ["82876 65070 2"],"contentgroup": ["Electronica"],"date": ["2004-09-20"],"discnumber": ["1\/1"],"genre": ["Electronica; House; Progressive; Breaks; Synth Pop"],"label": ["Sony BMG Music Entertainment"],"media": ["CD"],"musicbrainz album release country": ["AU"],"musicbrainz album status": ["official"],"musicbrainz album type": ["album"],"musicbrainz_albumartistid": ["86864388-ecf6-4d80-b22a-692f38023563"],"musicbrainz_albumid": ["6f892544-e6e9-4bf7-8f6b-5d45d1de364c"],"musicbrainz_artistid": ["86864388-ecf6-4d80-b22a-692f38023563"],"musicbrainz_recordingid": ["babba574-e735-48eb-a5a7-24505792cdc0"],"musicbrainz_releasegroupid": ["7fb1c54f-04b3-3eff-88f5-b1eecd867aed"],"originaldate": ["2004-09-20"],"originalyear": ["2004"],"script": ["Latn"],"title": ["Girls Can Be Cruel"],"tracknumber": ["4\/13"]},"version": {"highlevel": {"essentia": "2.1-beta5-dev","essentia_build_sha": "e74af04b57b164eed312abeef4963962215860f0","essentia_git_sha": "v2.1_beta4-499-g4013ebc","extractor": "music 2.0","gaia": "2.4.5","gaia_git_sha": "v2.4.4-44-g95f4851","models_essentia_git_sha": "v2.1_beta1"},"lowlevel": {"essentia": "2.1-beta2","essentia_build_sha": "26c37b627ab5a2028d412893e0969599b764ad4d","essentia_git_sha": "v2.1_beta2","extractor": "music 1.0"}}}}