{"highlevel": {"danceability": {"all": {"danceable": 0.950388491154,"not_danceable": 0.0496114902198},"probability": 0.950388491154,"value": "danceable"},"gender": {"all": {"female": 0.951370060444,"male": 0.0486299656332},"probability": 0.951370060444,"value": "female"},"genre_dortmund": {"all": {"alternative": 1.88283006963e-08,"blues": 1.7837955113e-08,"electronic": 0.999982059002,"folkcountry": 3.95631150241e-06,"funksoulrnb": 2.17781789047e-07,"jazz": 1.22742039821e-05,"pop": 2.13888228018e-07,"raphiphop": 2.47777514062e-08,"rock": 1.19737148907e-06},"probability": 0.999982059002,"value": "electronic"},"genre_electronic": {"all": {"ambient": 0.247693806887,"dnb": 0.00788384955376,"house": 0.262729763985,"techno": 0.0208387114108,"trance": 0.460853874683},"probability": 0.460853874683,"value": "trance"},"genre_rosamerica": {"all": {"cla": 0.00232650176622,"dan": 0.022489015013,"hip": 0.0129873389378,"jaz": 0.0404456332326,"pop": 0.495725363493,"rhy": 0.400381684303,"roc": 0.0231424570084,"spe": 0.00250199483708},"probability": 0.495725363493,"value": "pop"},"genre_tzanetakis": {"all": {"blu": 0.0626613423228,"cla": 0.0348169617355,"cou": 0.104475811124,"dis": 0.0784321576357,"hip": 0.15692435205,"jaz": 0.313974827528,"met": 0.0448166541755,"pop": 0.0627359300852,"reg": 0.0627360641956,"roc": 0.0784258767962},"probability": 0.313974827528,"value": "jaz"},"ismir04_rhythm": {"all": {"ChaChaCha": 0.0267644245178,"Jive": 0.0168694220483,"Quickstep": 0.000713990652002,"Rumba-American": 0.00285881245509,"Rumba-International": 0.00246930425055,"Rumba-Misc": 0.00433793850243,"Samba": 0.00334624107927,"Tango": 0.0047433655709,"VienneseWaltz": 0.936627924442,"Waltz": 0.00126858567819},"probability": 0.936627924442,"value": "VienneseWaltz"},"mood_acoustic": {"all": {"acoustic": 0.474622935057,"not_acoustic": 0.525377094746},"probability": 0.525377094746,"value": "not_acoustic"},"mood_aggressive": {"all": {"aggressive": 2.49415705866e-07,"not_aggressive": 0.999999761581},"probability": 0.999999761581,"value": "not_aggressive"},"mood_electronic": {"all": {"electronic": 0.651689767838,"not_electronic": 0.348310232162},"probability": 0.651689767838,"value": "electronic"},"mood_happy": {"all": {"happy": 0.493723213673,"not_happy": 0.506276786327},"probability": 0.506276786327,"value": "not_happy"},"mood_party": {"all": {"not_party": 0.653812170029,"party": 0.346187829971},"probability": 0.653812170029,"value": "not_party"},"mood_relaxed": {"all": {"not_relaxed": 0.0580525510013,"relaxed": 0.941947460175},"probability": 0.941947460175,"value": "relaxed"},"mood_sad": {"all": {"not_sad": 0.594733178616,"sad": 0.405266851187},"probability": 0.594733178616,"value": "not_sad"},"moods_mirex": {"all": {"Cluster1": 0.0852827727795,"Cluster2": 0.10078650713,"Cluster3": 0.300846457481,"Cluster4": 0.072046995163,"Cluster5": 0.441037267447},"probability": 0.441037267447,"value": "Cluster5"},"timbre": {"all": {"bright": 0.787943303585,"dark": 0.212056726217},"probability": 0.787943303585,"value": "bright"},"tonal_atonal": {"all": {"atonal": 0.275862753391,"tonal": 0.724137246609},"probability": 0.724137246609,"value": "tonal"},"voice_instrumental": {"all": {"instrumental": 0.334344267845,"voice": 0.665655732155},"probability": 0.665655732155,"value": "voice"}},"metadata": {"audio_properties": {"analysis_sample_rate": 44100,"bit_rate": 0,"equal_loudness": 0,"length": 326.026672363,"lossless": 1,"replay_gain": -12.8584842682,"sample_rate": 44100,"codec": "flac","downmix": "mix","md5_encoded": "5a659ae96d2f5cea262b485d4bdc7e6c"},"tags": {"file_name": "06_By_Your_Side.flac","acoustid_id": ["fa031f3d-b8fb-4788-85bc-24a4f916d23a"],"album": ["Flux"],"albumartist": ["Love Spirals Downwards"],"albumartistsort": ["Love Spirals Downwards"],"artist": ["Love Spirals Downwards"],"artistsort": ["Love Spirals Downwards"],"asin": ["B000009OL4"],"barcode": ["617026008523"],"catalognumber": ["Projekt 85"],"compilation": ["1"],"composer": ["Ryan Lum"],"composersort": ["Lum, Ryan"],"date": ["1998-08-11"],"discnumber": ["1"],"disctotal": ["1"],"genre": ["Ethereal; Female Vocal"],"label": ["Projekt"],"language": ["eng"],"lyricist": ["Suzanne Perry"],"media": ["CD"],"mixer": ["Ryan Lum"],"musicbrainz_albumartistid": ["34b69232-264f-419d-ad62-47d362e2c308"],"musicbrainz_albumid": ["3dbf556a-b3b2-48a7-867d-71d8346c1ed7"],"musicbrainz_artistid": ["34b69232-264f-419d-ad62-47d362e2c308"],"musicbrainz_recordingid": ["bae5656a-3ceb-4ab3-ae5c-41d53be45d88"],"musicbrainz_releasegroupid": ["7fcb03b3-dd58-30e2-8dae-0a00edda9786"],"musicbrainz_releasetrackid": ["dc0b6795-c645-32b5-acf2-b331973e95d6"],"musicbrainz_workid": ["a7ef8ed3-5316-3d04-99d0-4943243906f4"],"originaldate": ["1998-08-11"],"performer": ["Jennifer Ryan Fuller (guest background vocals and lead vocals)", "Kristen Perry-Gow (guest lead vocals)", "Rodney Rodriguez (additional guest spanish acoustic guitar)"],"releasecountry": ["US"],"releasestatus": ["official"],"releasetype": ["album"],"script": ["Latn"],"title": ["By Your Side"],"totaldiscs": ["1"],"totaltracks": ["9"],"tracknumber": ["6"],"tracktotal": ["9"],"work": ["By Your Side"]},"version": {"highlevel": {"essentia": "2.1-beta5-dev","essentia_build_sha": "e74af04b57b164eed312abeef4963962215860f0","essentia_git_sha": "v2.1_beta4-499-g4013ebc","extractor": "music 2.0","gaia": "2.4.5","gaia_git_sha": "v2.4.4-44-g95f4851","models_essentia_git_sha": "v2.1_beta1"},"lowlevel": {"essentia": "2.1-beta2","essentia_build_sha": "70f2e5ece6736b2c40cc944ad0e695b16b925413","essentia_git_sha": "v2.1_beta2","extractor": "music 1.0"}}}}