{"highlevel": {"danceability": {"all": {"danceable": 0.0402491688728,"not_danceable": 0.959750831127},"probability": 0.959750831127,"value": "not_danceable"},"gender": {"all": {"female": 0.609444081783,"male": 0.390555918217},"probability": 0.609444081783,"value": "female"},"genre_dortmund": {"all": {"alternative": 0.133461847901,"blues": 0.0523327589035,"electronic": 0.492469966412,"folkcountry": 0.173761114478,"funksoulrnb": 0.00856055412441,"jazz": 0.0152696976438,"pop": 0.0182858146727,"raphiphop": 0.00550551712513,"rock": 0.100352726877},"probability": 0.492469966412,"value": "electronic"},"genre_electronic": {"all": {"ambient": 0.593913257122,"dnb": 0.0435866639018,"house": 0.139308393002,"techno": 0.0226662568748,"trance": 0.200525403023},"probability": 0.593913257122,"value": "ambient"},"genre_rosamerica": {"all": {"cla": 0.05185193941,"dan": 0.0612819157541,"hip": 0.0101608540863,"jaz": 0.064879566431,"pop": 0.132534131408,"rhy": 0.0470494441688,"roc": 0.622798144817,"spe": 0.00944402255118},"probability": 0.622798144817,"value": "roc"},"genre_tzanetakis": {"all": {"blu": 0.0626613423228,"cla": 0.0348169617355,"cou": 0.104475811124,"dis": 0.0784321576357,"hip": 0.15692435205,"jaz": 0.313974827528,"met": 0.0448166541755,"pop": 0.0627359300852,"reg": 0.0627360641956,"roc": 0.0784258767962},"probability": 0.313974827528,"value": "jaz"},"ismir04_rhythm": {"all": {"ChaChaCha": 0.208813428879,"Jive": 0.0634461641312,"Quickstep": 0.0156931765378,"Rumba-American": 0.0148436911404,"Rumba-International": 0.0195078607649,"Rumba-Misc": 0.00812705233693,"Samba": 0.029031958431,"Tango": 0.337667167187,"VienneseWaltz": 0.292363941669,"Waltz": 0.0105055458844},"probability": 0.337667167187,"value": "Tango"},"mood_acoustic": {"all": {"acoustic": 0.282682985067,"not_acoustic": 0.717317044735},"probability": 0.717317044735,"value": "not_acoustic"},"mood_aggressive": {"all": {"aggressive": 0.285741358995,"not_aggressive": 0.714258670807},"probability": 0.714258670807,"value": "not_aggressive"},"mood_electronic": {"all": {"electronic": 0.5,"not_electronic": 0.5},"probability": 0.5,"value": "electronic"},"mood_happy": {"all": {"happy": 0.357160925865,"not_happy": 0.642839074135},"probability": 0.642839074135,"value": "not_happy"},"mood_party": {"all": {"not_party": 0.631145060062,"party": 0.368854910135},"probability": 0.631145060062,"value": "not_party"},"mood_relaxed": {"all": {"not_relaxed": 0.662080705166,"relaxed": 0.337919294834},"probability": 0.662080705166,"value": "not_relaxed"},"mood_sad": {"all": {"not_sad": 0.785580039024,"sad": 0.214419946074},"probability": 0.785580039024,"value": "not_sad"},"moods_mirex": {"all": {"Cluster1": 0.170479178429,"Cluster2": 0.172018826008,"Cluster3": 0.37542244792,"Cluster4": 0.23019875586,"Cluster5": 0.0518807992339},"probability": 0.37542244792,"value": "Cluster3"},"timbre": {"all": {"bright": 0.99280411005,"dark": 0.0071958983317},"probability": 0.99280411005,"value": "bright"},"tonal_atonal": {"all": {"atonal": 0.0379442237318,"tonal": 0.962055802345},"probability": 0.962055802345,"value": "tonal"},"voice_instrumental": {"all": {"instrumental": 0.310406118631,"voice": 0.689593911171},"probability": 0.689593911171,"value": "voice"}},"metadata": {"audio_properties": {"analysis_sample_rate": 44100,"bit_rate": 192027,"equal_loudness": 0,"length": 185.965713501,"lossless": 0,"replay_gain": -6.25533866882,"sample_rate": 44100,"codec": "mp3","downmix": "mix","md5_encoded": "25c56d069d3bf74ae1868d4a6d10e950"},"tags": {"file_name": "Lou Reed - Rock and Roll Heart.mp3","acoustid_fingerprint": ["AQADtMqSbEtWJbjOIc-lQeyHuFrwC_sThIeWMzkiF8-YkuBxisazKPCFJ0d-6DdibtmCZ_vg6Md5nA9C6OEQ9j5-PNKOJo2O-jhyJoW-oQ-uT3iOV4wUaNp0ZAyag6E-4ZODR_-Q6dFx6Dr01MGnHnlAqcVz_MZtIYwjQZEVCbF8fAtxkgq6nWjShsjl4xK07ET4qMeU_aiORykuemjGDKEl6EceBe9Q64Lj6EcXJk-QpTu03AgtNBY1PNuR67CgZ8KlHD9UtyrCSweTdbju4xpT5DmaHxOr6NCPZ8kOXT_6Hc1mKfgK_WiONqqE_4j0IQz0I0-OL0feDE802Df04WhGXYfOPUgHazb6SCPyOUV_aFlx8ciPnKvwQ4-QLg9GJxJxXXh1NN2OkjpyrTjHQl8oDU-DdKKC89izEw3HEJV6oTsyITlzXDLq4dmxz8V1I1meIxKL6-idIJY0QVyLcPtx8TjrI3-h5chCKfiRi0mDZD6-yGiOa9IzXMcfIWGOXAuuHdeD5hP67IiV_Ei-4qKD6oUrInw_nFRK8HmC78KbBmGPI0xJBnwn6NHQVEP3gNkO0byQS7oqEC2X4pTwF9Zy8FGOnFIC_bhMnEn249kR5kF5POiH5sxkNCF1o8cTJA4jhGcKqxSaKgHHJEPPo8lfsMezPMiXkAjNIdrRX9CjD0-GtMJDB8_xHH0iND_2BDEpg2N2TMwh6uh5xFsWXMpxp4GvEH_xnLgyZUL4I8nkTNHQHxdz4xbyQ2tSH2FKfDTO_KiOMGaO5zg3BZycJ0XIENZyTDbeBu-MXBnsQV0UPchPVKbRvEXUx_ihZzr48EFzpQit41mO_Pg41M-ioNmmYxV0HfFjDU18vFlGNDuuHEeexQoSHpWORslTvMlxp4dPHnuOXE0y6DIhVUkuVAsa5bhjyNWOpg3CMQl-_IZ_JM8TZD-eHDuFS0mi4OIMhzrOjMKRC3p2_AuqKwzS-vA_FOVDHc6F9rhyNBVCollGaBaDJzmaHNN-6ITGLBeypIqC6SmOLsXFHDFt6Eh_BT8e3JGEMBqhnUfEfRG-rehjNMcdBeWi4_qGkJJ2XDHxXRB1_D1yrQLzEmYUHD6649aRH0n84EmY4lLMoEdzHE8ipiKeJXOE_zgc5ch56Ee-pfDxsLiPPL8K5YwZhMcUHmc44TxqG80i45GQb8e17HiPJ0czKq6gMT8epnjmBX4cPAuebGlxQXvQ_HiONdqVQOeywLnBiojn4OIQ_jF0Icx55FmO66gNLT-uDKF-pMqmHFLCpUa-HIymDVNGGqdS_GjGFmWO3IOW70OjRszxi8iVo1nyoXyN55hSHeGSp8LXHXoSD2FKofxx7niCd0bCBzfyTHgeJofTkEJ-8IeOZ0wo4pMO6e3R_KiX4_egKlWaCfmKLgWTrMeVpsUvRD_EJzgXidBz40lG5ciP6ioa6SOuPjgTFtcQZoKiG-GU4k-KX8GR6SilRKjTwNLy4OFxKke5ZE9w6dCXC7kumMYpqciusEIjHhqPH6G0HO6RzmmNMzumjIR6vFmKS6Jg6jvO4OlQ_nCWDxdM6tAl6YL4CT_yHO_xb8IPxzmur0ih3cVxPDquB-qOqEuPv_gT7FuORtMR6jih35h_SJHYHukTTGXwbSkeHf_RnEKfII8POVOpINeD5_C14yfGDz-44zl-hPqghSxyFq4k48e9oz8aHT-eKEezU5ie7EdzhC_ejMcJTT8OtT0inelRVwITpTiPWTf-I4zIHBqLfDzO6Ap-PIIXMcV_XFkm5MVEP4H54LqgWUSeD1WPZtpB6kdS0wjtHA2VHOeF0JQhxkVGlNrxG18eIT_EHTmFJ1aR_SmS5SEqiXiYG2MTPUCYZBeSUUqOK7ge4eiTHU2bG0kVIZekBG-C3nCo8JjeBtcLfsMVHhPR3NgXKRXyQYsVhMfxJ3Bz8MSt_IjwLAsu5cEP63iPXYfK6oiuNKifoDl24l-OhrcQkgx0Cpny44txRcEVIX8IXTz6HGE0H_tS_Anxp8IZPMJ9NGYcRHoObTnCVFkenDvKBUzCBz_ePdij3IhN4cfz5tCS5git4A7-Cq8H5zreSEdvhOkCPQh5oeHx42RyJFcm5COuFGua40t-uEZWJgo-VfiTCXkj_GjMoNbxZZTxGfYUJD_C5aBiyQkuFXuPENdwOYSmPwij9Yi_4OERPrLwXPiPlF0FjRdyoWRymOuIP2g-40pyxByhRxpy6ngY44oiYsObI6cuYmeOSNRxhgl8oXIO9jFyLju0NAlCk_hRWseZ4i6y5DueHnJEpdhfOAf-I08-XEQvoYmsJ7gNazv-HHek6EiX48cvNCMfmFZRrlsGhdVxhNE2VI_SHCdF5KGyBl8iSBdCK0WYSZIPXW6QZwsaRkN5XEGYP5Ci_MiPKzdm7XiOpkf_I1aV43jUSTi149QH_dmF9BR-4b_w5MWkB0ev5EieC3l4nMez9DivGM2PPglyHXrUDudF4eMIjaKOJgqPhyNuQXtCNFV2nOahKhvuHKoPJgfDrE2QkwYcM8el9HhypPnxC0_KEXo2B-XzIL0s9MmPSzS-MVIIK8xxS_iPb0HtfHi2wz_CRTqHD494lAsTSYePHHkeaNokHTmuBKdxwusi4tORaM6DvA-a5UHlDNfxhof5lDjO4ymuRLhVaUSYiTXKPByhJzx6ND7-ErIiCVeQ5T-aZ8j3xtBV8chz-MceB5fqoKlwnUj4Ix2no0eeB3oUGeWToxljRE9O5BIzRcN4QvaRRuTxXRyu6MOVpQhzIWRn_C6uZBeuZCuuEI7y41y24FSW4vvQ_AABAABIMWCAIRoAwaQQAggBCGIMIUCAEEIorghAyBFiEFBGCMAMIIQBRhiBCAGihGBECEIkUIQx5YQgChmghACIAuIEAAQZxZTQgiABJDCGCaKMgUoogoBERAwgBABIEoGUYQwBwgARBgAgDTECUCSgQAAIBAxSABhAgAGIKaIAAgAZQawwgihAAGAAIaAAMUIRQAihSghBkEBECCERAIAS6ZgDAhAhIDCSIGCEUEooowQRwDLChCAAISEUUUQgYBCAAhJDjJCKWQY0I4AIKYSDgghBECHCOcCAMkRAABEyAQCDCECGQCQdZcgBBgwiyEhhgEAEG-SUEEQIQBAgCBGqDDCAGWCBMRAE4gwRChhhACLEGSAUIA4CpxgwxBoghCSACWEgMIYBBAAAihIGBIAKCMMoEIohQSAigACCDFGCAyAIIIAiBIRiQAwKCEJIIYQEcwgQgIgyAhREiBACEoQYIYIQJCgRyhGEjAFEKCSUYoIAgQBxjlBAhEFIICOAAgQ4Z5wBBmEBCCAKAcUAAAogwYgESFCGhIKRIWagQ4ARZIBQwAkAjHBACAAEEcZohAQCQBEpNENAOAKEEYwEogwAgAphIGEgCGAIcIRAIghgSBMmECAOOCkYcQIQgqgBxEhBgAAKEAGEMUSBIYSgygGEJKBIKUEFRAAQQABCijijhCCKIiIMQ8IxIgQhABiIKBCEGCIIBAEgBYUgCBBhADBYUCIAIgAqTiQQgEAiDGAMAWSQEcRRZxwxwABgDGACGaJAIJAyAIRQSBBBgDDAEEeQYYA5YJAABCDBEEAMMOIEAMgTKIGwGghCCAFCcRCQAE4AQRTgRhAAjSCACECQE0YAoCQUBAJBCAIGAECEAIABxKwCABAgDEOCECOEQYowIAABBhBgIAHKCCGEMeAAAA0QRjjGjDNAAUQBAI4phQQwRihCmCAGACCIEggqAZSBTBRFBABICIGMIQAhIwhAEBkCFAIK"],"acoustid_id": ["0fee34e2-5fc5-4cb1-9386-42bbc11a5eb7"],"album": ["Rock and Roll Heart"],"artist": ["Lou Reed"],"bpm": ["99.25"],"date": ["1976"],"genre": ["Rock"],"musicbrainz album release country": ["WorldWide"],"musicbrainz album type": ["Album"],"musicbrainz_albumartistid": ["9d1ebcfe-4c15-4d18-95d3-d919898638a1"],"musicbrainz_albumid": ["0f3b1b46-098b-4fa6-bb9a-0c071f4df7b2"],"musicbrainz_artistid": ["9d1ebcfe-4c15-4d18-95d3-d919898638a1"],"musicbrainz_recordingid": ["baea893e-f3ab-4e64-a33c-ec040dcddf76"],"musicip_puid": ["3bf3feab-281b-fcf4-da3c-54724e11b1ca"],"title": ["Rock and Roll Heart"],