{"highlevel": {"danceability": {"all": {"danceable": 0.354569911957,"not_danceable": 0.645430088043},"probability": 0.645430088043,"value": "not_danceable"},"gender": {"all": {"female": 0.592716991901,"male": 0.407283008099},"probability": 0.592716991901,"value": "female"},"genre_dortmund": {"all": {"alternative": 0.0462530329823,"blues": 0.00599712319672,"electronic": 0.926368892193,"folkcountry": 0.0103937424719,"funksoulrnb": 0.000618195161223,"jazz": 0.00161890918389,"pop": 0.00130522903055,"raphiphop": 0.000538961554412,"rock": 0.00690592173487},"probability": 0.926368892193,"value": "electronic"},"genre_electronic": {"all": {"ambient": 0.201329141855,"dnb": 0.0272745937109,"house": 0.197591900826,"techno": 0.0218069329858,"trance": 0.551997423172},"probability": 0.551997423172,"value": "trance"},"genre_rosamerica": {"all": {"cla": 0.0534655936062,"dan": 0.0601128228009,"hip": 0.0472610741854,"jaz": 0.0206202603877,"pop": 0.135034069419,"rhy": 0.117778986692,"roc": 0.554266095161,"spe": 0.0114611051977},"probability": 0.554266095161,"value": "roc"},"genre_tzanetakis": {"all": {"blu": 0.0626613423228,"cla": 0.0348169617355,"cou": 0.104475811124,"dis": 0.0784321576357,"hip": 0.15692435205,"jaz": 0.313974827528,"met": 0.0448166541755,"pop": 0.0627359300852,"reg": 0.0627360641956,"roc": 0.0784258767962},"probability": 0.313974827528,"value": "jaz"},"ismir04_rhythm": {"all": {"ChaChaCha": 0.195921778679,"Jive": 0.198994114995,"Quickstep": 0.0257937610149,"Rumba-American": 0.0401193834841,"Rumba-International": 0.027853583917,"Rumba-Misc": 0.0234886705875,"Samba": 0.0502446219325,"Tango": 0.111783228815,"VienneseWaltz": 0.306112974882,"Waltz": 0.0196878686547},"probability": 0.306112974882,"value": "VienneseWaltz"},"mood_acoustic": {"all": {"acoustic": 0.0149092040956,"not_acoustic": 0.985090792179},"probability": 0.985090792179,"value": "not_acoustic"},"mood_aggressive": {"all": {"aggressive": 0.692672133446,"not_aggressive": 0.307327836752},"probability": 0.692672133446,"value": "aggressive"},"mood_electronic": {"all": {"electronic": 0.291794985533,"not_electronic": 0.708204984665},"probability": 0.708204984665,"value": "not_electronic"},"mood_happy": {"all": {"happy": 0.885499477386,"not_happy": 0.114500500262},"probability": 0.885499477386,"value": "happy"},"mood_party": {"all": {"not_party": 0.290023356676,"party": 0.709976673126},"probability": 0.709976673126,"value": "party"},"mood_relaxed": {"all": {"not_relaxed": 0.941865026951,"relaxed": 0.0581349954009},"probability": 0.941865026951,"value": "not_relaxed"},"mood_sad": {"all": {"not_sad": 0.84278178215,"sad": 0.157218202949},"probability": 0.84278178215,"value": "not_sad"},"moods_mirex": {"all": {"Cluster1": 0.116431921721,"Cluster2": 0.15931263566,"Cluster3": 0.262277215719,"Cluster4": 0.201714709401,"Cluster5": 0.260263502598},"probability": 0.262277215719,"value": "Cluster3"},"timbre": {"all": {"bright": 0.653429150581,"dark": 0.346570879221},"probability": 0.653429150581,"value": "bright"},"tonal_atonal": {"all": {"atonal": 0.17265753448,"tonal": 0.827342450619},"probability": 0.827342450619,"value": "tonal"},"voice_instrumental": {"all": {"instrumental": 0.0590409338474,"voice": 0.940959095955},"probability": 0.940959095955,"value": "voice"}},"metadata": {"audio_properties": {"analysis_sample_rate": 44100,"bit_rate": 0,"equal_loudness": 0,"length": 224.866668701,"lossless": 1,"replay_gain": -11.528175354,"sample_rate": 44100,"codec": "flac","downmix": "mix","md5_encoded": "8f2d9bd94dc9f328fe090581f7385356"},"tags": {"file_name": "1-01 (I Can't Get No) Satisfaction.flac","acoustid_id": ["bd877d87-e23d-443c-829b-2b6a9af6e53a"],"album": ["Ten Licks From Forty Licks"],"albumartist": ["The Rolling Stones"],"albumartistsort": ["Rolling Stones, The"],"artist": ["The Rolling Stones"],"artistsort": ["Rolling Stones, The"],"bpm": ["136.5"],"catalognumber": ["175162"],"compilation": ["1"],"date": ["2002"],"discnumber": ["1"],"disctotal": ["1"],"genre": ["Rock & Roll"],"grouping": ["Rock"],"isrc": ["USA176510160"],"label": ["Virgin"],"language": ["eng"],"media": ["CD"],"musicbrainz_albumartistid": ["b071f9fa-14b0-4217-8e97-eb41da73f598"],"musicbrainz_albumid": ["7dd68a6d-0c16-4f1b-959f-da4c06b74835"],"musicbrainz_artistid": ["b071f9fa-14b0-4217-8e97-eb41da73f598"],"musicbrainz_discid": ["q6QJng1mZUKZEkSrJuzgzuSAUy4-"],"musicbrainz_recordingid": ["2703bd1d-c5df-49c0-ad45-be6953a547b1"],"musicbrainz_releasegroupid": ["e76fdcb6-0884-4a92-a3df-da03d63871a3"],"musicbrainz_releasetrackid": ["3a5e5a36-29d1-3f79-9596-7d5b69a675e9"],"musicbrainz_workid": ["b8aeb29b-6c42-38da-a179-12e1fdb97ad3"],"originaldate": ["2002"],"releasecountry": ["US"],"releasestatus": ["promotion"],"releasetype": ["album", "compilation"],"script": ["Latn"],"title": ["(I Can't Get No) Satisfaction"],"totaldiscs": ["1"],"totaltracks": ["10"],"tracknumber": ["1"],"tracktotal": ["10"],"work": ["(I Can’t Get No) Satisfaction"],"writer": ["Mick Jagger", "Keith Richards"]},"version": {"highlevel": {"essentia": "2.1-beta5-dev","essentia_build_sha": "e74af04b57b164eed312abeef4963962215860f0","essentia_git_sha": "v2.1_beta4-499-g4013ebc","extractor": "music 2.0","gaia": "2.4.5","gaia_git_sha": "v2.4.4-44-g95f4851","models_essentia_git_sha": "v2.1_beta1"},"lowlevel": {"essentia": "2.1-beta2","essentia_build_sha": "70f2e5ece6736b2c40cc944ad0e695b16b925413","essentia_git_sha": "v2.1_beta2","extractor": "music 1.0"}}}}