{"highlevel": {"danceability": {"all": {"danceable": 0.39336040616,"not_danceable": 0.606639564037},"probability": 0.606639564037,"value": "not_danceable"},"gender": {"all": {"female": 0.937681734562,"male": 0.0623182803392},"probability": 0.937681734562,"value": "female"},"genre_dortmund": {"all": {"alternative": 0.0503350198269,"blues": 0.00857296027243,"electronic": 0.819316744804,"folkcountry": 0.0596341602504,"funksoulrnb": 0.00127836759202,"jazz": 0.0421803146601,"pop": 0.00479340273887,"raphiphop": 0.00111799605656,"rock": 0.0127710420638},"probability": 0.819316744804,"value": "electronic"},"genre_electronic": {"all": {"ambient": 0.766835868359,"dnb": 0.0136111136526,"house": 0.124996751547,"techno": 0.0427703857422,"trance": 0.0517859086394},"probability": 0.766835868359,"value": "ambient"},"genre_rosamerica": {"all": {"cla": 0.0792149677873,"dan": 0.0497819110751,"hip": 0.076412498951,"jaz": 0.143261745572,"pop": 0.0549010597169,"rhy": 0.564660668373,"roc": 0.0245723817497,"spe": 0.00719478586689},"probability": 0.564660668373,"value": "rhy"},"genre_tzanetakis": {"all": {"blu": 0.0617713928223,"cla": 0.0343018434942,"cou": 0.102904699743,"dis": 0.0514719486237,"hip": 0.154438391328,"jaz": 0.309046447277,"met": 0.0441263727844,"pop": 0.0772129744291,"reg": 0.0617708563805,"roc": 0.102955065668},"probability": 0.309046447277,"value": "jaz"},"ismir04_rhythm": {"all": {"ChaChaCha": 0.0870501920581,"Jive": 0.0150976572186,"Quickstep": 0.0115267820656,"Rumba-American": 0.0164695009589,"Rumba-International": 0.0467035546899,"Rumba-Misc": 0.0274572446942,"Samba": 0.0375127829611,"Tango": 0.329027444124,"VienneseWaltz": 0.415358841419,"Waltz": 0.0137959951535},"probability": 0.415358841419,"value": "VienneseWaltz"},"mood_acoustic": {"all": {"acoustic": 0.153383091092,"not_acoustic": 0.846616923809},"probability": 0.846616923809,"value": "not_acoustic"},"mood_aggressive": {"all": {"aggressive": 0.258549869061,"not_aggressive": 0.741450130939},"probability": 0.741450130939,"value": "not_aggressive"},"mood_electronic": {"all": {"electronic": 0.648929059505,"not_electronic": 0.351070940495},"probability": 0.648929059505,"value": "electronic"},"mood_happy": {"all": {"happy": 0.37903380394,"not_happy": 0.62096619606},"probability": 0.62096619606,"value": "not_happy"},"mood_party": {"all": {"not_party": 0.817458868027,"party": 0.182541146874},"probability": 0.817458868027,"value": "not_party"},"mood_relaxed": {"all": {"not_relaxed": 0.00872260704637,"relaxed": 0.991277396679},"probability": 0.991277396679,"value": "relaxed"},"mood_sad": {"all": {"not_sad": 0.554057836533,"sad": 0.445942163467},"probability": 0.554057836533,"value": "not_sad"},"moods_mirex": {"all": {"Cluster1": 0.0921796187758,"Cluster2": 0.608678340912,"Cluster3": 0.122942633927,"Cluster4": 0.117215521634,"Cluster5": 0.0589838624001},"probability": 0.608678340912,"value": "Cluster2"},"timbre": {"all": {"bright": 0.873483777046,"dark": 0.126516237855},"probability": 0.873483777046,"value": "bright"},"tonal_atonal": {"all": {"atonal": 0.204411074519,"tonal": 0.79558891058},"probability": 0.79558891058,"value": "tonal"},"voice_instrumental": {"all": {"instrumental": 0.999995470047,"voice": 4.55520557807e-06},"probability": 0.999995470047,"value": "instrumental"}},"metadata": {"audio_properties": {"analysis_sample_rate": 44100,"bit_rate": 0,"equal_loudness": 0,"length": 211.666671753,"lossless": 1,"replay_gain": -6.41505432129,"sample_rate": 44100,"codec": "flac","downmix": "mix","md5_encoded": "c3f8918122f2e5e922d3cbf6fdfc23f0"},"tags": {"file_name": "01. Polska efter Pelle Fors.flac","album": ["Hedningarna"],"albumartist": ["Hedningarna"],"albumartistsort": ["Hedningarna"],"artist": ["Hedningarna"],"artistsort": ["Hedningarna"],"asin": ["B00002808N"],"barcode": ["7391956900098"],"catalognumber": ["ALCD 009"],"date": ["1993"],"discnumber": ["1"],"disctotal": ["1"],"genre": ["Scandinavian"],"label": ["Alice musik produktion"],"language": ["swe"],"media": ["CD"],"musicbrainz_albumartistid": ["2fd6f2b0-832e-4c6b-896a-cfbead330fca"],"musicbrainz_albumid": ["670bfc46-1468-40dc-9bac-c847fbd77792"],"musicbrainz_artistid": ["2fd6f2b0-832e-4c6b-896a-cfbead330fca"],"musicbrainz_recordingid": ["7338e8cb-efd8-4bff-b9ab-c54703b5caf7"],"musicbrainz_releasegroupid": ["756aaf32-fc4d-3dc8-ac46-8d0e58425a80"],"musicip_puid": ["1a9c7262-e752-7e5d-224a-4808fec18224"],"originaldate": ["1989"],"releasecountry": ["SE"],"releasestatus": ["official"],"releasetype": ["album"],"script": ["Latn"],"title": ["Polska efter Pelle Fors"],"totaldiscs": ["1"],"totaltracks": ["13"],"tracknumber": ["1"],"tracktotal": ["13"]},"version": {"highlevel": {"essentia": "2.1-beta5-dev","essentia_build_sha": "e74af04b57b164eed312abeef4963962215860f0","essentia_git_sha": "v2.1_beta4-499-g4013ebc","extractor": "music 2.0","gaia": "2.4.5","gaia_git_sha": "v2.4.4-44-g95f4851","models_essentia_git_sha": "v2.1_beta1"},"lowlevel": {"essentia": "2.1-beta2","essentia_build_sha": "70f2e5ece6736b2c40cc944ad0e695b16b925413","essentia_git_sha": "v2.1_beta2","extractor": "music 1.0"}}}}