{"highlevel": {"danceability": {"all": {"danceable": 0.98897844553,"not_danceable": 0.011021531187},"probability": 0.98897844553,"value": "danceable"},"gender": {"all": {"female": 0.990164220333,"male": 0.00983578246087},"probability": 0.990164220333,"value": "female"},"genre_dortmund": {"all": {"alternative": 0.00121115194634,"blues": 0.000114571732411,"electronic": 0.998408555984,"folkcountry": 0.000119562406326,"funksoulrnb": 1.42967394368e-06,"jazz": 5.14801613463e-05,"pop": 9.01140901988e-06,"raphiphop": 1.84007365078e-06,"rock": 8.2371661847e-05},"probability": 0.998408555984,"value": "electronic"},"genre_electronic": {"all": {"ambient": 0.136669039726,"dnb": 0.00796435866505,"house": 0.0473878979683,"techno": 0.016926817596,"trance": 0.791051864624},"probability": 0.791051864624,"value": "trance"},"genre_rosamerica": {"all": {"cla": 0.00863341894001,"dan": 0.515033185482,"hip": 0.0327354930341,"jaz": 0.0232881624252,"pop": 0.231985643506,"rhy": 0.151191532612,"roc": 0.027141733095,"spe": 0.00999082159251},"probability": 0.515033185482,"value": "dan"},"genre_tzanetakis": {"all": {"blu": 0.0626613423228,"cla": 0.0348169617355,"cou": 0.104475811124,"dis": 0.0784321576357,"hip": 0.15692435205,"jaz": 0.313974827528,"met": 0.0448166541755,"pop": 0.0627359300852,"reg": 0.0627360641956,"roc": 0.0784258767962},"probability": 0.313974827528,"value": "jaz"},"ismir04_rhythm": {"all": {"ChaChaCha": 0.221173033118,"Jive": 0.100964561105,"Quickstep": 0.0331842377782,"Rumba-American": 0.0598900318146,"Rumba-International": 0.0437173061073,"Rumba-Misc": 0.0443079136312,"Samba": 0.174570739269,"Tango": 0.223032429814,"VienneseWaltz": 0.078034542501,"Waltz": 0.0211251974106},"probability": 0.223032429814,"value": "Tango"},"mood_acoustic": {"all": {"acoustic": 0.0436932891607,"not_acoustic": 0.956306695938},"probability": 0.956306695938,"value": "not_acoustic"},"mood_aggressive": {"all": {"aggressive": 0.0530148744583,"not_aggressive": 0.946985125542},"probability": 0.946985125542,"value": "not_aggressive"},"mood_electronic": {"all": {"electronic": 0.959683954716,"not_electronic": 0.0403160378337},"probability": 0.959683954716,"value": "electronic"},"mood_happy": {"all": {"happy": 0.033230997622,"not_happy": 0.966768980026},"probability": 0.966768980026,"value": "not_happy"},"mood_party": {"all": {"not_party": 0.158885121346,"party": 0.841114878654},"probability": 0.841114878654,"value": "party"},"mood_relaxed": {"all": {"not_relaxed": 0.600464820862,"relaxed": 0.399535179138},"probability": 0.600464820862,"value": "not_relaxed"},"mood_sad": {"all": {"not_sad": 0.741247057915,"sad": 0.258752942085},"probability": 0.741247057915,"value": "not_sad"},"moods_mirex": {"all": {"Cluster1": 0.0967272594571,"Cluster2": 0.067758962512,"Cluster3": 0.165286377072,"Cluster4": 0.107431955636,"Cluster5": 0.562795460224},"probability": 0.562795460224,"value": "Cluster5"},"timbre": {"all": {"bright": 0.69265383482,"dark": 0.30734616518},"probability": 0.69265383482,"value": "bright"},"tonal_atonal": {"all": {"atonal": 0.967338323593,"tonal": 0.0326616875827},"probability": 0.967338323593,"value": "atonal"},"voice_instrumental": {"all": {"instrumental": 0.546025454998,"voice": 0.453974545002},"probability": 0.546025454998,"value": "instrumental"}},"metadata": {"audio_properties": {"analysis_sample_rate": 44100,"bit_rate": 0,"equal_loudness": 0,"length": 331.973327637,"lossless": 1,"replay_gain": -8.19892501831,"sample_rate": 44100,"codec": "flac","downmix": "mix","md5_encoded": "8aaf0b5483ac28f5e4a30de5e8db1599"},"tags": {"file_name": "1.02. Opus III - It's a Fine Day.flac","acoustid_fingerprint": ["AQADtLG2JUsMHWFHfLgm-BYO8-h51Id1hBd-6EW-H_XRWsaro4ePfjvu43h69EKTH--MS8c-8LIxItyhq8F0cAuP6DHC3Ch76B-a45QI79Dw7SjvCKl71Ef-o7lU6MQPN8kOeYZHhsedI8yto50UNCee40169AvsJLpwCT86jca945KyoLkShNcN_Sg9hPWD97iM06lw6viL3If-o_lRHj_0DUcYotdc5Dk0cjoaId-KPQLbYyoa-cihSQ_Sicf2Hfyx8TnxzTgDZz2CZMvlGPdDlDtTONtRLjl6NNpi_Ej2I61zzNOOhtEe4blQHX5yNA9y6GFzNNNjhF1GzMT0o7zxCZcSNNtJVFQeI_-H6Ay-Bse_44uONkvwP0Vz_DieIOEQ_cS3vPhtNFEmVeizFBz1oU8eMD4xqzX-I3F15D2aI3xwQb1wCVfhjrhVHMkjoYnMw1SOLjr-bLjo4w26ofnxQ5E2Ho94XEwL5wz6oUqZFc2Fyzty7dBSU0f4oGSNI5TuQdYEHX2cIUueHz_24tJxSjmacpFQdseNNkITKdXxZBeuIMyh-ciXy3gutD2chsSnsDr8H5Vz_MFyHz-m50eaCzqPZiTCHw1ffPqQS-hpGH05NN1yXFEjOIug_fiHaTPs5AXHcmgOXUqOj0fINXlgB32K_oEf7uDR-MivoF3owFuIHCPClSreWYWsKHhO-ImOkyn0IGd6NEySqbgp-OHQNXbwHSPz41WEggn0GE86HQ-podiqC32CajGa5xv2BzyiHtopIf0R_sJnqB-OXMKjC82Tod-RH9oPT0izBKWF6_gj7EnWFCxp5Dm0iEefozI5-CL6Q2fYRfguhGR3NDd49IYPH-NhtUEyhuxwKUN_afAZZyiZ-VCuI8xTMI6-ECe6RwphLjsq-8azD7vxIAyNZD6e41GuoT-afhJeoc2P5uGDtewM_kISncgL_8SNfNCk48h3JfiOnjnCXLqRnB0qSUsCN5PxXodjqkf5CY8xOQP7o0dE30iuHf2xOw7-4vBk9Dm-HMwrCheHZD_yBE2lE_2OfCmYH81r6Jt4tIdVN4e0i0ceHT96BdUFD9129C4ajsbDI1F4hCmPK1JwNNKyY7KOo6n4SXiO7UX4QaJy5Axq5QiTDY-gnzGuIw-qL0bzjEIcHX0ESVWUIMyl4jk-Bt-OP8K_oFEu9EWuXEJyHQ8Z42YP5jrsauhzXEf4JYeYG7kmlEcTS0a_I6eGujma6NAZueh4-Dyk6EceHX2W4TEuglpD1GDmo-GN8whJCWKPSE8UlNJhNbvx6MXhKvvxY7uMENKP_EJ_IT2qTYJ-xriOJzvCO2jyWXiOcJMMKs4CLZwS5Mu34KLx5eiP6ikaF-1xRwnyOYd8IY_ByIe5DL2U4ilCO4e_HJrGGHmI5jOmMxuuW6glNGmGnQt2Hf8ThPrwHFpWGrkm7DoqP0IjE9N5hOFEQg8XTNmPehGFr4c-Fp3IH7wrI5149DmuKcix_5DDRjr2OkSYVUGPahPS8zgVQnR6hF9SvDl-S-jDBGkVBb1UKA-PP4gehdbQpHhb8EM1bceVI88z4scDpQ2a-OiV49B7lNzh8FiPNCrRH2F_eJp0VIeuo8vRxDmO9rCTBbqW4_h15IePUBuP60SzF4w4fbgL_WhmoVN06Mf0HK4yw0fXD9ipDD38CTrxZYePp8L2HfcOp9FxkbgyQ7vy4M_xY_JoxA1ehoF3VI-QMym4412O30O1pTt8opd6PMN1NDcm68iDJvnRPhVOo-7RHN_wC6-OHmkaQ5MjGfmxR0eHKd1K9FLgI3cIP0saKKIoHl8KXXmFdi4eHtTEFV8iHRfRToRy3PKxL0SYVUEIesmhWYQfIofPB10__Cb6EFSXJAgPfSHyCx9FoYkfkL3QHr9wHe9H5NEo3MeuHFXQ1CnOQ0fRfHIO1UenB1MeRcZFGvWphGjSQy-66IXj7KiPC82zHLp23Cyu4jCqVcePZqqOXi-4V9CP5ui0B4cm0_h4_Dp6_MR99IJ5qMeXHc5xY_txLSfEdMfJI5-CXjnO41uJ6TXsE45DwkLpnUHOIHnxRQeZLqjIB_7Q8wIeRmg-JNOWDPlRWkYTH08RP4d38NEh6zr68GjyQXhEInxwZZsGpzoYH53BhB_uITwPLZN0RA_xo1GJ_riOpgk7fOGF9IGiH3-QLwHzHE17PMODiI3RQ4zDoVeLWkejMtWgOtGDKUf4JLhxF_dxPyAr6XB35FKgI98ukE9KVP_ho-WKH7k0KPrRxIh69Mnh-PiRojpx5ugPP0R3HzGuUHh99ImExjl-fGh-5HogN0qJTNOJ97hKwV8u9DlmBbWyHFYnGtF4aCfy4-LBPOTQDE-EXNgPDamT5Th3fLrgSznSiDk0ckGeY2os4kS5Hj_I0kIz9Ei-XMiXWXiTgtmFU4SPlqLxR8cthIejLpCvockefPFQH82pQu3Wov1TWMXfzZD0DHlo-Dr4wPnxwXrB9PgRktqhpUaeKEYXCc-OLZSOVrvQ83AVYjt3hLog-cgfol2Q5sYznIyhWTkehF9cOJ_RMT9CrYekKkqQXj1a4mJCnPhRfSksD_3xMEeuI_mMb4mHgxFFH9SJn2g9vEZ-qN4RblrwY8uPXMGdHWId2MnI4duDa0wPzUTsoOcO50dbBTu6jcNLAG-JIowABKkBjgkAlMEIOCSMkAohggwQVCjhEIFAIQwEIEAIAASRAACDgGQOAQEAgYIACAjhgBAMCDECKICIQM5JyYQijmlCoDCEGCMIUkoAAIxg0gkHEBBOAeWMIQADYRAgSgDjGCKAAGIAZMgSQhAhQkCAjCFGICAUsSI8xRRRwCACCCTAIICUEsgQBQQVCAECGLTECAC1YcABJwQTSgAgCLIAIGIAQEIZKwgwhhCnFCCEAECMAEIBgIgRxBXhACBmCYSMMgYJRJgAABkFuCCCCGJISAQRpygjkiBAhBWCUCCAIQKhBZAhRgDhAAKICICAoE4ZIxQEwAAAgDQIGMuQGgYRQYAQAgBBDGBGAASQYAYAgigBBgJBAENGAMCAAQgRgQQRTAhDQDBKMIScUsYpgBQCwALAiEFAGQAEcEIBAQwgSiAhFACIAEaQUIBIgqCQwAAnHDDAGCUAI0gBIIhAAiGlFANKEYEcAMoAoQCQVDAFIKACCGCEAEQpJQwhgjhiCCMAEAEUEQEQYgiAABChgADCAEaA4MBBBgASxwCQlAROAUCANEQYMolgQDBAAYCEEEWAYgQwY5AAAiGghBNAIGeME8IAgQCiRAhiAAEMAkUUoIIRpBwRhCuCgAAEAEIQE8QhUIilAAFggABKKIOg8UA4QggCgAiCJABGAAAQAsAZIIgDUADKBCAIEIQUEoAIa4wASACEmBJUGMGEMcIQJIBAHAEgmGAAGEQJkQYxAIB0ignlKAFQMIMFUUYgB4RTwhDmUBBCCqQQAIQgxA0QQBiCgFUAIOAcwoYZAghxgAjEGCICAKUEEkoQAJwACAiGDDYGCAMEYsABAAwiREGgGAFEAseAAAAIhAQxRiDEnAKIAcGEUMAwQJCjSBEggCEAMaWAQkoppIwgghLEAKBACQcIAoIAAAh3AA"],"album": ["It's a Fine Day"],"albumartist": ["Opus III"],"albumartistsort": ["Opus III"],"artist": ["Opus III"],"artistsort": ["Opus III"],"asin": ["B000091QRR"],"barcode": ["090317655925"],"bpm": ["0"],"catalognumber": ["9031-76559-2"],"compilation": ["0"],"date": ["1992"],"discnumber": ["1"],"disctotal": ["1"],"genre": ["Dance, Electronic, Techno"],"label": ["PWL International"],"language": ["eng"],"media": ["CD"],"musicbrainz_albumartistid": ["89240fa8-7e01-490f-8b4c-59f3f488eec6"],"musicbrainz_albumid": ["d856b386-c1ba-4ffb-8e8c-607ac00095c7"],"musicbrainz_artistid": ["89240fa8-7e01-490f-8b4c-59f3f488eec6"],"musicbrainz_recordingid": ["7377c63c-2fbc-4696-b521-19ab07935b21"],"musicbrainz_releasegroupid": ["e1f9d780-19d0-3551-9e22-90f435a54aa1"],