{"highlevel": {"danceability": {"all": {"danceable": 0.636342287064,"not_danceable": 0.363657712936},"probability": 0.636342287064,"value": "danceable"},"gender": {"all": {"female": 0.962641835213,"male": 0.0373581722379},"probability": 0.962641835213,"value": "female"},"genre_dortmund": {"all": {"alternative": 2.61090482567e-09,"blues": 2.91851431911e-09,"electronic": 0.999993443489,"folkcountry": 7.49074274609e-07,"funksoulrnb": 7.79536648565e-08,"jazz": 5.20690400663e-06,"pop": 5.51793633008e-08,"raphiphop": 1.82845614205e-08,"rock": 4.7079689125e-07},"probability": 0.999993443489,"value": "electronic"},"genre_electronic": {"all": {"ambient": 0.704141438007,"dnb": 0.00524897780269,"house": 0.0916216373444,"techno": 0.0268636438996,"trance": 0.172124281526},"probability": 0.704141438007,"value": "ambient"},"genre_rosamerica": {"all": {"cla": 0.00353244086727,"dan": 0.0153687233105,"hip": 0.0344472788274,"jaz": 0.760112524033,"pop": 0.0288259126246,"rhy": 0.143211185932,"roc": 0.0120257763192,"spe": 0.0024761587847},"probability": 0.760112524033,"value": "jaz"},"genre_tzanetakis": {"all": {"blu": 0.0626613423228,"cla": 0.0348169617355,"cou": 0.104475811124,"dis": 0.0784321576357,"hip": 0.15692435205,"jaz": 0.313974827528,"met": 0.0448166541755,"pop": 0.0627359300852,"reg": 0.0627360641956,"roc": 0.0784258767962},"probability": 0.313974827528,"value": "jaz"},"ismir04_rhythm": {"all": {"ChaChaCha": 0.0187891162932,"Jive": 0.00303411809728,"Quickstep": 0.00134406110737,"Rumba-American": 0.00928679760545,"Rumba-International": 0.00184128526598,"Rumba-Misc": 0.0022979050409,"Samba": 0.00541074387729,"Tango": 0.840091943741,"VienneseWaltz": 0.116765037179,"Waltz": 0.00113898864947},"probability": 0.840091943741,"value": "Tango"},"mood_acoustic": {"all": {"acoustic": 0.826192140579,"not_acoustic": 0.173807859421},"probability": 0.826192140579,"value": "acoustic"},"mood_aggressive": {"all": {"aggressive": 0.0360886193812,"not_aggressive": 0.963911354542},"probability": 0.963911354542,"value": "not_aggressive"},"mood_electronic": {"all": {"electronic": 0.56959438324,"not_electronic": 0.43040561676},"probability": 0.56959438324,"value": "electronic"},"mood_happy": {"all": {"happy": 0.131940618157,"not_happy": 0.868059396744},"probability": 0.868059396744,"value": "not_happy"},"mood_party": {"all": {"not_party": 0.881701409817,"party": 0.118298612535},"probability": 0.881701409817,"value": "not_party"},"mood_relaxed": {"all": {"not_relaxed": 0.0666119977832,"relaxed": 0.933387994766},"probability": 0.933387994766,"value": "relaxed"},"mood_sad": {"all": {"not_sad": 0.544845223427,"sad": 0.455154746771},"probability": 0.544845223427,"value": "not_sad"},"moods_mirex": {"all": {"Cluster1": 0.079607181251,"Cluster2": 0.0900308266282,"Cluster3": 0.229626119137,"Cluster4": 0.0545163527131,"Cluster5": 0.546219527721},"probability": 0.546219527721,"value": "Cluster5"},"timbre": {"all": {"bright": 0.108677357435,"dark": 0.891322672367},"probability": 0.891322672367,"value": "dark"},"tonal_atonal": {"all": {"atonal": 0.402872353792,"tonal": 0.597127616405},"probability": 0.597127616405,"value": "tonal"},"voice_instrumental": {"all": {"instrumental": 0.352470546961,"voice": 0.647529482841},"probability": 0.647529482841,"value": "voice"}},"metadata": {"audio_properties": {"analysis_sample_rate": 44100,"bit_rate": 192000,"equal_loudness": 0,"length": 448.783660889,"lossless": 0,"replay_gain": -10.6390151978,"sample_rate": 44100,"codec": "mp3","downmix": "mix","md5_encoded": "18287bdc821a68a236d15756f9fe632a"},"tags": {"file_name": "220903.mp3","album": ["The Fight of My Life"],"albumartist": ["Kirk Franklin"],"artist": ["Kirk Franklin"],"date": ["2007"],"filetype": ["audio\/mp3"],"genre": ["Other"],"musicbrainz_recordingid": ["b708b304-4f30-4fb4-919b-b448ff276156"],"title": ["Chains"],"tracknumber": ["14"]},"version": {"highlevel": {"essentia": "2.1-beta5-dev","essentia_build_sha": "e74af04b57b164eed312abeef4963962215860f0","essentia_git_sha": "v2.1_beta4-499-g4013ebc","extractor": "music 2.0","gaia": "2.4.5","gaia_git_sha": "v2.4.4-44-g95f4851","models_essentia_git_sha": "v2.1_beta1"},"lowlevel": {"essentia": "2.1-beta2","essentia_build_sha": "70f2e5ece6736b2c40cc944ad0e695b16b925413","essentia_git_sha": "v2.1_beta2","extractor": "music 1.0"}}}}