{"highlevel": {"danceability": {"all": {"danceable": 1.41737546073e-05,"not_danceable": 0.999985814095},"probability": 0.999985814095,"value": "not_danceable"},"gender": {"all": {"female": 0.644065499306,"male": 0.355934470892},"probability": 0.644065499306,"value": "female"},"genre_dortmund": {"all": {"alternative": 1.20462511494e-11,"blues": 1.14804164439e-11,"electronic": 0.99999833107,"folkcountry": 2.80731171642e-08,"funksoulrnb": 1.66079381358e-08,"jazz": 1.29520879e-06,"pop": 1.52117518581e-08,"raphiphop": 1.61034297008e-08,"rock": 2.88956101713e-07},"probability": 0.99999833107,"value": "electronic"},"genre_electronic": {"all": {"ambient": 0.863315761089,"dnb": 0.00110570236575,"house": 0.0347359478474,"techno": 0.00838163308799,"trance": 0.0924609825015},"probability": 0.863315761089,"value": "ambient"},"genre_rosamerica": {"all": {"cla": 0.931755304337,"dan": 0.00121736538131,"hip": 0.00263699493371,"jaz": 0.0405601710081,"pop": 0.00674060359597,"rhy": 0.00829546712339,"roc": 0.00130679644644,"spe": 0.00748728821054},"probability": 0.931755304337,"value": "cla"},"genre_tzanetakis": {"all": {"blu": 0.0783470794559,"cla": 0.0348945185542,"cou": 0.104484014213,"dis": 0.0627380162477,"hip": 0.156883955002,"jaz": 0.313922047615,"met": 0.044843185693,"pop": 0.0627337768674,"reg": 0.0627330169082,"roc": 0.0784203931689},"probability": 0.313922047615,"value": "jaz"},"ismir04_rhythm": {"all": {"ChaChaCha": 0.000619599712081,"Jive": 2.15773088712e-05,"Quickstep": 4.89364028908e-05,"Rumba-American": 0.000844442984089,"Rumba-International": 6.14051386947e-05,"Rumba-Misc": 0.000139116353239,"Samba": 0.000145455240272,"Tango": 0.566715836525,"VienneseWaltz": 0.428923547268,"Waltz": 0.0024800801184},"probability": 0.566715836525,"value": "Tango"},"mood_acoustic": {"all": {"acoustic": 0.998336315155,"not_acoustic": 0.00166366319172},"probability": 0.998336315155,"value": "acoustic"},"mood_aggressive": {"all": {"aggressive": 0.0129423104227,"not_aggressive": 0.987057685852},"probability": 0.987057685852,"value": "not_aggressive"},"mood_electronic": {"all": {"electronic": 0.614435315132,"not_electronic": 0.385564655066},"probability": 0.614435315132,"value": "electronic"},"mood_happy": {"all": {"happy": 0.00321054039523,"not_happy": 0.996789455414},"probability": 0.996789455414,"value": "not_happy"},"mood_party": {"all": {"not_party": 0.998738229275,"party": 0.00126178469509},"probability": 0.998738229275,"value": "not_party"},"mood_relaxed": {"all": {"not_relaxed": 0.00385263049975,"relaxed": 0.99614739418},"probability": 0.99614739418,"value": "relaxed"},"mood_sad": {"all": {"not_sad": 0.574167370796,"sad": 0.425832629204},"probability": 0.574167370796,"value": "not_sad"},"moods_mirex": {"all": {"Cluster1": 0.0742204040289,"Cluster2": 0.0581629872322,"Cluster3": 0.299609005451,"Cluster4": 0.0479928031564,"Cluster5": 0.520014762878},"probability": 0.520014762878,"value": "Cluster5"},"timbre": {"all": {"bright": 0.0647262781858,"dark": 0.935273706913},"probability": 0.935273706913,"value": "dark"},"tonal_atonal": {"all": {"atonal": 0.134570360184,"tonal": 0.865429639816},"probability": 0.865429639816,"value": "tonal"},"voice_instrumental": {"all": {"instrumental": 1,"voice": 2.94391400146e-09},"probability": 1,"value": "instrumental"}},"metadata": {"audio_properties": {"analysis_sample_rate": 44100,"bit_rate": 0,"equal_loudness": 0,"length": 472.799987793,"lossless": 1,"replay_gain": -2.14841842651,"sample_rate": 44100,"codec": "flac","downmix": "mix","md5_encoded": "58a55e0ed45f408a22cc57a973697e9a"},"tags": {"file_name": "06. In Your Own Sweet Way.flac","acoustid_id": ["f7eccf97-a5e4-4b08-a75a-91db76cb08f6"],"album": ["Young Lions & Old Tigers"],"albumartist": ["Dave Brubeck"],"albumartistsort": ["Brubeck, Dave"],"artist": ["Dave Brubeck"],"artistsort": ["Brubeck, Dave"],"asin": ["B000003D4B"],"catalognumber": ["CD-83349"],"date": ["1995"],"discnumber": ["1"],"disctotal": ["1"],"genre": ["Jazz"],"label": ["Telarc"],"media": ["CD"],"musicbrainz_albumartistid": ["de0222a6-e1c4-403d-8b01-3f66d505061b"],"musicbrainz_albumid": ["dbd25ea5-4733-48c3-822d-b4ce57fb7749"],"musicbrainz_artistid": ["de0222a6-e1c4-403d-8b01-3f66d505061b"],"musicbrainz_recordingid": ["b7919d3d-6dbd-4f5f-a3ce-82921c1e1dc5"],"originaldate": ["1995"],"releasecountry": ["US"],"releasestatus": ["official"],"releasetype": ["album"],"script": ["Latn"],"title": ["In Your Own Sweet Way"],"totaldiscs": ["1"],"totaltracks": ["12"],"tracknumber": ["6"],"tracktotal": ["12"]},"version": {"highlevel": {"essentia": "2.1-beta5-dev","essentia_build_sha": "e74af04b57b164eed312abeef4963962215860f0","essentia_git_sha": "v2.1_beta4-499-g4013ebc","extractor": "music 2.0","gaia": "2.4.5","gaia_git_sha": "v2.4.4-44-g95f4851","models_essentia_git_sha": "v2.1_beta1"},"lowlevel": {"essentia": "2.1-beta2","essentia_build_sha": "70f2e5ece6736b2c40cc944ad0e695b16b925413","essentia_git_sha": "v2.1_beta2","extractor": "music 1.0"}}}}