{"highlevel": {"danceability": {"all": {"danceable": 0.137609630823,"not_danceable": 0.862390339375},"probability": 0.862390339375,"value": "not_danceable"},"gender": {"all": {"female": 0.338502675295,"male": 0.661497294903},"probability": 0.661497294903,"value": "male"},"genre_dortmund": {"all": {"alternative": 0.364227026701,"blues": 0.0755615383387,"electronic": 0.119042299688,"folkcountry": 0.118063017726,"funksoulrnb": 0.0191953666508,"jazz": 0.0269548557699,"pop": 0.0467835888267,"raphiphop": 0.00614337949082,"rock": 0.224028930068},"probability": 0.364227026701,"value": "alternative"},"genre_electronic": {"all": {"ambient": 0.830716907978,"dnb": 0.0390415936708,"house": 0.0721564665437,"techno": 0.00698819709942,"trance": 0.0510968454182},"probability": 0.830716907978,"value": "ambient"},"genre_rosamerica": {"all": {"cla": 0.0267159026116,"dan": 0.00827083550394,"hip": 0.00442511448637,"jaz": 0.0298145394772,"pop": 0.660609841347,"rhy": 0.0738559365273,"roc": 0.192646741867,"spe": 0.0036610737443},"probability": 0.660609841347,"value": "pop"},"genre_tzanetakis": {"all": {"blu": 0.0626613423228,"cla": 0.0348169617355,"cou": 0.104475811124,"dis": 0.0784321576357,"hip": 0.15692435205,"jaz": 0.313974827528,"met": 0.0448166541755,"pop": 0.0627359300852,"reg": 0.0627360641956,"roc": 0.0784258767962},"probability": 0.313974827528,"value": "jaz"},"ismir04_rhythm": {"all": {"ChaChaCha": 0.0920653343201,"Jive": 0.0588705614209,"Quickstep": 0.0122199105099,"Rumba-American": 0.0132227065042,"Rumba-International": 0.0189347788692,"Rumba-Misc": 0.0182678420097,"Samba": 0.0252274125814,"Tango": 0.415596842766,"VienneseWaltz": 0.334001600742,"Waltz": 0.011593002826},"probability": 0.415596842766,"value": "Tango"},"mood_acoustic": {"all": {"acoustic": 0.813701093197,"not_acoustic": 0.186298906803},"probability": 0.813701093197,"value": "acoustic"},"mood_aggressive": {"all": {"aggressive": 0.315869480371,"not_aggressive": 0.684130549431},"probability": 0.684130549431,"value": "not_aggressive"},"mood_electronic": {"all": {"electronic": 0.140801697969,"not_electronic": 0.859198272228},"probability": 0.859198272228,"value": "not_electronic"},"mood_happy": {"all": {"happy": 0.340216547251,"not_happy": 0.659783482552},"probability": 0.659783482552,"value": "not_happy"},"mood_party": {"all": {"not_party": 0.848829746246,"party": 0.151170268655},"probability": 0.848829746246,"value": "not_party"},"mood_relaxed": {"all": {"not_relaxed": 0.257825255394,"relaxed": 0.742174744606},"probability": 0.742174744606,"value": "relaxed"},"mood_sad": {"all": {"not_sad": 0.567458212376,"sad": 0.432541787624},"probability": 0.567458212376,"value": "not_sad"},"moods_mirex": {"all": {"Cluster1": 0.0970854908228,"Cluster2": 0.572239935398,"Cluster3": 0.0814707875252,"Cluster4": 0.218007236719,"Cluster5": 0.0311965476722},"probability": 0.572239935398,"value": "Cluster2"},"timbre": {"all": {"bright": 0.995931506157,"dark": 0.00406850548461},"probability": 0.995931506157,"value": "bright"},"tonal_atonal": {"all": {"atonal": 0.475852549076,"tonal": 0.524147450924},"probability": 0.524147450924,"value": "tonal"},"voice_instrumental": {"all": {"instrumental": 0.059881798923,"voice": 0.940118193626},"probability": 0.940118193626,"value": "voice"}},"metadata": {"audio_properties": {"analysis_sample_rate": 44100,"bit_rate": 224000,"equal_loudness": 0,"length": 122.56652832,"lossless": 0,"replay_gain": -10.900062561,"sample_rate": 44100,"codec": "mp3","downmix": "mix","md5_encoded": "14fd61c7d754d2a08cb4778bc3374ad9"},"tags": {"file_name": "115256.mp3","album": ["Game, Dames and Guitar Thangs"],"albumartist": ["Eddie Hazel"],"artist": ["Eddie Hazel"],"date": ["2004"],"genre": ["Funk"],"musicbrainz_recordingid": ["b7d3ca55-b6be-465f-bf34-bafe5c454e13"],"title": ["Unkut Funk"],"tracknumber": ["10"]},"version": {"highlevel": {"essentia": "2.1-beta5-dev","essentia_build_sha": "e74af04b57b164eed312abeef4963962215860f0","essentia_git_sha": "v2.1_beta4-499-g4013ebc","extractor": "music 2.0","gaia": "2.4.5","gaia_git_sha": "v2.4.4-44-g95f4851","models_essentia_git_sha": "v2.1_beta1"},"lowlevel": {"essentia": "2.1-beta2","essentia_build_sha": "70f2e5ece6736b2c40cc944ad0e695b16b925413","essentia_git_sha": "v2.1_beta2","extractor": "music 1.0"}}}}