{"highlevel": {"danceability": {"all": {"danceable": 0.996453106403,"not_danceable": 0.0035469213035},"probability": 0.996453106403,"value": "danceable"},"gender": {"all": {"female": 0.96889346838,"male": 0.0311065427959},"probability": 0.96889346838,"value": "female"},"genre_dortmund": {"all": {"alternative": 0.0134128350765,"blues": 0.0017192447558,"electronic": 0.977480709553,"folkcountry": 0.00250342744403,"funksoulrnb": 4.20656215283e-05,"jazz": 0.00329014589079,"pop": 0.000421725824708,"raphiphop": 3.52988208761e-05,"rock": 0.00109454174526},"probability": 0.977480709553,"value": "electronic"},"genre_electronic": {"all": {"ambient": 0.265999734402,"dnb": 0.0264806281775,"house": 0.447400122881,"techno": 0.0424986667931,"trance": 0.217620864511},"probability": 0.447400122881,"value": "house"},"genre_rosamerica": {"all": {"cla": 0.0139167588204,"dan": 0.276999056339,"hip": 0.107022859156,"jaz": 0.152869269252,"pop": 0.0949770659208,"rhy": 0.288803845644,"roc": 0.0443722419441,"spe": 0.0210388954729},"probability": 0.288803845644,"value": "rhy"},"genre_tzanetakis": {"all": {"blu": 0.0626613423228,"cla": 0.0348169617355,"cou": 0.104475811124,"dis": 0.0784321576357,"hip": 0.15692435205,"jaz": 0.313974827528,"met": 0.0448166541755,"pop": 0.0627359300852,"reg": 0.0627360641956,"roc": 0.0784258767962},"probability": 0.313974827528,"value": "jaz"},"ismir04_rhythm": {"all": {"ChaChaCha": 0.182061642408,"Jive": 0.176729187369,"Quickstep": 0.0449687279761,"Rumba-American": 0.14468806982,"Rumba-International": 0.0668164789677,"Rumba-Misc": 0.0329699330032,"Samba": 0.119845353067,"Tango": 0.173455283046,"VienneseWaltz": 0.0401133671403,"Waltz": 0.0183519534767},"probability": 0.182061642408,"value": "ChaChaCha"},"mood_acoustic": {"all": {"acoustic": 0.202753901482,"not_acoustic": 0.797246098518},"probability": 0.797246098518,"value": "not_acoustic"},"mood_aggressive": {"all": {"aggressive": 0.0283934306353,"not_aggressive": 0.971606552601},"probability": 0.971606552601,"value": "not_aggressive"},"mood_electronic": {"all": {"electronic": 0.946178138256,"not_electronic": 0.0538218654692},"probability": 0.946178138256,"value": "electronic"},"mood_happy": {"all": {"happy": 0.226716503501,"not_happy": 0.773283481598},"probability": 0.773283481598,"value": "not_happy"},"mood_party": {"all": {"not_party": 0.155340909958,"party": 0.844659090042},"probability": 0.844659090042,"value": "party"},"mood_relaxed": {"all": {"not_relaxed": 0.312978506088,"relaxed": 0.687021493912},"probability": 0.687021493912,"value": "relaxed"},"mood_sad": {"all": {"not_sad": 0.646159052849,"sad": 0.353840947151},"probability": 0.646159052849,"value": "not_sad"},"moods_mirex": {"all": {"Cluster1": 0.226913720369,"Cluster2": 0.183128967881,"Cluster3": 0.192652791739,"Cluster4": 0.139971196651,"Cluster5": 0.257333338261},"probability": 0.257333338261,"value": "Cluster5"},"timbre": {"all": {"bright": 0.577324450016,"dark": 0.422675549984},"probability": 0.577324450016,"value": "bright"},"tonal_atonal": {"all": {"atonal": 0.908751785755,"tonal": 0.0912482216954},"probability": 0.908751785755,"value": "atonal"},"voice_instrumental": {"all": {"instrumental": 0.507684707642,"voice": 0.492315292358},"probability": 0.507684707642,"value": "instrumental"}},"metadata": {"audio_properties": {"analysis_sample_rate": 44100,"bit_rate": 224301,"equal_loudness": 0,"length": 195.160812378,"lossless": 0,"replay_gain": -13.7809371948,"sample_rate": 44100,"codec": "mp3","downmix": "mix","md5_encoded": "050f670ef9cff23c1c398aac1266a620"},"tags": {"file_name": "11 Vive la Fête - Grand prix - 2005.mp3","album": ["Grand prix"],"albumartist": ["Vive la Fête"],"albumartistsort": ["Vive la Fête"],"artist": ["Vive la Fête"],"artistsort": ["Vive la Fête"],"asin": ["B0009EM0TQ"],"barcode": ["5400711002358"],"catalognumber": ["Surprise 036"],"date": ["2005-05-23"],"discnumber": ["1\/1"],"label": ["Surprise Records"],"language": ["English"],"media": ["CD"],"musicbrainz album release country": ["BE"],"musicbrainz album status": ["official"],"musicbrainz album type": ["album"],"musicbrainz_albumartistid": ["ef6a8aab-9dfe-46ac-a225-67df4601ad69"],"musicbrainz_albumid": ["a9f5c5c5-577d-4ce4-aab9-907d26db8829"],"musicbrainz_artistid": ["ef6a8aab-9dfe-46ac-a225-67df4601ad69"],"musicbrainz_recordingid": ["d0a03cf5-33de-41fb-bb12-b24ea749c0b2"],"musicbrainz_releasegroupid": ["81022a5f-14b8-3bf3-a516-28b4cdc329c9"],"originaldate": ["2005-05-23"],"originalyear": ["2005"],"script": ["Latn"],"taggingdate": ["2006-05-02T19:39:32"],"title": ["2005"],"tracknumber": ["11\/15"]},"version": {"highlevel": {"essentia": "2.1-beta5-dev","essentia_build_sha": "e74af04b57b164eed312abeef4963962215860f0","essentia_git_sha": "v2.1_beta4-499-g4013ebc","extractor": "music 2.0","gaia": "2.4.5","gaia_git_sha": "v2.4.4-44-g95f4851","models_essentia_git_sha": "v2.1_beta1"},"lowlevel": {"essentia": "2.1-beta2","essentia_build_sha": "2d9f1f26377add8aeb1075a9c2973f962c4f09fd","essentia_git_sha": "v2.1_beta2-1-ge3940c0","extractor": "music 1.0"}}}}