{"highlevel": {"danceability": {"all": {"danceable": 3.00000096379e-14,"not_danceable": 1},"probability": 1,"value": "not_danceable"},"gender": {"all": {"female": 0.622126698494,"male": 0.377873301506},"probability": 0.622126698494,"value": "female"},"genre_dortmund": {"all": {"alternative": 2.31742736112e-09,"blues": 2.17282236648e-09,"electronic": 0.999997913837,"folkcountry": 7.9991906432e-07,"funksoulrnb": 7.93364165474e-08,"jazz": 1.05996809907e-06,"pop": 4.05415185867e-08,"raphiphop": 1.70705725111e-08,"rock": 7.34261860202e-08},"probability": 0.999997913837,"value": "electronic"},"genre_electronic": {"all": {"ambient": 0.109275005758,"dnb": 0.0137497074902,"house": 0.0348171927035,"techno": 0.086826838553,"trance": 0.755331277847},"probability": 0.755331277847,"value": "trance"},"genre_rosamerica": {"all": {"cla": 0.00540388328955,"dan": 0.0360570251942,"hip": 0.631518483162,"jaz": 0.00653517665341,"pop": 0.0432176813483,"rhy": 0.018876472488,"roc": 0.255585193634,"spe": 0.00280607724562},"probability": 0.631518483162,"value": "hip"},"genre_tzanetakis": {"all": {"blu": 0.0617713928223,"cla": 0.0343018434942,"cou": 0.102904699743,"dis": 0.0514719486237,"hip": 0.154438391328,"jaz": 0.309046447277,"met": 0.0441263727844,"pop": 0.0772129744291,"reg": 0.0617708563805,"roc": 0.102955065668},"probability": 0.309046447277,"value": "jaz"},"ismir04_rhythm": {"all": {"ChaChaCha": 0.72129547596,"Jive": 0.0324089825153,"Quickstep": 0.0123893916607,"Rumba-American": 0.0624752491713,"Rumba-International": 0.0140361255035,"Rumba-Misc": 0.0101535655558,"Samba": 0.0647588148713,"Tango": 0.0603410601616,"VienneseWaltz": 0.015415343456,"Waltz": 0.00672599626705},"probability": 0.72129547596,"value": "ChaChaCha"},"mood_acoustic": {"all": {"acoustic": 0.0955903604627,"not_acoustic": 0.904409646988},"probability": 0.904409646988,"value": "not_acoustic"},"mood_aggressive": {"all": {"aggressive": 3.00000096379e-14,"not_aggressive": 1},"probability": 1,"value": "not_aggressive"},"mood_electronic": {"all": {"electronic": 0.979391694069,"not_electronic": 0.0206082761288},"probability": 0.979391694069,"value": "electronic"},"mood_happy": {"all": {"happy": 0.338838547468,"not_happy": 0.661161482334},"probability": 0.661161482334,"value": "not_happy"},"mood_party": {"all": {"not_party": 0.999984204769,"party": 1.57784197654e-05},"probability": 0.999984204769,"value": "not_party"},"mood_relaxed": {"all": {"not_relaxed": 0.191182896495,"relaxed": 0.808817088604},"probability": 0.808817088604,"value": "relaxed"},"mood_sad": {"all": {"not_sad": 0.878237366676,"sad": 0.121762655675},"probability": 0.878237366676,"value": "not_sad"},"moods_mirex": {"all": {"Cluster1": 0.0772226452827,"Cluster2": 0.0444035679102,"Cluster3": 0.227747857571,"Cluster4": 0.0306320842355,"Cluster5": 0.61999386549},"probability": 0.61999386549,"value": "Cluster5"},"timbre": {"all": {"bright": 0.0620480328798,"dark": 0.937951982021},"probability": 0.937951982021,"value": "dark"},"tonal_atonal": {"all": {"atonal": 0.994793653488,"tonal": 0.00520631857216},"probability": 0.994793653488,"value": "atonal"},"voice_instrumental": {"all": {"instrumental": 0.930479764938,"voice": 0.0695202350616},"probability": 0.930479764938,"value": "instrumental"}},"metadata": {"audio_properties": {"analysis_sample_rate": 44100,"bit_rate": 128000,"equal_loudness": 0,"length": 313.391021729,"lossless": 0,"replay_gain": -5.53558731079,"codec": "mp3","downmix": "mix","md5_encoded": "03e132c07de67ba9401f9d7b20dce9f6"},"tags": {"file_name": "06. Just Let It Go.mp3","album": ["Shrieks, Laments and Anguished Cries"],"albumartist": ["Razed in Black"],"albumartistsort": ["Razed in Black"],"artist": ["Razed in Black"],"artistsort": ["Razed in Black"],"asin": ["B000001JTY"],"bitrate": ["128"],"date": ["1996-03-05"],"discnumber": ["1\/1"],"musicbrainz album release country": ["US"],"musicbrainz album status": ["official"],"musicbrainz album type": ["album"],"musicbrainz_albumartistid": ["6b6c0379-2204-4964-b918-0a3bc565682f"],"musicbrainz_albumid": ["6c555f82-ffa5-4f9e-846d-483987cd21ad"],"musicbrainz_artistid": ["6b6c0379-2204-4964-b918-0a3bc565682f"],"musicbrainz_recordingid": ["9cf34504-d650-47ae-b49c-0619776156a9"],"originaldate": ["1996-03-05"],"title": ["Just Let It Go"],"tracknumber": ["6\/13"]},"version": {"highlevel": {"essentia": "2.1-beta5-dev","essentia_build_sha": "e74af04b57b164eed312abeef4963962215860f0","essentia_git_sha": "v2.1_beta4-499-g4013ebc","extractor": "music 2.0","gaia": "2.4.5","gaia_git_sha": "v2.4.4-44-g95f4851","models_essentia_git_sha": "v2.1_beta1"},"lowlevel": {"essentia": "2.1-beta1","essentia_build_sha": "50a0fbec89d6a9cedea3d45b6611406f7e8c7b1a","essentia_git_sha": "v2.1_beta1-7-ge0e83e8-dirty","extractor": "music 1.0"}}}}