{"highlevel": {"danceability": {"all": {"danceable": 0.00601520761847,"not_danceable": 0.993984818459},"probability": 0.993984818459,"value": "not_danceable"},"gender": {"all": {"female": 0.136351555586,"male": 0.863648414612},"probability": 0.863648414612,"value": "male"},"genre_dortmund": {"all": {"alternative": 0.221791952848,"blues": 0.0237291119993,"electronic": 0.656449496746,"folkcountry": 0.0127419522032,"funksoulrnb": 0.00158686749637,"jazz": 0.00307243433781,"pop": 0.00222335476428,"raphiphop": 0.00107984885108,"rock": 0.0773249939084},"probability": 0.656449496746,"value": "electronic"},"genre_electronic": {"all": {"ambient": 0.280946016312,"dnb": 0.11566285789,"house": 0.0316443294287,"techno": 0.0229697227478,"trance": 0.548777103424},"probability": 0.548777103424,"value": "trance"},"genre_rosamerica": {"all": {"cla": 0.000751667248551,"dan": 0.000622535764705,"hip": 0.00278929783963,"jaz": 0.000461744522909,"pop": 0.00157012057025,"rhy": 0.000162489930517,"roc": 0.993237316608,"spe": 0.00040481358883},"probability": 0.993237316608,"value": "roc"},"genre_tzanetakis": {"all": {"blu": 0.0626541376114,"cla": 0.0348133966327,"cou": 0.0783501937985,"dis": 0.104547761381,"hip": 0.15693578124,"jaz": 0.313987255096,"met": 0.044816005975,"pop": 0.0627349764109,"reg": 0.0627352520823,"roc": 0.0784252434969},"probability": 0.313987255096,"value": "jaz"},"ismir04_rhythm": {"all": {"ChaChaCha": 0.581714987755,"Jive": 0.103345252573,"Quickstep": 0.01699433662,"Rumba-American": 0.0209605060518,"Rumba-International": 0.0110976127908,"Rumba-Misc": 0.00833495240659,"Samba": 0.0363043621182,"Tango": 0.159274101257,"VienneseWaltz": 0.0538671761751,"Waltz": 0.00810671318322},"probability": 0.581714987755,"value": "ChaChaCha"},"mood_acoustic": {"all": {"acoustic": 1.16894925668e-05,"not_acoustic": 0.99998831749},"probability": 0.99998831749,"value": "not_acoustic"},"mood_aggressive": {"all": {"aggressive": 0.997181296349,"not_aggressive": 0.00281871575862},"probability": 0.997181296349,"value": "aggressive"},"mood_electronic": {"all": {"electronic": 0.571395754814,"not_electronic": 0.428604274988},"probability": 0.571395754814,"value": "electronic"},"mood_happy": {"all": {"happy": 0.0242312215269,"not_happy": 0.97576880455},"probability": 0.97576880455,"value": "not_happy"},"mood_party": {"all": {"not_party": 0.332185149193,"party": 0.667814850807},"probability": 0.667814850807,"value": "party"},"mood_relaxed": {"all": {"not_relaxed": 0.940027177334,"relaxed": 0.059972833842},"probability": 0.940027177334,"value": "not_relaxed"},"mood_sad": {"all": {"not_sad": 0.982042431831,"sad": 0.0179575886577},"probability": 0.982042431831,"value": "not_sad"},"moods_mirex": {"all": {"Cluster1": 0.161005958915,"Cluster2": 0.0316187441349,"Cluster3": 0.0380750335753,"Cluster4": 0.0261118598282,"Cluster5": 0.743188381195},"probability": 0.743188381195,"value": "Cluster5"},"timbre": {"all": {"bright": 0.00450985180214,"dark": 0.995490133762},"probability": 0.995490133762,"value": "dark"},"tonal_atonal": {"all": {"atonal": 0.388188838959,"tonal": 0.611811161041},"probability": 0.611811161041,"value": "tonal"},"voice_instrumental": {"all": {"instrumental": 0.00890422426164,"voice": 0.991095781326},"probability": 0.991095781326,"value": "voice"}},"metadata": {"audio_properties": {"analysis_sample_rate": 44100,"bit_rate": 230039,"equal_loudness": 0,"length": 167.157546997,"lossless": 0,"replay_gain": -15.5134439468,"sample_rate": 44100,"codec": "mp3","downmix": "mix","md5_encoded": "0997dee0c1262167b892677b359d0b89"},"tags": {"file_name": "43386.mp3","album": ["Smear Campaign"],"albumartist": ["Napalm Death"],"artist": ["Napalm Death"],"date": ["2006"],"genre": ["Death Metal"],"musicbrainz_recordingid": ["994c424f-9577-4c53-b734-67258601db61"],"title": ["persona_non_grata"],"tracknumber": ["15"]},"version": {"highlevel": {"essentia": "2.1-beta5-dev","essentia_build_sha": "e74af04b57b164eed312abeef4963962215860f0","essentia_git_sha": "v2.1_beta4-499-g4013ebc","extractor": "music 2.0","gaia": "2.4.5","gaia_git_sha": "v2.4.4-44-g95f4851","models_essentia_git_sha": "v2.1_beta1"},"lowlevel": {"essentia": "2.1-beta2","essentia_build_sha": "70f2e5ece6736b2c40cc944ad0e695b16b925413","essentia_git_sha": "v2.1_beta2","extractor": "music 1.0"}}}}