{"highlevel": {"danceability": {"all": {"danceable": 0.0152063332498,"not_danceable": 0.984793663025},"probability": 0.984793663025,"value": "not_danceable"},"gender": {"all": {"female": 0.0557114519179,"male": 0.944288551807},"probability": 0.944288551807,"value": "male"},"genre_dortmund": {"all": {"alternative": 0.184948518872,"blues": 0.017288915813,"electronic": 0.760825812817,"folkcountry": 0.00787767022848,"funksoulrnb": 0.000799132976681,"jazz": 0.00101286533754,"pop": 0.0024010525085,"raphiphop": 0.00064342917176,"rock": 0.02420261316},"probability": 0.760825812817,"value": "electronic"},"genre_electronic": {"all": {"ambient": 0.210777893662,"dnb": 0.0521634593606,"house": 0.0497280173004,"techno": 0.0172154158354,"trance": 0.670115232468},"probability": 0.670115232468,"value": "trance"},"genre_rosamerica": {"all": {"cla": 0.00015673818416,"dan": 0.0020912734326,"hip": 0.000828863470815,"jaz": 0.000246343377512,"pop": 0.0189870167524,"rhy": 0.000586435431615,"roc": 0.976886570454,"spe": 0.000216786720557},"probability": 0.976886570454,"value": "roc"},"genre_tzanetakis": {"all": {"blu": 0.0620671063662,"cla": 0.034474901855,"cou": 0.103433981538,"dis": 0.0620971247554,"hip": 0.15527240932,"jaz": 0.310666948557,"met": 0.044346679002,"pop": 0.0620793737471,"reg": 0.0620816536248,"roc": 0.103479810059},"probability": 0.310666948557,"value": "jaz"},"ismir04_rhythm": {"all": {"ChaChaCha": 0.331441938877,"Jive": 0.096535757184,"Quickstep": 0.0144704096019,"Rumba-American": 0.0166440196335,"Rumba-International": 0.0151751982048,"Rumba-Misc": 0.0106684360653,"Samba": 0.102128319442,"Tango": 0.158549129963,"VienneseWaltz": 0.244271203876,"Waltz": 0.0101155862212},"probability": 0.331441938877,"value": "ChaChaCha"},"mood_acoustic": {"all": {"acoustic": 1.1290180737e-05,"not_acoustic": 0.999988734722},"probability": 0.999988734722,"value": "not_acoustic"},"mood_aggressive": {"all": {"aggressive": 0.942190766335,"not_aggressive": 0.0578092597425},"probability": 0.942190766335,"value": "aggressive"},"mood_electronic": {"all": {"electronic": 0.658098340034,"not_electronic": 0.341901659966},"probability": 0.658098340034,"value": "electronic"},"mood_happy": {"all": {"happy": 0.231796219945,"not_happy": 0.768203794956},"probability": 0.768203794956,"value": "not_happy"},"mood_party": {"all": {"not_party": 0.474217444658,"party": 0.525782525539},"probability": 0.525782525539,"value": "party"},"mood_relaxed": {"all": {"not_relaxed": 0.786449491978,"relaxed": 0.213550508022},"probability": 0.786449491978,"value": "not_relaxed"},"mood_sad": {"all": {"not_sad": 0.967618763447,"sad": 0.0323812067509},"probability": 0.967618763447,"value": "not_sad"},"moods_mirex": {"all": {"Cluster1": 0.0977187156677,"Cluster2": 0.0296913255006,"Cluster3": 0.0505686700344,"Cluster4": 0.047334279865,"Cluster5": 0.774686992168},"probability": 0.774686992168,"value": "Cluster5"},"timbre": {"all": {"bright": 0.00814542640001,"dark": 0.991854548454},"probability": 0.991854548454,"value": "dark"},"tonal_atonal": {"all": {"atonal": 0.999997317791,"tonal": 2.66752658717e-06},"probability": 0.999997317791,"value": "atonal"},"voice_instrumental": {"all": {"instrumental": 0.14267873764,"voice": 0.85732126236},"probability": 0.85732126236,"value": "voice"}},"metadata": {"audio_properties": {"analysis_sample_rate": 44100,"bit_rate": 0,"equal_loudness": 0,"length": 211.173339844,"lossless": 1,"replay_gain": -14.6334838867,"sample_rate": 44100,"codec": "flac","downmix": "mix","md5_encoded": "cb5cf08ea3c95239685ed85f9dd72e16"},"tags": {"file_name": "09 Saliva - Southern Girls.flac","album": ["Cinco Diablo"],"albumartist": ["Saliva"],"albumartistsort": ["Saliva"],"artist": ["Saliva"],"artistsort": ["Saliva"],"asin": ["B001H9N898"],"barcode": ["602517919228"],"catalognumber": ["B0012398-02"],"date": ["2008-12-06"],"discnumber": ["1"],"disctotal": ["1"],"genre": ["Post-Grunge"],"label": ["Island"],"language": ["eng"],"media": ["CD"],"musicbrainz_albumartistid": ["6e650a01-6489-4dc8-85e1-8ec809dd72a2"],"musicbrainz_albumid": ["1b97ebcd-31a2-4a35-8d0b-e5526e18d253"],"musicbrainz_artistid": ["6e650a01-6489-4dc8-85e1-8ec809dd72a2"],"musicbrainz_recordingid": ["99cd7808-3f71-46ca-b203-1265b2d6bdb2"],"musicbrainz_releasegroupid": ["5d732d1f-c06a-3b95-b08e-8ef0eee92cc1"],"musicbrainz_releasetrackid": ["fa14079a-df99-3968-b529-b9430817f05b"],"originaldate": ["2008-12-06"],"originalyear": ["2008"],"releasecountry": ["US"],"releasestatus": ["official"],"releasetype": ["album"],"script": ["Latn"],"title": ["Southern Girls"],"totaldiscs": ["1"],"totaltracks": ["10"],"tracknumber": ["9"],"tracktotal": ["10"]},"version": {"highlevel": {"essentia": "2.1-beta5-dev","essentia_build_sha": "e74af04b57b164eed312abeef4963962215860f0","essentia_git_sha": "v2.1_beta4-499-g4013ebc","extractor": "music 2.0","gaia": "2.4.5","gaia_git_sha": "v2.4.4-44-g95f4851","models_essentia_git_sha": "v2.1_beta1"},"lowlevel": {"essentia": "2.1-beta2","essentia_build_sha": "2d9f1f26377add8aeb1075a9c2973f962c4f09fd","essentia_git_sha": "v2.1_beta2-1-ge3940c0","extractor": "music 1.0"}}}}