{"highlevel": {"danceability": {"all": {"danceable": 0.00893986038864,"not_danceable": 0.991060137749},"probability": 0.991060137749,"value": "not_danceable"},"gender": {"all": {"female": 0.336429715157,"male": 0.663570284843},"probability": 0.663570284843,"value": "male"},"genre_dortmund": {"all": {"alternative": 0.181975916028,"blues": 0.093733549118,"electronic": 0.0539940372109,"folkcountry": 0.426543176174,"funksoulrnb": 0.00551144080237,"jazz": 0.17436145246,"pop": 0.0441680327058,"raphiphop": 0.00296167237684,"rock": 0.0167507305741},"probability": 0.426543176174,"value": "folkcountry"},"genre_electronic": {"all": {"ambient": 0.985033094883,"dnb": 0.00312704197131,"house": 0.00675107818097,"techno": 0.0038694224786,"trance": 0.00121937831864},"probability": 0.985033094883,"value": "ambient"},"genre_rosamerica": {"all": {"cla": 0.941284716129,"dan": 0.00208280305378,"hip": 0.00265683955513,"jaz": 0.0151573512703,"pop": 0.0112738171592,"rhy": 0.0175612717867,"roc": 0.00426898477599,"spe": 0.00571422604844},"probability": 0.941284716129,"value": "cla"},"genre_tzanetakis": {"all": {"blu": 1.95436177819e-06,"cla": 1.00586112239e-06,"cou": 2.36812388721e-06,"dis": 1.50332800786e-06,"hip": 6.43479688733e-06,"jaz": 0.999331951141,"met": 1.08776077923e-06,"pop": 0.000242558817263,"reg": 0.000409173459047,"roc": 1.9458150291e-06},"probability": 0.999331951141,"value": "jaz"},"ismir04_rhythm": {"all": {"ChaChaCha": 0.00315906922333,"Jive": 0.000355934433173,"Quickstep": 0.0005907259183,"Rumba-American": 0.00183243898209,"Rumba-International": 0.00357258459553,"Rumba-Misc": 0.00202045659535,"Samba": 0.000507020333316,"Tango": 0.035073209554,"VienneseWaltz": 0.0686899125576,"Waltz": 0.884198665619},"probability": 0.884198665619,"value": "Waltz"},"mood_acoustic": {"all": {"acoustic": 0.972611248493,"not_acoustic": 0.0273887440562},"probability": 0.972611248493,"value": "acoustic"},"mood_aggressive": {"all": {"aggressive": 0.012074071914,"not_aggressive": 0.987925946712},"probability": 0.987925946712,"value": "not_aggressive"},"mood_electronic": {"all": {"electronic": 0.159980401397,"not_electronic": 0.840019583702},"probability": 0.840019583702,"value": "not_electronic"},"mood_happy": {"all": {"happy": 0.161574020982,"not_happy": 0.838425993919},"probability": 0.838425993919,"value": "not_happy"},"mood_party": {"all": {"not_party": 0.99311029911,"party": 0.00688970601186},"probability": 0.99311029911,"value": "not_party"},"mood_relaxed": {"all": {"not_relaxed": 0.0196340139955,"relaxed": 0.980365991592},"probability": 0.980365991592,"value": "relaxed"},"mood_sad": {"all": {"not_sad": 0.04039362818,"sad": 0.959606349468},"probability": 0.959606349468,"value": "sad"},"moods_mirex": {"all": {"Cluster1": 0.0156873259693,"Cluster2": 0.0447548665106,"Cluster3": 0.901286542416,"Cluster4": 0.0184950008988,"Cluster5": 0.01977628842},"probability": 0.901286542416,"value": "Cluster3"},"timbre": {"all": {"bright": 0.0932197123766,"dark": 0.906780302525},"probability": 0.906780302525,"value": "dark"},"tonal_atonal": {"all": {"atonal": 0.104917541146,"tonal": 0.895082473755},"probability": 0.895082473755,"value": "tonal"},"voice_instrumental": {"all": {"instrumental": 0.999999761581,"voice": 2.50792737688e-07},"probability": 0.999999761581,"value": "instrumental"}},"metadata": {"audio_properties": {"analysis_sample_rate": 44100,"bit_rate": 0,"equal_loudness": 0,"length": 55.2666664124,"lossless": 1,"replay_gain": -9.547498703,"sample_rate": 44100,"codec": "flac","downmix": "mix","md5_encoded": "99030ba105cbac2609b14993b0c19aa4"},"tags": {"file_name": "12 The Roots - undun - Redford Suite_ Possibility (2nd Movement).flac","acoustid_id": ["573c1644-52eb-4b7b-be97-c3521686c1c9"],"album": ["undun"],"albumartist": ["The Roots"],"albumartistsort": ["Roots, The"],"artist": ["The Roots"],"artistsort": ["Roots, The"],"asin": ["B005VR9328"],"barcode": ["602527869636"],"catalognumber": ["B0016282-02"],"composer": ["Richard Nichols", "Ray Angry", "Ahmir Khalib Thompson"],"composersort": ["Nichols, Richard", "Ray Angry", "Thompson, Ahmir Khalib"],"date": ["2011-12-06"],"discnumber": ["1"],"disctotal": ["1"],"genre": ["Classical"],"isrc": ["USUM71117866"],"label": ["Def Jam Recordings"],"language": ["eng"],"media": ["CD"],"mixer": ["Chris Sclafani", "Jason Goldstein"],"musicbrainz_albumartistid": ["80b3cf5e-18fe-4c59-98c7-e5bb87210710"],"musicbrainz_albumid": ["17105002-a6fd-4f92-9589-aa7f98073638"],"musicbrainz_artistid": ["80b3cf5e-18fe-4c59-98c7-e5bb87210710"],"musicbrainz_recordingid": ["b6077ba9-685c-4eee-95db-bfd139a3181f"],"musicbrainz_releasegroupid": ["3d5c691e-61bd-4235-999b-31ebea927227"],"musicbrainz_releasetrackid": ["0abf873d-2f71-3bcc-b237-6a75a3aea0f5"],"musicbrainz_workid": ["3cbb2a3d-0a5b-4bae-81be-5b904a0bb7f0"],"originaldate": ["2011-12-05"],"performer": ["Hiro Matsuo (cello)", "Phil Kramp (viola)", "Sean Lee (violins)", "Kristen Lee (violins)"],"producer": ["Richard Nichols", "Ray Angry", "Ahmir Khalib Thompson"],"releasecountry": ["US"],"releasestatus": ["official"],"releasetype": ["album"],"script": ["Latn"],"title": ["Redford Suite: Possibility (2nd Movement)"],"totaldiscs": ["1"],"totaltracks": ["14"],"tracknumber": ["12"],"tracktotal": ["14"],"work": ["Possibility (2nd Movement)"]},"version": {"highlevel": {"essentia": "2.1-beta5-dev","essentia_build_sha": "e74af04b57b164eed312abeef4963962215860f0","essentia_git_sha": "v2.1_beta4-499-g4013ebc","extractor": "music 2.0","gaia": "2.4.5","gaia_git_sha": "v2.4.4-44-g95f4851","models_essentia_git_sha": "v2.1_beta1"},"lowlevel": {"essentia": "2.1-beta2","essentia_build_sha": "2d9f1f26377add8aeb1075a9c2973f962c4f09fd","essentia_git_sha": "v2.1_beta2-1-ge3940c0","extractor": "music 1.0"}}}}