{"highlevel": {"danceability": {"all": {"danceable": 0.9997164011,"not_danceable": 0.000283582194243},"probability": 0.9997164011,"value": "danceable"},"gender": {"all": {"female": 0.0799034535885,"male": 0.920096576214},"probability": 0.920096576214,"value": "male"},"genre_dortmund": {"all": {"alternative": 0.00637545995414,"blues": 0.000605627312325,"electronic": 0.988795757294,"folkcountry": 0.00108400220051,"funksoulrnb": 9.91012420855e-05,"jazz": 0.00117139017675,"pop": 0.000162184718647,"raphiphop": 0.000845754286274,"rock": 0.000860722735524},"probability": 0.988795757294,"value": "electronic"},"genre_electronic": {"all": {"ambient": 0.156587198377,"dnb": 0.0267567783594,"house": 0.336572051048,"techno": 0.0196231752634,"trance": 0.460460811853},"probability": 0.460460811853,"value": "trance"},"genre_rosamerica": {"all": {"cla": 0.00261042057537,"dan": 0.295412182808,"hip": 0.542818963528,"jaz": 0.00549611821771,"pop": 0.0524313896894,"rhy": 0.0938079729676,"roc": 0.00485380087048,"spe": 0.00256911851466},"probability": 0.542818963528,"value": "hip"},"genre_tzanetakis": {"all": {"blu": 0.0642214938998,"cla": 0.0356696359813,"cou": 0.0802658647299,"dis": 0.0642494857311,"hip": 0.160689160228,"jaz": 0.321663022041,"met": 0.0643127858639,"pop": 0.0642928555608,"reg": 0.064283400774,"roc": 0.0803522914648},"probability": 0.321663022041,"value": "jaz"},"ismir04_rhythm": {"all": {"ChaChaCha": 0.886446416378,"Jive": 0.00841025169939,"Quickstep": 0.00354135385714,"Rumba-American": 0.0315859876573,"Rumba-International": 0.00638624234125,"Rumba-Misc": 0.00300107663497,"Samba": 0.0196890905499,"Tango": 0.0363998934627,"VienneseWaltz": 0.00309416744858,"Waltz": 0.00144553929567},"probability": 0.886446416378,"value": "ChaChaCha"},"mood_acoustic": {"all": {"acoustic": 0.0214313417673,"not_acoustic": 0.978568673134},"probability": 0.978568673134,"value": "not_acoustic"},"mood_aggressive": {"all": {"aggressive": 0.141187787056,"not_aggressive": 0.858812212944},"probability": 0.858812212944,"value": "not_aggressive"},"mood_electronic": {"all": {"electronic": 0.965535640717,"not_electronic": 0.0344643704593},"probability": 0.965535640717,"value": "electronic"},"mood_happy": {"all": {"happy": 0.0172637626529,"not_happy": 0.982736229897},"probability": 0.982736229897,"value": "not_happy"},"mood_party": {"all": {"not_party": 0.116403713822,"party": 0.883596301079},"probability": 0.883596301079,"value": "party"},"mood_relaxed": {"all": {"not_relaxed": 0.640785038471,"relaxed": 0.359214931726},"probability": 0.640785038471,"value": "not_relaxed"},"mood_sad": {"all": {"not_sad": 0.687621831894,"sad": 0.312378197908},"probability": 0.687621831894,"value": "not_sad"},"moods_mirex": {"all": {"Cluster1": 0.0734079778194,"Cluster2": 0.182080119848,"Cluster3": 0.242372334003,"Cluster4": 0.263485044241,"Cluster5": 0.238654509187},"probability": 0.263485044241,"value": "Cluster4"},"timbre": {"all": {"bright": 0.159046083689,"dark": 0.840953946114},"probability": 0.840953946114,"value": "dark"},"tonal_atonal": {"all": {"atonal": 0.723534762859,"tonal": 0.276465237141},"probability": 0.723534762859,"value": "atonal"},"voice_instrumental": {"all": {"instrumental": 0.0677310377359,"voice": 0.932268977165},"probability": 0.932268977165,"value": "voice"}},"metadata": {"audio_properties": {"analysis_sample_rate": 44100,"bit_rate": 160016,"equal_loudness": 0,"length": 264.56817627,"lossless": 0,"replay_gain": -11.8829402924,"sample_rate": 44100,"codec": "mp3","downmix": "mix","md5_encoded": "c51a5ac2d4cf589b5b0cb1acbff8a0ad"},"tags": {"file_name": "MC Ren - Ruthless For Life.mp3","album": ["Ruthless For Life"],"artist": ["MC Ren"],"artistsort": ["Ren, MC"],"bpm": ["0"],"date": ["1998"],"discnumber": ["0\/0"],"encoding": ["Lavf56.36.100"],"musicbrainz_artistid": ["a6f5f408-e37e-444a-a0dc-ea41a152dfcf"],"musicbrainz_recordingid": ["b633cb7c-d438-4cdb-baa4-a0566e088d21"],"title": ["Ruthless for Life"],"tracknumber": ["1\/0"]},"version": {"highlevel": {"essentia": "2.1-beta5-dev","essentia_build_sha": "e74af04b57b164eed312abeef4963962215860f0","essentia_git_sha": "v2.1_beta4-499-g4013ebc","extractor": "music 2.0","gaia": "2.4.5","gaia_git_sha": "v2.4.4-44-g95f4851","models_essentia_git_sha": "v2.1_beta1"},"lowlevel": {"essentia": "2.1-beta2","essentia_build_sha": "70f2e5ece6736b2c40cc944ad0e695b16b925413","essentia_git_sha": "v2.1_beta2","extractor": "music 1.0"}}}}