{"highlevel": {"danceability": {"all": {"danceable": 0.77205914259,"not_danceable": 0.227940872312},"probability": 0.77205914259,"value": "danceable"},"gender": {"all": {"female": 0.907940804958,"male": 0.0920592173934},"probability": 0.907940804958,"value": "female"},"genre_dortmund": {"all": {"alternative": 0.0125683797523,"blues": 0.00712899956852,"electronic": 0.944535911083,"folkcountry": 0.00797124486417,"funksoulrnb": 0.00146664062049,"jazz": 0.0161695089191,"pop": 0.00165047228802,"raphiphop": 0.00312170991674,"rock": 0.00538711203262},"probability": 0.944535911083,"value": "electronic"},"genre_electronic": {"all": {"ambient": 0.47863894701,"dnb": 0.051791280508,"house": 0.350794494152,"techno": 0.0284500271082,"trance": 0.0903252363205},"probability": 0.47863894701,"value": "ambient"},"genre_rosamerica": {"all": {"cla": 0.0196946896613,"dan": 0.0594046078622,"hip": 0.076106287539,"jaz": 0.0266154240817,"pop": 0.490699470043,"rhy": 0.278315991163,"roc": 0.035328771919,"spe": 0.0138347549364},"probability": 0.490699470043,"value": "pop"},"genre_tzanetakis": {"all": {"blu": 0.0610442385077,"cla": 0.0339068844914,"cou": 0.0610288381577,"dis": 0.0508533753455,"hip": 0.152552962303,"jaz": 0.15253444016,"met": 0.0610075257719,"pop": 0.0610079243779,"reg": 0.0610093250871,"roc": 0.305054485798},"probability": 0.305054485798,"value": "roc"},"ismir04_rhythm": {"all": {"ChaChaCha": 0.932520747185,"Jive": 0.00950460787863,"Quickstep": 0.00222128350288,"Rumba-American": 0.0179751496762,"Rumba-International": 0.00279141706415,"Rumba-Misc": 0.0021256133914,"Samba": 0.00913377199322,"Tango": 0.0109312236309,"VienneseWaltz": 0.0116254426539,"Waltz": 0.0011707523372},"probability": 0.932520747185,"value": "ChaChaCha"},"mood_acoustic": {"all": {"acoustic": 0.1017819345,"not_acoustic": 0.898218035698},"probability": 0.898218035698,"value": "not_acoustic"},"mood_aggressive": {"all": {"aggressive": 0.194168433547,"not_aggressive": 0.805831551552},"probability": 0.805831551552,"value": "not_aggressive"},"mood_electronic": {"all": {"electronic": 0.677434444427,"not_electronic": 0.32256552577},"probability": 0.677434444427,"value": "electronic"},"mood_happy": {"all": {"happy": 0.609851837158,"not_happy": 0.390148192644},"probability": 0.609851837158,"value": "happy"},"mood_party": {"all": {"not_party": 0.292672842741,"party": 0.707327187061},"probability": 0.707327187061,"value": "party"},"mood_relaxed": {"all": {"not_relaxed": 0.585282981396,"relaxed": 0.414717048407},"probability": 0.585282981396,"value": "not_relaxed"},"mood_sad": {"all": {"not_sad": 0.82537728548,"sad": 0.174622684717},"probability": 0.82537728548,"value": "not_sad"},"moods_mirex": {"all": {"Cluster1": 0.110030055046,"Cluster2": 0.285684078932,"Cluster3": 0.0537152290344,"Cluster4": 0.222654864192,"Cluster5": 0.327915787697},"probability": 0.327915787697,"value": "Cluster5"},"timbre": {"all": {"bright": 0.732051968575,"dark": 0.267948031425},"probability": 0.732051968575,"value": "bright"},"tonal_atonal": {"all": {"atonal": 0.640534877777,"tonal": 0.359465122223},"probability": 0.640534877777,"value": "atonal"},"voice_instrumental": {"all": {"instrumental": 0.508476018906,"voice": 0.491524010897},"probability": 0.508476018906,"value": "instrumental"}},"metadata": {"audio_properties": {"analysis_sample_rate": 44100,"bit_rate": 160020,"equal_loudness": 0,"length": 205.92326355,"lossless": 0,"replay_gain": -15.1394805908,"sample_rate": 44100,"codec": "mp3","downmix": "mix","md5_encoded": "d796f6e37e6a0fb5e1059e957713fa90"},"tags": {"file_name": "Fagget Fairys - Oci.mp3","album": ["Balkan Grooves"],"albumartist": ["Various Artists"],"albumartistsort": ["Various Artists"],"artist": ["Fagget Fairys"],"artistsort": ["Fagget Fairys"],"asin": ["B0033WDCUC"],"barcode": ["4047179465120"],"catalognumber": ["EBM016"],"date": ["2010"],"discnumber": ["1\/1"],"encoding": ["Lavf56.36.100"],"isrc": ["DKAZ70845103"],"label": ["Eastblok Music"],"media": ["CD"],"musicbrainz album release country": ["DE"],"musicbrainz album status": ["official"],"musicbrainz album type": ["album\/compilation"],"musicbrainz_albumartistid": ["89ad4ac3-39f7-470e-963a-56509c546377"],"musicbrainz_albumid": ["e61d1bbe-0a78-45af-83b8-440978bf6de2"],"musicbrainz_artistid": ["e1d8321d-e320-4b95-b837-4910711513a3"],"musicbrainz_recordingid": ["9074628e-b162-4d97-8c29-7e8eda889d30"],"musicbrainz_releasegroupid": ["bc3f6b16-633a-45c5-b207-95beead8ca3d"],"originaldate": ["2010"],"originalyear": ["2010"],"script": ["Latn"],"title": ["Oci"],"tracknumber": ["8\/15"]},"version": {"highlevel": {"essentia": "2.1-beta5-dev","essentia_build_sha": "e74af04b57b164eed312abeef4963962215860f0","essentia_git_sha": "v2.1_beta4-499-g4013ebc","extractor": "music 2.0","gaia": "2.4.5","gaia_git_sha": "v2.4.4-44-g95f4851","models_essentia_git_sha": "v2.1_beta1"},"lowlevel": {"essentia": "2.1-beta2","essentia_build_sha": "70f2e5ece6736b2c40cc944ad0e695b16b925413","essentia_git_sha": "v2.1_beta2","extractor": "music 1.0"}}}}