{"highlevel": {"danceability": {"all": {"danceable": 0.90445536375,"not_danceable": 0.0955446213484},"probability": 0.90445536375,"value": "danceable"},"gender": {"all": {"female": 0.455703824759,"male": 0.544296145439},"probability": 0.544296145439,"value": "male"},"genre_dortmund": {"all": {"alternative": 0.166634976864,"blues": 0.0289804339409,"electronic": 0.704704999924,"folkcountry": 0.0343315526843,"funksoulrnb": 0.00343993213028,"jazz": 0.00527460221201,"pop": 0.00660517532378,"raphiphop": 0.0022254223004,"rock": 0.0478028915823},"probability": 0.704704999924,"value": "electronic"},"genre_electronic": {"all": {"ambient": 0.316337257624,"dnb": 0.0486331172287,"house": 0.129858225584,"techno": 0.0124378325418,"trance": 0.492733567953},"probability": 0.492733567953,"value": "trance"},"genre_rosamerica": {"all": {"cla": 0.000403340702178,"dan": 0.00282231508754,"hip": 0.00111451558769,"jaz": 0.000274888501735,"pop": 0.0103691974655,"rhy": 0.00681552290916,"roc": 0.978077590466,"spe": 0.000122632860439},"probability": 0.978077590466,"value": "roc"},"genre_tzanetakis": {"all": {"blu": 0.0626613423228,"cla": 0.0348169617355,"cou": 0.104475811124,"dis": 0.0784321576357,"hip": 0.15692435205,"jaz": 0.313974827528,"met": 0.0448166541755,"pop": 0.0627359300852,"reg": 0.0627360641956,"roc": 0.0784258767962},"probability": 0.313974827528,"value": "jaz"},"ismir04_rhythm": {"all": {"ChaChaCha": 0.113408051431,"Jive": 0.191433787346,"Quickstep": 0.0267026126385,"Rumba-American": 0.0229565706104,"Rumba-International": 0.0235373098403,"Rumba-Misc": 0.0187693610787,"Samba": 0.0513279512525,"Tango": 0.12829323113,"VienneseWaltz": 0.406379312277,"Waltz": 0.0171918142587},"probability": 0.406379312277,"value": "VienneseWaltz"},"mood_acoustic": {"all": {"acoustic": 1.32474087877e-05,"not_acoustic": 0.999986767769},"probability": 0.999986767769,"value": "not_acoustic"},"mood_aggressive": {"all": {"aggressive": 0.611156642437,"not_aggressive": 0.388843387365},"probability": 0.611156642437,"value": "aggressive"},"mood_electronic": {"all": {"electronic": 0.196540981531,"not_electronic": 0.803458988667},"probability": 0.803458988667,"value": "not_electronic"},"mood_happy": {"all": {"happy": 0.570594668388,"not_happy": 0.429405331612},"probability": 0.570594668388,"value": "happy"},"mood_party": {"all": {"not_party": 0.185720607638,"party": 0.81427937746},"probability": 0.81427937746,"value": "party"},"mood_relaxed": {"all": {"not_relaxed": 0.882589101791,"relaxed": 0.117410875857},"probability": 0.882589101791,"value": "not_relaxed"},"mood_sad": {"all": {"not_sad": 0.924410045147,"sad": 0.0755899325013},"probability": 0.924410045147,"value": "not_sad"},"moods_mirex": {"all": {"Cluster1": 0.114920139313,"Cluster2": 0.141834765673,"Cluster3": 0.072064936161,"Cluster4": 0.0887904688716,"Cluster5": 0.582389712334},"probability": 0.582389712334,"value": "Cluster5"},"timbre": {"all": {"bright": 0.680833280087,"dark": 0.319166690111},"probability": 0.680833280087,"value": "bright"},"tonal_atonal": {"all": {"atonal": 0.449623435736,"tonal": 0.550376534462},"probability": 0.550376534462,"value": "tonal"},"voice_instrumental": {"all": {"instrumental": 0.0109290257096,"voice": 0.989070951939},"probability": 0.989070951939,"value": "voice"}},"metadata": {"audio_properties": {"analysis_sample_rate": 44100,"bit_rate": 320044,"equal_loudness": 0,"length": 213.707748413,"lossless": 0,"replay_gain": -14.8486976624,"sample_rate": 44100,"codec": "mp3","downmix": "mix","md5_encoded": "091f96a598138b6d46a31b4bb4a5dd39"},"tags": {"file_name": "01-06 Someday.mp3","acoustid_fingerprint": ["AQADtGEiJZGTJCG6XmiPZsxSVD7CXJlwZ-gJ7-rho7UQrqSET4Hq7PC7oefxFzryvehbNM9wGZeWY7ioEvFzkN1xHuqP3hZ8ZM-Ki8cf4cR-9CdOGm-O48kUvEFOyGzGIiTzwYweeKSNnzg8DVVD7MO3I_uy49B1xM_RB-9BWCdMFSPF4_jQjBdiKtAfHHd85NVRnQ8a_sGXoR2eHHsEnqjFHHuOJxQatxJ65McfaNOONMfhHyceH8-PNyGxHYzEEz_2ID-0_OgzxNuSo7kU4XrgJwuxBxTzD_OMXnjR9w2a9UP-Qc-DUInxHudRlCcOdz_-wd_hJxKmHw_yHFLSoMc3ZcijvuhZFWGc5DjHQ8eNUw_CPMsxnQ_eBBWaOkxxBU9Ho-mHlgdyqtCRyw9KiRaa49hDnBriJYTESMkRux3-o0F_3LiRS_nBHurRcMcpw5XyYfqMHx8fNLxR6RZ2HEf5oyV04sF9XIl0ZExf9MOpo1yKZzPI8KjeYMoZ5ErxQeuaD81zVHrRKEt43K3wHhqXaUPzHPnx8HhOVAkck0POQ--DX4pwhDlyHZfE4lY1HFOSUYX28MOp8Dg_QkuVY9dxW9CLr4R_IhSD78e_6fh2wo-Ob_FxNLWF58Vt_MPzHHnSQqx6hLyaoNOORtGDN0aTiyiXBHm0Qw-pIFKSg9GLR3lhpy9yXQjzoviKHU2o8Oh4Dr-QE6szQhVp4QHv4NXR83C38HiPSHJO4T_6ZCYRH16HMtKhmg7-LAijo-J4PMWnHJ81hIl04XgP_ThxIvxwaSXyDq-SDYeWfQjtHFcyFtUiHj6PhyvyZKh06J9wPngY-CeeXEieKBvO40Hlfng6El-JccoxiZSM1oKvIfx46MiFbxdeCxUVwrnQG8eF2ufgNOHxo-miFPdhzULSajnyo-YDn0UzKRme4XtQn2jiIT8ST1JYeFfwKBdqZYffHifsKCJqHdd_RB91_MGTHGEq9JyOF_mYoqKUV5CSTTZeIZZ08Ik0FY-K6bvwOIa5V8PRf7iWoezhhBcq_riMPKuIZMT_wlOa4hzeY7vRC7mYCBKzREes5NiT4w-OPQgzQmvsI3yD50a1kXisGPc85NqFsjm87HBMDof8HGFS5TiPi8ct1Dd6g3OOvMeZQbPTw3FyIexFvOlx5oiU76iNkof5QOeNXA7wKUfJ4bnwqmgUZmFQNeiFMyi7E__RH-kI5yxENbkQ_uiD5nhD4xmeoxkpo82Nk7hnNHmE8IfyPciD65iztEVPo-kRdxrkaS8uP3iOE5r1IUw6GU8U4uSDH42bo_aRM7GGXsYmzzhRq8cng9exQ7MKp9KDkIlEvBJ6ounwRkHk7IdG5qAQimmONyOe42ORK3iOyTrCjBmuPLiIvkaDnSEi_dCy9niM3CSab6jcFaHiBVq4nMjxo0fz5fiQQ80UXDbRezB_aG7xZMYpNOcDNaL0wffwSfB5_PihRzpy1HpR20fjxjiVD-HRqD304iJl9BuaSbnwSR9-6Gico1aCiUeY9thzNKKWo6JXHM-MpgnxB8-Ia8yK9BM06widCZbWCX2G60WdG66OHhfJIswWBlqjrCPyBz-DxsmCWuQRlOmNJhL08linJVWgH1ly_EdzXFGOXuATXMqRwz-040XJ8FBW_zhyHU-K34L9oc9xXGKO_wj1D7WmCq8CnRf6MhoabTu-A-eNbkd-Y00SHz968CZiE7qadEWeREd5oD9elNnBpCJyhrGgHXmfo1eCF_dwcU_BZzeqI98lqDrC3HiY4A3-GaWK82D0Fvl16Ee-HJW0SNNh96j0FG9OnJhyH-EZaCG6HTnCw4x4XEfjJIf-4cfHoV0OvUcz5niJ10QoMbB_xDu-4wsP8Tm6WTvO4EMorXD1CFN_nMQVoQkzpahSFnmuQPqCDE9k4gya60L1RBXyH9cFXceVD1I-hAmuEd9eXDp-uCqOPNXAZMeXB8ckisFZQcfUo_mDM8cfDp2Uo4nI41FG6LvQ_Edp5EcktUHzjPgJLdEd9FmjCD-eQxyJN3hy3NmQJs9xMSceCY3DOGhjA3_wSTHiV5AjSUE0J8d5R7iJFw1KOcisSIKuozzOGOWDox2JHF9Gw8qmot5QuUOz48t2hNzBRD9ih_GCnUaTo0uUo4mKXrxwH5dwD7eOhuukI5R6qIlEHDnQnzAZHfkHtZIOl0cXcjn-Cze0jJEVhLpU4Vpy_LiYHTdRn7glnJKEMCFl6PyQ5ziKpuaOPOmh57iO6_gPPTlCX4V_HN9xfPNxH_kHTbyRC0cFX3Nx4SJHpKFWaEN8Czt-ofkpfAzS48rhSxmk9fhD-MOhH-aE6kFe9IIr1fBxzaB4hJ5yPLwQSbguvDxcJZfwHP4wWcdPhFyOhJ8ofGnwH814vDXyC884GVoeCn1yTDy0sDrxJbnQo1F-XEmGuyhZ6D1u6TDHo1yP8Egt6bhuiHxRRHrgH912vEfY8IcZH9JNwUdorEVTVxaqSVGEHz2icccZ0bCiwx9UffAtaD-YRgzsRPiPaKyOlxy2tMENn0ftGxd6F-kfqD-s49GgdSeOHx2vYYvIFOeg68KP8FKK6GhSHSV-btB5HFdoNM9X1LpwQttTNKdx5wJzCw2j4jr-4H-KqevxVPrQh4cu9IJHBgEQAQIITYQSQDHCgADEAGIAQsIIoAhQRhGkCGJKCUEUQQA4gAQQ1BDiCDAMgCuNRYQAAQAAxgFEnJHUOgEEMk4oopATBBEloCacAMEgBEAZwRgQhCCmgGMKKQIwIYIIAooSjghhCAEMICAEEGAZSQkBphpiiADCICWEcQhSAwQ0QAlMrUDAKwEoEUgYZIAhBiAhgIECSkGUUtQYQJQDhCHDgACCCQEUQg4ogQQQwgghEFDAECkcEAYIQpQhRElkkBAKiI0IIooAJYQwyAABFPAAAa2gYo6RYQh2BgBFyQJGKCCUE4IghggSgEgGBDKAAOSFUUIILoRDwDghgSFKCOkcUQAIRAEBABDiEBGCECEIMQQAAQRRhADgpQEACIGNAc4QpqwRgBEBEDCEEiaIMoAABQAkggAAiCDOAASEAowYypABQjEjlBCIMYUAEUIJgRBRAhBgCBOBEICgAkIxpADRgmqFBFHCOeaRMkBZgAww1CDAihPCOASUAAoAgBwCkAIjDGOGACIcQMAYgRAgShgkxAFGDGEEMAgQJAQyABhDnFVCAKCwUoAEYBQAwBlBgaFAcKIMQAIABAQzhhgnCSCCIEAIZYAIBYQQhgIhDEAEECSAMQwgAIQiTAAhiOGICCwZ4MQ4IwgkCBkmjIBQEAEIYEgJQJAilBBiCAAIGcCAAcQAghQCSxpEGLAIMAGAgg4JoAABwAgimCBYMYGEAMI4YQgCwjqiHANOAQUAIsSAA4hTSBICmDICCKOAAAIAYIRhBkDmgABMQBAMQQQIgYAQDADARIBIAGCRAoABZIxBDAiDnAFMEGEiMBAgBpACggAJqBLMMCIcAEIZoRUShAgChCCGASEIIAIQQIgCRhEgmEDIKQUgYsAYgIQRSBlAgRDAQOc8ccogQaBwSAgErBGCkAKAUEoxAgRxAgBgMQ"],"acoustid_id": ["ab2cbd7c-aaa6-4c0a-825e-c5ec69e5df94"],"album": ["Split EP"],"albumartist": ["Project Rocket \/ Fall Out Boy"],"albumartistsort": ["Project Rocket"],"artist": ["Project Rocket"],"artistsort": ["Project Rocket"],"artistwebpage": ["http:\/\/www.uprisingrecords.com\/new_site\/html\/artist.php?bandid=17"],"barcode": ["637339902226"],"catalognumber": ["R22"],"contentgroup": ["Rock", "Indie"],"date": ["2002"],"discnumber": ["01\/01"],"encoding": ["Lame3.92"],"genre": ["Emo", "Rock", "Indie", "Alternative Rock", "Pop Punk"],"label": ["Uprising Records"],"language": ["eng"],"media": ["(CD)"],"musicbrainz album release country": ["US"],"musicbrainz album status": ["Official"],"musicbrainz album type": ["EP"],