{"highlevel": {"danceability": {"all": {"danceable": 0.200708985329,"not_danceable": 0.799291014671},"probability": 0.799291014671,"value": "not_danceable"},"gender": {"all": {"female": 0.290445297956,"male": 0.709554731846},"probability": 0.709554731846,"value": "male"},"genre_dortmund": {"all": {"alternative": 2.49969005495e-08,"blues": 2.45022686585e-08,"electronic": 0.999995827675,"folkcountry": 1.71786109604e-06,"funksoulrnb": 5.41936842069e-08,"jazz": 2.12951727008e-06,"pop": 1.05307677245e-07,"raphiphop": 2.32563888147e-08,"rock": 1.1457416349e-07},"probability": 0.999995827675,"value": "electronic"},"genre_electronic": {"all": {"ambient": 0.73120880127,"dnb": 0.00183830293827,"house": 0.0321954116225,"techno": 0.00921030901372,"trance": 0.22554717958},"probability": 0.73120880127,"value": "ambient"},"genre_rosamerica": {"all": {"cla": 0.0699031576514,"dan": 0.0896900743246,"hip": 0.0213583316654,"jaz": 0.0571067668498,"pop": 0.145595088601,"rhy": 0.311080574989,"roc": 0.282576620579,"spe": 0.0226894039661},"probability": 0.311080574989,"value": "rhy"},"genre_tzanetakis": {"all": {"blu": 0.0437022745609,"cla": 0.0291321873665,"cou": 0.0655450299382,"dis": 0.0538324713707,"hip": 0.13107354939,"jaz": 0.262118309736,"met": 0.0374387651682,"pop": 0.0626477450132,"reg": 0.0524170212448,"roc": 0.262092649937},"probability": 0.262118309736,"value": "jaz"},"ismir04_rhythm": {"all": {"ChaChaCha": 0.00115816504695,"Jive": 0.0048244940117,"Quickstep": 9.73778296611e-05,"Rumba-American": 0.00030609453097,"Rumba-International": 0.000334094918799,"Rumba-Misc": 0.000291740056127,"Samba": 0.000823314185254,"Tango": 0.00782497879118,"VienneseWaltz": 0.984067559242,"Waltz": 0.000272169854725},"probability": 0.984067559242,"value": "VienneseWaltz"},"mood_acoustic": {"all": {"acoustic": 0.521798551083,"not_acoustic": 0.478201419115},"probability": 0.521798551083,"value": "acoustic"},"mood_aggressive": {"all": {"aggressive": 0.0118590360507,"not_aggressive": 0.988140940666},"probability": 0.988140940666,"value": "not_aggressive"},"mood_electronic": {"all": {"electronic": 0.460263490677,"not_electronic": 0.539736509323},"probability": 0.539736509323,"value": "not_electronic"},"mood_happy": {"all": {"happy": 0.253082811832,"not_happy": 0.746917188168},"probability": 0.746917188168,"value": "not_happy"},"mood_party": {"all": {"not_party": 0.938495099545,"party": 0.0615049190819},"probability": 0.938495099545,"value": "not_party"},"mood_relaxed": {"all": {"not_relaxed": 0.165669381618,"relaxed": 0.834330618382},"probability": 0.834330618382,"value": "relaxed"},"mood_sad": {"all": {"not_sad": 0.638793408871,"sad": 0.361206620932},"probability": 0.638793408871,"value": "not_sad"},"moods_mirex": {"all": {"Cluster1": 0.0865882635117,"Cluster2": 0.116202116013,"Cluster3": 0.243604302406,"Cluster4": 0.0661552622914,"Cluster5": 0.487450063229},"probability": 0.487450063229,"value": "Cluster5"},"timbre": {"all": {"bright": 0.833200335503,"dark": 0.166799634695},"probability": 0.833200335503,"value": "bright"},"tonal_atonal": {"all": {"atonal": 0.192152917385,"tonal": 0.807847082615},"probability": 0.807847082615,"value": "tonal"},"voice_instrumental": {"all": {"instrumental": 0.962877511978,"voice": 0.0371224582195},"probability": 0.962877511978,"value": "instrumental"}},"metadata": {"audio_properties": {"analysis_sample_rate": 44100,"bit_rate": 320000,"equal_loudness": 0,"length": 287.294708252,"lossless": 0,"replay_gain": -15.8994731903,"sample_rate": 44100,"codec": "mp3","downmix": "mix","md5_encoded": "8f0337d1483ba53eb1d821a1b8c763fa"},"tags": {"file_name": "06. Future Islands - Swept Inside.mp3","album": ["In Evening Air"],"albumartist": ["Future Islands"],"artist": ["Future Islands"],"artistsort": ["Future Islands"],"asin": ["B003D0ZNDI"],"date": ["2010"],"encodedby": ["iTunes 8.2.1"],"genre": ["Synthpop"],"label": ["Thrill Jockey"],"musicbrainz album type": ["Album"],"musicbrainz_albumid": ["5ce79023-6a71-4a92-bf65-eaa6213c4944"],"musicbrainz_artistid": ["74963434-dcb6-4b14-98cc-99873b06db66"],"musicbrainz_recordingid": ["909a2de6-8da3-4aa6-ac70-51033708ebe3"],"releasecountry": ["GB"],"title": ["Swept Inside"],"tracknumber": ["6"]},"version": {"highlevel": {"essentia": "2.1-beta5-dev","essentia_build_sha": "e74af04b57b164eed312abeef4963962215860f0","essentia_git_sha": "v2.1_beta4-499-g4013ebc","extractor": "music 2.0","gaia": "2.4.5","gaia_git_sha": "v2.4.4-44-g95f4851","models_essentia_git_sha": "v2.1_beta1"},"lowlevel": {"essentia": "2.1-beta2","essentia_build_sha": "c0e182ba78c2de26e491b7b7a4a2c98c1ed34208","essentia_git_sha": "v2.1_beta2-2-gbb40004","extractor": "music 1.0"}}}}