{"highlevel": {"danceability": {"all": {"danceable": 0.47517156601,"not_danceable": 0.52482843399},"probability": 0.52482843399,"value": "not_danceable"},"gender": {"all": {"female": 0.701637685299,"male": 0.298362344503},"probability": 0.701637685299,"value": "female"},"genre_dortmund": {"all": {"alternative": 0.0514566712081,"blues": 0.00554874632508,"electronic": 0.929179549217,"folkcountry": 0.00774060189724,"funksoulrnb": 0.00029148964677,"jazz": 0.000579360930715,"pop": 0.000674733601045,"raphiphop": 0.00019279542903,"rock": 0.00433606887236},"probability": 0.929179549217,"value": "electronic"},"genre_electronic": {"all": {"ambient": 0.688934087753,"dnb": 0.0286301057786,"house": 0.0882868617773,"techno": 0.0132950041443,"trance": 0.180853918195},"probability": 0.688934087753,"value": "ambient"},"genre_rosamerica": {"all": {"cla": 0.00950104277581,"dan": 0.00564117915928,"hip": 0.00120225478895,"jaz": 0.0319608002901,"pop": 0.0665248185396,"rhy": 0.0176268499345,"roc": 0.864233255386,"spe": 0.00330981519073},"probability": 0.864233255386,"value": "roc"},"genre_tzanetakis": {"all": {"blu": 0.0660622343421,"cla": 0.0366779305041,"cou": 0.0825211331248,"dis": 0.0660345107317,"hip": 0.110081255436,"jaz": 0.330360710621,"met": 0.066074848175,"pop": 0.0660562589765,"reg": 0.0660489574075,"roc": 0.110082156956},"probability": 0.330360710621,"value": "jaz"},"ismir04_rhythm": {"all": {"ChaChaCha": 0.0175443217158,"Jive": 0.0180074889213,"Quickstep": 0.00262206606567,"Rumba-American": 0.0074166469276,"Rumba-International": 0.00397370988503,"Rumba-Misc": 0.00472541106865,"Samba": 0.00456615583971,"Tango": 0.764411211014,"VienneseWaltz": 0.173225402832,"Waltz": 0.00350757641718},"probability": 0.764411211014,"value": "Tango"},"mood_acoustic": {"all": {"acoustic": 0.356265425682,"not_acoustic": 0.643734574318},"probability": 0.643734574318,"value": "not_acoustic"},"mood_aggressive": {"all": {"aggressive": 0.0885284468532,"not_aggressive": 0.911471545696},"probability": 0.911471545696,"value": "not_aggressive"},"mood_electronic": {"all": {"electronic": 0.345617830753,"not_electronic": 0.654382169247},"probability": 0.654382169247,"value": "not_electronic"},"mood_happy": {"all": {"happy": 0.356371968985,"not_happy": 0.643628060818},"probability": 0.643628060818,"value": "not_happy"},"mood_party": {"all": {"not_party": 0.960815608501,"party": 0.0391843877733},"probability": 0.960815608501,"value": "not_party"},"mood_relaxed": {"all": {"not_relaxed": 0.0323867835104,"relaxed": 0.967613220215},"probability": 0.967613220215,"value": "relaxed"},"mood_sad": {"all": {"not_sad": 0.639040112495,"sad": 0.360959857702},"probability": 0.639040112495,"value": "not_sad"},"moods_mirex": {"all": {"Cluster1": 0.123440481722,"Cluster2": 0.189282089472,"Cluster3": 0.268022656441,"Cluster4": 0.225461065769,"Cluster5": 0.193793714046},"probability": 0.268022656441,"value": "Cluster3"},"timbre": {"all": {"bright": 0.892168879509,"dark": 0.107831098139},"probability": 0.892168879509,"value": "bright"},"tonal_atonal": {"all": {"atonal": 0.0210018232465,"tonal": 0.978998184204},"probability": 0.978998184204,"value": "tonal"},"voice_instrumental": {"all": {"instrumental": 0.0148113397881,"voice": 0.985188663006},"probability": 0.985188663006,"value": "voice"}},"metadata": {"audio_properties": {"analysis_sample_rate": 44100,"bit_rate": 0,"equal_loudness": 0,"length": 276.533325195,"lossless": 1,"replay_gain": -15.0793647766,"sample_rate": 44100,"codec": "flac","downmix": "mix","md5_encoded": "669162c74dc975912093bc2bc6faf0f6"},"tags": {"file_name": "07 Sleepsinging.flac","album": ["Bastards of the Beat"],"albumartist": ["The Damnwells"],"albumartistsort": ["Damnwells, The"],"artist": ["The Damnwells"],"artistsort": ["Damnwells, The"],"asin": ["B0001NBN34"],"barcode": ["0766929206922"],"catalognumber": ["WK 92069"],"date": ["2003-10-07"],"discnumber": ["1"],"disctotal": ["1"],"genre": ["Pop", "Pop Rock", "Rock", "Pop Rock", "Male Vocalist"],"isrc": ["USSM10401006"],"label": ["Epic", "RED Ink"],"media": ["CD"],"musicbrainz_albumartistid": ["d47367b1-a847-41f9-8123-8f1e80e27db1"],"musicbrainz_albumid": ["0419d1c2-22db-4da3-9465-1054c9c269a0"],"musicbrainz_artistid": ["d47367b1-a847-41f9-8123-8f1e80e27db1"],"musicbrainz_recordingid": ["7d20ccce-4831-4e27-8508-476fb8907a5e"],"musicbrainz_releasegroupid": ["321f6dc6-c374-344e-9433-7cb24cd12d79"],"musicbrainz_releasetrackid": ["0ced77fa-f103-3f65-a11b-a47d25ed286b"],"originaldate": ["2003-10-07"],"originalyear": ["2003"],"releasecountry": ["US"],"releasestatus": ["official"],"releasetype": ["album"],"script": ["Latn"],"title": ["Sleepsinging"],"totaldiscs": ["1"],"totaltracks": ["13"],"tracknumber": ["7"],"tracktotal": ["13"],"website": ["http:\/\/www.thedamnwells.com\/"]},"version": {"highlevel": {"essentia": "2.1-beta5-dev","essentia_build_sha": "e74af04b57b164eed312abeef4963962215860f0","essentia_git_sha": "v2.1_beta4-499-g4013ebc","extractor": "music 2.0","gaia": "2.4.5","gaia_git_sha": "v2.4.4-44-g95f4851","models_essentia_git_sha": "v2.1_beta1"},"lowlevel": {"essentia": "2.1-beta2","essentia_build_sha": "2d9f1f26377add8aeb1075a9c2973f962c4f09fd","essentia_git_sha": "v2.1_beta2-1-ge3940c0","extractor": "music 1.0"}}}}