{"highlevel": {"danceability": {"all": {"danceable": 0.791742801666,"not_danceable": 0.208257228136},"probability": 0.791742801666,"value": "danceable"},"gender": {"all": {"female": 0.6519343853,"male": 0.348065644503},"probability": 0.6519343853,"value": "female"},"genre_dortmund": {"all": {"alternative": 0.0748947262764,"blues": 0.0156695079058,"electronic": 0.774541318417,"folkcountry": 0.0277609657496,"funksoulrnb": 0.00213623908348,"jazz": 0.00613992940634,"pop": 0.00916008185595,"raphiphop": 0.0011664723279,"rock": 0.088530741632},"probability": 0.774541318417,"value": "electronic"},"genre_electronic": {"all": {"ambient": 0.092329710722,"dnb": 0.107767373323,"house": 0.207692012191,"techno": 0.0239564385265,"trance": 0.568254470825},"probability": 0.568254470825,"value": "trance"},"genre_rosamerica": {"all": {"cla": 0.000462811265606,"dan": 0.129691272974,"hip": 0.00898965727538,"jaz": 0.00294646015391,"pop": 0.0531624555588,"rhy": 0.00258852820843,"roc": 0.801641583443,"spe": 0.00051725510275},"probability": 0.801641583443,"value": "roc"},"genre_tzanetakis": {"all": {"blu": 0.0626613423228,"cla": 0.0348169617355,"cou": 0.104475811124,"dis": 0.0784321576357,"hip": 0.15692435205,"jaz": 0.313974827528,"met": 0.0448166541755,"pop": 0.0627359300852,"reg": 0.0627360641956,"roc": 0.0784258767962},"probability": 0.313974827528,"value": "jaz"},"ismir04_rhythm": {"all": {"ChaChaCha": 0.782400846481,"Jive": 0.170962303877,"Quickstep": 0.00152561545838,"Rumba-American": 0.00363880721852,"Rumba-International": 0.00183111906517,"Rumba-Misc": 0.000969203945715,"Samba": 0.0343226864934,"Tango": 0.00176319037564,"VienneseWaltz": 0.00202870741487,"Waltz": 0.000557488005143},"probability": 0.782400846481,"value": "ChaChaCha"},"mood_acoustic": {"all": {"acoustic": 0.00372135476209,"not_acoustic": 0.996278643608},"probability": 0.996278643608,"value": "not_acoustic"},"mood_aggressive": {"all": {"aggressive": 0.835491359234,"not_aggressive": 0.164508625865},"probability": 0.835491359234,"value": "aggressive"},"mood_electronic": {"all": {"electronic": 0.87869399786,"not_electronic": 0.121306031942},"probability": 0.87869399786,"value": "electronic"},"mood_happy": {"all": {"happy": 0.510211884975,"not_happy": 0.489788115025},"probability": 0.510211884975,"value": "happy"},"mood_party": {"all": {"not_party": 0.0429712086916,"party": 0.95702880621},"probability": 0.95702880621,"value": "party"},"mood_relaxed": {"all": {"not_relaxed": 0.904213368893,"relaxed": 0.095786601305},"probability": 0.904213368893,"value": "not_relaxed"},"mood_sad": {"all": {"not_sad": 0.979890227318,"sad": 0.0201097596437},"probability": 0.979890227318,"value": "not_sad"},"moods_mirex": {"all": {"Cluster1": 0.19725330174,"Cluster2": 0.0994147062302,"Cluster3": 0.0249057263136,"Cluster4": 0.0704914554954,"Cluster5": 0.607934832573},"probability": 0.607934832573,"value": "Cluster5"},"timbre": {"all": {"bright": 0.137149691582,"dark": 0.862850308418},"probability": 0.862850308418,"value": "dark"},"tonal_atonal": {"all": {"atonal": 0.5,"tonal": 0.5},"probability": 0.5,"value": "tonal"},"voice_instrumental": {"all": {"instrumental": 0.0546470507979,"voice": 0.945352971554},"probability": 0.945352971554,"value": "voice"}},"metadata": {"audio_properties": {"analysis_sample_rate": 44100,"bit_rate": 0,"equal_loudness": 0,"length": 148.559997559,"lossless": 1,"replay_gain": -14.1840133667,"sample_rate": 44100,"codec": "flac","downmix": "mix","md5_encoded": "c65d37751cc05508a159f504e64b29e9"},"tags": {"file_name": "15-Miss_Lucifer.flac","album": ["Dirty Hits"],"artist": ["Primal Scream"],"date": ["2003-00-00"],"musicbrainz_albumid": ["e00e9dc0-cf6b-4791-9fb0-ad21644cd3e7"],"musicbrainz_artistid": ["55704c38-224f-4b75-b29f-d43653f8bc9a"],"musicbrainz_recordingid": ["a018d07a-e2a3-48c8-8001-16d11171288e"],"title": ["Miss Lucifer"],"tracknumber": ["15"]},"version": {"highlevel": {"essentia": "2.1-beta5-dev","essentia_build_sha": "e74af04b57b164eed312abeef4963962215860f0","essentia_git_sha": "v2.1_beta4-499-g4013ebc","extractor": "music 2.0","gaia": "2.4.5","gaia_git_sha": "v2.4.4-44-g95f4851","models_essentia_git_sha": "v2.1_beta1"},"lowlevel": {"essentia": "2.1-beta2","essentia_build_sha": "c0e182ba78c2de26e491b7b7a4a2c98c1ed34208","essentia_git_sha": "v2.1_beta2-2-gbb40004","extractor": "music 1.0"}}}}