{"highlevel": {"danceability": {"all": {"danceable": 0.0195319317281,"not_danceable": 0.980468094349},"probability": 0.980468094349,"value": "not_danceable"},"gender": {"all": {"female": 0.910320937634,"male": 0.0896790772676},"probability": 0.910320937634,"value": "female"},"genre_dortmund": {"all": {"alternative": 0.00320586655289,"blues": 0.000497013854329,"electronic": 0.993019521236,"folkcountry": 0.00148239801638,"funksoulrnb": 5.81770873396e-05,"jazz": 0.00121360574849,"pop": 9.44928760873e-05,"raphiphop": 3.0599116144e-05,"rock": 0.000398321280954},"probability": 0.993019521236,"value": "electronic"},"genre_electronic": {"all": {"ambient": 0.860087573528,"dnb": 0.0081973252818,"house": 0.0689552277327,"techno": 0.0174878463149,"trance": 0.0452720075846},"probability": 0.860087573528,"value": "ambient"},"genre_rosamerica": {"all": {"cla": 0.0172005034983,"dan": 0.00531876366585,"hip": 0.0260714683682,"jaz": 0.218597114086,"pop": 0.0910592451692,"rhy": 0.629624605179,"roc": 0.00299105839804,"spe": 0.00913722906262},"probability": 0.629624605179,"value": "rhy"},"genre_tzanetakis": {"all": {"blu": 0.0536248125136,"cla": 0.0402137003839,"cou": 0.0804244577885,"dis": 0.0536149553955,"hip": 0.0643390268087,"jaz": 0.3217048347,"met": 0.0643490701914,"pop": 0.080434165895,"reg": 0.0804325267673,"roc": 0.160862460732},"probability": 0.3217048347,"value": "jaz"},"ismir04_rhythm": {"all": {"ChaChaCha": 0.101207852364,"Jive": 0.0134278265759,"Quickstep": 0.0111620249227,"Rumba-American": 0.0269872061908,"Rumba-International": 0.0338359810412,"Rumba-Misc": 0.0509200394154,"Samba": 0.0587330982089,"Tango": 0.326034218073,"VienneseWaltz": 0.364792913198,"Waltz": 0.0128988530487},"probability": 0.364792913198,"value": "VienneseWaltz"},"mood_acoustic": {"all": {"acoustic": 0.727291405201,"not_acoustic": 0.272708594799},"probability": 0.727291405201,"value": "acoustic"},"mood_aggressive": {"all": {"aggressive": 2.58796400976e-10,"not_aggressive": 1},"probability": 1,"value": "not_aggressive"},"mood_electronic": {"all": {"electronic": 0.312497884035,"not_electronic": 0.687502145767},"probability": 0.687502145767,"value": "not_electronic"},"mood_happy": {"all": {"happy": 0.229270279408,"not_happy": 0.770729720592},"probability": 0.770729720592,"value": "not_happy"},"mood_party": {"all": {"not_party": 0.999799787998,"party": 0.000200223803404},"probability": 0.999799787998,"value": "not_party"},"mood_relaxed": {"all": {"not_relaxed": 0.191214978695,"relaxed": 0.808785021305},"probability": 0.808785021305,"value": "relaxed"},"mood_sad": {"all": {"not_sad": 0.41407930851,"sad": 0.58592069149},"probability": 0.58592069149,"value": "sad"},"moods_mirex": {"all": {"Cluster1": 0.0907036587596,"Cluster2": 0.190568894148,"Cluster3": 0.201906308532,"Cluster4": 0.202458634973,"Cluster5": 0.31436252594},"probability": 0.31436252594,"value": "Cluster5"},"timbre": {"all": {"bright": 0.0583292096853,"dark": 0.941670775414},"probability": 0.941670775414,"value": "dark"},"tonal_atonal": {"all": {"atonal": 0.982491254807,"tonal": 0.0175087302923},"probability": 0.982491254807,"value": "atonal"},"voice_instrumental": {"all": {"instrumental": 0.0306476671249,"voice": 0.969352304935},"probability": 0.969352304935,"value": "voice"}},"metadata": {"audio_properties": {"analysis_sample_rate": 44100,"bit_rate": 0,"equal_loudness": 0,"length": 221.600006104,"lossless": 1,"replay_gain": -11.354095459,"sample_rate": 44100,"codec": "flac","downmix": "mix","md5_encoded": "0aeb5764b53eb9b067d163dc68ca6ee5"},"tags": {"file_name": "09 - Empty (Hideaway).flac","acoustid_id": ["1be86387-ed67-4b39-b165-eba4e0fc08e5"],"album": ["Hear My Cry"],"albumartist": ["Sonique"],"albumartistsort": ["Sonique"],"artist": ["Sonique"],"artistsort": ["Sonique"],"asin": ["B00004NKBF"],"catalognumber": ["01215736-2"],"date": ["2000-02"],"discnumber": ["1"],"disctotal": ["1"],"genre": ["Dance"],"grouping": ["Dance"],"label": ["Jimmy and Doug's Farmclub.com"],"media": ["CD"],"mood": ["Sad"],"musicbrainz_albumartistid": ["e8b37da4-6cb2-4641-ab53-da42f02fbdfb"],"musicbrainz_albumid": ["ce51e568-6070-4d8c-b798-c5c25e4fc9e5"],"musicbrainz_artistid": ["e8b37da4-6cb2-4641-ab53-da42f02fbdfb"],"musicbrainz_recordingid": ["7dfabbd6-7584-4bb9-af2a-37c33dbafb2b"],"musicbrainz_releasegroupid": ["6b053b76-4162-3c9c-96b1-e83d3f17f01a"],"musicbrainz_releasetrackid": ["f77b9d33-5a3f-3ca6-8161-7bd182ba31d6"],"originaldate": ["2000-02"],"originalyear": ["2000"],"releasecountry": ["US"],"releasestatus": ["official"],"releasetype": ["album"],"script": ["Latn"],"title": ["Empty (Hideaway)"],"totaldiscs": ["1"],"totaltracks": ["12"],"tracknumber": ["9"],"tracktotal": ["12"]},"version": {"highlevel": {"essentia": "2.1-beta5-dev","essentia_build_sha": "e74af04b57b164eed312abeef4963962215860f0","essentia_git_sha": "v2.1_beta4-499-g4013ebc","extractor": "music 2.0","gaia": "2.4.5","gaia_git_sha": "v2.4.4-44-g95f4851","models_essentia_git_sha": "v2.1_beta1"},"lowlevel": {"essentia": "2.1-beta2","essentia_build_sha": "2d9f1f26377add8aeb1075a9c2973f962c4f09fd","essentia_git_sha": "v2.1_beta2-1-ge3940c0","extractor": "music 1.0"}}}}