{"highlevel": {"danceability": {"all": {"danceable": 0.597734212875,"not_danceable": 0.402265787125},"probability": 0.597734212875,"value": "danceable"},"gender": {"all": {"female": 0.746984779835,"male": 0.253015190363},"probability": 0.746984779835,"value": "female"},"genre_dortmund": {"all": {"alternative": 0.00242605037056,"blues": 0.000322764739394,"electronic": 0.995897591114,"folkcountry": 0.000671244517434,"funksoulrnb": 8.39874246594e-06,"jazz": 0.00050055218162,"pop": 2.80187014141e-05,"raphiphop": 4.68430971523e-06,"rock": 0.000140678384923},"probability": 0.995897591114,"value": "electronic"},"genre_electronic": {"all": {"ambient": 0.757586717606,"dnb": 0.00622726883739,"house": 0.0448863916099,"techno": 0.176229447126,"trance": 0.0150701515377},"probability": 0.757586717606,"value": "ambient"},"genre_rosamerica": {"all": {"cla": 0.0603475943208,"dan": 0.0129172550514,"hip": 0.0688296183944,"jaz": 0.508897781372,"pop": 0.0213209763169,"rhy": 0.288345575333,"roc": 0.0127873858437,"spe": 0.0265538357198},"probability": 0.508897781372,"value": "jaz"},"genre_tzanetakis": {"all": {"blu": 0.0617713928223,"cla": 0.0343018434942,"cou": 0.102904699743,"dis": 0.0514719486237,"hip": 0.154438391328,"jaz": 0.309046447277,"met": 0.0441263727844,"pop": 0.0772129744291,"reg": 0.0617708563805,"roc": 0.102955065668},"probability": 0.309046447277,"value": "jaz"},"ismir04_rhythm": {"all": {"ChaChaCha": 0.0827390253544,"Jive": 0.0604684352875,"Quickstep": 0.0240252073854,"Rumba-American": 0.0519508905709,"Rumba-International": 0.063495695591,"Rumba-Misc": 0.0232060216367,"Samba": 0.119899585843,"Tango": 0.520084738731,"VienneseWaltz": 0.0410170890391,"Waltz": 0.0131133273244},"probability": 0.520084738731,"value": "Tango"},"mood_acoustic": {"all": {"acoustic": 0.111068122089,"not_acoustic": 0.888931870461},"probability": 0.888931870461,"value": "not_acoustic"},"mood_aggressive": {"all": {"aggressive": 6.9372142579e-12,"not_aggressive": 1},"probability": 1,"value": "not_aggressive"},"mood_electronic": {"all": {"electronic": 0.790895581245,"not_electronic": 0.209104433656},"probability": 0.790895581245,"value": "electronic"},"mood_happy": {"all": {"happy": 0.0562812201679,"not_happy": 0.943718791008},"probability": 0.943718791008,"value": "not_happy"},"mood_party": {"all": {"not_party": 0.998941242695,"party": 0.00105874205474},"probability": 0.998941242695,"value": "not_party"},"mood_relaxed": {"all": {"not_relaxed": 0.19064861536,"relaxed": 0.80935138464},"probability": 0.80935138464,"value": "relaxed"},"mood_sad": {"all": {"not_sad": 0.758062899113,"sad": 0.241937100887},"probability": 0.758062899113,"value": "not_sad"},"moods_mirex": {"all": {"Cluster1": 0.113285310566,"Cluster2": 0.107051417232,"Cluster3": 0.250599175692,"Cluster4": 0.104357644916,"Cluster5": 0.424706459045},"probability": 0.424706459045,"value": "Cluster5"},"timbre": {"all": {"bright": 0.000454849068774,"dark": 0.999545156956},"probability": 0.999545156956,"value": "dark"},"tonal_atonal": {"all": {"atonal": 0.999995708466,"tonal": 4.28566090704e-06},"probability": 0.999995708466,"value": "atonal"},"voice_instrumental": {"all": {"instrumental": 0.996985077858,"voice": 0.00301491096616},"probability": 0.996985077858,"value": "instrumental"}},"metadata": {"audio_properties": {"analysis_sample_rate": 44100,"bit_rate": 128000,"equal_loudness": 0,"length": 257.35836792,"lossless": 0,"replay_gain": -3.15491485596,"sample_rate": 44100,"codec": "mp3","downmix": "mix","md5_encoded": "6467a7f74051f8523e345090a86b7cc5"},"tags": {"file_name": "10 - The Be Good Tanyas - Lonesome Blues.mp3","album": ["Chinatown"],"album artist credit": ["The Be Good Tanyas"],"albumartist": ["The Be Good Tanyas"],"albumartistsort": ["Be Good Tanyas, The"],"artist": ["The Be Good Tanyas"],"artist credit": ["The Be Good Tanyas"],"artistsort": ["Be Good Tanyas, The"],"asin": ["B000089IYV"],"bpm": ["0"],"date": ["2003-03-11"],"discnumber": ["1\/1"],"genre": ["Modern Folk - Alternative Folk"],"label": ["Nettwerk America"],"language": ["eng"],"media": ["CD"],"musicbrainz album release country": ["US"],"musicbrainz album status": ["Official"],"musicbrainz album type": ["album"],"musicbrainz_albumartistid": ["bf52f343-a752-4633-8521-9e99eaad8f9f"],"musicbrainz_albumid": ["d83a156e-46b0-4f23-9205-a8fe06ef6936"],"musicbrainz_artistid": ["bf52f343-a752-4633-8521-9e99eaad8f9f"],"musicbrainz_recordingid": ["00f9c7a6-de6f-4bdc-8a0b-b9e45f2acf81"],"musicbrainz_releasegroupid": ["b4ce77b2-9d6f-3d09-a59c-2930d58e3130"],"originaldate": ["2003-03-11"],"replaygain_album_gain": ["0.00 dB"],"replaygain_album_peak": ["0.000000"],"replaygain_track_gain": ["4.18 dB"],"replaygain_track_peak": ["0.592712"],"script": ["Latn"],"title": ["Lonesome Blues"],"tracknumber": ["10\/14"]},"version": {"highlevel": {"essentia": "2.1-beta5-dev","essentia_build_sha": "e74af04b57b164eed312abeef4963962215860f0","essentia_git_sha": "v2.1_beta4-499-g4013ebc","extractor": "music 2.0","gaia": "2.4.5","gaia_git_sha": "v2.4.4-44-g95f4851","models_essentia_git_sha": "v2.1_beta1"},"lowlevel": {"essentia": "2.1-beta1","essentia_build_sha": "5a811adb4c06fd6d02ca903f7349a26d851abfa8","essentia_git_sha": "v2.1_beta1-34-gf95df8b","extractor": "music 1.0"}}}}