{"highlevel": {"danceability": {"all": {"danceable": 0.819393634796,"not_danceable": 0.180606380105},"probability": 0.819393634796,"value": "danceable"},"gender": {"all": {"female": 0.523865163326,"male": 0.476134866476},"probability": 0.523865163326,"value": "female"},"genre_dortmund": {"all": {"alternative": 0.049083314836,"blues": 0.0233198422939,"electronic": 0.775663793087,"folkcountry": 0.109919175506,"funksoulrnb": 0.00269465032034,"jazz": 0.00939839705825,"pop": 0.00604503974319,"raphiphop": 0.00227997428738,"rock": 0.0215958412737},"probability": 0.775663793087,"value": "electronic"},"genre_electronic": {"all": {"ambient": 0.453762918711,"dnb": 0.0377469100058,"house": 0.387532383204,"techno": 0.0245355032384,"trance": 0.0964222848415},"probability": 0.453762918711,"value": "ambient"},"genre_rosamerica": {"all": {"cla": 0.00267328601331,"dan": 0.00476234126836,"hip": 0.0271106660366,"jaz": 0.0603991448879,"pop": 0.418098449707,"rhy": 0.45569434762,"roc": 0.0280099771917,"spe": 0.00325181055814},"probability": 0.45569434762,"value": "rhy"},"genre_tzanetakis": {"all": {"blu": 0.0626613423228,"cla": 0.0348169617355,"cou": 0.104475811124,"dis": 0.0784321576357,"hip": 0.15692435205,"jaz": 0.313974827528,"met": 0.0448166541755,"pop": 0.0627359300852,"reg": 0.0627360641956,"roc": 0.0784258767962},"probability": 0.313974827528,"value": "jaz"},"ismir04_rhythm": {"all": {"ChaChaCha": 0.101795941591,"Jive": 0.0392684526742,"Quickstep": 0.0256191082299,"Rumba-American": 0.062930598855,"Rumba-International": 0.0540312565863,"Rumba-Misc": 0.021942185238,"Samba": 0.0548915788531,"Tango": 0.406742215157,"VienneseWaltz": 0.217306017876,"Waltz": 0.0154726486653},"probability": 0.406742215157,"value": "Tango"},"mood_acoustic": {"all": {"acoustic": 0.936331272125,"not_acoustic": 0.0636687427759},"probability": 0.936331272125,"value": "acoustic"},"mood_aggressive": {"all": {"aggressive": 0.0115357097238,"not_aggressive": 0.988464295864},"probability": 0.988464295864,"value": "not_aggressive"},"mood_electronic": {"all": {"electronic": 0.175512045622,"not_electronic": 0.82448798418},"probability": 0.82448798418,"value": "not_electronic"},"mood_happy": {"all": {"happy": 0.434365898371,"not_happy": 0.565634071827},"probability": 0.565634071827,"value": "not_happy"},"mood_party": {"all": {"not_party": 0.801963329315,"party": 0.198036670685},"probability": 0.801963329315,"value": "not_party"},"mood_relaxed": {"all": {"not_relaxed": 0.542192101479,"relaxed": 0.457807928324},"probability": 0.542192101479,"value": "not_relaxed"},"mood_sad": {"all": {"not_sad": 0.382237046957,"sad": 0.617762982845},"probability": 0.617762982845,"value": "sad"},"moods_mirex": {"all": {"Cluster1": 0.0777995437384,"Cluster2": 0.215541154146,"Cluster3": 0.506840705872,"Cluster4": 0.149827837944,"Cluster5": 0.0499907322228},"probability": 0.506840705872,"value": "Cluster3"},"timbre": {"all": {"bright": 0.939943194389,"dark": 0.0600567832589},"probability": 0.939943194389,"value": "bright"},"tonal_atonal": {"all": {"atonal": 0.072153404355,"tonal": 0.927846610546},"probability": 0.927846610546,"value": "tonal"},"voice_instrumental": {"all": {"instrumental": 0.0154902385548,"voice": 0.984509766102},"probability": 0.984509766102,"value": "voice"}},"metadata": {"audio_properties": {"analysis_sample_rate": 44100,"bit_rate": 128000,"equal_loudness": 0,"length": 311.666931152,"lossless": 0,"replay_gain": -12.9716510773,"sample_rate": 44100,"codec": "mp3","downmix": "mix","md5_encoded": "87f843d305cc2c7507d4be817170f0b1"},"tags": {"file_name": "Bacilos - Tabaco y Chanel.mp3","acoustid_id": ["279608b2-14ed-46df-967f-da5665251370"],"album": ["Exitos del año"],"albumartist": ["Various Artists"],"albumartistsort": ["Various Artists"],"artist": ["Bacilos"],"artistsort": ["Bacilos"],"discnumber": ["3\/3"],"genre": ["Latin"],"length": ["311666"],"media": ["CD"],"musicbrainz album status": ["official"],"musicbrainz album type": ["album\/compilation"],"musicbrainz_albumartistid": ["89ad4ac3-39f7-470e-963a-56509c546377"],"musicbrainz_albumid": ["2daa3683-5fad-48a6-bda2-d1b75416a263"],"musicbrainz_artistid": ["f69d655c-ffd6-4bee-8c2a-3086b2be2fc6"],"musicbrainz_recordingid": ["2bd3b5c4-2dde-4955-9b75-b43bb25947de"],"musicbrainz_releasegroupid": ["2c55fb41-4a10-3fa1-b905-bf947767b759"],"script": ["Latn"],"title": ["Tabaco y Chanel"],"tracknumber": ["17\/20"]},"version": {"highlevel": {"essentia": "2.1-beta5-dev","essentia_build_sha": "e74af04b57b164eed312abeef4963962215860f0","essentia_git_sha": "v2.1_beta4-499-g4013ebc","extractor": "music 2.0","gaia": "2.4.5","gaia_git_sha": "v2.4.4-44-g95f4851","models_essentia_git_sha": "v2.1_beta1"},"lowlevel": {"essentia": "2.1-beta2","essentia_build_sha": "c0e182ba78c2de26e491b7b7a4a2c98c1ed34208","essentia_git_sha": "v2.1_beta2-2-gbb40004","extractor": "music 1.0"}}}}