{"highlevel": {"danceability": {"all": {"danceable": 0.98666536808,"not_danceable": 0.0133346542716},"probability": 0.98666536808,"value": "danceable"},"gender": {"all": {"female": 0.672266900539,"male": 0.327733099461},"probability": 0.672266900539,"value": "female"},"genre_dortmund": {"all": {"alternative": 5.33718036877e-07,"blues": 4.781003895e-07,"electronic": 0.9996098876,"folkcountry": 1.44408122651e-05,"funksoulrnb": 3.46128126694e-06,"jazz": 0.000328260211973,"pop": 4.14362148149e-06,"raphiphop": 8.57004670252e-06,"rock": 3.02317730529e-05},"probability": 0.9996098876,"value": "electronic"},"genre_electronic": {"all": {"ambient": 0.263757556677,"dnb": 0.0281265471131,"house": 0.518302321434,"techno": 0.0692189112306,"trance": 0.120594702661},"probability": 0.518302321434,"value": "house"},"genre_rosamerica": {"all": {"cla": 0.016814397648,"dan": 0.0598649419844,"hip": 0.607100903988,"jaz": 0.0216512493789,"pop": 0.0254246629775,"rhy": 0.243889778852,"roc": 0.0079658748582,"spe": 0.0172881744802},"probability": 0.607100903988,"value": "hip"},"genre_tzanetakis": {"all": {"blu": 0.0622582100332,"cla": 0.0466684661806,"cou": 0.0746714919806,"dis": 0.074705325067,"hip": 0.186866149306,"jaz": 0.187099412084,"met": 0.0748249068856,"pop": 0.124669194221,"reg": 0.0747784823179,"roc": 0.0934583544731},"probability": 0.187099412084,"value": "jaz"},"ismir04_rhythm": {"all": {"ChaChaCha": 0.947039783001,"Jive": 0.00353919924237,"Quickstep": 0.00127918412909,"Rumba-American": 0.00759271951392,"Rumba-International": 0.00134180742316,"Rumba-Misc": 0.00102171103936,"Samba": 0.0090719461441,"Tango": 0.0266566928476,"VienneseWaltz": 0.00205993722193,"Waltz": 0.000397036201321},"probability": 0.947039783001,"value": "ChaChaCha"},"mood_acoustic": {"all": {"acoustic": 0.0107969390228,"not_acoustic": 0.989203035831},"probability": 0.989203035831,"value": "not_acoustic"},"mood_aggressive": {"all": {"aggressive": 0.437802612782,"not_aggressive": 0.562197387218},"probability": 0.562197387218,"value": "not_aggressive"},"mood_electronic": {"all": {"electronic": 0.956901609898,"not_electronic": 0.0430984087288},"probability": 0.956901609898,"value": "electronic"},"mood_happy": {"all": {"happy": 0.063947930932,"not_happy": 0.936052083969},"probability": 0.936052083969,"value": "not_happy"},"mood_party": {"all": {"not_party": 0.0912982076406,"party": 0.908701777458},"probability": 0.908701777458,"value": "party"},"mood_relaxed": {"all": {"not_relaxed": 0.194172203541,"relaxed": 0.805827796459},"probability": 0.805827796459,"value": "relaxed"},"mood_sad": {"all": {"not_sad": 0.636080622673,"sad": 0.363919347525},"probability": 0.636080622673,"value": "not_sad"},"moods_mirex": {"all": {"Cluster1": 0.0799564644694,"Cluster2": 0.103358626366,"Cluster3": 0.0928914919496,"Cluster4": 0.0795594379306,"Cluster5": 0.644234001637},"probability": 0.644234001637,"value": "Cluster5"},"timbre": {"all": {"bright": 0.00178754143417,"dark": 0.998212456703},"probability": 0.998212456703,"value": "dark"},"tonal_atonal": {"all": {"atonal": 0.996691942215,"tonal": 0.00330805289559},"probability": 0.996691942215,"value": "atonal"},"voice_instrumental": {"all": {"instrumental": 0.646254241467,"voice": 0.353745788336},"probability": 0.646254241467,"value": "instrumental"}},"metadata": {"audio_properties": {"analysis_sample_rate": 44100,"bit_rate": 0,"equal_loudness": 0,"length": 288.160003662,"lossless": 1,"replay_gain": -12.5321063995,"sample_rate": 44100,"codec": "flac","downmix": "mix","md5_encoded": "712b78c441b7f490f82aa2d467822920"},"tags": {"file_name": "1-09 - Force of Suction.flac","acoustid_id": ["e36c1cbc-6098-4424-9064-a531650dd632"],"album": ["Mesmerizing the Ultra"],"albumartist": ["Bassnectar"],"albumartistsort": ["Bassnectar"],"artist": ["Bassnectar with NickOfTime"],"artistsort": ["Bassnectar with NickOfTime"],"date": ["2005"],"discnumber": ["1"],"musicbrainz_albumartistid": ["5d7c4cfc-29e7-4c83-8893-ae02679fc9f4"],"musicbrainz_albumid": ["370a40ba-98c4-4ba4-b88c-784f08a6bdf0"],"musicbrainz_artistid": ["5d7c4cfc-29e7-4c83-8893-ae02679fc9f4", "08393cf0-43be-463c-8122-88efcf9f709e"],"musicbrainz_recordingid": ["2bf65a36-37be-409c-b91f-6a02aeeb9c15"],"musicbrainz_releasegroupid": ["892cd902-c992-3e72-a63f-2a56339fef9a"],"title": ["Force of Suction"],"totaltracks": ["18"],"tracknumber": ["9"],"tracktotal": ["18"]},"version": {"highlevel": {"essentia": "2.1-beta5-dev","essentia_build_sha": "e74af04b57b164eed312abeef4963962215860f0","essentia_git_sha": "v2.1_beta4-499-g4013ebc","extractor": "music 2.0","gaia": "2.4.5","gaia_git_sha": "v2.4.4-44-g95f4851","models_essentia_git_sha": "v2.1_beta1"},"lowlevel": {"essentia": "2.1-beta1","essentia_build_sha": "ca57ba49d9b1854bd80e60cf9ccf267278fb7d6b","essentia_git_sha": "v2.1_beta1-28-g21ef5f4-dirty","extractor": "music 1.0"}}}}