{"highlevel": {"danceability": {"all": {"danceable": 0.0131483394653,"not_danceable": 0.986851632595},"probability": 0.986851632595,"value": "not_danceable"},"gender": {"all": {"female": 0.831635951996,"male": 0.168364048004},"probability": 0.831635951996,"value": "female"},"genre_dortmund": {"all": {"alternative": 0.154688492417,"blues": 0.0942643806338,"electronic": 0.0529864579439,"folkcountry": 0.483984559774,"funksoulrnb": 0.00956862140447,"jazz": 0.0407876968384,"pop": 0.0361690334976,"raphiphop": 0.00578669505194,"rock": 0.121764063835},"probability": 0.483984559774,"value": "folkcountry"},"genre_electronic": {"all": {"ambient": 0.97054463625,"dnb": 0.0033061823342,"house": 0.0187502931803,"techno": 0.00224284664728,"trance": 0.00515605928376},"probability": 0.97054463625,"value": "ambient"},"genre_rosamerica": {"all": {"cla": 0.710053861141,"dan": 0.00402616150677,"hip": 0.00214695511386,"jaz": 0.162789747119,"pop": 0.0567285902798,"rhy": 0.0417837873101,"roc": 0.016483521089,"spe": 0.00598737085238},"probability": 0.710053861141,"value": "cla"},"genre_tzanetakis": {"all": {"blu": 0.0499622859061,"cla": 0.0333025492728,"cou": 0.0749254897237,"dis": 0.0499442890286,"hip": 0.149825304747,"jaz": 0.149808272719,"met": 0.04280006513,"pop": 0.0749015063047,"reg": 0.0749043822289,"roc": 0.299625843763},"probability": 0.299625843763,"value": "roc"},"ismir04_rhythm": {"all": {"ChaChaCha": 0.0105388807133,"Jive": 0.000828858348541,"Quickstep": 0.00411751680076,"Rumba-American": 0.00233563547954,"Rumba-International": 0.00297506037168,"Rumba-Misc": 0.00306754326448,"Samba": 0.00223545939662,"Tango": 0.885129749775,"VienneseWaltz": 0.0554993748665,"Waltz": 0.0332719050348},"probability": 0.885129749775,"value": "Tango"},"mood_acoustic": {"all": {"acoustic": 0.887972831726,"not_acoustic": 0.112027175725},"probability": 0.887972831726,"value": "acoustic"},"mood_aggressive": {"all": {"aggressive": 0.0214107912034,"not_aggressive": 0.978589236736},"probability": 0.978589236736,"value": "not_aggressive"},"mood_electronic": {"all": {"electronic": 0.0881847441196,"not_electronic": 0.911815226078},"probability": 0.911815226078,"value": "not_electronic"},"mood_happy": {"all": {"happy": 0.138650208712,"not_happy": 0.861349761486},"probability": 0.861349761486,"value": "not_happy"},"mood_party": {"all": {"not_party": 0.952768623829,"party": 0.0472313463688},"probability": 0.952768623829,"value": "not_party"},"mood_relaxed": {"all": {"not_relaxed": 0.144151553512,"relaxed": 0.855848431587},"probability": 0.855848431587,"value": "relaxed"},"mood_sad": {"all": {"not_sad": 0.133804470301,"sad": 0.866195499897},"probability": 0.866195499897,"value": "sad"},"moods_mirex": {"all": {"Cluster1": 0.119927108288,"Cluster2": 0.150864318013,"Cluster3": 0.476679116488,"Cluster4": 0.230775684118,"Cluster5": 0.0217537861317},"probability": 0.476679116488,"value": "Cluster3"},"timbre": {"all": {"bright": 0.779287815094,"dark": 0.220712184906},"probability": 0.779287815094,"value": "bright"},"tonal_atonal": {"all": {"atonal": 0.133152768016,"tonal": 0.866847217083},"probability": 0.866847217083,"value": "tonal"},"voice_instrumental": {"all": {"instrumental": 0.0213764980435,"voice": 0.978623509407},"probability": 0.978623509407,"value": "voice"}},"metadata": {"audio_properties": {"analysis_sample_rate": 44100,"bit_rate": 0,"equal_loudness": 0,"length": 182.333328247,"lossless": 1,"replay_gain": -2.73107147217,"sample_rate": 44100,"codec": "flac","downmix": "mix","md5_encoded": "39fc9bb92920436577ca3aec097dbf61"},"tags": {"file_name": "08 - Elton's Song.flac","acoustid_id": ["27824c08-78a0-41ec-824f-5a26a9747c15"],"album": ["The Fox"],"albumartist": ["Elton John"],"albumartistsort": ["John, Elton"],"artist": ["Elton John"],"artists": ["Elton John"],"artistsort": ["John, Elton"],"barcode": ["008811049720"],"catalognumber": ["MCA-10497"],"date": ["1982"],"label": ["MCA Records"],"media": ["CD"],"musicbrainz_albumartistid": ["b83bc61f-8451-4a5d-8b8e-7e9ed295e822"],"musicbrainz_albumid": ["6f695d1d-2965-482f-a5f6-c760eb60627a"],"musicbrainz_artistid": ["b83bc61f-8451-4a5d-8b8e-7e9ed295e822"],"musicbrainz_recordingid": ["8f1a23dd-0252-47a2-b85d-d1ec7955da75"],"musicbrainz_releasegroupid": ["3336dd5d-563d-38b0-af6f-3e1cedd471bb"],"musicbrainz_releasetrackid": ["dd829a46-9dd5-322d-82c8-8034f8977cfb"],"originaldate": ["1981"],"releasecountry": ["US"],"releasestatus": ["official"],"releasetype": ["album"],"script": ["Latn"],"title": ["Elton's Song"],"totaltracks": ["9"],"tracknumber": ["8"],"tracktotal": ["9"]},"version": {"highlevel": {"essentia": "2.1-beta5-dev","essentia_build_sha": "e74af04b57b164eed312abeef4963962215860f0","essentia_git_sha": "v2.1_beta4-499-g4013ebc","extractor": "music 2.0","gaia": "2.4.5","gaia_git_sha": "v2.4.4-44-g95f4851","models_essentia_git_sha": "v2.1_beta1"},"lowlevel": {"essentia": "2.1-beta1","essentia_build_sha": "ca57ba49d9b1854bd80e60cf9ccf267278fb7d6b","essentia_git_sha": "v2.1_beta1-28-g21ef5f4-dirty","extractor": "music 1.0"}}}}