{"highlevel": {"danceability": {"all": {"danceable": 3.00000096379e-14,"not_danceable": 1},"probability": 1,"value": "not_danceable"},"gender": {"all": {"female": 0.192132800817,"male": 0.807867228985},"probability": 0.807867228985,"value": "male"},"genre_dortmund": {"all": {"alternative": 0.0762029215693,"blues": 0.0644892156124,"electronic": 0.623501718044,"folkcountry": 0.112367115915,"funksoulrnb": 0.0109116351232,"jazz": 0.0603185035288,"pop": 0.0113468691707,"raphiphop": 0.0047970674932,"rock": 0.0360649712384},"probability": 0.623501718044,"value": "electronic"},"genre_electronic": {"all": {"ambient": 0.947950005531,"dnb": 0.00825830921531,"house": 0.0309834126383,"techno": 0.00742688542232,"trance": 0.00538136949763},"probability": 0.947950005531,"value": "ambient"},"genre_rosamerica": {"all": {"cla": 0.123776137829,"dan": 0.012110224925,"hip": 0.0298084001988,"jaz": 0.371006399393,"pop": 0.0689169764519,"rhy": 0.274606645107,"roc": 0.0134284030646,"spe": 0.106346808374},"probability": 0.371006399393,"value": "jaz"},"genre_tzanetakis": {"all": {"blu": 0.180696368217,"cla": 0.045146971941,"cou": 0.051597494632,"dis": 0.0601999312639,"hip": 0.0903059914708,"jaz": 0.120419681072,"met": 0.0602156333625,"pop": 0.120434463024,"reg": 0.0903288573027,"roc": 0.180654615164},"probability": 0.180696368217,"value": "blu"},"ismir04_rhythm": {"all": {"ChaChaCha": 0.0608711242676,"Jive": 0.0104351639748,"Quickstep": 0.0233484357595,"Rumba-American": 0.0286169275641,"Rumba-International": 0.0441827848554,"Rumba-Misc": 0.0517875477672,"Samba": 0.0362601913512,"Tango": 0.43482285738,"VienneseWaltz": 0.231103092432,"Waltz": 0.0785718783736},"probability": 0.43482285738,"value": "Tango"},"mood_acoustic": {"all": {"acoustic": 0.0955903604627,"not_acoustic": 0.904409646988},"probability": 0.904409646988,"value": "not_acoustic"},"mood_aggressive": {"all": {"aggressive": 3.00000096379e-14,"not_aggressive": 1},"probability": 1,"value": "not_aggressive"},"mood_electronic": {"all": {"electronic": 0.979391694069,"not_electronic": 0.0206082761288},"probability": 0.979391694069,"value": "electronic"},"mood_happy": {"all": {"happy": 0.0165440738201,"not_happy": 0.983455896378},"probability": 0.983455896378,"value": "not_happy"},"mood_party": {"all": {"not_party": 0.999984204769,"party": 1.57784197654e-05},"probability": 0.999984204769,"value": "not_party"},"mood_relaxed": {"all": {"not_relaxed": 0.191182896495,"relaxed": 0.808817088604},"probability": 0.808817088604,"value": "relaxed"},"mood_sad": {"all": {"not_sad": 0.252820700407,"sad": 0.747179269791},"probability": 0.747179269791,"value": "sad"},"moods_mirex": {"all": {"Cluster1": 0.109732113779,"Cluster2": 0.12642596662,"Cluster3": 0.35939642787,"Cluster4": 0.0928506106138,"Cluster5": 0.311594873667},"probability": 0.35939642787,"value": "Cluster3"},"timbre": {"all": {"bright": 0.229936242104,"dark": 0.770063757896},"probability": 0.770063757896,"value": "dark"},"tonal_atonal": {"all": {"atonal": 0.980473577976,"tonal": 0.0195263922215},"probability": 0.980473577976,"value": "atonal"},"voice_instrumental": {"all": {"instrumental": 0.943172693253,"voice": 0.0568272918463},"probability": 0.943172693253,"value": "instrumental"}},"metadata": {"audio_properties": {"analysis_sample_rate": 44100,"bit_rate": 160000,"equal_loudness": 0,"length": 161.001358032,"lossless": 0,"replay_gain": -6.90886878967,"sample_rate": 44100,"codec": "vorbis","downmix": "mix","md5_encoded": "d0312e8a3a1cbeb0a019285275f36be7"},"tags": {"file_name": "02 - Secular Humanism.ogg","album": ["Civilization Phaze III"],"albumartist": ["Frank Zappa"],"albumartistsort": ["Zappa, Frank"],"artist": ["Frank Zappa"],"artistsort": ["Zappa, Frank"],"asin": ["B000003OVE"],"bpm": ["0"],"catalognumber": ["CDDZAP 56"],"compilation": ["0"],"date": ["1994-12"],"discnumber": ["02"],"disctotal": ["02"],"genre": ["Rock"],"label": ["Zappa Records"],"language": ["eng"],"media": ["CD"],"musicbrainz_albumartistid": ["e20747e7-55a4-452e-8766-7b985585082d"],"musicbrainz_albumid": ["e231111e-66ad-4a10-ad9a-0aa26ee8cf36"],"musicbrainz_artistid": ["e20747e7-55a4-452e-8766-7b985585082d"],"musicbrainz_recordingid": ["8f8911c0-8c0a-4002-8bae-f6350ac7bb8a"],"musicbrainz_releasegroupid": ["635f42a9-cea7-34c0-b625-6fd0db27141c"],"originaldate": ["1994-12"],"releasecountry": ["GB"],"script": ["Latn"],"title": ["Secular Humanism"],"totaldiscs": ["2"],"totaltracks": ["41"],"tracknumber": ["21"],"tracktotal": ["41"]},"version": {"highlevel": {"essentia": "2.1-beta5-dev","essentia_build_sha": "e74af04b57b164eed312abeef4963962215860f0","essentia_git_sha": "v2.1_beta4-499-g4013ebc","extractor": "music 2.0","gaia": "2.4.5","gaia_git_sha": "v2.4.4-44-g95f4851","models_essentia_git_sha": "v2.1_beta1"},"lowlevel": {"essentia": "2.1-beta2","essentia_build_sha": "70f2e5ece6736b2c40cc944ad0e695b16b925413","essentia_git_sha": "v2.1_beta2","extractor": "music 1.0"}}}}