{"highlevel": {"danceability": {"all": {"danceable": 0.155714958906,"not_danceable": 0.844285011292},"probability": 0.844285011292,"value": "not_danceable"},"gender": {"all": {"female": 0.0476073883474,"male": 0.95239263773},"probability": 0.95239263773,"value": "male"},"genre_dortmund": {"all": {"alternative": 0.0294042155147,"blues": 0.0035913886968,"electronic": 0.95754802227,"folkcountry": 0.00481421360746,"funksoulrnb": 0.000142792545375,"jazz": 0.000285599759081,"pop": 0.000508578435984,"raphiphop": 0.000104998434836,"rock": 0.00360019295476},"probability": 0.95754802227,"value": "electronic"},"genre_electronic": {"all": {"ambient": 0.200408503413,"dnb": 0.022006560117,"house": 0.0303082745522,"techno": 0.00691705662757,"trance": 0.740359604359},"probability": 0.740359604359,"value": "trance"},"genre_rosamerica": {"all": {"cla": 0.000368155131582,"dan": 0.000987793551758,"hip": 0.000330224371282,"jaz": 0.000328680180246,"pop": 0.0370544753969,"rhy": 0.000459431525087,"roc": 0.960281610489,"spe": 0.00018960655143},"probability": 0.960281610489,"value": "roc"},"genre_tzanetakis": {"all": {"blu": 0.0626613423228,"cla": 0.0348169617355,"cou": 0.104475811124,"dis": 0.0784321576357,"hip": 0.15692435205,"jaz": 0.313974827528,"met": 0.0448166541755,"pop": 0.0627359300852,"reg": 0.0627360641956,"roc": 0.0784258767962},"probability": 0.313974827528,"value": "jaz"},"ismir04_rhythm": {"all": {"ChaChaCha": 0.265443682671,"Jive": 0.19827388227,"Quickstep": 0.0342701338232,"Rumba-American": 0.0403484031558,"Rumba-International": 0.0342858470976,"Rumba-Misc": 0.0269940998405,"Samba": 0.0487207137048,"Tango": 0.139598324895,"VienneseWaltz": 0.190856203437,"Waltz": 0.0212087016553},"probability": 0.265443682671,"value": "ChaChaCha"},"mood_acoustic": {"all": {"acoustic": 0.0146395582706,"not_acoustic": 0.985360443592},"probability": 0.985360443592,"value": "not_acoustic"},"mood_aggressive": {"all": {"aggressive": 0.751296460629,"not_aggressive": 0.248703554273},"probability": 0.751296460629,"value": "aggressive"},"mood_electronic": {"all": {"electronic": 0.265491724014,"not_electronic": 0.734508275986},"probability": 0.734508275986,"value": "not_electronic"},"mood_happy": {"all": {"happy": 0.763449966908,"not_happy": 0.236550018191},"probability": 0.763449966908,"value": "happy"},"mood_party": {"all": {"not_party": 0.254783272743,"party": 0.745216727257},"probability": 0.745216727257,"value": "party"},"mood_relaxed": {"all": {"not_relaxed": 0.946411430836,"relaxed": 0.0535885952413},"probability": 0.946411430836,"value": "not_relaxed"},"mood_sad": {"all": {"not_sad": 0.843758761883,"sad": 0.156241223216},"probability": 0.843758761883,"value": "not_sad"},"moods_mirex": {"all": {"Cluster1": 0.154217645526,"Cluster2": 0.146052330732,"Cluster3": 0.147894099355,"Cluster4": 0.0896614938974,"Cluster5": 0.462174415588},"probability": 0.462174415588,"value": "Cluster5"},"timbre": {"all": {"bright": 0.999984622002,"dark": 1.53904202307e-05},"probability": 0.999984622002,"value": "bright"},"tonal_atonal": {"all": {"atonal": 0.0359308868647,"tonal": 0.964069128036},"probability": 0.964069128036,"value": "tonal"},"voice_instrumental": {"all": {"instrumental": 0.108895391226,"voice": 0.891104578972},"probability": 0.891104578972,"value": "voice"}},"metadata": {"audio_properties": {"analysis_sample_rate": 44100,"bit_rate": 0,"equal_loudness": 0,"length": 274.026672363,"lossless": 1,"replay_gain": -14.2955608368,"sample_rate": 44100,"codec": "flac","downmix": "mix","md5_encoded": "c33d947ef6bab13744d99df8393c60d4"},"tags": {"file_name": "11 A Place to Crash.flac","album": ["Intensive Care"],"albumartist": ["Robbie Williams"],"albumartistsort": ["Williams, Robbie"],"artist": ["Robbie Williams"],"artistsort": ["Williams, Robbie"],"asin": ["B000B5UL7G"],"barcode": ["094634182324"],"catalognumber": ["0946 3 41823 2 4"],"conductor": ["David Campbell"],"date": ["2005-10-24"],"discnumber": ["1"],"disctotal": ["1"],"engineer": ["John Paterno", "Dan Porter", "Andy Strange", "Stephen Duffy", "Tony Phillips", "Pablo Munguia", "Adam Noble"],"isrc": ["GBFFG0500013"],"label": ["Chrysalis"],"language": ["eng"],"media": ["CD"],"mixer": ["Brandon Duncan", "Bob Clearmountain"],"musicbrainz_albumartistid": ["db4624cf-0e44-481e-a9dc-2142b833ec2f"],"musicbrainz_albumid": ["d304d0ae-4937-30a9-9ea7-656a8d92860b"],"musicbrainz_artistid": ["db4624cf-0e44-481e-a9dc-2142b833ec2f"],"musicbrainz_recordingid": ["7f861e75-ed8e-4b48-b54e-a963d626d0d8"],"musicbrainz_releasegroupid": ["9e9afc6f-c6b3-35ed-a932-e13587c858af"],"musicbrainz_releasetrackid": ["5a1509db-a63c-3b7b-9d3e-e37637e60d6b"],"musicbrainz_workid": ["8ac860ec-17df-4750-937f-61c58dde2f78"],"originaldate": ["2005-10-24"],"originalyear": ["2005"],"performer": ["Stephen Duffy (tambourine)", "Matt Chamberlain (drums)", "Matt Chamberlain (percussion)", "Stephen Duffy (shakers)", "Claire Worrall (hammond organ)", "Cleto Escobedo (baritone saxophone)", "Maxine Waters (choir vocals)", "Judith Hill (choir vocals)", "Terry Wood (choir vocals)", "Randy Crenshaw (choir vocals)", "Carmen Twillie (choir vocals)", "Julia Waters (choir vocals)", "Oren Waters (choir vocals)", "Maxi Anderson (choir vocals)", "Will Wheaton, Jr. (choir vocals)", "Carlton E Anderson (choir vocals)", "Stephen Duffy (sitar)", "Stephen Duffy (autoharp)", "Stephen Duffy (acoustic guitar)", "Stephen Duffy (harp)", "Jerry Meehan (electric bass guitar)", "Gary Nuttall (background vocals)", "Claire Worrall (background vocals)", "Robbie Williams (background vocals)", "Melvin Duffy (pedal steel guitar)", "Waddy Wachtel (electric guitar)", "Neil Taylor (electric guitar)", "Stephen Duffy (electric guitar)", "Jeff Babko (trombone)", "Robbie Williams (lead vocals)"],"producer": ["Stephen Duffy", "Robbie Williams"],"releasecountry": ["GB"],"releasestatus": ["official"],"releasetype": ["album"],"script": ["Latn"],"title": ["A Place to Crash"],"totaldiscs": ["1"],"totaltracks": ["12"],"tracknumber": ["11"],"tracktotal": ["12"],"work": ["A Place to Crash"],"writer": ["Stephen Duffy", "Robbie Williams"]},"version": {"highlevel": {"essentia": "2.1-beta5-dev","essentia_build_sha": "e74af04b57b164eed312abeef4963962215860f0","essentia_git_sha": "v2.1_beta4-499-g4013ebc","extractor": "music 2.0","gaia": "2.4.5","gaia_git_sha": "v2.4.4-44-g95f4851","models_essentia_git_sha": "v2.1_beta1"},"lowlevel": {"essentia": "2.1-beta2","essentia_build_sha": "70f2e5ece6736b2c40cc944ad0e695b16b925413","essentia_git_sha": "v2.1_beta2","extractor": "music 1.0"}}}}