{"highlevel": {"danceability": {"all": {"danceable": 0.234572350979,"not_danceable": 0.765427649021},"probability": 0.765427649021,"value": "not_danceable"},"gender": {"all": {"female": 0.0229800008237,"male": 0.977020025253},"probability": 0.977020025253,"value": "male"},"genre_dortmund": {"all": {"alternative": 0.00867498479784,"blues": 0.00079090410145,"electronic": 0.986162185669,"folkcountry": 0.00295415217988,"funksoulrnb": 3.82694524887e-05,"jazz": 0.00024305433908,"pop": 0.000171243562363,"raphiphop": 3.2608233596e-05,"rock": 0.000932595401537},"probability": 0.986162185669,"value": "electronic"},"genre_electronic": {"all": {"ambient": 0.554203152657,"dnb": 0.0130192814395,"house": 0.13349609077,"techno": 0.0128457173705,"trance": 0.286435723305},"probability": 0.554203152657,"value": "ambient"},"genre_rosamerica": {"all": {"cla": 0.0576170757413,"dan": 0.0280126184225,"hip": 0.0142943952233,"jaz": 0.0259504746646,"pop": 0.364139616489,"rhy": 0.170385494828,"roc": 0.331832379103,"spe": 0.00776795251295},"probability": 0.364139616489,"value": "pop"},"genre_tzanetakis": {"all": {"blu": 0.0626613423228,"cla": 0.0348169617355,"cou": 0.104475811124,"dis": 0.0784321576357,"hip": 0.15692435205,"jaz": 0.313974827528,"met": 0.0448166541755,"pop": 0.0627359300852,"reg": 0.0627360641956,"roc": 0.0784258767962},"probability": 0.313974827528,"value": "jaz"},"ismir04_rhythm": {"all": {"ChaChaCha": 0.0588457807899,"Jive": 0.0843392685056,"Quickstep": 0.00452644750476,"Rumba-American": 0.0111231449991,"Rumba-International": 0.00906747207046,"Rumba-Misc": 0.00647245999426,"Samba": 0.0102935917675,"Tango": 0.0457346662879,"VienneseWaltz": 0.761640846729,"Waltz": 0.00795631576329},"probability": 0.761640846729,"value": "VienneseWaltz"},"mood_acoustic": {"all": {"acoustic": 0.123370759189,"not_acoustic": 0.87662923336},"probability": 0.87662923336,"value": "not_acoustic"},"mood_aggressive": {"all": {"aggressive": 0.0588995292783,"not_aggressive": 0.941100478172},"probability": 0.941100478172,"value": "not_aggressive"},"mood_electronic": {"all": {"electronic": 0.173449218273,"not_electronic": 0.826550781727},"probability": 0.826550781727,"value": "not_electronic"},"mood_happy": {"all": {"happy": 0.920163571835,"not_happy": 0.0798364505172},"probability": 0.920163571835,"value": "happy"},"mood_party": {"all": {"not_party": 0.412588000298,"party": 0.587411999702},"probability": 0.587411999702,"value": "party"},"mood_relaxed": {"all": {"not_relaxed": 0.880111038685,"relaxed": 0.119888961315},"probability": 0.880111038685,"value": "not_relaxed"},"mood_sad": {"all": {"not_sad": 0.544835448265,"sad": 0.455164551735},"probability": 0.544835448265,"value": "not_sad"},"moods_mirex": {"all": {"Cluster1": 0.0801431387663,"Cluster2": 0.112515091896,"Cluster3": 0.480191171169,"Cluster4": 0.160664558411,"Cluster5": 0.166486039758},"probability": 0.480191171169,"value": "Cluster3"},"timbre": {"all": {"bright": 0.951306700706,"dark": 0.0486933253706},"probability": 0.951306700706,"value": "bright"},"tonal_atonal": {"all": {"atonal": 0.0613179765642,"tonal": 0.938682019711},"probability": 0.938682019711,"value": "tonal"},"voice_instrumental": {"all": {"instrumental": 0.0522048473358,"voice": 0.947795152664},"probability": 0.947795152664,"value": "voice"}},"metadata": {"audio_properties": {"analysis_sample_rate": 44100,"bit_rate": 0,"equal_loudness": 0,"length": 235.453338623,"lossless": 1,"replay_gain": -14.7290859222,"sample_rate": 44100,"codec": "flac","downmix": "mix","md5_encoded": "8d409fee666d310e1c07e0ca3251fb4a"},"tags": {"file_name": "e592b15447e8887806d2612b616c.flac","acoustid_id": ["1fdae592-b154-47e8-8878-06d2612b616c"],"album": ["Bullets in the Gun"],"albumartist": ["Toby Keith"],"albumartistsort": ["Keith, Toby"],"artist": ["Toby Keith"],"artistsort": ["Keith, Toby"],"asin": ["B003XOSSMW"],"date": ["2010-10-05"],"discnumber": ["1"],"disctotal": ["1"],"label": ["Show Dog-Universal Music"],"media": ["CD"],"musicbrainz_albumartistid": ["2f951906-5629-4fef-a260-5033151c162a"],"musicbrainz_albumid": ["538afa9b-0eb8-45c0-bde6-3d50dbae3d5b"],"musicbrainz_artistid": ["2f951906-5629-4fef-a260-5033151c162a"],"musicbrainz_recordingid": ["7f937548-ec07-4849-9aa7-18e312300bbd"],"musicbrainz_releasegroupid": ["94306982-9653-4b25-8d8c-85d1da68a5b3"],"musicbrainz_releasetrackid": ["0a407529-f26e-3f32-96c3-fbca7f30f494"],"originaldate": ["2010-10-04"],"originalyear": ["2010"],"releasecountry": ["US"],"releasestatus": ["official"],"releasetype": ["album"],"script": ["Latn"],"title": ["Kissin' in the Rain"],"totaldiscs": ["1"],"totaltracks": ["14"],"tracknumber": ["6"],"tracktotal": ["14"]},"version": {"highlevel": {"essentia": "2.1-beta5-dev","essentia_build_sha": "e74af04b57b164eed312abeef4963962215860f0","essentia_git_sha": "v2.1_beta4-499-g4013ebc","extractor": "music 2.0","gaia": "2.4.5","gaia_git_sha": "v2.4.4-44-g95f4851","models_essentia_git_sha": "v2.1_beta1"},"lowlevel": {"essentia": "2.1-beta2","essentia_build_sha": "2d9f1f26377add8aeb1075a9c2973f962c4f09fd","essentia_git_sha": "v2.1_beta2-1-ge3940c0","extractor": "music 1.0"}}}}