{"highlevel": {"danceability": {"all": {"danceable": 0.800780057907,"not_danceable": 0.199219956994},"probability": 0.800780057907,"value": "danceable"},"gender": {"all": {"female": 0.996105313301,"male": 0.00389469554648},"probability": 0.996105313301,"value": "female"},"genre_dortmund": {"all": {"alternative": 0.106451049447,"blues": 0.273287951946,"electronic": 0.24899277091,"folkcountry": 0.143193513155,"funksoulrnb": 0.0179377477616,"jazz": 0.0398929044604,"pop": 0.0452235899866,"raphiphop": 0.0135513264686,"rock": 0.11146914959},"probability": 0.273287951946,"value": "blues"},"genre_electronic": {"all": {"ambient": 0.351914912462,"dnb": 0.0453954860568,"house": 0.241231188178,"techno": 0.0330089256167,"trance": 0.328449487686},"probability": 0.351914912462,"value": "ambient"},"genre_rosamerica": {"all": {"cla": 0.00485442858189,"dan": 0.0172128006816,"hip": 0.00913225021213,"jaz": 0.00633128546178,"pop": 0.707918941975,"rhy": 0.161397397518,"roc": 0.0919707268476,"spe": 0.00118216173723},"probability": 0.707918941975,"value": "pop"},"genre_tzanetakis": {"all": {"blu": 0.0631970837712,"cla": 0.0351076424122,"cou": 0.105340525508,"dis": 0.0632559657097,"hip": 0.158187583089,"jaz": 0.316573172808,"met": 0.0527318492532,"pop": 0.063265889883,"reg": 0.0632615014911,"roc": 0.0790787860751},"probability": 0.316573172808,"value": "jaz"},"ismir04_rhythm": {"all": {"ChaChaCha": 0.137192770839,"Jive": 0.133517041802,"Quickstep": 0.0167968720198,"Rumba-American": 0.0208631809801,"Rumba-International": 0.0423262678087,"Rumba-Misc": 0.0178404934704,"Samba": 0.0641758963466,"Tango": 0.118038363755,"VienneseWaltz": 0.431309223175,"Waltz": 0.0179398898035},"probability": 0.431309223175,"value": "VienneseWaltz"},"mood_acoustic": {"all": {"acoustic": 0.223635956645,"not_acoustic": 0.776364028454},"probability": 0.776364028454,"value": "not_acoustic"},"mood_aggressive": {"all": {"aggressive": 0.0047001587227,"not_aggressive": 0.995299816132},"probability": 0.995299816132,"value": "not_aggressive"},"mood_electronic": {"all": {"electronic": 0.308849513531,"not_electronic": 0.691150486469},"probability": 0.691150486469,"value": "not_electronic"},"mood_happy": {"all": {"happy": 0.742844879627,"not_happy": 0.257155150175},"probability": 0.742844879627,"value": "happy"},"mood_party": {"all": {"not_party": 0.431971520185,"party": 0.568028450012},"probability": 0.568028450012,"value": "party"},"mood_relaxed": {"all": {"not_relaxed": 0.135749325156,"relaxed": 0.864250659943},"probability": 0.864250659943,"value": "relaxed"},"mood_sad": {"all": {"not_sad": 0.71561729908,"sad": 0.284382730722},"probability": 0.71561729908,"value": "not_sad"},"moods_mirex": {"all": {"Cluster1": 0.0780232697725,"Cluster2": 0.51068764925,"Cluster3": 0.0884265005589,"Cluster4": 0.196576356888,"Cluster5": 0.126286238432},"probability": 0.51068764925,"value": "Cluster2"},"timbre": {"all": {"bright": 0.922959148884,"dark": 0.0770408809185},"probability": 0.922959148884,"value": "bright"},"tonal_atonal": {"all": {"atonal": 0.984789431095,"tonal": 0.0152105828747},"probability": 0.984789431095,"value": "atonal"},"voice_instrumental": {"all": {"instrumental": 0.695860147476,"voice": 0.304139852524},"probability": 0.695860147476,"value": "instrumental"}},"metadata": {"audio_properties": {"analysis_sample_rate": 44100,"bit_rate": 203360,"equal_loudness": 0,"length": 174.367340088,"lossless": 0,"replay_gain": -13.9464435577,"sample_rate": 44100,"codec": "mp3","downmix": "mix","md5_encoded": "d99580355453e2d101120672b5354461"},"tags": {"file_name": "10 - I Don't Need a Riddle.mp3","album": ["Silverlined"],"albumartist": ["Donna the Buffalo"],"albumartistsort": ["Donna the Buffalo"],"artist": ["Donna the Buffalo"],"artistsort": ["Donna the Buffalo"],"asin": ["B00195FU5K"],"date": ["2008-07-08"],"media": ["CD"],"musicbrainz album release country": ["US"],"musicbrainz album status": ["official"],"musicbrainz album type": ["album"],"musicbrainz_albumartistid": ["a916ce0a-0ab7-4b2f-b169-2166b746e31e"],"musicbrainz_albumid": ["79bfed66-64bf-4d0d-9fa4-f955cfbbea3a"],"musicbrainz_artistid": ["a916ce0a-0ab7-4b2f-b169-2166b746e31e"],"musicbrainz_recordingid": ["7fcc0eb3-79b3-4f58-a1c1-efd72d98e09f"],"musicbrainz_releasegroupid": ["8bd56a1c-50a9-3bb1-b5b0-d23a56b789bb"],"originaldate": ["2008"],"script": ["Latn"],"title": ["I Don't Need a Riddle"],"tracknumber": ["10\/13"]},"version": {"highlevel": {"essentia": "2.1-beta5-dev","essentia_build_sha": "e74af04b57b164eed312abeef4963962215860f0","essentia_git_sha": "v2.1_beta4-499-g4013ebc","extractor": "music 2.0","gaia": "2.4.5","gaia_git_sha": "v2.4.4-44-g95f4851","models_essentia_git_sha": "v2.1_beta1"},"lowlevel": {"essentia": "2.1-beta2","essentia_build_sha": "70f2e5ece6736b2c40cc944ad0e695b16b925413","essentia_git_sha": "v2.1_beta2","extractor": "music 1.0"}}}}