{"highlevel": {"danceability": {"all": {"danceable": 0.415923833847,"not_danceable": 0.584076166153},"probability": 0.584076166153,"value": "not_danceable"},"gender": {"all": {"female": 0.847795963287,"male": 0.15220400691},"probability": 0.847795963287,"value": "female"},"genre_dortmund": {"all": {"alternative": 0.117164701223,"blues": 0.0767393186688,"electronic": 0.0562856048346,"folkcountry": 0.0894666314125,"funksoulrnb": 0.0300222914666,"jazz": 0.0774192661047,"pop": 0.0542426034808,"raphiphop": 0.0104361008853,"rock": 0.488223493099},"probability": 0.488223493099,"value": "rock"},"genre_electronic": {"all": {"ambient": 0.151419386268,"dnb": 0.0654776841402,"house": 0.0752171576023,"techno": 0.0165609978139,"trance": 0.691324770451},"probability": 0.691324770451,"value": "trance"},"genre_rosamerica": {"all": {"cla": 0.004108695779,"dan": 0.128849580884,"hip": 0.0557328760624,"jaz": 0.00513971457258,"pop": 0.219219312072,"rhy": 0.0449586771429,"roc": 0.538889408112,"spe": 0.00310173304752},"probability": 0.538889408112,"value": "roc"},"genre_tzanetakis": {"all": {"blu": 0.0626613423228,"cla": 0.0348169617355,"cou": 0.104475811124,"dis": 0.0784321576357,"hip": 0.15692435205,"jaz": 0.313974827528,"met": 0.0448166541755,"pop": 0.0627359300852,"reg": 0.0627360641956,"roc": 0.0784258767962},"probability": 0.313974827528,"value": "jaz"},"ismir04_rhythm": {"all": {"ChaChaCha": 0.639287590981,"Jive": 0.2426315099,"Quickstep": 0.00689474865794,"Rumba-American": 0.00319422362372,"Rumba-International": 0.00679581379518,"Rumba-Misc": 0.0029463195242,"Samba": 0.0369793884456,"Tango": 0.00559763656929,"VienneseWaltz": 0.0537764765322,"Waltz": 0.00189630140085},"probability": 0.639287590981,"value": "ChaChaCha"},"mood_acoustic": {"all": {"acoustic": 0.00358986179344,"not_acoustic": 0.996410131454},"probability": 0.996410131454,"value": "not_acoustic"},"mood_aggressive": {"all": {"aggressive": 0.7454611063,"not_aggressive": 0.254538923502},"probability": 0.7454611063,"value": "aggressive"},"mood_electronic": {"all": {"electronic": 0.571092844009,"not_electronic": 0.428907155991},"probability": 0.571092844009,"value": "electronic"},"mood_happy": {"all": {"happy": 0.877273440361,"not_happy": 0.12272657454},"probability": 0.877273440361,"value": "happy"},"mood_party": {"all": {"not_party": 0.147498458624,"party": 0.852501571178},"probability": 0.852501571178,"value": "party"},"mood_relaxed": {"all": {"not_relaxed": 0.975724279881,"relaxed": 0.0242757238448},"probability": 0.975724279881,"value": "not_relaxed"},"mood_sad": {"all": {"not_sad": 0.969462454319,"sad": 0.0305375289172},"probability": 0.969462454319,"value": "not_sad"},"moods_mirex": {"all": {"Cluster1": 0.524479031563,"Cluster2": 0.106493242085,"Cluster3": 0.0305168349296,"Cluster4": 0.0796787291765,"Cluster5": 0.258832156658},"probability": 0.524479031563,"value": "Cluster1"},"timbre": {"all": {"bright": 0.973144054413,"dark": 0.0268559176475},"probability": 0.973144054413,"value": "bright"},"tonal_atonal": {"all": {"atonal": 0.0398829914629,"tonal": 0.96011698246},"probability": 0.96011698246,"value": "tonal"},"voice_instrumental": {"all": {"instrumental": 0.0883876606822,"voice": 0.911612331867},"probability": 0.911612331867,"value": "voice"}},"metadata": {"audio_properties": {"analysis_sample_rate": 44100,"bit_rate": 0,"equal_loudness": 0,"length": 41.6800003052,"lossless": 1,"replay_gain": -7.84315872192,"sample_rate": 44100,"codec": "flac","downmix": "mix","md5_encoded": "e701e4fc7e22f0db03891d250df4b6a8"},"tags": {"file_name": "106 - The Orange County Lumber Truck.flac","acoustid_id": ["7c92725e-bce4-4a4d-876b-d6e713c9f656"],"album": ["Make a Jazz Noise Here"],"albumartist": ["Frank Zappa"],"albumartistsort": ["Zappa, Frank"],"artist": ["Frank Zappa"],"artistsort": ["Zappa, Frank"],"asin": ["B00919V2ZS"],"barcode": ["824302388327"],"catalognumber": ["ZR 38 83"],"date": ["2012-10-30"],"discnumber": ["1"],"discsubtitle": ["Disc 1"],"disctotal": ["2"],"genre": ["Progressive Rock;Porieux-Loved;Avant-Garde;Rock;Classic Rock;Jazz;77Davez-All-Tracks;Zappa;Progressive Rock;Experimental;Rock;Jazz;Classic Rock;Avant-Garde"],"label": ["Zappa Records"],"media": ["CD"],"musicbrainz_albumartistid": ["e20747e7-55a4-452e-8766-7b985585082d"],"musicbrainz_albumid": ["e8795772-7e29-4dce-9009-a9f897929b46"],"musicbrainz_artistid": ["e20747e7-55a4-452e-8766-7b985585082d"],"musicbrainz_recordingid": ["21d4ee6e-ca3c-4aeb-9077-41b9f12b0a66"],"musicbrainz_releasegroupid": ["20d5bd97-200a-31e2-b7c6-687f1c7502ed"],"musicbrainz_releasetrackid": ["2402b475-6db3-3af6-8b23-462b62061128"],"originaldate": ["1991-06-04"],"originalyear": ["1991"],"releasecountry": ["XW"],"releasestatus": ["official"],"releasetype": ["album", "live"],"script": ["Latn"],"title": ["The Orange County Lumber Truck"],"totaldiscs": ["2"],"totaltracks": ["13"],"tracknumber": ["6"],"tracktotal": ["13"]},"version": {"highlevel": {"essentia": "2.1-beta5-dev","essentia_build_sha": "e74af04b57b164eed312abeef4963962215860f0","essentia_git_sha": "v2.1_beta4-499-g4013ebc","extractor": "music 2.0","gaia": "2.4.5","gaia_git_sha": "v2.4.4-44-g95f4851","models_essentia_git_sha": "v2.1_beta1"},"lowlevel": {"essentia": "2.1-beta2","essentia_build_sha": "2d9f1f26377add8aeb1075a9c2973f962c4f09fd","essentia_git_sha": "v2.1_beta2-1-ge3940c0","extractor": "music 1.0"}}}}