{"highlevel": {"danceability": {"all": {"danceable": 0.958105027676,"not_danceable": 0.041894942522},"probability": 0.958105027676,"value": "danceable"},"gender": {"all": {"female": 0.465095639229,"male": 0.534904360771},"probability": 0.534904360771,"value": "male"},"genre_dortmund": {"all": {"alternative": 0.0254237316549,"blues": 0.0034186381381,"electronic": 0.96221280098,"folkcountry": 0.00306241330691,"funksoulrnb": 0.000315447803587,"jazz": 0.000801071408205,"pop": 0.000639938283712,"raphiphop": 0.000237550164456,"rock": 0.00388842122629},"probability": 0.96221280098,"value": "electronic"},"genre_electronic": {"all": {"ambient": 0.20952244103,"dnb": 0.0304993670434,"house": 0.102497257292,"techno": 0.0206919405609,"trance": 0.636789023876},"probability": 0.636789023876,"value": "trance"},"genre_rosamerica": {"all": {"cla": 0.000576818187255,"dan": 0.0176693797112,"hip": 0.0138700371608,"jaz": 0.00169247842859,"pop": 0.690821826458,"rhy": 0.0101411007345,"roc": 0.264894366264,"spe": 0.000334007374477},"probability": 0.690821826458,"value": "pop"},"genre_tzanetakis": {"all": {"blu": 0.0626613423228,"cla": 0.0348169617355,"cou": 0.104475811124,"dis": 0.0784321576357,"hip": 0.15692435205,"jaz": 0.313974827528,"met": 0.0448166541755,"pop": 0.0627359300852,"reg": 0.0627360641956,"roc": 0.0784258767962},"probability": 0.313974827528,"value": "jaz"},"ismir04_rhythm": {"all": {"ChaChaCha": 0.302981466055,"Jive": 0.152565971017,"Quickstep": 0.027282493189,"Rumba-American": 0.052113071084,"Rumba-International": 0.0284907277673,"Rumba-Misc": 0.0232037883252,"Samba": 0.0979714095592,"Tango": 0.202037066221,"VienneseWaltz": 0.0970640033484,"Waltz": 0.0162899997085},"probability": 0.302981466055,"value": "ChaChaCha"},"mood_acoustic": {"all": {"acoustic": 0.00335645163432,"not_acoustic": 0.996643543243},"probability": 0.996643543243,"value": "not_acoustic"},"mood_aggressive": {"all": {"aggressive": 0.891516327858,"not_aggressive": 0.108483672142},"probability": 0.891516327858,"value": "aggressive"},"mood_electronic": {"all": {"electronic": 0.676537334919,"not_electronic": 0.323462665081},"probability": 0.676537334919,"value": "electronic"},"mood_happy": {"all": {"happy": 0.425687134266,"not_happy": 0.574312865734},"probability": 0.574312865734,"value": "not_happy"},"mood_party": {"all": {"not_party": 0.0739431753755,"party": 0.926056802273},"probability": 0.926056802273,"value": "party"},"mood_relaxed": {"all": {"not_relaxed": 0.979687154293,"relaxed": 0.0203128550202},"probability": 0.979687154293,"value": "not_relaxed"},"mood_sad": {"all": {"not_sad": 0.958201706409,"sad": 0.0417983047664},"probability": 0.958201706409,"value": "not_sad"},"moods_mirex": {"all": {"Cluster1": 0.0822562649846,"Cluster2": 0.0657542794943,"Cluster3": 0.0252988450229,"Cluster4": 0.0982256010175,"Cluster5": 0.728465020657},"probability": 0.728465020657,"value": "Cluster5"},"timbre": {"all": {"bright": 0.124116525054,"dark": 0.875883460045},"probability": 0.875883460045,"value": "dark"},"tonal_atonal": {"all": {"atonal": 0.943097293377,"tonal": 0.0569027252495},"probability": 0.943097293377,"value": "atonal"},"voice_instrumental": {"all": {"instrumental": 0.686682403088,"voice": 0.313317596912},"probability": 0.686682403088,"value": "instrumental"}},"metadata": {"audio_properties": {"analysis_sample_rate": 44100,"bit_rate": 320047,"equal_loudness": 0,"length": 176.065307617,"lossless": 0,"replay_gain": -14.8646335602,"sample_rate": 44100,"codec": "mp3","downmix": "mix","md5_encoded": "d737d4db5875f2855022a060dc19188f"},"tags": {"file_name": "Avril Lavigne - Bad Girl.mp3","acoustid_id": ["41aeee86-b317-4fb7-b633-72aa5bb6e0f4"],"album": ["Avril Lavigne"],"albumartist": ["Avril Lavigne"],"albumartistsort": ["Lavigne, Avril"],"artist": ["Avril Lavigne feat. Marilyn Manson"],"artistsort": ["Lavigne, Avril feat. Manson, Marilyn"],"artistwebpage": ["www.SongsLover.com"],"audiosourcewebpage": ["www.SongsLover.com"],"composer": ["www.SongsLover.com"],"conductor": ["www.SongsLover.com"],"contentgroup": ["www.SongsLover.com"],"copyright": ["www.SongsLover.com"],"date": ["2013"],"discnumber": ["1\/1"],"encodedby": ["www.SongsLover.com"],"filewebpage": ["www.SongsLover.com"],"genre": ["Pop"],"isrc": ["USSM11304498"],"label": ["Epic"],"lyricist": ["www.SongsLover.com"],"media": ["Digital Media"],"musicbrainz album release country": ["CA"],"musicbrainz album status": ["official"],"musicbrainz album type": ["album"],"musicbrainz_albumartistid": ["0103c1cc-4a09-4a5d-a344-56ad99a77193"],"musicbrainz_albumid": ["a2c08a3b-9652-4467-9173-61db1182176d"],"musicbrainz_artistid": ["0103c1cc-4a09-4a5d-a344-56ad99a77193\/80cadd99-f560-41e3-babd-16292bbd248a"],"musicbrainz_recordingid": ["224be126-0431-495a-98ca-20d56804ead8"],"musicbrainz_releasegroupid": ["f8c7022d-2cb2-4e19-bd46-b0e9460347a5"],"originalalbum": ["www.SongsLover.com"],"originalartist": ["www.SongsLover.com"],"originaldate": ["2013"],"originallyricist": ["www.SongsLover.com"],"radiostation": ["www.SongsLover.com"],"radiostationwebpage": ["www.SongsLover.com"],"remixer": ["www.SongsLover.com"],"script": ["Latn"],"subtitle": ["www.SongsLover.com"],"title": ["Bad Girl"],"tracknumber": ["7\/13"]},"version": {"highlevel": {"essentia": "2.1-beta5-dev","essentia_build_sha": "e74af04b57b164eed312abeef4963962215860f0","essentia_git_sha": "v2.1_beta4-499-g4013ebc","extractor": "music 2.0","gaia": "2.4.5","gaia_git_sha": "v2.4.4-44-g95f4851","models_essentia_git_sha": "v2.1_beta1"},"lowlevel": {"essentia": "2.1-beta2","essentia_build_sha": "70f2e5ece6736b2c40cc944ad0e695b16b925413","essentia_git_sha": "v2.1_beta2","extractor": "music 1.0"}}}}