{"highlevel": {"danceability": {"all": {"danceable": 0.752121627331,"not_danceable": 0.247878372669},"probability": 0.752121627331,"value": "danceable"},"gender": {"all": {"female": 0.64504224062,"male": 0.35495775938},"probability": 0.64504224062,"value": "female"},"genre_dortmund": {"all": {"alternative": 2.9622734387e-13,"blues": 3.63041384064e-13,"electronic": 0.999999523163,"folkcountry": 2.17409041881e-08,"funksoulrnb": 1.774419367e-08,"jazz": 2.45662960197e-07,"pop": 1.48560799218e-08,"raphiphop": 1.89986746335e-08,"rock": 1.3796471876e-07},"probability": 0.999999523163,"value": "electronic"},"genre_electronic": {"all": {"ambient": 0.331359624863,"dnb": 0.00284218089655,"house": 0.0567540638149,"techno": 0.0478512383997,"trance": 0.56119287014},"probability": 0.56119287014,"value": "trance"},"genre_rosamerica": {"all": {"cla": 0.00974916666746,"dan": 0.0987100079656,"hip": 0.197082668543,"jaz": 0.0648751854897,"pop": 0.0692688450217,"rhy": 0.510723233223,"roc": 0.0280531290919,"spe": 0.0215377360582},"probability": 0.510723233223,"value": "rhy"},"genre_tzanetakis": {"all": {"blu": 0.0626613423228,"cla": 0.0348169617355,"cou": 0.104475811124,"dis": 0.0784321576357,"hip": 0.15692435205,"jaz": 0.313974827528,"met": 0.0448166541755,"pop": 0.0627359300852,"reg": 0.0627360641956,"roc": 0.0784258767962},"probability": 0.313974827528,"value": "jaz"},"ismir04_rhythm": {"all": {"ChaChaCha": 0.0875214263797,"Jive": 0.0566765703261,"Quickstep": 0.0206475201994,"Rumba-American": 0.0400979742408,"Rumba-International": 0.0177409537137,"Rumba-Misc": 0.024826483801,"Samba": 0.0406083725393,"Tango": 0.410190403461,"VienneseWaltz": 0.284355074167,"Waltz": 0.0173352137208},"probability": 0.410190403461,"value": "Tango"},"mood_acoustic": {"all": {"acoustic": 0.586751639843,"not_acoustic": 0.413248389959},"probability": 0.586751639843,"value": "acoustic"},"mood_aggressive": {"all": {"aggressive": 0.152600482106,"not_aggressive": 0.847399532795},"probability": 0.847399532795,"value": "not_aggressive"},"mood_electronic": {"all": {"electronic": 0.836592316628,"not_electronic": 0.163407668471},"probability": 0.836592316628,"value": "electronic"},"mood_happy": {"all": {"happy": 0.100638762116,"not_happy": 0.899361252785},"probability": 0.899361252785,"value": "not_happy"},"mood_party": {"all": {"not_party": 0.575825631618,"party": 0.424174338579},"probability": 0.575825631618,"value": "not_party"},"mood_relaxed": {"all": {"not_relaxed": 0.149855837226,"relaxed": 0.850144147873},"probability": 0.850144147873,"value": "relaxed"},"mood_sad": {"all": {"not_sad": 0.649320304394,"sad": 0.350679695606},"probability": 0.649320304394,"value": "not_sad"},"moods_mirex": {"all": {"Cluster1": 0.0732916668057,"Cluster2": 0.0452150590718,"Cluster3": 0.222831740975,"Cluster4": 0.031895276159,"Cluster5": 0.626766264439},"probability": 0.626766264439,"value": "Cluster5"},"timbre": {"all": {"bright": 0.0805030092597,"dark": 0.919497013092},"probability": 0.919497013092,"value": "dark"},"tonal_atonal": {"all": {"atonal": 0.8395165205,"tonal": 0.160483449697},"probability": 0.8395165205,"value": "atonal"},"voice_instrumental": {"all": {"instrumental": 0.992903292179,"voice": 0.00709673482925},"probability": 0.992903292179,"value": "instrumental"}},"metadata": {"audio_properties": {"analysis_sample_rate": 44100,"bit_rate": 192000,"equal_loudness": 0,"length": 634.697143555,"lossless": 0,"replay_gain": -9.79666900635,"sample_rate": 44100,"codec": "mp3","downmix": "mix","md5_encoded": "c18f1dca46b9d1d51b162c9d0a235e5c"},"tags": {"file_name": "War Pigs (Black Sabbath)_10-36.mp3","acoustid_fingerprint": ["AQADtMy6KGKUYHtUMHyQ51C-H3GmJcEt9TiqF802xfiFhzzCcMmR_MeP-0F_PMN_vHqCD3E2QX2K_ygch-jxPcI1Hxoz4rhm-IpQWsKXhfiI7ZFwnRmaCgw95PiLMGOCU4GsUCl85A-ew88c1FsK_EcYcmlQiQe_HE2dIiSF9sM2UuizCNcZVD-aRMtxLcEtJEd6vMczJR-aKE4a5JYPLcgZXNmN7wquLA-6iT2aPEgeIRd94TH8VsGjLmh-1HiOnDlEfkVOHU8YETspwyF5ZD909Bm87ChffK-Q1_iRJ0qOS8ex99AT6YiU6M7RKx3-S-gfXEeLH3to9Bt2Nrijw7pxnR6mcMcR8oSWqkeeY0zEC012os-HS6GNLEH5Q2F1JQiPRh9yjcd3aNmP8GhOopaU45GH4wjDmyiZpYEu8diZJGge8C-aZcxxMXli6HAr5MsuoA8i5Y-C4xb0MEcYJexR7lHQlEdXPmjyosdj_PCn4-mJ8kvQxBnxLFo4Eb-C54SvIOktxGl0nAza6oMnHdGTOkikH88xKX1QOUdz5cg7JIcfR3iWebjQHM2J5yF-hITiB_-k4bqEB24_UIceokeX-fAP7TbCfEfJLMMT9CaxPQ1uovMRah50Ir2J_3CF8D-SP2i47CipBWPZGk3ipyiP20WgPUhP9IqFp4yPl2mGkCl05AyJfUZ_VMouodlx88OFhEuRK8Lm4FRuPJjyREEZDtdpPNHxZcIljUjGLwjDJxKe4soTlGSK5sevIP_xzcFXC59x6dCsJRBPokskXOSHirbQ6Ij1BL3QXPgyCffRW4WZ5fjf4Um5DHkCLT3yHD-aOHkQLtnxh4VK7ogeDdzx6sEkMWgY48mCcwjzQvt0nDlS9hHKGc2JZ5nQS8df4RmLXcuEMCcSzaJxbJMYPJExHj7-IG5NTN-hKMdXBzmJoz9cCZ2ZoyqRJcefHFqPaFsOP3NRNwn-oUp1NAtznBfyN9CRnjnOXPiN6sGZEXc2HPmOntgJ7WNwEZ6USYj3Cw-jBA51nBe2iil-eCmPy8ZTXFrgiPnRJTpOHVcO70Hy7MhzuNiZBk9mNL2IErkC6TPuZEN-4dmJ8Ma3xtByHRd1PKCmD2eWaIH2o3lxKsa013COdEeL_cF1XI00vDseDvHxQ4uT7DgPnYOvGKlYtJyJ15PwHr-GHn7yIv0H_UijRDk6frgyHuh7OEqWCz2D3EdyC0-sDFeWlEMzhpNw9MctJB_yvuhjBdVXXGNUVJIyNMcbKTH6gbEY4aQQnoWqx0X4A7V8WJJqXD8cXA-YD2kX5Rl0IhZzPOWP8qlh93jho3Eo40pqEfnLQdJJfDl21qh_NFN6PEH8o0ouMQjzFbqQJwqeHL5wC__x6KJw7kfkHcmsHIzf4XWGK7gOnkOjdQPDCU_mHc2bBBfSR4-hHXnwJlPwHI7M47E0fDua6NRwHuWNZ2fR5GB-Ie-hhUfoPAL15qCXBQ-VssKUS0fP4DvyHDoN7T_yhygfLsEjHVdz-Ekm7DlePDmuXGDyHMk-IT6enHicJri-DJdz-NKKG3yCG9N5eO0RNjlKOYaWTxSeHg5-IrliPElylJkswb909FzxM3iOC9HzIFGOXsMffMnx49mFZtNRJsetLggfpYN26cgXDieu57hUgslm9EmP98K9o2wswcuyaniONA-088iPEg2TDyWPZgyPPyImRU_QjNPxxMJ15Dm0c8MJ7WTxHPmUwI96zBSOPxV4O0fFaEfz6Fgr_FmQCzuvDPqOtI-PJ8eVUuCMkjFWRWxx5cdv9EbiHmnMB9-QPEeeJYfnODme4z1-49l2zDvCVOFCJEp6_Alu4zFOGs_BZFJQZkefqQn-CKHi4-IKHY2THDlaJz9e49JxtWhi4uHxB9Z-9MiBhOmP-mji0MZTdoefJJlwHU9yPNGR_HiOZEf1aDI-PeCT4C48Jse36fh7XA9-JMuj5Agl_Bl6Bs2m401U4xKq1wGlHpN0PD-eH7VTNM-QBwnzHc-FRxmeHWH2JdD-40Ssjnim4pmHaJah80f64jgTHQ8FLyueaPjhZwnO1MKT6Apy59B-ZEkVJaPx4A2ewj_xMOGooHmFazTSqGzQ89A_8EeYo85VlGhy3hhzNBeFXtGGJyKR54LOQ8uzB_6EUE-QM8IT9EezL3gYK8FX4ZmywBWFHznv4hkf5FpyHDk8u8KnHOdxHn8QUy_EH8_wD4-0Q21P7MtC_MSN5savoz8kZ8e1XmAubgk-SZhwDu_RryiFK-F6fNDzwPu24XgiIb_wCD3RLCWuCTkVsdDTRLiS_PB64xd0MceUKRpC5sKTB01_1FGEnMeztFCP7kfTnRmuhHhy_NiTogklo__RfBTqQJWE42MVdJsSEs2U8Niro__QfNAVPBoRUjqMi0clJTnyQu905K0zmEl-XBKJ5jqKM8qOZ6I4Ic9D9BDroFVx8sGzHR92ySiZCv7QcMeracGDd06g5RFCvDl-_MrQT2GOZs3xRHiSa4huBTqZIO3wlcYj4T8HXquCtDv04zga7WGI6viPNgmPZvLx47KFJxHYQjyN-YG5BZeiDfpYyA-6fGiYI0_xfcI_NH_RH3l4qE-RH80UBfUj_DiRzspxJdoGVdLy4ZngS8ePMxXxB115NGcy4omJ54N-5LowpWbRs8E_tA-aSciTKBv-Bs2eo9rYBZdS4qmDi1ng48sE5XqChz4uYUobHdqZ4BMxlQijyHh83GsQfg_E_AipZDqefXgb_KJgFY-yI2ZSJtB5pD2-hsQ54Y5QPoW1BGGD3QAkGQUCAACOBIIYQIggwADECAFGEAMJEMIB4BQwxgFDCKBCACoAEc4RAAURQgBENGYCACEUEgQBAgwRgABGhCKCOAEVQxiIIYlgiEmBAKNEACOAAYAIQwABCCoAACACRKAMIUgYIoA1wgAhFEGCQQIQEYwJAQQHRgADkkECSYA8Qk4AIhBAhhFiBAGGKACBoYQJjgjjkAjEhAFAWQCAIoABAIRAiHJiAQAAAASEIAoAAABQiBhhBCAGEBCIQMoxBBAiSAABCEEEAIUAAEEBhwgggACgjHEYCEMAEFIIRagARBHGBCCAEKeY0UgRo4hDighABIAAACcAMQaIYAgwhBAEmCFOSQCEZYBYpSglwgABAQBMUaOcNggRQBQQiAiliDAAGOMUcM4Q57AggCFAADHIGCIAAVA4ZAQwQEikEGMIGUOIFFQRZoAxgCjBhACgACAEZAoJQAwxgBkPiECEOAadQQIAAIwBQCFGKSEIAyIMIkwhoYwxAgBDgUASISCAEgQIjggRCghAAAPWWMIIEkYIIIwBxAFJqEAKCsCYIIgBABQAABIilFQIESCAEAoIAxglShiBhAIGQKQMQ0Q6ABVDRAknnEAAAGOIAEIQAowAACAAGGIECWGUEs5IAYEmxAAJBDAKIQAUMQJAQCDxACikMGHMAKYYMAoAwCCiRALBiDBCAQ4MIEQgoxgABjiCGMCOAISQoCIIABQRSAjjAQMCSUYQYowBIIQggilLgRJOCGeAQdoAwahAxAAEhDPAEcAIQw4JQAASTBxCBAAKGQEIBMII4QwVRBFnDBBAECMcAWAJgBAjoBAAgQCEGSIYFAAISBAFgAiBFBEACXCEQUpAhhQCliIiFCBCAgCEs0QgwAwygBSijKDMCEEJQk4RQwAhEEIRiiWGKGEFMYAAIp0zwBClBEEIGEAVGEQIQAFBDjgiAEPCCUQIccAIQwRBABhBlDCAOUSEAEYIIxgwhggiCaDCAQ"],"acoustid_id": ["77efda04-b5dd-42f4-9819-87357c0c1eb8"],"album": ["Goodbye to Romance: Standards for a New Generation"],"albumartist": ["Alex Skolnick Trio"],"albumartistsort": ["Alex Skolnick Trio"],"artist": ["Alex Skolnick Trio"],"artistsort": ["Alex Skolnick Trio"],"asin": ["B00008ZA2A"],"date": ["2002"],"discnumber": ["01\/01"],"genre": ["Jazz"],"language": ["eng"],"musicbrainz album release country": ["US"],"musicbrainz album status": ["Official"],"musicbrainz album type": ["Album"],"musicbrainz_albumartistid": ["07ec9525-b53e-4eef-8f65-b6f45bdc62e1"],