{"highlevel": {"danceability": {"all": {"danceable": 0.922273993492,"not_danceable": 0.077726021409},"probability": 0.922273993492,"value": "danceable"},"gender": {"all": {"female": 0.214822754264,"male": 0.785177230835},"probability": 0.785177230835,"value": "male"},"genre_dortmund": {"all": {"alternative": 0.037394862622,"blues": 0.570117533207,"electronic": 0.0685339868069,"folkcountry": 0.101440757513,"funksoulrnb": 0.00821856595576,"jazz": 0.0410877540708,"pop": 0.0103352954611,"raphiphop": 0.0123995505273,"rock": 0.150471672416},"probability": 0.570117533207,"value": "blues"},"genre_electronic": {"all": {"ambient": 0.207840025425,"dnb": 0.0534176826477,"house": 0.670163035393,"techno": 0.0411974824965,"trance": 0.0273817926645},"probability": 0.670163035393,"value": "house"},"genre_rosamerica": {"all": {"cla": 0.0391702614725,"dan": 0.0138682238758,"hip": 0.176888883114,"jaz": 0.226585313678,"pop": 0.0474779307842,"rhy": 0.433761626482,"roc": 0.0240668393672,"spe": 0.0381809137762},"probability": 0.433761626482,"value": "rhy"},"genre_tzanetakis": {"all": {"blu": 0.0626974329352,"cla": 0.034827105701,"cou": 0.104494214058,"dis": 0.0627400130033,"hip": 0.156888142228,"jaz": 0.313936054707,"met": 0.0448193773627,"pop": 0.0627402365208,"reg": 0.0784259662032,"roc": 0.0784314796329},"probability": 0.313936054707,"value": "jaz"},"ismir04_rhythm": {"all": {"ChaChaCha": 0.0112077752128,"Jive": 0.00546406116337,"Quickstep": 0.00290056294762,"Rumba-American": 0.0013357878197,"Rumba-International": 0.00303262658417,"Rumba-Misc": 0.00155884667765,"Samba": 0.0391105599701,"Tango": 0.928603172302,"VienneseWaltz": 0.00485397689044,"Waltz": 0.00193261122331},"probability": 0.928603172302,"value": "Tango"},"mood_acoustic": {"all": {"acoustic": 0.67229872942,"not_acoustic": 0.327701300383},"probability": 0.67229872942,"value": "acoustic"},"mood_aggressive": {"all": {"aggressive": 0.0426801517606,"not_aggressive": 0.95731985569},"probability": 0.95731985569,"value": "not_aggressive"},"mood_electronic": {"all": {"electronic": 0.354518592358,"not_electronic": 0.645481407642},"probability": 0.645481407642,"value": "not_electronic"},"mood_happy": {"all": {"happy": 0.17743781209,"not_happy": 0.822562158108},"probability": 0.822562158108,"value": "not_happy"},"mood_party": {"all": {"not_party": 0.509061098099,"party": 0.490938931704},"probability": 0.509061098099,"value": "not_party"},"mood_relaxed": {"all": {"not_relaxed": 0.6682330966,"relaxed": 0.3317669034},"probability": 0.6682330966,"value": "not_relaxed"},"mood_sad": {"all": {"not_sad": 0.870392560959,"sad": 0.129607453942},"probability": 0.870392560959,"value": "not_sad"},"moods_mirex": {"all": {"Cluster1": 0.105903893709,"Cluster2": 0.338568300009,"Cluster3": 0.249075770378,"Cluster4": 0.194231286645,"Cluster5": 0.11222076416},"probability": 0.338568300009,"value": "Cluster2"},"timbre": {"all": {"bright": 0.339425802231,"dark": 0.660574197769},"probability": 0.660574197769,"value": "dark"},"tonal_atonal": {"all": {"atonal": 0.996737480164,"tonal": 0.00326254940592},"probability": 0.996737480164,"value": "atonal"},"voice_instrumental": {"all": {"instrumental": 0.388784229755,"voice": 0.611215770245},"probability": 0.611215770245,"value": "voice"}},"metadata": {"audio_properties": {"analysis_sample_rate": 44100,"bit_rate": 0,"equal_loudness": 0,"length": 160.466659546,"lossless": 1,"replay_gain": -13.4346027374,"sample_rate": 44100,"codec": "flac","downmix": "mix","md5_encoded": "e7787104401a5479559fb264c2653618"},"tags": {"file_name": "02 - On The Beach.flac","acoustid_id": ["0ad35228-3d25-402f-9dc7-6c2a25e253a5"],"album": ["Version Galore"],"albumartist": ["U-Roy"],"albumartistsort": ["U-Roy"],"artist": ["U-Roy"],"artistsort": ["U-Roy"],"asin": ["B0001D0GAU"],"barcode": ["077778698623"],"bpm": ["101"],"catalognumber": ["TBL161"],"date": ["1970"],"discnumber": ["1"],"disctotal": ["1"],"genre": ["Jamaica - Reggae"],"label": ["Trojan Records"],"media": ["12\" Vinyl"],"musicbrainz_albumartistid": ["c40fa847-7501-4eee-9a20-12d5d1c5c0db"],"musicbrainz_albumid": ["0ddda879-dcaf-4c8c-8aa3-dafc3e290be4"],"musicbrainz_artistid": ["c40fa847-7501-4eee-9a20-12d5d1c5c0db"],"musicbrainz_recordingid": ["227c19e7-56a2-4b15-93b9-96152466b6fe"],"musicbrainz_releasegroupid": ["e23e79c0-60a5-3527-b0ea-fd2e646c9034"],"musicbrainz_releasetrackid": ["0f0f4281-54d8-327c-b046-c4717d146faa"],"musicip_puid": ["071fce4f-3c43-e54e-2398-c29ac798e4ac"],"originaldate": ["1970"],"originalyear": ["1970"],"releasecountry": ["GB"],"releasestatus": ["official"],"releasetype": ["album"],"script": ["Latn"],"title": ["On the Outside Looking In"],"totaldiscs": ["1"],"totaltracks": ["12"],"tracknumber": ["2"],"tracktotal": ["12"]},"version": {"highlevel": {"essentia": "2.1-beta5-dev","essentia_build_sha": "e74af04b57b164eed312abeef4963962215860f0","essentia_git_sha": "v2.1_beta4-499-g4013ebc","extractor": "music 2.0","gaia": "2.4.5","gaia_git_sha": "v2.4.4-44-g95f4851","models_essentia_git_sha": "v2.1_beta1"},"lowlevel": {"essentia": "2.1-beta2","essentia_build_sha": "2d9f1f26377add8aeb1075a9c2973f962c4f09fd","essentia_git_sha": "v2.1_beta2-1-ge3940c0","extractor": "music 1.0"}}}}