{"highlevel": {"danceability": {"all": {"danceable": 0.558259963989,"not_danceable": 0.441740036011},"probability": 0.558259963989,"value": "danceable"},"gender": {"all": {"female": 0.00598035566509,"male": 0.994019627571},"probability": 0.994019627571,"value": "male"},"genre_dortmund": {"all": {"alternative": 0.0958243384957,"blues": 0.0572085306048,"electronic": 0.585614562035,"folkcountry": 0.132677584887,"funksoulrnb": 0.00861916411668,"jazz": 0.0133411921561,"pop": 0.0200278498232,"raphiphop": 0.00765051925555,"rock": 0.0790362432599},"probability": 0.585614562035,"value": "electronic"},"genre_electronic": {"all": {"ambient": 0.400855451822,"dnb": 0.0271954704076,"house": 0.376073747873,"techno": 0.0155555019155,"trance": 0.180319830775},"probability": 0.400855451822,"value": "ambient"},"genre_rosamerica": {"all": {"cla": 0.00920499674976,"dan": 0.017747592181,"hip": 0.0228403694928,"jaz": 0.0133611494675,"pop": 0.693402647972,"rhy": 0.0886966586113,"roc": 0.149494931102,"spe": 0.00525164976716},"probability": 0.693402647972,"value": "pop"},"genre_tzanetakis": {"all": {"blu": 0.0626613423228,"cla": 0.0348169617355,"cou": 0.104475811124,"dis": 0.0784321576357,"hip": 0.15692435205,"jaz": 0.313974827528,"met": 0.0448166541755,"pop": 0.0627359300852,"reg": 0.0627360641956,"roc": 0.0784258767962},"probability": 0.313974827528,"value": "jaz"},"ismir04_rhythm": {"all": {"ChaChaCha": 0.790193021297,"Jive": 0.0344397090375,"Quickstep": 0.00587526196614,"Rumba-American": 0.0242798961699,"Rumba-International": 0.0121222175658,"Rumba-Misc": 0.0086765261367,"Samba": 0.0181561987847,"Tango": 0.0444594845176,"VienneseWaltz": 0.0571593232453,"Waltz": 0.00463837152347},"probability": 0.790193021297,"value": "ChaChaCha"},"mood_acoustic": {"all": {"acoustic": 0.452406913042,"not_acoustic": 0.54759311676},"probability": 0.54759311676,"value": "not_acoustic"},"mood_aggressive": {"all": {"aggressive": 0.0918632820249,"not_aggressive": 0.908136725426},"probability": 0.908136725426,"value": "not_aggressive"},"mood_electronic": {"all": {"electronic": 0.207279041409,"not_electronic": 0.792720973492},"probability": 0.792720973492,"value": "not_electronic"},"mood_happy": {"all": {"happy": 0.94947385788,"not_happy": 0.0505261383951},"probability": 0.94947385788,"value": "happy"},"mood_party": {"all": {"not_party": 0.511267185211,"party": 0.488732814789},"probability": 0.511267185211,"value": "not_party"},"mood_relaxed": {"all": {"not_relaxed": 0.441955804825,"relaxed": 0.558044195175},"probability": 0.558044195175,"value": "relaxed"},"mood_sad": {"all": {"not_sad": 0.494388848543,"sad": 0.505611121655},"probability": 0.505611121655,"value": "sad"},"moods_mirex": {"all": {"Cluster1": 0.179060444236,"Cluster2": 0.349462330341,"Cluster3": 0.129648596048,"Cluster4": 0.195145994425,"Cluster5": 0.14668263495},"probability": 0.349462330341,"value": "Cluster2"},"timbre": {"all": {"bright": 0.994236409664,"dark": 0.0057635800913},"probability": 0.994236409664,"value": "bright"},"tonal_atonal": {"all": {"atonal": 0.317345410585,"tonal": 0.682654559612},"probability": 0.682654559612,"value": "tonal"},"voice_instrumental": {"all": {"instrumental": 0.0258010271937,"voice": 0.974198997021},"probability": 0.974198997021,"value": "voice"}},"metadata": {"audio_properties": {"analysis_sample_rate": 44100,"bit_rate": 128014,"equal_loudness": 0,"length": 244.271026611,"lossless": 0,"replay_gain": -5.17600822449,"sample_rate": 44100,"codec": "mp3","downmix": "mix","md5_encoded": "f2ee43429c1e506d96ee9eb2b3f86ce3"},"tags": {"file_name": "Pat Green - Wave on Wave.mp3","acoustid_fingerprint": ["AQADtIqkMUqkI6qW5cAPf8CNd5CPw3zQC-gD__gFYe_hJ0G3Q_lj1C9yC09wXO9hD3fQDY9zeHiQQ2c2JcPLTEJ_HI9y4cGFFw6VHMfxELiENxDjG4eO3DDJovxx9MI5_Mh3Q6yCtML_oAtzXFFQc0CfpUZ-YT-eJLkU4vj2oifEw_lx4sQB8hB4wDgO6PjxASkOHhf-Az_yg1te47icD3-Q_2iC62iooMSHK_iPJuSD6QifBYeOA8dVowv0Bz9-6Dj8hBaO_MFLlEqTo2FEVPrQoOvRhLaC58h1mB30Hjm8D-16NGOAf0Tzo8KPdxbSYT-O9scH6odtiAIPHzmuEc7xH89xZeiPSy8iR2gqRkuKfj7yosmNkpEzvA_R_djyHHcCM1mCEPqF_MLx4TmaoyLePEeYH-0SQRcutcKh_Yh5DD-MUwUumvjCH8-P8BN0WUK-HVdyOAmJKy9-NJs3tNl8XDeeYz9-3IoqPCGe40ebb0j9AZpx-Sg5UN9x-IIJ-cOB9yjqF01w6EeP46h99BPSPBeqHMx72D3aP_gxnQ78VDz8VRn6bDnaouFwBT8i5T2eUYIzaCZ6eNXR4OhyiMyOXof-oS18lEf4_mhuHMfxx9iz48nR7Agf6E6QD3U_NA6P68HHw-vxH00e1FvQeCh5Ij--hIdCipRwlHDGBz8uBod6Bc2j4DnI8eiP99CL5sWJP2Aeo5nEPPiyHGcGV8dzPEkUTOTRcNnxXsiN6sfXFo8qNI6QD-cPhYtO-FkohNLCRWiOHL8PTQ4DH3rxKBy-Y_B14c5xHKeSI3cP3-gTXLRQmYH_4cizOBBP40d4WsKTxegujNSRLzv-HC6h6CFyhTuao8fcGx8excPW5PiTyjgi5Ro0Scij5WA6_EJXBo8SVCU84sN3hI-hDzkYH01cVPHRXMaj4Duaok8U7B_q6Si348rxH2eMJuos1Md5lDYR5iLeQeUuYb8iaMdNQhN1XBeakGWIH64qkEui48eP9oEuZQeT5kF_3Gj25Ohp6MqH_siUB7WisHjxCz0yXQp0ZUeYH2-C62i45OiHO7qQF5ooHb2OXDnCHLUEKRqJMAlzoL_gSyJuhCFnnMeVo7nQZ4f2o1-OgznCUA3O7EVz9B_yFFoulNWH6MeVE7Vy5HeEhxW0nDnOQ1-MU2kQ5katZJnQuzLSShr6Q_VyNMkvIfxxhdHRwz_CB9-Q_7h0PAh14VMIZZdQ9cgfXMvR5IrQTceP5jvC6_i54Ee9E3ZDBnosg_qPJ1CNL2GOmEYf_JnwZnhFfM-RNFJahJIOJh2HG-_xB_2PF61QPSA55PSgeReKfEsFZ9IPXqieo8_QXPlwKifOZGDC_QgP_mjOHO_xfDi4E4-QHlfwJjvCHX-KLzqa8ET742bQ64IWHdfxS2B4PJmF6_gH7wl0JRELbzmiP_jhp0iPL8wUNFVyBVdsPPiDKVWLcsmDHyca_YV-qA3T4IqQR_gOjztq0cOXcLgRdrngz0JFnngYDoyoDFr6CD_65ujx5EM8ZSfSXnieQfvRxD1yRVHwHfSO8IVvBpp1vGHwKdHxH_2FPYazD11D5Dz-weeEs7iy4kMO_RkiPRJRK0cPs8vR83hw-jjCh4dZaD9y4jhKHf6RLx00ObOQX3iyoIkkTgg_9IcfKkd_4scvNImS8Mh1UKeD8NlRPmgq40nkIHzQRA_eOBJxpgEZKRsaZwjNC6cYQ9cMH_mFj2Ae5nD-4zp-lBtqMUjjQCNrhN4CUwmuDz7eHP4QNoemUIcYiegnML5j5Mc-o19uPGHhPceNR8atG00adIpy5GjOYGb0BD8sJjkYUaTwH_GNPDouLfh0NA_aHJ-Oa8vQfPgepJPAD2F4_Ar6QYsbXEt03OjxByexnYV2Gn_Q1EbJI0w-YpqOPjgVI08Kpjm0J6JwXsKmG5WDSytKpYfpNOgZHHdiYT8aHXqiVGhG4ouOKzqa5-gzCeeIM88KPWmCU1LxNCqa7-hzEDp0vFrQvEH1FZ92fEksXAk9aDmuLPA5GZV2RXgUeseH5jv64scJLT-m5_hkxDSuB9MJ_0I-QnuNPD_2o_EUoRKz41qNHs264O4QaJmUiBLyHm-O30H1ISeDHloY58h9RI-j4VShNyl-8NKDUh_Mw06ioJT2oTqsHSWl4NJ0RJZ0_Csuo5mUBWGVY4auB-lxqjhzXFIOPjiLH_0-XHvgZDze41NS1MePSvrRiMnS4RTRoymR40mhd_gPlx6e8LgOzT6a2niWZHg5xXgO_UPfQYsiZcH7oMs5PPlwNngyuGIm3HlghFbBR8eP5gfzoBdS6RIc4y1u4oTpQy8cMx06HWe0pEF-ZMnRE6qT6AiTzEf74deCHlfRZznyjGiSR-jxLJ3Q-OjR5Aej7UUfiM9g5wi7HG_RHc0j7CK6od-F53guIa2IpB3eo8kV43AVHn3a4fIR7oOmJ0kV9Gg-vMQTO9AfNC_6DH9i4dlKQd1o4cTRAwAMINIQEqlCwAFghCIKSFEJIMQwpYEACDKgxECiMSAASAIBiYlhAgACCBBKGEIARcA4IpiTRkvzhYUWGGGQVQgDGQAUgDgCrSIAECog88gQh5xCBCDqjERCKSoYoCoBBISAQgjjgBAEaYwIdURABjUggggxDEEKAKSEMQpRggQBwDjECFPKOQWEAIIYRgQUyAADAANIOQkJYgopIIAQwBqADAGgEaYxAUJAARQiSAkACAKICiCYIBQiQAhADgBAwQhVCEMwUNADSJhhRkBBFAFEMEMBUgIoQhRhACDEAAIGECMBskIgCRQQhghkAAZECCwME0AAJSwQCiCBBGAKICgUlIQQAYAhiBJuFAEiGECBccoooAhShmDhFDBIGiYYFNQAYIQQzBCiBRREAkCQEQAIQQBARgCHAQGIKKQIAwAgQIyhBgmkABKMEAOMAFAQAIiShChnBBSCAQIMQAYQAoAQBCFFhDBEAISYEYAopBwQgAqBhAFQIAEM8AIRAohDRAiqCBEEGCuUMUQAAwQACAhDMAYAKMeUEkxAQLABCChAACCSCQOIYkRAIJQxjgBEhHQEEeQcQEQhaYwgiAChlGEAKAYAE4IAIZBhQhggBCDGCAqUA44AJURBwCAgBAPACoeIMWUBJYBT2AgghCAUSCaEEAQiJAQTwADCKBCACCaEIEQRZACRQGgigBIOUyKgAwApRIRAxBhhrFKEUAaEcMAKAqxSRAilGALWGCcIIQgIAhQRCBhiAFGMCAEAAVYA8pwQkgCKAAICDMEMQMIgAYUTghigAAIOIGUUAkYQIIASxliiCBAKAKoME4BARgwFwgKIHcJAICEtANgQB4BJBAAEFGCECGEYUUAQwQRQgBCjECEKKOUQYAgYRQQRTAELBUAQMKOEEAooxAAwhIDAAAICBEAAA0YRYoxQQAgHCg"],"acoustid_id": ["63128f01-728a-41f0-9348-7b105b7f9804"],"album": ["Wave on Wave"],"artist": ["Pat Green"],"bpm": ["103.59"],"date": ["2003"],"genre": ["Rock"],"musicbrainz album release country": ["United States"],"musicbrainz album type": ["Album"],"musicbrainz_albumartistid": ["0b610792-6d9b-45a4-b5de-0304b4007c3f"],"musicbrainz_albumid": ["b2c848f8-0a14-4aef-b09e-b2aba344b672"],"musicbrainz_artistid": ["0b610792-6d9b-45a4-b5de-0304b4007c3f"],"musicbrainz_recordingid": ["ae5b5103-5d71-4ccb-ba3a-502f8f1b6abd"],"musicip_puid": ["073319c6-b71e-cdd6-657b-cd931eaaa58c"],"title": ["Wave on Wave"],"tracknumber": ["04"]},"version": {"highlevel": {"essentia": "2.1-beta5-dev","essentia_build_sha": "e74af04b57b164eed312abeef4963962215860f0","essentia_git_sha": "v2.1_beta4-499-g4013ebc","extractor": "music 2.0","gaia": "2.4.5","gaia_git_sha": "v2.4.4-44-g95f4851","models_essentia_git_sha": "v2.1_beta1"},"lowlevel": {"essentia": "2.1-beta2",