{"highlevel": {"danceability": {"all": {"danceable": 0.939633846283,"not_danceable": 0.0603661797941},"probability": 0.939633846283,"value": "danceable"},"gender": {"all": {"female": 0.0951632857323,"male": 0.904836714268},"probability": 0.904836714268,"value": "male"},"genre_dortmund": {"all": {"alternative": 0.0452255271375,"blues": 0.0417870543897,"electronic": 0.777557551861,"folkcountry": 0.033165667206,"funksoulrnb": 0.00502130622044,"jazz": 0.0425389371812,"pop": 0.0062877885066,"raphiphop": 0.0181697253138,"rock": 0.0302464496344},"probability": 0.777557551861,"value": "electronic"},"genre_electronic": {"all": {"ambient": 0.337379336357,"dnb": 0.0884154736996,"house": 0.39708763361,"techno": 0.0444512180984,"trance": 0.132666349411},"probability": 0.39708763361,"value": "house"},"genre_rosamerica": {"all": {"cla": 0.00492545822635,"dan": 0.0255299452692,"hip": 0.304101765156,"jaz": 0.0440225936472,"pop": 0.0893387496471,"rhy": 0.514457941055,"roc": 0.0131181813776,"spe": 0.00450537027791},"probability": 0.514457941055,"value": "rhy"},"genre_tzanetakis": {"all": {"blu": 0.0602583475411,"cla": 0.0334702320397,"cou": 0.0753030031919,"dis": 0.0501960143447,"hip": 0.150579765439,"jaz": 0.150559931993,"met": 0.0430139601231,"pop": 0.0752755925059,"reg": 0.0602226257324,"roc": 0.301120519638},"probability": 0.301120519638,"value": "roc"},"ismir04_rhythm": {"all": {"ChaChaCha": 0.910329401493,"Jive": 0.00836880598217,"Quickstep": 0.00258362432942,"Rumba-American": 0.00833730399609,"Rumba-International": 0.00477220211178,"Rumba-Misc": 0.00303073693067,"Samba": 0.0124591570348,"Tango": 0.0194453448057,"VienneseWaltz": 0.0293979775161,"Waltz": 0.00127546221483},"probability": 0.910329401493,"value": "ChaChaCha"},"mood_acoustic": {"all": {"acoustic": 0.0798868760467,"not_acoustic": 0.920113146305},"probability": 0.920113146305,"value": "not_acoustic"},"mood_aggressive": {"all": {"aggressive": 0.00911710225046,"not_aggressive": 0.990882873535},"probability": 0.990882873535,"value": "not_aggressive"},"mood_electronic": {"all": {"electronic": 0.80096578598,"not_electronic": 0.199034199119},"probability": 0.80096578598,"value": "electronic"},"mood_happy": {"all": {"happy": 0.243329510093,"not_happy": 0.756670475006},"probability": 0.756670475006,"value": "not_happy"},"mood_party": {"all": {"not_party": 0.770767807961,"party": 0.229232206941},"probability": 0.770767807961,"value": "not_party"},"mood_relaxed": {"all": {"not_relaxed": 0.464372307062,"relaxed": 0.53562772274},"probability": 0.53562772274,"value": "relaxed"},"mood_sad": {"all": {"not_sad": 0.902159571648,"sad": 0.0978404432535},"probability": 0.902159571648,"value": "not_sad"},"moods_mirex": {"all": {"Cluster1": 0.160731941462,"Cluster2": 0.232891902328,"Cluster3": 0.137268573046,"Cluster4": 0.283377975225,"Cluster5": 0.185729622841},"probability": 0.283377975225,"value": "Cluster4"},"timbre": {"all": {"bright": 0.30110964179,"dark": 0.698890328407},"probability": 0.698890328407,"value": "dark"},"tonal_atonal": {"all": {"atonal": 0.931628167629,"tonal": 0.0683718174696},"probability": 0.931628167629,"value": "atonal"},"voice_instrumental": {"all": {"instrumental": 0.0654479712248,"voice": 0.934552013874},"probability": 0.934552013874,"value": "voice"}},"metadata": {"audio_properties": {"analysis_sample_rate": 44100,"bit_rate": 320000,"equal_loudness": 0,"length": 189.100402832,"lossless": 0,"replay_gain": -13.7754631042,"sample_rate": 44100,"codec": "mp3","downmix": "mix","md5_encoded": "bd9b9fa07fa87a8388ff1abb5df4a21f"},"tags": {"file_name": "1500651.mp3","album": ["Winter Pays For Summer"],"albumartist": ["Glen Phillips"],"artist": ["Glen Phillips"],"date": ["2005"],"genre": ["Rock"],"length": ["189120"],"musicbrainz_recordingid": ["ae5b3dae-21e2-45d3-834e-8cfb55ac6fb4"],"title": ["Gather"],"tracknumber": ["12"]},"version": {"highlevel": {"essentia": "2.1-beta5-dev","essentia_build_sha": "e74af04b57b164eed312abeef4963962215860f0","essentia_git_sha": "v2.1_beta4-499-g4013ebc","extractor": "music 2.0","gaia": "2.4.5","gaia_git_sha": "v2.4.4-44-g95f4851","models_essentia_git_sha": "v2.1_beta1"},"lowlevel": {"essentia": "2.1-beta2","essentia_build_sha": "70f2e5ece6736b2c40cc944ad0e695b16b925413","essentia_git_sha": "v2.1_beta2","extractor": "music 1.0"}}}}