{"highlevel": {"danceability": {"all": {"danceable": 0.5,"not_danceable": 0.5},"probability": 0.5,"value": "danceable"},"gender": {"all": {"female": 0.00511616235599,"male": 0.994883835316},"probability": 0.994883835316,"value": "male"},"genre_dortmund": {"all": {"alternative": 0.08210349828,"blues": 0.015962742269,"electronic": 0.840666174889,"folkcountry": 0.0416348613799,"funksoulrnb": 0.00129890022799,"jazz": 0.00246152468026,"pop": 0.0037619646173,"raphiphop": 0.00114955555182,"rock": 0.0109607968479},"probability": 0.840666174889,"value": "electronic"},"genre_electronic": {"all": {"ambient": 0.669863820076,"dnb": 0.00834743026644,"house": 0.0483316481113,"techno": 0.00564998015761,"trance": 0.267807155848},"probability": 0.669863820076,"value": "ambient"},"genre_rosamerica": {"all": {"cla": 0.0446357764304,"dan": 0.0220432858914,"hip": 0.0147640379146,"jaz": 0.0314391478896,"pop": 0.305514127016,"rhy": 0.25063508749,"roc": 0.306125432253,"spe": 0.0248430706561},"probability": 0.306125432253,"value": "roc"},"genre_tzanetakis": {"all": {"blu": 0.0626613423228,"cla": 0.0348169617355,"cou": 0.104475811124,"dis": 0.0784321576357,"hip": 0.15692435205,"jaz": 0.313974827528,"met": 0.0448166541755,"pop": 0.0627359300852,"reg": 0.0627360641956,"roc": 0.0784258767962},"probability": 0.313974827528,"value": "jaz"},"ismir04_rhythm": {"all": {"ChaChaCha": 0.0143313230947,"Jive": 0.054966840893,"Quickstep": 0.00367234530859,"Rumba-American": 0.00446027051657,"Rumba-International": 0.0125422738492,"Rumba-Misc": 0.0107269473374,"Samba": 0.0127337574959,"Tango": 0.015049806796,"VienneseWaltz": 0.860961675644,"Waltz": 0.0105547579005},"probability": 0.860961675644,"value": "VienneseWaltz"},"mood_acoustic": {"all": {"acoustic": 0.859542548656,"not_acoustic": 0.140457421541},"probability": 0.859542548656,"value": "acoustic"},"mood_aggressive": {"all": {"aggressive": 0.00285799917765,"not_aggressive": 0.997142016888},"probability": 0.997142016888,"value": "not_aggressive"},"mood_electronic": {"all": {"electronic": 0.0510303303599,"not_electronic": 0.948969662189},"probability": 0.948969662189,"value": "not_electronic"},"mood_happy": {"all": {"happy": 0.248599812388,"not_happy": 0.75140017271},"probability": 0.75140017271,"value": "not_happy"},"mood_party": {"all": {"not_party": 0.747863471508,"party": 0.25213649869},"probability": 0.747863471508,"value": "not_party"},"mood_relaxed": {"all": {"not_relaxed": 0.0862800329924,"relaxed": 0.913719952106},"probability": 0.913719952106,"value": "relaxed"},"mood_sad": {"all": {"not_sad": 0.533582210541,"sad": 0.466417759657},"probability": 0.533582210541,"value": "not_sad"},"moods_mirex": {"all": {"Cluster1": 0.11599162966,"Cluster2": 0.318530678749,"Cluster3": 0.30541279912,"Cluster4": 0.130777031183,"Cluster5": 0.129287853837},"probability": 0.318530678749,"value": "Cluster2"},"timbre": {"all": {"bright": 0.797097623348,"dark": 0.202902361751},"probability": 0.797097623348,"value": "bright"},"tonal_atonal": {"all": {"atonal": 0.027531273663,"tonal": 0.972468733788},"probability": 0.972468733788,"value": "tonal"},"voice_instrumental": {"all": {"instrumental": 0.0502336509526,"voice": 0.949766337872},"probability": 0.949766337872,"value": "voice"}},"metadata": {"audio_properties": {"analysis_sample_rate": 44100,"bit_rate": 300946,"equal_loudness": 0,"length": 194.925720215,"lossless": 0,"replay_gain": -9.91861915588,"sample_rate": 44100,"codec": "mp3","downmix": "mix","md5_encoded": "a21d01f8a9249dbed036f0ad2545c89b"},"tags": {"file_name": "2179844.mp3","musicbrainz_recordingid": ["ae648a19-c793-47d9-bdf3-acb8711bade2"]},"version": {"highlevel": {"essentia": "2.1-beta5-dev","essentia_build_sha": "e74af04b57b164eed312abeef4963962215860f0","essentia_git_sha": "v2.1_beta4-499-g4013ebc","extractor": "music 2.0","gaia": "2.4.5","gaia_git_sha": "v2.4.4-44-g95f4851","models_essentia_git_sha": "v2.1_beta1"},"lowlevel": {"essentia": "2.1-beta2","essentia_build_sha": "70f2e5ece6736b2c40cc944ad0e695b16b925413","essentia_git_sha": "v2.1_beta2","extractor": "music 1.0"}}}}