{"highlevel": {"danceability": {"all": {"danceable": 0.708314239979,"not_danceable": 0.291685760021},"probability": 0.708314239979,"value": "danceable"},"gender": {"all": {"female": 0.489343672991,"male": 0.510656356812},"probability": 0.510656356812,"value": "male"},"genre_dortmund": {"all": {"alternative": 0.00630838982761,"blues": 0.000538798281923,"electronic": 0.990278244019,"folkcountry": 0.00143724994268,"funksoulrnb": 3.04455243167e-05,"jazz": 0.000233470302192,"pop": 8.21870125947e-05,"raphiphop": 1.78846421477e-05,"rock": 0.00107330421451},"probability": 0.990278244019,"value": "electronic"},"genre_electronic": {"all": {"ambient": 0.568390488625,"dnb": 0.0373177118599,"house": 0.211820468307,"techno": 0.0209308061749,"trance": 0.161540523171},"probability": 0.568390488625,"value": "ambient"},"genre_rosamerica": {"all": {"cla": 0.0239124502987,"dan": 0.0231358930469,"hip": 0.0914790630341,"jaz": 0.0594389215112,"pop": 0.317401468754,"rhy": 0.223319500685,"roc": 0.255561023951,"spe": 0.00575167266652},"probability": 0.317401468754,"value": "pop"},"genre_tzanetakis": {"all": {"blu": 0.0626613423228,"cla": 0.0348169617355,"cou": 0.104475811124,"dis": 0.0784321576357,"hip": 0.15692435205,"jaz": 0.313974827528,"met": 0.0448166541755,"pop": 0.0627359300852,"reg": 0.0627360641956,"roc": 0.0784258767962},"probability": 0.313974827528,"value": "jaz"},"ismir04_rhythm": {"all": {"ChaChaCha": 0.148187696934,"Jive": 0.128476440907,"Quickstep": 0.0388453267515,"Rumba-American": 0.0448619052768,"Rumba-International": 0.0305839832872,"Rumba-Misc": 0.0237814113498,"Samba": 0.0637267902493,"Tango": 0.31038236618,"VienneseWaltz": 0.192265227437,"Waltz": 0.0188888441771},"probability": 0.31038236618,"value": "Tango"},"mood_acoustic": {"all": {"acoustic": 0.0255413036793,"not_acoustic": 0.974458694458},"probability": 0.974458694458,"value": "not_acoustic"},"mood_aggressive": {"all": {"aggressive": 0.405774921179,"not_aggressive": 0.594225049019},"probability": 0.594225049019,"value": "not_aggressive"},"mood_electronic": {"all": {"electronic": 0.17607152462,"not_electronic": 0.82392847538},"probability": 0.82392847538,"value": "not_electronic"},"mood_happy": {"all": {"happy": 0.445782214403,"not_happy": 0.554217755795},"probability": 0.554217755795,"value": "not_happy"},"mood_party": {"all": {"not_party": 0.405466496944,"party": 0.594533503056},"probability": 0.594533503056,"value": "party"},"mood_relaxed": {"all": {"not_relaxed": 0.881132364273,"relaxed": 0.118867628276},"probability": 0.881132364273,"value": "not_relaxed"},"mood_sad": {"all": {"not_sad": 0.738676428795,"sad": 0.261323571205},"probability": 0.738676428795,"value": "not_sad"},"moods_mirex": {"all": {"Cluster1": 0.0987994074821,"Cluster2": 0.0990353599191,"Cluster3": 0.29555401206,"Cluster4": 0.15313129127,"Cluster5": 0.353479921818},"probability": 0.353479921818,"value": "Cluster5"},"timbre": {"all": {"bright": 0.25065562129,"dark": 0.749344348907},"probability": 0.749344348907,"value": "dark"},"tonal_atonal": {"all": {"atonal": 0.460460245609,"tonal": 0.539539754391},"probability": 0.539539754391,"value": "tonal"},"voice_instrumental": {"all": {"instrumental": 0.00219436758198,"voice": 0.997805655003},"probability": 0.997805655003,"value": "voice"}},"metadata": {"audio_properties": {"analysis_sample_rate": 44100,"bit_rate": 128000,"equal_loudness": 0,"length": 358.008148193,"lossless": 0,"replay_gain": -4.96974563599,"sample_rate": 44100,"codec": "mp3","downmix": "mix","md5_encoded": "b2602976ffd6eec14d22df36aa667d19"},"tags": {"file_name": "17 - Chickenshit Conformist.mp3","album": ["Bedtime for Democracy"],"albumartist": ["Dead Kennedys"],"albumartistsort": ["Dead Kennedys"],"artist": ["Dead Kennedys"],"artistsort": ["Dead Kennedys"],"asin": ["B00005NT4J"],"barcode": ["767004290324"],"catalognumber": ["MFO 42903"],"contentgroup": ["Punk"],"date": ["2001"],"discnumber": ["1\/1"],"genre": ["Punk", "Punk Rock", "Hardcore Punk", "Hardcore"],"label": ["Manifesto"],"media": ["CD"],"musicbrainz album release country": ["US"],"musicbrainz album status": ["official"],"musicbrainz album type": ["album"],"musicbrainz_albumartistid": ["37c78aeb-d196-42b5-b991-6afb4fc9bc2e"],"musicbrainz_albumid": ["ddc418f4-afd9-4974-97b0-d84e2a23b664"],"musicbrainz_artistid": ["37c78aeb-d196-42b5-b991-6afb4fc9bc2e"],"musicbrainz_recordingid": ["33524f1a-f621-4cfb-a7c0-a47159760c23"],"musicbrainz_releasegroupid": ["f89c9d50-8805-3d3d-b21f-6de60f62f3a6"],"originaldate": ["1986"],"originalyear": ["2001"],"script": ["Latn"],"title": ["Chickenshit Conformist"],"tracknumber": ["17\/21"]},"version": {"highlevel": {"essentia": "2.1-beta5-dev","essentia_build_sha": "e74af04b57b164eed312abeef4963962215860f0","essentia_git_sha": "v2.1_beta4-499-g4013ebc","extractor": "music 2.0","gaia": "2.4.5","gaia_git_sha": "v2.4.4-44-g95f4851","models_essentia_git_sha": "v2.1_beta1"},"lowlevel": {"essentia": "2.1-beta2","essentia_build_sha": "2d9f1f26377add8aeb1075a9c2973f962c4f09fd","essentia_git_sha": "v2.1_beta2-1-ge3940c0","extractor": "music 1.0"}}}}