{"highlevel": {"danceability": {"all": {"danceable": 0.772712230682,"not_danceable": 0.227287784219},"probability": 0.772712230682,"value": "danceable"},"gender": {"all": {"female": 0.990573108196,"male": 0.009426869452},"probability": 0.990573108196,"value": "female"},"genre_dortmund": {"all": {"alternative": 0.0304818488657,"blues": 0.00288135162555,"electronic": 0.952877998352,"folkcountry": 0.0104747274891,"funksoulrnb": 9.52907721512e-05,"jazz": 0.000819697219413,"pop": 0.00060271442635,"raphiphop": 5.56197701371e-05,"rock": 0.00171073409729},"probability": 0.952877998352,"value": "electronic"},"genre_electronic": {"all": {"ambient": 0.622558414936,"dnb": 0.00581502681598,"house": 0.0801894143224,"techno": 0.00901739206165,"trance": 0.282419770956},"probability": 0.622558414936,"value": "ambient"},"genre_rosamerica": {"all": {"cla": 0.0180445052683,"dan": 0.0240161195397,"hip": 0.00356952147558,"jaz": 0.0318447612226,"pop": 0.467011213303,"rhy": 0.0488386563957,"roc": 0.397389650345,"spe": 0.00928555522114},"probability": 0.467011213303,"value": "pop"},"genre_tzanetakis": {"all": {"blu": 0.0626613423228,"cla": 0.0348169617355,"cou": 0.104475811124,"dis": 0.0784321576357,"hip": 0.15692435205,"jaz": 0.313974827528,"met": 0.0448166541755,"pop": 0.0627359300852,"reg": 0.0627360641956,"roc": 0.0784258767962},"probability": 0.313974827528,"value": "jaz"},"ismir04_rhythm": {"all": {"ChaChaCha": 0.0737865120173,"Jive": 0.00878674350679,"Quickstep": 0.00238983682357,"Rumba-American": 0.00947525724769,"Rumba-International": 0.0149226067588,"Rumba-Misc": 0.0202928930521,"Samba": 0.00637381710112,"Tango": 0.0651254579425,"VienneseWaltz": 0.794462680817,"Waltz": 0.00438420753926},"probability": 0.794462680817,"value": "VienneseWaltz"},"mood_acoustic": {"all": {"acoustic": 0.756262481213,"not_acoustic": 0.243737503886},"probability": 0.756262481213,"value": "acoustic"},"mood_aggressive": {"all": {"aggressive": 0.0673588812351,"not_aggressive": 0.932641148567},"probability": 0.932641148567,"value": "not_aggressive"},"mood_electronic": {"all": {"electronic": 0.5,"not_electronic": 0.5},"probability": 0.5,"value": "electronic"},"mood_happy": {"all": {"happy": 0.26122969389,"not_happy": 0.73877030611},"probability": 0.73877030611,"value": "not_happy"},"mood_party": {"all": {"not_party": 0.89537101984,"party": 0.10462898016},"probability": 0.89537101984,"value": "not_party"},"mood_relaxed": {"all": {"not_relaxed": 0.0404221862555,"relaxed": 0.959577798843},"probability": 0.959577798843,"value": "relaxed"},"mood_sad": {"all": {"not_sad": 0.435746312141,"sad": 0.564253687859},"probability": 0.564253687859,"value": "sad"},"moods_mirex": {"all": {"Cluster1": 0.151879802346,"Cluster2": 0.387902528048,"Cluster3": 0.19270196557,"Cluster4": 0.147236004472,"Cluster5": 0.120279721916},"probability": 0.387902528048,"value": "Cluster2"},"timbre": {"all": {"bright": 0.99999153614,"dark": 8.46104012453e-06},"probability": 0.99999153614,"value": "bright"},"tonal_atonal": {"all": {"atonal": 0.0121255656704,"tonal": 0.987874448299},"probability": 0.987874448299,"value": "tonal"},"voice_instrumental": {"all": {"instrumental": 0.958626508713,"voice": 0.0413735061884},"probability": 0.958626508713,"value": "instrumental"}},"metadata": {"audio_properties": {"analysis_sample_rate": 44100,"bit_rate": 0,"equal_loudness": 0,"length": 248.226669312,"lossless": 1,"replay_gain": -8.30527496338,"sample_rate": 44100,"codec": "flac","downmix": "mix","md5_encoded": "7e2b026aa1856c885804454f33c75f7d"},"tags": {"file_name": "11. From the Sky.flac","album": ["From the Sky"],"albumartist": ["Ryan Farish"],"albumartistsort": ["Farish, Ryan"],"artist": ["Ryan Farish"],"artistsort": ["Farish, Ryan"],"asin": ["B0009JE670"],"barcode": ["754863200120"],"catalognumber": ["NRO 32001"],"date": ["2005-06-21"],"discnumber": ["1"],"disctotal": ["1"],"genre": ["New Age"],"label": ["Neurodisc Records"],"language": ["eng"],"media": ["CD"],"musicbrainz_albumartistid": ["404873ba-b673-482d-b10d-23c66e723ff7"],"musicbrainz_albumid": ["05a646e1-9fda-442b-be66-20b2e2f8d51c"],"musicbrainz_artistid": ["404873ba-b673-482d-b10d-23c66e723ff7"],"musicbrainz_recordingid": ["3389a677-a8b8-4376-b291-0cd1f26e73ba"],"musicbrainz_releasegroupid": ["6589d788-a6c7-36c8-8f82-d0791a9f5f1d"],"originaldate": ["2005-06-21"],"releasecountry": ["US"],"releasestatus": ["official"],"releasetype": ["album"],"script": ["Latn"],"title": ["From the Sky"],"totaldiscs": ["1"],"totaltracks": ["12"],"tracknumber": ["11"],"tracktotal": ["12"]},"version": {"highlevel": {"essentia": "2.1-beta5-dev","essentia_build_sha": "e74af04b57b164eed312abeef4963962215860f0","essentia_git_sha": "v2.1_beta4-499-g4013ebc","extractor": "music 2.0","gaia": "2.4.5","gaia_git_sha": "v2.4.4-44-g95f4851","models_essentia_git_sha": "v2.1_beta1"},"lowlevel": {"essentia": "2.1-beta2","essentia_build_sha": "70f2e5ece6736b2c40cc944ad0e695b16b925413","essentia_git_sha": "v2.1_beta2","extractor": "music 1.0"}}}}