{"highlevel": {"danceability": {"all": {"danceable": 0.531630814075,"not_danceable": 0.468369185925},"probability": 0.531630814075,"value": "danceable"},"gender": {"all": {"female": 0.121761329472,"male": 0.878238677979},"probability": 0.878238677979,"value": "male"},"genre_dortmund": {"all": {"alternative": 0.100324586034,"blues": 0.0204495619982,"electronic": 0.810440063477,"folkcountry": 0.0299712829292,"funksoulrnb": 0.00269590411335,"jazz": 0.00518951937556,"pop": 0.00517826201394,"raphiphop": 0.00226522935554,"rock": 0.0234856046736},"probability": 0.810440063477,"value": "electronic"},"genre_electronic": {"all": {"ambient": 0.24287353456,"dnb": 0.0301224756986,"house": 0.0512412972748,"techno": 0.0122243324295,"trance": 0.663538336754},"probability": 0.663538336754,"value": "trance"},"genre_rosamerica": {"all": {"cla": 0.00474159279838,"dan": 0.0143696004525,"hip": 0.0113562727347,"jaz": 0.00381100270897,"pop": 0.0570279695094,"rhy": 0.00570655148476,"roc": 0.90001052618,"spe": 0.00297651160508},"probability": 0.90001052618,"value": "roc"},"genre_tzanetakis": {"all": {"blu": 0.0626541376114,"cla": 0.0348133966327,"cou": 0.0783501937985,"dis": 0.104547761381,"hip": 0.15693578124,"jaz": 0.313987255096,"met": 0.044816005975,"pop": 0.0627349764109,"reg": 0.0627352520823,"roc": 0.0784252434969},"probability": 0.313987255096,"value": "jaz"},"ismir04_rhythm": {"all": {"ChaChaCha": 0.286327570677,"Jive": 0.177402198315,"Quickstep": 0.0329101979733,"Rumba-American": 0.0328900516033,"Rumba-International": 0.0277657713741,"Rumba-Misc": 0.0237347688526,"Samba": 0.0479485094547,"Tango": 0.216521337628,"VienneseWaltz": 0.136260524392,"Waltz": 0.0182390678674},"probability": 0.286327570677,"value": "ChaChaCha"},"mood_acoustic": {"all": {"acoustic": 0.0156752672046,"not_acoustic": 0.984324753284},"probability": 0.984324753284,"value": "not_acoustic"},"mood_aggressive": {"all": {"aggressive": 0.832461237907,"not_aggressive": 0.167538762093},"probability": 0.832461237907,"value": "aggressive"},"mood_electronic": {"all": {"electronic": 0.0807531550527,"not_electronic": 0.919246852398},"probability": 0.919246852398,"value": "not_electronic"},"mood_happy": {"all": {"happy": 0.440217733383,"not_happy": 0.559782266617},"probability": 0.559782266617,"value": "not_happy"},"mood_party": {"all": {"not_party": 0.182382300496,"party": 0.817617714405},"probability": 0.817617714405,"value": "party"},"mood_relaxed": {"all": {"not_relaxed": 0.939798355103,"relaxed": 0.060201652348},"probability": 0.939798355103,"value": "not_relaxed"},"mood_sad": {"all": {"not_sad": 0.867747366428,"sad": 0.132252648473},"probability": 0.867747366428,"value": "not_sad"},"moods_mirex": {"all": {"Cluster1": 0.203070104122,"Cluster2": 0.193957358599,"Cluster3": 0.133869543672,"Cluster4": 0.121053941548,"Cluster5": 0.348049044609},"probability": 0.348049044609,"value": "Cluster5"},"timbre": {"all": {"bright": 0.992205500603,"dark": 0.00779449287802},"probability": 0.992205500603,"value": "bright"},"tonal_atonal": {"all": {"atonal": 0.028946980834,"tonal": 0.971053004265},"probability": 0.971053004265,"value": "tonal"},"voice_instrumental": {"all": {"instrumental": 0.135176867247,"voice": 0.864823162556},"probability": 0.864823162556,"value": "voice"}},"metadata": {"audio_properties": {"analysis_sample_rate": 44100,"bit_rate": 192000,"equal_loudness": 0,"length": 239.96081543,"lossless": 0,"replay_gain": -5.23299980164,"sample_rate": 44100,"codec": "mp3","downmix": "mix","md5_encoded": "cf4553314dc5458c41fbb36049e2eee1"},"tags": {"file_name": "Kenny Chesney - Live Those Songs (live).mp3","acoustid_fingerprint": ["AQADtEmSJFGSJIsSJUMvdL0g4u6E__DxHh8eQu-F4_gOk8dVWMd1_LBwfMdz_MR9vNBvHPyP7zg84juoHzgcrHkCXfjUC7oKmC--oz_yD9cQaoe_ozf-QM_Qb3CHw8KpcMeRoy92tOPhisdZ_EUubLlSPLXg4jtw_PjwMMMP3fhV4dPw5fgFn8cz6Eda5fCDXj--P-gLn-i1B6UK7w52_MoRroeOOwvyR_jR1EGfscgV7ZC-I0zwg-eR9kIrzSB0ySq-eHji4MxxnWCeQl2o4w88nE52lCRufNex8zgf_BV-XJvQKUf6ZXDU5ei_JKgkvkOT8Mce42zR_CjZCs_B4zvivCGqQ9K7oTzCRseX46iMh8efHBWeIddxRTc0ajr-_HhKadAfXPvxfDGa0D4qi7gKXePxnMScK_jTYEfQJJONJ0cTLcIfDeHRPNQ06MEldBXhOMKTD5Luw9NlmMKlHD-mDydXfNxwheKg_YGPt0eejbiCv4d_FPuzI8ySJEjG46kKHm80o5Z2-IcjHslz5D6uDM8O6jnRL8h7DnqENDU-6Ufl6EHD4zaDfAuH14eWK6goHblVcBZy_IFimgme5Qh_OFQOOxr64M0x_UEYO9CPXDuYeUPDKSoqMVFIbL-RHmUxNYcWJ8f1I59U4VKS5KhOKUh9wpBUXSLqHbmCT8pRaUUj0kfsBFomFWGnMDiTG-MznI0wbcqN5sZx1Xhyo1NzpDf6jINKpzGuQ7NrhOGD4z7ONBKeB3mgTUeYU8MXPfhyFlcGJicqnviDb9txhMmh_Ufw487wiLiO7FNy6A7uSxDx42rxJduClM9xycb1IFUzPB0z8NuHUyqq2YOWiMkFnhb-4As9mHFO5LjpolYWDSkV6EpQHrEbXI_wPDmqG66y4Dka4p-WIvpywd2hL5KR55iyI_yJ-yDDCvqPNJLxaujR3DjCTLuhdZIRf7hi_MdpnMnx4054_ER2HOoR_yiZHhYjFdWT49LxGudxSsg-qLrwksWjpPge9KLQaM4HXfpxHn2YE450HXxyeMwwyUzRJtERRlOUFad2PAv-oWpjwZNoI9R_yMqiHZXW4OIeKObxHOWe4KJxRxBV4lmOSxcuoSSXYTOm3Xjz4swyVD6O0DougaONl-inI8-9CbryEOmijEP9o7nA72hO5DmuH9ehdXnxUAuuXMaPbTT8oZbwpx7kfyiXYIsfROrxHxV1_MG08jhxJcaXKCi5oHnyIfqjQD96QWEbhJuP57h--FGCUzp-w1uY4M0c4zmJNCL0jEQlZuFxHZ2SBQf3JYfWN_Ceo6I5nDnuLENpPUND8VAlIhzC3AEnqRPO4fkJTZcxRXoR68eTJUVIScd2PIG-6LiPVCcuCk5xSTVSLkOvRJCjE7HxZMV1PEeYH7XYQUWe_HjnBM019MgbiNWHK8gzlEzwEJdyuDvKR8aTE32KMHmhI7rQLNHR_zhjxLTxUCfk50GYi8V1_BGuCz7SCxqlEDtycQaTbg76IeLRcCw0MkrwG7mPxk2HLtLx8SKu42g8BSUXfEeylMJ4IhUjpUd54vgL5oYjHm1WHdnFo3uOLQv6o4c_HeGLL8eDfCd-VHSoQMSOJ0Pf48uFIvvwUkf4tMZ97MuPC4VOWXjJw4wKUY4-9I8Rvmi0y3gbjbh49EdzUtiTHbhAM8JzxB8eaHbgE2caEduPX8ej4z88CnVzXDty5Tt-fI-m4rmTIDx0I1qzCL18PHhO0I9xPjp-9EGYE88hLxk8Cs-2CD8cnsO1EqdMIYwqFZWjFP3h1ykyJ80g9kjPoCwuHY80RXhHXJSyJfgjJNGRs8OUbhSL5wnOE38Chz6OegOTvUb-QLvg6gjjBD-eb5jqREzQTMmFHKKKfRdCouGD83CV4UojXMtzeDxyM0i-hMOVaHgfw5M-XGGO3bhE_Df2CJd05Fm2g8nx5RCdRDkq5ciDjrrRHHkw9YOW58ip6PgtVIYfwtMRJlPyQ3-C_PgaXInIDBG9o4eW8OBzGdee44N1YcaTLOgmPgjzGH-Ej8KDmceXiUJ1D41QbcmOc0e0L0TtV9D3IaezoD6a6MgXyDseIdckYdfR3sh3WM0-aBbi6bjzobn0oC_O4QqHcFOPZsyg4jmicxh1fDzeEF-UdHiC63Ap5D8-B9W3o5mcQ49yPGUSWMeb44cuJUdD6giv4zq-FD7JII8N6ceZRUPjo1YGXfiRb8lxTwRzNBmPJxJCUzGaXzj6Q1E6h8YT4XBMC_tCnMebQ4-KBjGPZssLWjuabpuM8IWqI__w6zgVvLiCrwzi55BuXOGF4jXSOEvxRT96xXiJO-qBf07w5AWz4UfVSEGeF1OfoMl3yMF_InwxZfqJ_yjLgx9iikjSLAnqFx-V42jz4s2J9DkLuUL84dIRqWN63LqgHw8txFSUGB3CPJ0GqTkuMUeeo9EvVN-CC7mUHd9R6dCPkrggKyP6C_qTFyVzIUw1EmV0oUbzoNeHMA_Oj-CWQ0fOh-gN15GIajtmZmiSj0OPXAkL_Uc5HSl3VJKFf-iLHo_UB--ER8cZCc31I3wOfch5jOqQN8cPPUf3I0yn5Lge4h_RMzkaRpmR7_gPRiKJRs1yQk9O_HiS5KisxRCzoz4jnPkIdVFY6CfKB03TnDil4WLkopFmItSVDdk5nLgeNGKgyZpx5cidD30qeEd11CVI9si5BM-hRZESAECAIwAAxwUwTDECkETKGWeEQlYIBYTABgAjRBJKcEEAIAIRwRBBSgnBmGAOCFEEAsRRogFQiDkLFEJMEGagMQAwKQwCCAAABACEaACQgkAZIAWQCBhGACBACoOIQs4AIAAhwDBBCAKAAyCAIAQQAYl0TgBCoHGCGimAYEYYIQAQRAhIAFGAOESEYMA4x4zBwABmAFDEMKMAEUpggQgRRAAjABCOCiEIAkwJRAUAUBAhBACUGAWgBMIoJpSARhCBEBMCKKAMcAQQYJAw2ABBBGMAEcSEdEoR4JACzkCBhAEKAqeYMAwRIBgAAkggIBFUIQIUQEYBQRBBjAAFCHdEOGAQIsAACgihSgAjAGIaiYSsIBAowhQAgjEQDWAEIEkMIQ4IQ5AyQAiDgFCAGUUEQwogABxAFCgEmCHGEESIMsYQAYAgxgCEAFCKKGCMUQIAIwABxgDiiHJKAGIAEAQ4IBhhRAACkBJGIYAYBAAIIAwQBBkFgHSCKIOoEMAqAqxRyDgBrFCAAAUAF5IBxYRTRlMMEGBGECEMc4QoQZx0AggjEADIEoSAQCAwwBAgBCDgASGAKWAo4UoggJBgAgiAgChACWGkAkgJBYyQwDIRjCFAEOEAJMoIAwQzAAgBiUBMEEaAoIJjp4wzQAFjhALEAAQYUUIZ4ARhijBhBCBDGKYII4YIIoxDCCAAKGPCAA2MAIQpgjxRhAElgADAEIEIQAQRJ4UgRBiBmAHAa2MQIoIIgIgSzCphDHAAIISA0MAgBowQBhhwoCDIGaKAYWIZqgAiQiDkADKQIEQkEQJbxIAYBrFAmCDQGSKIEAJABBAzgAmgADFGAACAFBQpwpABAAEgDATEEUAgAAAQoJwggAklABEKAGGkcEYIopQwAAhCkBGAGKeJUQowRYQiSEBBhABGEACMINgI5AQ1hgDACGACCYWUAMIgx5gEAkEjAQKCAKMQIURBAIRhAA"],"acoustid_id": ["0934ec30-ea52-4363-a3d8-f22497e218ee"],"album": ["When the Sun Goes Down"],"artist": ["Kenny Chesney"],"bpm": ["127.47"],"date": ["2002"],"genre": ["Country"],"musicbrainz album release country": ["United States"],"musicbrainz album type": ["Album"],"musicbrainz_albumartistid": ["5dca4d22-d6c8-4e70-8ca1-4543e43353c7"],"musicbrainz_albumid": ["3a71ae89-00c5-442b-805b-1485e35bf405"],"musicbrainz_artistid": ["5dca4d22-d6c8-4e70-8ca1-4543e43353c7"],"musicbrainz_recordingid": ["338f22e3-410f-4457-bd77-ee8abcce1031"],"musicip_puid": ["183e95a1-f6e6-320b-c578-588615be0023"],"title": ["Live Those Songs (live)"],"tracknumber": ["12"]},