{"highlevel": {"danceability": {"all": {"danceable": 0.391639024019,"not_danceable": 0.608361005783},"probability": 0.608361005783,"value": "not_danceable"},"gender": {"all": {"female": 0.178182169795,"male": 0.821817815304},"probability": 0.821817815304,"value": "male"},"genre_dortmund": {"all": {"alternative": 0.292763262987,"blues": 0.060519605875,"electronic": 0.379683494568,"folkcountry": 0.0993729382753,"funksoulrnb": 0.00827563274652,"jazz": 0.0139307761565,"pop": 0.0260387100279,"raphiphop": 0.00541353225708,"rock": 0.114002034068},"probability": 0.379683494568,"value": "electronic"},"genre_electronic": {"all": {"ambient": 0.733587145805,"dnb": 0.0427599512041,"house": 0.112453684211,"techno": 0.0119039136916,"trance": 0.0992952957749},"probability": 0.733587145805,"value": "ambient"},"genre_rosamerica": {"all": {"cla": 0.00805436447263,"dan": 0.0658270046115,"hip": 0.0619538426399,"jaz": 0.0142789045349,"pop": 0.282355129719,"rhy": 0.424287945032,"roc": 0.133831828833,"spe": 0.00941098015755},"probability": 0.424287945032,"value": "rhy"},"genre_tzanetakis": {"all": {"blu": 0.0626613423228,"cla": 0.0348169617355,"cou": 0.104475811124,"dis": 0.0784321576357,"hip": 0.15692435205,"jaz": 0.313974827528,"met": 0.0448166541755,"pop": 0.0627359300852,"reg": 0.0627360641956,"roc": 0.0784258767962},"probability": 0.313974827528,"value": "jaz"},"ismir04_rhythm": {"all": {"ChaChaCha": 0.394917011261,"Jive": 0.33986094594,"Quickstep": 0.00753378868103,"Rumba-American": 0.0209127739072,"Rumba-International": 0.041823592037,"Rumba-Misc": 0.00854879338294,"Samba": 0.0426837541163,"Tango": 0.0214856974781,"VienneseWaltz": 0.115813285112,"Waltz": 0.00642036041245},"probability": 0.394917011261,"value": "ChaChaCha"},"mood_acoustic": {"all": {"acoustic": 0.416522324085,"not_acoustic": 0.583477675915},"probability": 0.583477675915,"value": "not_acoustic"},"mood_aggressive": {"all": {"aggressive": 0.185311764479,"not_aggressive": 0.814688265324},"probability": 0.814688265324,"value": "not_aggressive"},"mood_electronic": {"all": {"electronic": 0.758784770966,"not_electronic": 0.241215199232},"probability": 0.758784770966,"value": "electronic"},"mood_happy": {"all": {"happy": 0.413287043571,"not_happy": 0.586712956429},"probability": 0.586712956429,"value": "not_happy"},"mood_party": {"all": {"not_party": 0.513546943665,"party": 0.486453056335},"probability": 0.513546943665,"value": "not_party"},"mood_relaxed": {"all": {"not_relaxed": 0.740054368973,"relaxed": 0.259945631027},"probability": 0.740054368973,"value": "not_relaxed"},"mood_sad": {"all": {"not_sad": 0.660634875298,"sad": 0.3393650949},"probability": 0.660634875298,"value": "not_sad"},"moods_mirex": {"all": {"Cluster1": 0.120389647782,"Cluster2": 0.310354530811,"Cluster3": 0.11810156703,"Cluster4": 0.0871177837253,"Cluster5": 0.364036470652},"probability": 0.364036470652,"value": "Cluster5"},"timbre": {"all": {"bright": 0.00778665626422,"dark": 0.992213368416},"probability": 0.992213368416,"value": "dark"},"tonal_atonal": {"all": {"atonal": 0.605211257935,"tonal": 0.394788742065},"probability": 0.605211257935,"value": "atonal"},"voice_instrumental": {"all": {"instrumental": 0.771896719933,"voice": 0.228103294969},"probability": 0.771896719933,"value": "instrumental"}},"metadata": {"audio_properties": {"analysis_sample_rate": 44100,"bit_rate": 0,"equal_loudness": 0,"length": 192.866668701,"lossless": 1,"replay_gain": -7.3494052887,"sample_rate": 44100,"codec": "flac","downmix": "mix","md5_encoded": "227c5057923d949e8b03ef7d8fe69b18"},"tags": {"file_name": "10_Rainbows.flac","acoustid_id": ["134d01b1-790c-40a8-bca5-29d7511ae937"],"album": ["Forever"],"albumartist": ["Cranes"],"albumartistsort": ["Cranes"],"artist": ["Cranes"],"artistsort": ["Cranes"],"asin": ["B000025L4X"],"barcode": ["078636621227"],"catalognumber": ["DED 07863 66212-2"],"date": ["1993-04-26"],"discnumber": ["1"],"disctotal": ["1"],"genre": ["Ethereal; Favourites; Female Vocal"],"label": ["Dedicated"],"language": ["eng"],"media": ["CD"],"musicbrainz_albumartistid": ["f6dfc44d-5da4-4ed1-949b-32715630dff4"],"musicbrainz_albumid": ["a97d3024-419f-3a19-85fc-65a6a1e8696f"],"musicbrainz_artistid": ["f6dfc44d-5da4-4ed1-949b-32715630dff4"],"musicbrainz_recordingid": ["450d3768-7b33-45a8-a21e-fb393f47f4a8"],"musicbrainz_releasegroupid": ["41a388be-6b99-381d-92a6-9b9b42c9581e"],"musicbrainz_releasetrackid": ["7a1de0cd-f115-3158-9ec0-1f9f1af6f1dc"],"originaldate": ["1993-04-23"],"releasecountry": ["US"],"releasestatus": ["official"],"releasetype": ["album"],"script": ["Latn"],"title": ["Rainbows"],"totaldiscs": ["1"],"totaltracks": ["10"],"tracknumber": ["10"],"tracktotal": ["10"]},"version": {"highlevel": {"essentia": "2.1-beta5-dev","essentia_build_sha": "e74af04b57b164eed312abeef4963962215860f0","essentia_git_sha": "v2.1_beta4-499-g4013ebc","extractor": "music 2.0","gaia": "2.4.5","gaia_git_sha": "v2.4.4-44-g95f4851","models_essentia_git_sha": "v2.1_beta1"},"lowlevel": {"essentia": "2.1-beta2","essentia_build_sha": "70f2e5ece6736b2c40cc944ad0e695b16b925413","essentia_git_sha": "v2.1_beta2","extractor": "music 1.0"}}}}