{"highlevel": {"danceability": {"all": {"danceable": 0.212155863643,"not_danceable": 0.787844121456},"probability": 0.787844121456,"value": "not_danceable"},"gender": {"all": {"female": 0.0449660159647,"male": 0.955033957958},"probability": 0.955033957958,"value": "male"},"genre_dortmund": {"all": {"alternative": 0.143398597836,"blues": 0.110736936331,"electronic": 0.365457475185,"folkcountry": 0.206023469567,"funksoulrnb": 0.0135954022408,"jazz": 0.024025272578,"pop": 0.0248444695026,"raphiphop": 0.0114467693493,"rock": 0.100471615791},"probability": 0.365457475185,"value": "electronic"},"genre_electronic": {"all": {"ambient": 0.895752668381,"dnb": 0.015985596925,"house": 0.0395945422351,"techno": 0.00727345887572,"trance": 0.0413937456906},"probability": 0.895752668381,"value": "ambient"},"genre_rosamerica": {"all": {"cla": 0.13532038033,"dan": 0.0175978094339,"hip": 0.0784391835332,"jaz": 0.147538393736,"pop": 0.139203518629,"rhy": 0.36319476366,"roc": 0.0911225900054,"spe": 0.0275833643973},"probability": 0.36319476366,"value": "rhy"},"genre_tzanetakis": {"all": {"blu": 0.0626613423228,"cla": 0.0348169617355,"cou": 0.104475811124,"dis": 0.0784321576357,"hip": 0.15692435205,"jaz": 0.313974827528,"met": 0.0448166541755,"pop": 0.0627359300852,"reg": 0.0627360641956,"roc": 0.0784258767962},"probability": 0.313974827528,"value": "jaz"},"ismir04_rhythm": {"all": {"ChaChaCha": 0.0563117675483,"Jive": 0.0237475354224,"Quickstep": 0.00472081406042,"Rumba-American": 0.00413823407143,"Rumba-International": 0.00558376684785,"Rumba-Misc": 0.00351548637263,"Samba": 0.0120485145599,"Tango": 0.562198400497,"VienneseWaltz": 0.322994738817,"Waltz": 0.00474071735516},"probability": 0.562198400497,"value": "Tango"},"mood_acoustic": {"all": {"acoustic": 0.5,"not_acoustic": 0.5},"probability": 0.5,"value": "acoustic"},"mood_aggressive": {"all": {"aggressive": 0.249864965677,"not_aggressive": 0.75013500452},"probability": 0.75013500452,"value": "not_aggressive"},"mood_electronic": {"all": {"electronic": 0.13620236516,"not_electronic": 0.863797605038},"probability": 0.863797605038,"value": "not_electronic"},"mood_happy": {"all": {"happy": 0.540272176266,"not_happy": 0.459727823734},"probability": 0.540272176266,"value": "happy"},"mood_party": {"all": {"not_party": 0.753882110119,"party": 0.246117860079},"probability": 0.753882110119,"value": "not_party"},"mood_relaxed": {"all": {"not_relaxed": 0.629227638245,"relaxed": 0.370772331953},"probability": 0.629227638245,"value": "not_relaxed"},"mood_sad": {"all": {"not_sad": 0.415209233761,"sad": 0.584790766239},"probability": 0.584790766239,"value": "sad"},"moods_mirex": {"all": {"Cluster1": 0.0907316058874,"Cluster2": 0.345973700285,"Cluster3": 0.319047361612,"Cluster4": 0.157297894359,"Cluster5": 0.0869494527578},"probability": 0.345973700285,"value": "Cluster2"},"timbre": {"all": {"bright": 0.988107919693,"dark": 0.0118920924142},"probability": 0.988107919693,"value": "bright"},"tonal_atonal": {"all": {"atonal": 0.194712027907,"tonal": 0.805287957191},"probability": 0.805287957191,"value": "tonal"},"voice_instrumental": {"all": {"instrumental": 0.00525669381022,"voice": 0.994743287563},"probability": 0.994743287563,"value": "voice"}},"metadata": {"audio_properties": {"analysis_sample_rate": 44100,"bit_rate": 192000,"equal_loudness": 0,"length": 162.847351074,"lossless": 0,"replay_gain": -5.10511398315,"sample_rate": 44100,"codec": "mp3","downmix": "mix","md5_encoded": "7bb9841414d42d12d4589cfb49d5b4a0"},"tags": {"file_name": "Elvis Presley (On Stage) 03 - Sweet Caroline.mp3","acoustid_fingerprint": ["AQADtFG4KHMS4eIRXsGGIyxnQZ9xPQjj5BlqHceUoFd65NqOH5oM44d_XBfuQ_yNHjvK6vgaQg_-IE_g6_CVDrcTPFOK2AuabYOuZsKfoCRzNGN2_BF-r3CWNEfe_Pg-NOqNellx5cV3_LiYh-hN-C9qp9BzfMcfXJnxGLi04xe6LDDxG45rJONq5PhwBn0E38XLBD7eMkge6fC1IdK0zDlO0eB_mDeeLE2HktiFJtzyCcfTH49y_EH4QHyOUMKF8ngI_8Ap_IiPG7eRHjdO5TiOI48gXviRUglepXgQiEceWBSurjj8IIc-H2mH48e_Ih9O2dDLIr9wJL-QDx_DwxeO-_iR0DpCCT_u4_Zw7kFzHX2D_Ej-o5mCXsqU4j1-4Y-C9E-hj0d443AS0SpaJiJ-RjjDCufhH8mRRxeaSYqmDX2ehPjRhxnMHOlTQX_xBb-Fo5WWIzpxKTOeG09yg6MTaahyfEN6IflzlBWOazqu6IpgRZIlIz6SujjqH56SPKiU2RuuIs86JGd0_DiT_LgDK0x0gT-S_kL05eiPH9tB4Tv2BEfC3Ed-_DjKFTlzNLoiaM8oDfkRkdHBJstwKuGxo1bWwU_EoD_iNF6Kb0eeBfqQ48eVKA3OHQih5kfMuHgk-Ady6MIT5LhwHXeOlhOe47Il_BEuZiPOqjj6o6kf_AtyJEslBb0c4VGtKPiOqwtcnfgRXxL0kNCeJBbSSkfHG-fxR8R5FXOPI7N0JKP0wKfhOkc_YldOPDlx0njTDA-PkpFypEeP5M7x8LgebFLBmRmeYTzRKc_ROMd5nCfyndDZ4G5jPD2a0BlaJYfKC_kX-MqFx8fHYYK1wOHoBFmYW0byH39xD7VaNE3SpsGD_cRoWviRiFPiIxYnPMzwrPjRXTma9MSfGL_wX-jRH0muHnlE4aOFJh-FD2cJ_6h15D56iOmH0DpysuhzQdeO_hk0jj1S5sGZDU8poskzfMfH40fPEAkZI_yDv8anB_3Q5DrOHUeTvbjUHucFF_7xhEOY8jH0JUeuCVeOB_3QxJrxIe4F_egno7kSrDgP9WByIfxivLPAhH-EkPOhhxMRijyqdGLwSMdB_Ei-HPkpgsePfjmaKw9G8sJD_MhbhPzwTMzxKBeO5iee6MQZvMKDOCGSJZOCdsTf4BW8HU91fMedB72OxslC4tTxJ3iPPcyMlEeiJ4ui4dRzrEeTi6iZ4Zrw47gsCb2eoOmQ57iE18aToBYdHFoxKU0fSIqk4qGxVbGUEK_QHJeOZ3nwJcON-B8Rpja6XPh-1NSgxSlCJn_QXJXwF5dSfLrRK_A0on_w4BfaSUGzD9ciPDxiSXGh90KeC9WF4z_-wz7-I-12iH-I-hjRB80H6Yi3G6MTHTOnETkT6LikIB-NfMH1oc8xJQkT4YN-IX-E5ii5BFdm_EEzI-yD5LyMO1mTFN3RpMSjBJcpIvmDnD6O33ieY3rApB_2BqeoC4erGY8yhNLCy2hUEz_UHh-aZ2mISjxy-7imJMdrfD8eBv-DXDkSjkwonCs-8WgcWaiOMb9x5Yh0hkh4Cv-NJ7zwpSGqEL9wJ8UvlOQFk6yQP2hzQq1urLMROwfzHP4FH7sYPDl2MagoDT8CHdfTBNElFk3oH2GlBfqRC01SXah44VmOtyGeoD_CcBL0SCRi3TqmJNmOLF4XPIK-FLmOa5HyGGPmo3mSIz8uo3l2PGQiHH6PH6dVfFEO9UIcTcdXPA9yU2gSL1B_uEevq-iP5s3xKofSVce3BCgPPsQpHqxwnaguPMwxGlqO8kceXzj14S-urcHXoK3Q7MGLkx_yI6FCxjguCb2UonmS4yiFxmGO9ieabhae6PhJ_Jjyos-N_IxBLzmcrIf6IHewXzr-EKHROInw9EtwHuKPyCqRT0jOA-fx_2DGj3Co7Dgz9LyR3DryS8PdSDHWSDn6o-nRXQhzQRWlKsiVHEMdLUOmaYf6DGESPcIbisHF4Al37Deaox-SJ-GkIOaxhiGDZ3QIVNmHplEy8ApxYvIXPHsSpFtSwj966IeORw9-IYzG43vwB55wH-6Q_1BxIXR2XOh3-MmKHrUOM5mSIPyIx_GK-3jQ5tDi5kPOCU989D2aH09SnGbxEI8TFfmXIFliNuie4L-FZ8eVZI1x_ihzvXi34FR2PAhXvkj2C1O6D88iHc9xR8clXDR6He5ynIJPEmEm5wkUHg_1IEy4ZcJ0BdmFmYFO5CeuNyiZpTP8HVWOH_mP5NG0HOeNslIlNNeLvQIZNMeuHD-SW0hF3Zgu_LGHZxcqPTmo50iYpmmQPiuqH3fQqDk6RjKkLOymwgwa5ca3YnRYuG7wWMOVy7hYtE4Q5tARZ4oqvI8iXEp4PM_hG3_wHHcqoznRhQnQPEN-iI0WB7moJmjOCKN__BKqVTmaMHik7-Cco9l1EClLKDqLnJGBp5fw4g_eGHWUDc2P33isBTme0tC0iEGjJhbiP8g_CPmOww_-48Oe5MH_oXlycKbR5w8iH7mOK8mJHj2FnDme4zzeBHKFc0eJcyTSnegZoc4pbD169PoFJs-D6zjTE8-N3EN9KDueHuIS6UGYcTqu4xnOFD82JbeKK82F3EfynHgV9djFCT_xF-_xLPhJNMuNHheP8MoCvULYDueKPY_ALUopNPIxyUcO_cGP9Me7484TAEQMkQgJwQwAAhrjECNKCSSMFsYRgYAhCAiEAAFQAGAAAEwZJBQJAAkEgCGYGWQRAQYY4JhFwhBDFAAAAKAEYIMIggQBwBjKACJKECW8FcyKhxRDiAlCnDJAiEkEIAAgBR0QgFAilAUEKgUQAUQIgQQRAgHIEAJIAQCYIAwAQ5ARAmFgEaCOCOQMk0IBqYEAACUAiBaKEKwQQQIQQI1iQgClgEEgUWANAdwpowgTwDCCDBIWGKUsFYgAQowwpBghmiAECQSkABAQYYEmwAlgCHRQEASwUQQRpAxwQAgAgDICAEkAAsAxpYQC0CAJABDMKKIAEsIBoIRjjCHBhCEMKEOAM0gZoBgDgjACoBCKGCMRIkQAIIwBBBhkCEBcAAaAMFA4AIUhgAFIlEDEASQscoATQRAIhAACEHHCGWUBApRCogAQAASGmCDGJMMEk6AQa4hjABBjgIGCWAAEQAAbg5xJQEjGkAJFWVIMIUoJAAETAghAmTBAIBIEREoJApyxCBhmgCIEEICUElQRwADRwClgiEIII6QAMIA4IpwAJBhAgIAEAfEAc4gCIIggRDhAATBGGaIIEAgISIggwiEBmAEaCIMEBAwJZoAgXAAjAFFcQAYUCA4JQLQwCAABhJEcIAEaQJQhAJhhxChlAFEIAGAQcIQJI5QgYAgGlECAOSGBkMIAIYRJQgALpAMAEKEMMhIQQQAAQBFElCAGGAAEYYIooASgwABoGTJGEYQQIoIQRyiijhgmADRSCUAYBJAoQwRBRgwCvEAAGLeAJEIQISBSRgECAEACEUAAYIAhQAAS0EBAGAJGGACEEIQo4QxAgjLAgCACEYCgFUAYqCwAhAgFAAJGSmkVIlAiIAghgglGEEAAKWMAEAIQIQABQCggMAAIOUOYRYQ4QBBFhBEyEDICCUEANIYgrpRwhhkEiHGOASEEIAApQABiQlBiADSMAQqIMAIhQZSBCgnKgJEaKUCYQA4L4BRCjhlAAA"],"acoustid_id": ["8f59af22-0d08-4613-b96a-84e3e31e5874"],"album": ["On Stage, February 1970"],"artist": ["Elvis Presley (On Stage) 03"],"bpm": ["146.14"],"date": ["1970"],"genre": ["Pop\/Rock"],"musicbrainz album release country": ["Germany"],"musicbrainz album type": ["Live"],"musicbrainz_albumid": ["cef2c848-5cfc-4545-84ba-5154ded8f029"],"musicbrainz_recordingid": ["4525fba1-26ec-45ba-9540-890bdc4bccfe"],"musicip_puid": ["d56caee3-6c9c-1259-e30b-f91ae6381396"],"title": ["Sweet Caroline"],"tracknumber": ["03"]},"version": {"highlevel": {"essentia": "2.1-beta5-dev","essentia_build_sha": "e74af04b57b164eed312abeef4963962215860f0","essentia_git_sha": "v2.1_beta4-499-g4013ebc","extractor": "music 2.0","gaia": "2.4.5",