{"highlevel": {"danceability": {"all": {"danceable": 0.213172957301,"not_danceable": 0.786827027798},"probability": 0.786827027798,"value": "not_danceable"},"gender": {"all": {"female": 0.969234526157,"male": 0.0307654943317},"probability": 0.969234526157,"value": "female"},"genre_dortmund": {"all": {"alternative": 0.0258018579334,"blues": 0.0114727551118,"electronic": 0.912740111351,"folkcountry": 0.0370901934803,"funksoulrnb": 0.000805005722214,"jazz": 0.00314946658909,"pop": 0.00184894108679,"raphiphop": 0.000617892306764,"rock": 0.00647380203009},"probability": 0.912740111351,"value": "electronic"},"genre_electronic": {"all": {"ambient": 0.786481082439,"dnb": 0.0115114040673,"house": 0.103039801121,"techno": 0.0173343755305,"trance": 0.0816333517432},"probability": 0.786481082439,"value": "ambient"},"genre_rosamerica": {"all": {"cla": 0.0112321712077,"dan": 0.0060853222385,"hip": 0.0412289500237,"jaz": 0.0536410659552,"pop": 0.223475053906,"rhy": 0.653188586235,"roc": 0.00412245607004,"spe": 0.00702641252428},"probability": 0.653188586235,"value": "rhy"},"genre_tzanetakis": {"all": {"blu": 2.07100775331e-14,"cla": 1.13764673273e-14,"cou": 2.28104786849e-14,"dis": 1.51927285314e-14,"hip": 4.29852551123e-14,"jaz": 0.999999880791,"met": 2.0000017642e-08,"pop": 2.0000017642e-08,"reg": 1.66666822565e-08,"roc": 3.33333645131e-08},"probability": 0.999999880791,"value": "jaz"},"ismir04_rhythm": {"all": {"ChaChaCha": 0.141994044185,"Jive": 0.0213641151786,"Quickstep": 0.0292150080204,"Rumba-American": 0.053004398942,"Rumba-International": 0.0810158103704,"Rumba-Misc": 0.0617588534951,"Samba": 0.0623343363404,"Tango": 0.202459305525,"VienneseWaltz": 0.296389997005,"Waltz": 0.0504641383886},"probability": 0.296389997005,"value": "VienneseWaltz"},"mood_acoustic": {"all": {"acoustic": 0.952962458134,"not_acoustic": 0.047037512064},"probability": 0.952962458134,"value": "acoustic"},"mood_aggressive": {"all": {"aggressive": 0.0355195142329,"not_aggressive": 0.96448045969},"probability": 0.96448045969,"value": "not_aggressive"},"mood_electronic": {"all": {"electronic": 0.0736141949892,"not_electronic": 0.926385819912},"probability": 0.926385819912,"value": "not_electronic"},"mood_happy": {"all": {"happy": 0.222141653299,"not_happy": 0.777858376503},"probability": 0.777858376503,"value": "not_happy"},"mood_party": {"all": {"not_party": 0.979406833649,"party": 0.0205931439996},"probability": 0.979406833649,"value": "not_party"},"mood_relaxed": {"all": {"not_relaxed": 0.00505710486323,"relaxed": 0.994942903519},"probability": 0.994942903519,"value": "relaxed"},"mood_sad": {"all": {"not_sad": 0.4459656775,"sad": 0.554034292698},"probability": 0.554034292698,"value": "sad"},"moods_mirex": {"all": {"Cluster1": 0.0782893747091,"Cluster2": 0.167403608561,"Cluster3": 0.486234903336,"Cluster4": 0.179664701223,"Cluster5": 0.0884073972702},"probability": 0.486234903336,"value": "Cluster3"},"timbre": {"all": {"bright": 0.646129131317,"dark": 0.353870838881},"probability": 0.646129131317,"value": "bright"},"tonal_atonal": {"all": {"atonal": 0.800023555756,"tonal": 0.199976444244},"probability": 0.800023555756,"value": "atonal"},"voice_instrumental": {"all": {"instrumental": 0.0215977001935,"voice": 0.97840231657},"probability": 0.97840231657,"value": "voice"}},"metadata": {"audio_properties": {"analysis_sample_rate": 44100,"bit_rate": 127565,"equal_loudness": 0,"length": 310.4972229,"lossless": 0,"replay_gain": -11.242099762,"sample_rate": 44100,"codec": "aac","downmix": "mix","md5_encoded": "57d63d7dc10612f9e745b26c0b5e3421"},"tags": {"file_name": "04. Love Is Real_5-10.m4a","album": ["Shining On You"],"albumartistsort": ["Tolstoy, Viktoria"],"artist": ["Viktoria Tolstoy"],"artistsort": ["Tolstoy, Viktoria"],"asin": ["B00023GFU4"],"barcode": ["614427970121"],"catalognumber": ["ACT 9701-2"],"date": ["2004-02-01"],"discnumber": ["1\/1"],"genre": ["Jazz"],"label": ["ACT"],"media": ["CD"],"musicbrainz_albumartistid": ["953be6ce-7e42-476b-a520-d6e7a27279ee"],"musicbrainz_albumid": ["59d4347d-81ef-4acc-90e9-5a37033c8143"],"musicbrainz_artistid": ["953be6ce-7e42-476b-a520-d6e7a27279ee"],"musicbrainz_recordingid": ["45316000-c4de-4867-ab17-01b23523bd34"],"musicbrainz_releasegroupid": ["acd32e4a-0f48-3e71-a39a-88a4984d215a"],"script": ["Latn"],"title": ["Love Is Real"],"tracknumber": ["4\/12"]},"version": {"highlevel": {"essentia": "2.1-beta5-dev","essentia_build_sha": "e74af04b57b164eed312abeef4963962215860f0","essentia_git_sha": "v2.1_beta4-499-g4013ebc","extractor": "music 2.0","gaia": "2.4.5","gaia_git_sha": "v2.4.4-44-g95f4851","models_essentia_git_sha": "v2.1_beta1"},"lowlevel": {"essentia": "2.1-beta2","essentia_build_sha": "2d9f1f26377add8aeb1075a9c2973f962c4f09fd","essentia_git_sha": "v2.1_beta2-1-ge3940c0","extractor": "music 1.0"}}}}