{"highlevel": {"danceability": {"all": {"danceable": 0.995076596737,"not_danceable": 0.00492341490462},"probability": 0.995076596737,"value": "danceable"},"gender": {"all": {"female": 0.887615680695,"male": 0.112384296954},"probability": 0.887615680695,"value": "female"},"genre_dortmund": {"all": {"alternative": 0.0131704304367,"blues": 0.00146313558798,"electronic": 0.980391979218,"folkcountry": 0.00144152448047,"funksoulrnb": 8.346461982e-05,"jazz": 0.000553709513042,"pop": 0.000291472155368,"raphiphop": 5.18926171935e-05,"rock": 0.00255242059939},"probability": 0.980391979218,"value": "electronic"},"genre_electronic": {"all": {"ambient": 0.106925815344,"dnb": 0.0236671939492,"house": 0.227152779698,"techno": 0.0395608171821,"trance": 0.602693378925},"probability": 0.602693378925,"value": "trance"},"genre_rosamerica": {"all": {"cla": 0.000369562825654,"dan": 0.842267811298,"hip": 0.0154060106725,"jaz": 0.00285668787546,"pop": 0.0155387697741,"rhy": 0.00257281423546,"roc": 0.120350755751,"spe": 0.00063759891782},"probability": 0.842267811298,"value": "dan"},"genre_tzanetakis": {"all": {"blu": 0.0626613423228,"cla": 0.0348169617355,"cou": 0.104475811124,"dis": 0.0784321576357,"hip": 0.15692435205,"jaz": 0.313974827528,"met": 0.0448166541755,"pop": 0.0627359300852,"reg": 0.0627360641956,"roc": 0.0784258767962},"probability": 0.313974827528,"value": "jaz"},"ismir04_rhythm": {"all": {"ChaChaCha": 0.976260066032,"Jive": 0.00215840432793,"Quickstep": 0.000616080244072,"Rumba-American": 0.0113273533061,"Rumba-International": 0.00138683372643,"Rumba-Misc": 0.000877139740624,"Samba": 0.00280480622314,"Tango": 0.00197375495918,"VienneseWaltz": 0.00227538356557,"Waltz": 0.000320157327224},"probability": 0.976260066032,"value": "ChaChaCha"},"mood_acoustic": {"all": {"acoustic": 0.00424251193181,"not_acoustic": 0.995757460594},"probability": 0.995757460594,"value": "not_acoustic"},"mood_aggressive": {"all": {"aggressive": 0.767435848713,"not_aggressive": 0.232564136386},"probability": 0.767435848713,"value": "aggressive"},"mood_electronic": {"all": {"electronic": 0.950471580029,"not_electronic": 0.0495284125209},"probability": 0.950471580029,"value": "electronic"},"mood_happy": {"all": {"happy": 0.0696227923036,"not_happy": 0.930377185345},"probability": 0.930377185345,"value": "not_happy"},"mood_party": {"all": {"not_party": 0.120098769665,"party": 0.879901230335},"probability": 0.879901230335,"value": "party"},"mood_relaxed": {"all": {"not_relaxed": 0.825036466122,"relaxed": 0.174963518977},"probability": 0.825036466122,"value": "not_relaxed"},"mood_sad": {"all": {"not_sad": 0.852499842644,"sad": 0.147500142455},"probability": 0.852499842644,"value": "not_sad"},"moods_mirex": {"all": {"Cluster1": 0.138223215938,"Cluster2": 0.103772833943,"Cluster3": 0.0929584354162,"Cluster4": 0.0829275920987,"Cluster5": 0.582117915154},"probability": 0.582117915154,"value": "Cluster5"},"timbre": {"all": {"bright": 0.0226051397622,"dark": 0.977394878864},"probability": 0.977394878864,"value": "dark"},"tonal_atonal": {"all": {"atonal": 0.95066934824,"tonal": 0.0493306778371},"probability": 0.95066934824,"value": "atonal"},"voice_instrumental": {"all": {"instrumental": 0.789818942547,"voice": 0.210181057453},"probability": 0.789818942547,"value": "instrumental"}},"metadata": {"audio_properties": {"analysis_sample_rate": 44100,"bit_rate": 320043,"equal_loudness": 0,"length": 192.548568726,"lossless": 0,"replay_gain": -13.4971847534,"sample_rate": 44100,"codec": "mp3","downmix": "mix","md5_encoded": "a8bcbdbb057bc89aeb12eb598043f37f"},"tags": {"file_name": "11 Plutonian Breeders.mp3","acoustid_fingerprint": ["AQADtEkSJoqUTAt-4_CDXtGDF1XU41-E--jxF1o66eixJ0dlCn-K5zjEXEGvHH3R8DleTXhg6XiMj8JkHhY5cA2DUxuOw6WSotdwFt0FbpRwakZ_6Gh6aMdFhJt4vDnqFwWVo1IjPPnRZwelfcJ1nMyQMspR7uA_fPDY4Dh1oSS8D2eMdsHRPOhK9An8oGeOB3zQdBm0ZsepHD2-HP6OCyeaHuqIDlnCqMcTAI0zIZx49If6wVSW4EclHuXgo9MSaIePdsnxHD0sbTrU57h-5IfP4DxqHVUbw5oyo-eN8Fng6kO_Q_PxSnAePMfh4wtOBT8o4w_y4wf1oDbyg3kgSlWK-vjRw8e5oNfRQ8wT5PCPB8eRHU8lQj8OH-ZjfPgh4to05BecCvRR7xFCXIPuHId_3MLzwPzR50YfqYL4IBfuhBkol7j0wImFp9GR51CX4zpefIKkJ6i2B-FhPca1w92Oo--QC31kiEWu4wcOczly6DvSC9fhB1904D_8IG9w6DD-o1-OHuLRSQ2CJtWClnuQE7gEHW0OH1WO6hF8opVe9Dr84Dx0ifCkD1fxw7KSo41x9DnEHC2j4OgPMY-CHD9s40OP8BCvCPmPHxeuIX2NJzjEM3iOHH6EfkcP2A1y_YINnTgXfMc_GJqP80OoEdSPXjjyBs8OfaBzNDme8ngEex50GWaoFKF9_GHQNGVRMinx_AgfQc5TmDliTcd1HOkaVEtZaD8upD1efMdhbULwGfpx_PiMG4d4tJqCnGg-dJKW4_gR7vCD99ABP8F3HPag3ahGG9dgPigO7cEDIs-RJsUf4YefkRAdKUbeo0cbKiMaf3giHVlOeFagPfh4MD38gw-PamOgPTjSLzneHg9cD0fwSoQsHUd6_MG1I-9hwQ9048gP2zKO47iYIMfhB3pu_MOhK_iFw9ZifBdqHP1x6FnwHD_UHHc2Go-OT0XeEAeTG0_ZBdeJJ9mROzq0owH3IFSuY-4ulFm54HGR--gJLQ-OOOmDattxZcLFXPDxI3wG1UfE5BHeGQ-yPEoHXYE_hDJRRR_ct7iUHW-OtDv0ItsPJzomPseXDrWXIk-0QyfyoklUXCSH48E9Bz1jpD80JcR_RH-OHyGV_JB0Cch_PFQ4PGF24T1xo5dShC8aSFN1xNGFiSeFl3g6XDhSaEqOeDsuHj_qww_yozrU5JGxH7rRRkPewBN1_CSeMsR39CwuZUGefdCyH0d-YtLJ4T8u5UWdrkgf6Ah1PHnwiA_qEP-DMyr8I5KM5zmkU8dflJRy3CHE4xT6hQiVMDuc5UtwIU8W6B7xIwsq_cWkiFtqvGtxMWIQOod4_Aj1okooHc_hHo-5I32O_oLyo0nKoNJJvC5-aHXwFD-oZOPgmBN-whX0iFZxZHhuYssXoleOP3jCFyGlUIWI8DiD51xwlMpxLTn8CIFGIr7w_NifI2chhUfqSMeL_sGjiF1Q6YdPpI0WHZqPIivhRDWDUQ8nfDlqGo9mIDc05kiTFJWPv3j6BkcvffCKUOkL9Tn24PEhJQ6DHA--scOP68SjOfiQ7tCFbL8xRnRwyQrOD8-Oi0iR7MfxJD0uPWjMvDiV47GE_FCTo7oQXSFx5ylCnIL-4XjoIjbyVCysWDk0G2GPV4fX43iPXMc3qMeDHG_w6zg2Ho8DF_kF08cfiN-F8bCbo4emEf7RazkuHN0Dl8ohOIePXzH84SQOlwpUbsd32A0O-MFxnBNe6XD2CEKvBdr1wMhzmD96HvfxqCRCWhCf4xfyIzgsL7ggfseNwF-O0NuBGj6uU5Bha_giPBfwwXqg2fiHHs1poIeP__Dxt7gCZ9Li4MWP-8EdOMW3WMGHX_AT9IbOo5UOV8QfUTieHH1OaE8o_MgdDj6LH7xxbsGfIz8MHe_x4IYPyUd_9Id1hD_eFjVyS8cDdRfMDMdrwz9OWA_OHT9E5vjRH70Caz5-CGcEdwtO6DysI5fx4zBlod4FhBfEJ0cewj9uPMeD_BR05vCPfMczwjt6hPLhZ4WcNUcPmjr6wz36Q5sOE4z440OlonlwKvjRCx-uGPB33JmhDw904z2OXDmsLTqOH-mjHGa2431w-DAt3MmBF-ah9vCP38OFd7iC88Ihjnjy4w9sfDmRS_Hg4zyuZoRv_Dh15Hio4BBlmHiOfkdfWGzwQ7iiQJSHujj6KPjxwRIeqOqOH84PP8YfdL7QK8rhH4d7PCmuHz9MQg-uDT_E4yRS4dWOP8Yf4cgjfAt04szx4z-ex5DkHE-EnABEEAIAGQAQMQoAbYQgSCBBgAECMEQdQsYEQBCwHljglCCGKAIEoYAQB4xQRgimETBCMGEEUgAIgBQQyghmnAFKKKSMFYAgBSQAhhghhAGECGOgKM4AIYgkSiEnEASUICOIIBIRigQzkDgDnIAGSGEgAVIoAAgQAgDkDUFCSMEUggwgQRQg1kACnHLWOESUQggRAQgyzgkCiDCIGMcgIAYKA5AiUgBBgSnESKCAdEoYRAggiCkBFAQSMEQIBgAQ44BQQCAFADQOKAiAoEoYAAQgAhqkLFAMQEcsFMAZCYVEWAgECUHIKOOAYApAJRkCxgBggEJAQSSMFEgAAQEAhIrknDFAAQMQRMw4aY5ERgBBFKMAOAEZkEIxBCgwQhlGAFAIGGECAwIZIJAzhiAgvMBMUAOYUoYABRwQBAnCDFACkISEAMAQAAxyCAihjAEAECQscYIhJCYjRmEAlLPCCYYAEQBYRYyBAAACDDAEIOSAMIAIwoQBxAChCDCAEGEIIpAJQRABlBFAIEQAMEEMEhA55YxBhAQGiGDAGMKEMA4RgQEBAAADECEGKAAEE4wh6RQySFgBgBHMCEeBsEAoJBRAjhAEkWIAGMIEMkxRb5UByBhqAJDAIEuQIsZQpwQgCFBGgCACEKCQAEIgIZgAQggNHEGIQiAIAAZIAAgQQAkEEGOIMkCsEEAZ4QwDRQIiDDJCICAcFBQBhBwURhFjBEFMAYEMMIghA4QAyCkFqDDCEKIMMQYA5yAQRhIDlAOOIGCIcUYSogjADhkDiFAAEKqEIAooQwWmRmgBLCAGAkGQEQo4KIiA0ijgnABkCAEIUI4AI4RABAFwHBIKCAKMAQopYBBEAEljqiDKGKAocQpRoJhwhggCBAJQSQEIYlBJQQwgBiAGGzLGMAaMAEQwCg"],"acoustid_id": ["c0a09f94-e620-44ad-ad39-a64316c6eb37"],"album": ["Weird News From an Uncertain Future"],"albumartist": ["32CRASH"],"albumartistsort": ["32CRASH"],"artist": ["32CRASH"],"artistsort": ["32CRASH"],"barcode": ["882951009925"],"catalognumber": ["AM1099CD"],"composer": ["Jean-Luc de Meyer"],"date": ["2007"],"discnumber": ["01\/01"],"genre": ["EBM"],"label": ["Alfa Matrix"],"language": ["mul"],"media": ["(CD)"],"musicbrainz album release country": ["BE"],"musicbrainz album status": ["Official"],"musicbrainz album type": ["Album"],"musicbrainz_albumartistid": ["5efcee2f-faa1-4906-9275-d6ec9366320b"],"musicbrainz_albumid": ["04720597-055e-3afc-9206-9de3c62aed4a"],"musicbrainz_artistid": ["5efcee2f-faa1-4906-9275-d6ec9366320b"],"musicbrainz_recordingid": ["45b20f9f-6716-4853-8cf1-82282dc786b1"],"musicbrainz_releasegroupid": ["63875bf9-f857-3444-aa0f-88f294d78c9b"],"originalalbum": ["Weird News From an Uncertain Future"],"originalartist": ["32CRASH"],"originaldate": ["2007"],"script": ["Latin"],"title": ["Plutonian Breeders"],"tracknumber": ["11\/19"]},"version": {"highlevel": {"essentia": "2.1-beta5-dev",