{"highlevel": {"danceability": {"all": {"danceable": 0.631575465202,"not_danceable": 0.368424534798},"probability": 0.631575465202,"value": "danceable"},"gender": {"all": {"female": 0.0453834533691,"male": 0.954616546631},"probability": 0.954616546631,"value": "male"},"genre_dortmund": {"all": {"alternative": 0.099545314908,"blues": 0.0222746189684,"electronic": 0.815910995007,"folkcountry": 0.0153582086787,"funksoulrnb": 0.00271612149663,"jazz": 0.00501867756248,"pop": 0.0046416814439,"raphiphop": 0.00208563590422,"rock": 0.0324487388134},"probability": 0.815910995007,"value": "electronic"},"genre_electronic": {"all": {"ambient": 0.272476553917,"dnb": 0.0794707909226,"house": 0.0491649024189,"techno": 0.0219097342342,"trance": 0.576978027821},"probability": 0.576978027821,"value": "trance"},"genre_rosamerica": {"all": {"cla": 0.000708007835783,"dan": 0.00291232788004,"hip": 0.00146741827484,"jaz": 0.00196359306574,"pop": 0.0269607752562,"rhy": 0.00289297406562,"roc": 0.962386488914,"spe": 0.00070840207627},"probability": 0.962386488914,"value": "roc"},"genre_tzanetakis": {"all": {"blu": 0.0626613423228,"cla": 0.0348169617355,"cou": 0.104475811124,"dis": 0.0784321576357,"hip": 0.15692435205,"jaz": 0.313974827528,"met": 0.0448166541755,"pop": 0.0627359300852,"reg": 0.0627360641956,"roc": 0.0784258767962},"probability": 0.313974827528,"value": "jaz"},"ismir04_rhythm": {"all": {"ChaChaCha": 0.771705150604,"Jive": 0.0702327042818,"Quickstep": 0.00459404755384,"Rumba-American": 0.0163103118539,"Rumba-International": 0.00513136619702,"Rumba-Misc": 0.00399946095422,"Samba": 0.0196027457714,"Tango": 0.0265085138381,"VienneseWaltz": 0.0794025063515,"Waltz": 0.00251317583025},"probability": 0.771705150604,"value": "ChaChaCha"},"mood_acoustic": {"all": {"acoustic": 0.00854656100273,"not_acoustic": 0.9914534688},"probability": 0.9914534688,"value": "not_acoustic"},"mood_aggressive": {"all": {"aggressive": 0.824559628963,"not_aggressive": 0.175440371037},"probability": 0.824559628963,"value": "aggressive"},"mood_electronic": {"all": {"electronic": 0.401856929064,"not_electronic": 0.598143041134},"probability": 0.598143041134,"value": "not_electronic"},"mood_happy": {"all": {"happy": 0.376427412033,"not_happy": 0.623572587967},"probability": 0.623572587967,"value": "not_happy"},"mood_party": {"all": {"not_party": 0.447742700577,"party": 0.552257299423},"probability": 0.552257299423,"value": "party"},"mood_relaxed": {"all": {"not_relaxed": 0.982295632362,"relaxed": 0.0177043527365},"probability": 0.982295632362,"value": "not_relaxed"},"mood_sad": {"all": {"not_sad": 0.95794737339,"sad": 0.0420526377857},"probability": 0.95794737339,"value": "not_sad"},"moods_mirex": {"all": {"Cluster1": 0.0877135843039,"Cluster2": 0.0549651458859,"Cluster3": 0.042947486043,"Cluster4": 0.0411736667156,"Cluster5": 0.7732000947},"probability": 0.7732000947,"value": "Cluster5"},"timbre": {"all": {"bright": 0.00530494842678,"dark": 0.994695067406},"probability": 0.994695067406,"value": "dark"},"tonal_atonal": {"all": {"atonal": 0.492320030928,"tonal": 0.507679998875},"probability": 0.507679998875,"value": "tonal"},"voice_instrumental": {"all": {"instrumental": 0.173426106572,"voice": 0.826573908329},"probability": 0.826573908329,"value": "voice"}},"metadata": {"audio_properties": {"analysis_sample_rate": 44100,"bit_rate": 320031,"equal_loudness": 0,"length": 267.023681641,"lossless": 0,"replay_gain": -17.1563587189,"sample_rate": 44100,"codec": "mp3","downmix": "mix","md5_encoded": "84e099cc85ff8a74ae6ce5b3cff176fd"},"tags": {"file_name": "06 - Mother Mary.mp3","acoustid_id": ["9225e639-3965-4b12-97f4-0d73b2991e17"],"album": ["Sonic Brew"],"albumartist": ["Black Label Society"],"albumartistsort": ["Black Label Society"],"artist": ["Black Label Society"],"artistsort": ["Black Label Society"],"barcode": ["743216939824"],"bpm": ["0"],"catalognumber": ["74321693982"],"date": ["1999"],"discnumber": ["1\/1"],"genre": ["Sludge Metal"],"label": ["Spitfire Records"],"media": ["CD"],"musicbrainz album release country": ["XE"],"musicbrainz album status": ["official"],"musicbrainz album type": ["album"],"musicbrainz_albumartistid": ["a8e935c6-3fcc-414c-900c-77e8170e7e7c"],"musicbrainz_albumid": ["b69e8de7-f0f3-4de6-a46a-c9c9e4cd1b51"],"musicbrainz_artistid": ["a8e935c6-3fcc-414c-900c-77e8170e7e7c"],"musicbrainz_recordingid": ["dec26a75-6847-47e7-a348-0a3ed92701c0"],"musicbrainz_releasegroupid": ["5befbe8e-798d-346a-8bf4-df882acbd800"],"originaldate": ["1998"],"originalyear": ["1998"],"script": ["Latn"],"title": ["Mother Mary"],"tracknumber": ["6\/15"]},"version": {"highlevel": {"essentia": "2.1-beta5-dev","essentia_build_sha": "e74af04b57b164eed312abeef4963962215860f0","essentia_git_sha": "v2.1_beta4-499-g4013ebc","extractor": "music 2.0","gaia": "2.4.5","gaia_git_sha": "v2.4.4-44-g95f4851","models_essentia_git_sha": "v2.1_beta1"},"lowlevel": {"essentia": "2.1-beta2","essentia_build_sha": "70f2e5ece6736b2c40cc944ad0e695b16b925413","essentia_git_sha": "v2.1_beta2","extractor": "music 1.0"}}}}