{"highlevel": {"danceability": {"all": {"danceable": 3.00000096379e-14,"not_danceable": 1},"probability": 1,"value": "not_danceable"},"gender": {"all": {"female": 0.338242679834,"male": 0.661757290363},"probability": 0.661757290363,"value": "male"},"genre_dortmund": {"all": {"alternative": 0.00203142152168,"blues": 0.00383030041121,"electronic": 0.955460488796,"folkcountry": 0.0010692414362,"funksoulrnb": 0.000939649005886,"jazz": 0.0160248558968,"pop": 0.000846376118716,"raphiphop": 0.0166546162218,"rock": 0.00314304442145},"probability": 0.955460488796,"value": "electronic"},"genre_electronic": {"all": {"ambient": 0.306422054768,"dnb": 0.0849513337016,"house": 0.400980949402,"techno": 0.075476102531,"trance": 0.132169544697},"probability": 0.400980949402,"value": "house"},"genre_rosamerica": {"all": {"cla": 0.00506399292499,"dan": 0.0769070982933,"hip": 0.811458230019,"jaz": 0.00649418216199,"pop": 0.0420407503843,"rhy": 0.0418586246669,"roc": 0.0106341047212,"spe": 0.00554302614182},"probability": 0.811458230019,"value": "hip"},"genre_tzanetakis": {"all": {"blu": 0.0388618037105,"cla": 0.103613361716,"cou": 0.0621464550495,"dis": 0.0517855994403,"hip": 0.0443878248334,"jaz": 0.155361041427,"met": 0.0517921149731,"pop": 0.103586472571,"reg": 0.0776928365231,"roc": 0.31077247858},"probability": 0.31077247858,"value": "roc"},"ismir04_rhythm": {"all": {"ChaChaCha": 0.98818218708,"Jive": 0.000402156088967,"Quickstep": 0.000189461294212,"Rumba-American": 0.00304628559388,"Rumba-International": 0.000289738818537,"Rumba-Misc": 0.000295704143355,"Samba": 0.000875766389072,"Tango": 0.00640141358599,"VienneseWaltz": 0.000255392398685,"Waltz": 6.18938938715e-05},"probability": 0.98818218708,"value": "ChaChaCha"},"mood_acoustic": {"all": {"acoustic": 0.0610436610878,"not_acoustic": 0.938956320286},"probability": 0.938956320286,"value": "not_acoustic"},"mood_aggressive": {"all": {"aggressive": 3.00000096379e-14,"not_aggressive": 1},"probability": 1,"value": "not_aggressive"},"mood_electronic": {"all": {"electronic": 0.979347527027,"not_electronic": 0.0206524487585},"probability": 0.979347527027,"value": "electronic"},"mood_happy": {"all": {"happy": 0.0929076597095,"not_happy": 0.90709233284},"probability": 0.90709233284,"value": "not_happy"},"mood_party": {"all": {"not_party": 0.999984204769,"party": 1.57784197654e-05},"probability": 0.999984204769,"value": "not_party"},"mood_relaxed": {"all": {"not_relaxed": 0.191182896495,"relaxed": 0.808817088604},"probability": 0.808817088604,"value": "relaxed"},"mood_sad": {"all": {"not_sad": 0.661518514156,"sad": 0.338481485844},"probability": 0.661518514156,"value": "not_sad"},"moods_mirex": {"all": {"Cluster1": 0.100952707231,"Cluster2": 0.0937413722277,"Cluster3": 0.232694193721,"Cluster4": 0.0457058660686,"Cluster5": 0.526905834675},"probability": 0.526905834675,"value": "Cluster5"},"timbre": {"all": {"bright": 0.00783725269139,"dark": 0.992162764072},"probability": 0.992162764072,"value": "dark"},"tonal_atonal": {"all": {"atonal": 0.904171705246,"tonal": 0.0958282649517},"probability": 0.904171705246,"value": "atonal"},"voice_instrumental": {"all": {"instrumental": 0.736401200294,"voice": 0.263598799706},"probability": 0.736401200294,"value": "instrumental"}},"metadata": {"audio_properties": {"analysis_sample_rate": 44100,"bit_rate": 0,"equal_loudness": 0,"length": 91.1733322144,"lossless": 1,"replay_gain": -3.81219863892,"sample_rate": 44100,"codec": "flac","downmix": "mix","md5_encoded": "16373b1dcce7215bab29528f81aa7dbc"},"tags": {"file_name": "01 - Forward.flac","album": ["Gravity Kills"],"albumartist": ["Gravity Kills"],"albumartistsort": ["Gravity Kills"],"artist": ["Gravity Kills"],"artistsort": ["Gravity Kills"],"asin": ["B000000GSH"],"barcode": ["016581591028"],"catalognumber": ["TVT 5910-2"],"composer": ["Gravity Kills"],"composersort": ["Gravity Kills"],"date": ["1996-03-12"],"discnumber": ["1"],"disctotal": ["1"],"engineer": ["Tim Donovan"],"genre": ["Industrial;Industrial Metal;Instrumental;Hard Rock;Alternative Rock;Rock;Industrial;Industrial Rock;Industrial Metal;Rock;Electronic"],"label": ["TVT Records"],"language": ["eng"],"media": ["CD"],"mixer": ["John Fryer"],"musicbrainz_albumartistid": ["b8ce9934-9ad5-4817-940c-44277703b0db"],"musicbrainz_albumid": ["f714b902-ebba-4308-8db9-0aca57b0c41f"],"musicbrainz_artistid": ["b8ce9934-9ad5-4817-940c-44277703b0db"],"musicbrainz_recordingid": ["ded5ccda-7d25-4441-b440-77d619cf624e"],"musicbrainz_releasegroupid": ["04b49aef-2923-4c72-a057-e5e4eb82217f"],"musicbrainz_releasetrackid": ["a667a7a8-aa87-3d13-a4e3-3dd541562767"],"musicbrainz_workid": ["0e5c20d2-7bf9-3ce8-8fe5-6fc83973be7c"],"musicip_puid": ["108c7561-4c44-e456-2293-9d4d52d83f2c"],"originaldate": ["1996-03-12"],"originalyear": ["1996"],"performer": ["Kurt Kerns (bass guitar and drums)", "Doug Firley (keyboard)", "Jeff Scheel (vocals)", "Matt Dudenhoffer (guitars)"],"producer": ["John Fryer", "Gravity Kills"],"releasecountry": ["US"],"releasestatus": ["official"],"releasetype": ["album"],"script": ["Latn"],"title": ["Forward"],"totaldiscs": ["1"],"totaltracks": ["11"],"tracknumber": ["1"],"tracktotal": ["11"],"work": ["Forward"]},"version": {"highlevel": {"essentia": "2.1-beta5-dev","essentia_build_sha": "e74af04b57b164eed312abeef4963962215860f0","essentia_git_sha": "v2.1_beta4-499-g4013ebc","extractor": "music 2.0","gaia": "2.4.5","gaia_git_sha": "v2.4.4-44-g95f4851","models_essentia_git_sha": "v2.1_beta1"},"lowlevel": {"essentia": "2.1-beta2","essentia_build_sha": "2d9f1f26377add8aeb1075a9c2973f962c4f09fd","essentia_git_sha": "v2.1_beta2-1-ge3940c0","extractor": "music 1.0"}}}}