{"highlevel": {"danceability": {"all": {"danceable": 0.589493095875,"not_danceable": 0.410506904125},"probability": 0.589493095875,"value": "danceable"},"gender": {"all": {"female": 0.101622544229,"male": 0.898377478123},"probability": 0.898377478123,"value": "male"},"genre_dortmund": {"all": {"alternative": 0.0144734662026,"blues": 0.00138963572681,"electronic": 0.978043496609,"folkcountry": 0.00188269792125,"funksoulrnb": 0.000207786259125,"jazz": 0.000538312538993,"pop": 0.000259451044258,"raphiphop": 7.78508983785e-05,"rock": 0.00312732369639},"probability": 0.978043496609,"value": "electronic"},"genre_electronic": {"all": {"ambient": 0.424899250269,"dnb": 0.048873309046,"house": 0.154404297471,"techno": 0.0149112157524,"trance": 0.356911927462},"probability": 0.424899250269,"value": "ambient"},"genre_rosamerica": {"all": {"cla": 0.00641860859469,"dan": 0.0182028058916,"hip": 0.0295100677758,"jaz": 0.00415858626366,"pop": 0.195278272033,"rhy": 0.0198319219053,"roc": 0.723604261875,"spe": 0.00299546401948},"probability": 0.723604261875,"value": "roc"},"genre_tzanetakis": {"all": {"blu": 0.0626613423228,"cla": 0.0348169617355,"cou": 0.104475811124,"dis": 0.0784321576357,"hip": 0.15692435205,"jaz": 0.313974827528,"met": 0.0448166541755,"pop": 0.0627359300852,"reg": 0.0627360641956,"roc": 0.0784258767962},"probability": 0.313974827528,"value": "jaz"},"ismir04_rhythm": {"all": {"ChaChaCha": 0.290254563093,"Jive": 0.139912769198,"Quickstep": 0.0348170250654,"Rumba-American": 0.0288454368711,"Rumba-International": 0.0264307111502,"Rumba-Misc": 0.0232805106789,"Samba": 0.124925538898,"Tango": 0.219450548291,"VienneseWaltz": 0.0942225828767,"Waltz": 0.0178603176028},"probability": 0.290254563093,"value": "ChaChaCha"},"mood_acoustic": {"all": {"acoustic": 0.0130629334599,"not_acoustic": 0.986937046051},"probability": 0.986937046051,"value": "not_acoustic"},"mood_aggressive": {"all": {"aggressive": 0.887438416481,"not_aggressive": 0.112561561167},"probability": 0.887438416481,"value": "aggressive"},"mood_electronic": {"all": {"electronic": 0.522479355335,"not_electronic": 0.477520674467},"probability": 0.522479355335,"value": "electronic"},"mood_happy": {"all": {"happy": 0.012843484059,"not_happy": 0.987156510353},"probability": 0.987156510353,"value": "not_happy"},"mood_party": {"all": {"not_party": 0.280013889074,"party": 0.719986081123},"probability": 0.719986081123,"value": "party"},"mood_relaxed": {"all": {"not_relaxed": 0.903673708439,"relaxed": 0.0963262692094},"probability": 0.903673708439,"value": "not_relaxed"},"mood_sad": {"all": {"not_sad": 0.858925044537,"sad": 0.141074985266},"probability": 0.858925044537,"value": "not_sad"},"moods_mirex": {"all": {"Cluster1": 0.0857395231724,"Cluster2": 0.0951588526368,"Cluster3": 0.0694470331073,"Cluster4": 0.176026791334,"Cluster5": 0.573627769947},"probability": 0.573627769947,"value": "Cluster5"},"timbre": {"all": {"bright": 0.0272029731423,"dark": 0.972797036171},"probability": 0.972797036171,"value": "dark"},"tonal_atonal": {"all": {"atonal": 0.925777316093,"tonal": 0.074222676456},"probability": 0.925777316093,"value": "atonal"},"voice_instrumental": {"all": {"instrumental": 0.00127073994372,"voice": 0.998729288578},"probability": 0.998729288578,"value": "voice"}},"metadata": {"audio_properties": {"analysis_sample_rate": 44100,"bit_rate": 0,"equal_loudness": 0,"length": 286.920013428,"lossless": 1,"replay_gain": -16.2106819153,"sample_rate": 44100,"codec": "flac","downmix": "mix","md5_encoded": "808b89ed63897d5c13558e06b53b9695"},"tags": {"file_name": "2-08 Been Caught Stealing.flac","acoustid_id": ["f27ab49f-c955-4f8f-a506-20642c88d233"],"album": ["The Great Escape Artist"],"albumartist": ["Jane's Addiction"],"albumartistsort": ["Jane's Addiction"],"artist": ["Jane's Addiction"],"artistsort": ["Jane's Addiction"],"asin": ["B005O93Q4E"],"barcode": ["5099967953226"],"date": ["2011-10-17"],"discnumber": ["2"],"disctotal": ["2"],"genre": ["Rock", "Alternative", "Grunge", "Hard Rock"],"grouping": ["Alternative Rock"],"label": ["Parlophone"],"language": ["eng"],"media": ["CD"],"mood": ["Unknown"],"musicbrainz_albumartistid": ["e3434cc7-d348-491a-9dc8-325af3d9086d"],"musicbrainz_albumid": ["d8153519-6b4e-412b-8dbe-20a116c93897"],"musicbrainz_artistid": ["e3434cc7-d348-491a-9dc8-325af3d9086d"],"musicbrainz_recordingid": ["9eb758c9-cad0-49e3-8ef0-b8c68e82a2b1"],"musicbrainz_releasegroupid": ["2211e45f-d0e9-418e-bd19-3dcf604ff9d7"],"musicbrainz_releasetrackid": ["575131ee-39c6-3def-9422-c38677479a7d"],"musicbrainz_workid": ["dc67f341-785e-3bcd-84a0-3c38e5c25f53"],"originaldate": ["2011-10-17"],"originalyear": ["2011"],"releasecountry": ["GB"],"releasestatus": ["official"],"releasetype": ["album"],"script": ["Latn"],"title": ["Been Caught Stealing"],"titlesort": ["Been Caught Stealing"],"totaldiscs": ["2"],"totaltracks": ["11"],"tracknumber": ["8"],"tracktotal": ["11"],"website": ["http:\/\/www.janesaddiction.com\/"],"work": ["Been Caught Stealing"],"writer": ["Dave Navarro", "Eric Avery", "Perry Farrell", "Stephen Perkins"]},"version": {"highlevel": {"essentia": "2.1-beta5-dev","essentia_build_sha": "e74af04b57b164eed312abeef4963962215860f0","essentia_git_sha": "v2.1_beta4-499-g4013ebc","extractor": "music 2.0","gaia": "2.4.5","gaia_git_sha": "v2.4.4-44-g95f4851","models_essentia_git_sha": "v2.1_beta1"},"lowlevel": {"essentia": "2.1-beta2","essentia_build_sha": "70f2e5ece6736b2c40cc944ad0e695b16b925413","essentia_git_sha": "v2.1_beta2","extractor": "music 1.0"}}}}