{"highlevel": {"danceability": {"all": {"danceable": 0.0780265331268,"not_danceable": 0.921973466873},"probability": 0.921973466873,"value": "not_danceable"},"gender": {"all": {"female": 0.782580971718,"male": 0.217419043183},"probability": 0.782580971718,"value": "female"},"genre_dortmund": {"all": {"alternative": 0.00480878539383,"blues": 0.000919011770748,"electronic": 0.990294754505,"folkcountry": 0.00236786063761,"funksoulrnb": 6.34836978861e-05,"jazz": 0.00107678328641,"pop": 9.66693842201e-05,"raphiphop": 1.22552200992e-05,"rock": 0.000360390462447},"probability": 0.990294754505,"value": "electronic"},"genre_electronic": {"all": {"ambient": 0.933466136456,"dnb": 0.00188369804528,"house": 0.018536657095,"techno": 0.00488874595612,"trance": 0.0412247627974},"probability": 0.933466136456,"value": "ambient"},"genre_rosamerica": {"all": {"cla": 0.048560269177,"dan": 0.000686675950419,"hip": 0.00165168999229,"jaz": 0.903512954712,"pop": 0.0328015051782,"rhy": 0.00746510643512,"roc": 0.00383085920475,"spe": 0.00149095954839},"probability": 0.903512954712,"value": "jaz"},"genre_tzanetakis": {"all": {"blu": 0.0626613423228,"cla": 0.0348169617355,"cou": 0.104475811124,"dis": 0.0784321576357,"hip": 0.15692435205,"jaz": 0.313974827528,"met": 0.0448166541755,"pop": 0.0627359300852,"reg": 0.0627360641956,"roc": 0.0784258767962},"probability": 0.313974827528,"value": "jaz"},"ismir04_rhythm": {"all": {"ChaChaCha": 0.0194766521454,"Jive": 0.000366521417163,"Quickstep": 0.000487330427859,"Rumba-American": 0.00203856662847,"Rumba-International": 0.000407224812079,"Rumba-Misc": 0.00211473903619,"Samba": 0.0012478652643,"Tango": 0.0547377094626,"VienneseWaltz": 0.914118647575,"Waltz": 0.00500472867861},"probability": 0.914118647575,"value": "VienneseWaltz"},"mood_acoustic": {"all": {"acoustic": 0.80856013298,"not_acoustic": 0.19143986702},"probability": 0.80856013298,"value": "acoustic"},"mood_aggressive": {"all": {"aggressive": 0.0444637835026,"not_aggressive": 0.955536186695},"probability": 0.955536186695,"value": "not_aggressive"},"mood_electronic": {"all": {"electronic": 0.23379316926,"not_electronic": 0.766206800938},"probability": 0.766206800938,"value": "not_electronic"},"mood_happy": {"all": {"happy": 0.5082218647,"not_happy": 0.491778105497},"probability": 0.5082218647,"value": "happy"},"mood_party": {"all": {"not_party": 0.876292526722,"party": 0.123707465827},"probability": 0.876292526722,"value": "not_party"},"mood_relaxed": {"all": {"not_relaxed": 0.0604219213128,"relaxed": 0.939578056335},"probability": 0.939578056335,"value": "relaxed"},"mood_sad": {"all": {"not_sad": 0.44166085124,"sad": 0.558339178562},"probability": 0.558339178562,"value": "sad"},"moods_mirex": {"all": {"Cluster1": 0.101657785475,"Cluster2": 0.128777265549,"Cluster3": 0.404633253813,"Cluster4": 0.132368385792,"Cluster5": 0.232563316822},"probability": 0.404633253813,"value": "Cluster3"},"timbre": {"all": {"bright": 0.0675677731633,"dark": 0.932432234287},"probability": 0.932432234287,"value": "dark"},"tonal_atonal": {"all": {"atonal": 0.086273856461,"tonal": 0.91372615099},"probability": 0.91372615099,"value": "tonal"},"voice_instrumental": {"all": {"instrumental": 0.957214891911,"voice": 0.0427850969136},"probability": 0.957214891911,"value": "instrumental"}},"metadata": {"audio_properties": {"analysis_sample_rate": 44100,"bit_rate": 0,"equal_loudness": 0,"length": 269.14666748,"lossless": 1,"replay_gain": -10.036233902,"sample_rate": 44100,"codec": "flac","downmix": "mix","md5_encoded": "9104c2073fa40171fda45271d49457a5"},"tags": {"file_name": "09_Bittersweet.flac","acoustid_id": ["174f8bf6-dd82-45f8-bd80-2446732b49de"],"album": ["Time and the Maiden"],"albumartist": ["Claire Voyant"],"albumartistsort": ["Claire Voyant"],"artist": ["Claire Voyant"],"artistsort": ["Claire Voyant"],"asin": ["B000055ZDQ"],"catalognumber": ["Precipice Recordings 002"],"date": ["1998"],"discnumber": ["1"],"disctotal": ["1"],"genre": ["Ethereal; Female Vocal"],"label": ["Precipice Recordings"],"language": ["eng"],"media": ["CD"],"musicbrainz_albumartistid": ["2c998c13-11ff-4743-906a-4d4732110b17"],"musicbrainz_albumid": ["c8a62290-2660-4e05-90dc-c1715189eb71"],"musicbrainz_artistid": ["2c998c13-11ff-4743-906a-4d4732110b17"],"musicbrainz_recordingid": ["9ecd3d9f-baa7-4f52-ac2a-8b74e56ffb5d"],"musicbrainz_releasegroupid": ["e44cd0fd-0894-322f-8699-59ebb57f946c"],"musicbrainz_releasetrackid": ["1f344d2f-e649-3d1e-ac57-39ac2d6e7fda"],"originaldate": ["1998"],"releasecountry": ["US"],"releasestatus": ["official"],"releasetype": ["album"],"script": ["Latn"],"title": ["Bittersweet"],"totaldiscs": ["1"],"totaltracks": ["10"],"tracknumber": ["9"],"tracktotal": ["10"]},"version": {"highlevel": {"essentia": "2.1-beta5-dev","essentia_build_sha": "e74af04b57b164eed312abeef4963962215860f0","essentia_git_sha": "v2.1_beta4-499-g4013ebc","extractor": "music 2.0","gaia": "2.4.5","gaia_git_sha": "v2.4.4-44-g95f4851","models_essentia_git_sha": "v2.1_beta1"},"lowlevel": {"essentia": "2.1-beta2","essentia_build_sha": "70f2e5ece6736b2c40cc944ad0e695b16b925413","essentia_git_sha": "v2.1_beta2","extractor": "music 1.0"}}}}