{"highlevel": {"danceability": {"all": {"danceable": 0.99095082283,"not_danceable": 0.00904916785657},"probability": 0.99095082283,"value": "danceable"},"gender": {"all": {"female": 0.94668507576,"male": 0.0533149167895},"probability": 0.94668507576,"value": "female"},"genre_dortmund": {"all": {"alternative": 0.00411444343626,"blues": 0.000539500440937,"electronic": 0.99170589447,"folkcountry": 0.00196131854318,"funksoulrnb": 3.44063337252e-05,"jazz": 0.00052667176351,"pop": 0.000301908265101,"raphiphop": 2.91183641821e-05,"rock": 0.000786724500358},"probability": 0.99170589447,"value": "electronic"},"genre_electronic": {"all": {"ambient": 0.0953750833869,"dnb": 0.0134768849239,"house": 0.119474872947,"techno": 0.00893129594624,"trance": 0.762741863728},"probability": 0.762741863728,"value": "trance"},"genre_rosamerica": {"all": {"cla": 0.00274821044877,"dan": 0.436866253614,"hip": 0.0198499057442,"jaz": 0.00447497423738,"pop": 0.347987085581,"rhy": 0.0264138653874,"roc": 0.159858345985,"spe": 0.00180137250572},"probability": 0.436866253614,"value": "dan"},"genre_tzanetakis": {"all": {"blu": 0.0620671063662,"cla": 0.034474901855,"cou": 0.103433981538,"dis": 0.0620971247554,"hip": 0.15527240932,"jaz": 0.310666948557,"met": 0.044346679002,"pop": 0.0620793737471,"reg": 0.0620816536248,"roc": 0.103479810059},"probability": 0.310666948557,"value": "jaz"},"ismir04_rhythm": {"all": {"ChaChaCha": 0.348010361195,"Jive": 0.135404348373,"Quickstep": 0.0241658817977,"Rumba-American": 0.0363534651697,"Rumba-International": 0.0385974496603,"Rumba-Misc": 0.0234906300902,"Samba": 0.0824309885502,"Tango": 0.16036362946,"VienneseWaltz": 0.135491639376,"Waltz": 0.0156916286796},"probability": 0.348010361195,"value": "ChaChaCha"},"mood_acoustic": {"all": {"acoustic": 2.28167650107e-07,"not_acoustic": 0.999999761581},"probability": 0.999999761581,"value": "not_acoustic"},"mood_aggressive": {"all": {"aggressive": 3.00000096379e-14,"not_aggressive": 1},"probability": 1,"value": "not_aggressive"},"mood_electronic": {"all": {"electronic": 0.905635237694,"not_electronic": 0.0943647548556},"probability": 0.905635237694,"value": "electronic"},"mood_happy": {"all": {"happy": 0.747662603855,"not_happy": 0.252337366343},"probability": 0.747662603855,"value": "happy"},"mood_party": {"all": {"not_party": 0.999978542328,"party": 2.14293377212e-05},"probability": 0.999978542328,"value": "not_party"},"mood_relaxed": {"all": {"not_relaxed": 0.191182896495,"relaxed": 0.808817088604},"probability": 0.808817088604,"value": "relaxed"},"mood_sad": {"all": {"not_sad": 0.688158869743,"sad": 0.311841130257},"probability": 0.688158869743,"value": "not_sad"},"moods_mirex": {"all": {"Cluster1": 0.158395752311,"Cluster2": 0.3148034513,"Cluster3": 0.188891947269,"Cluster4": 0.176647499204,"Cluster5": 0.161261349916},"probability": 0.3148034513,"value": "Cluster2"},"timbre": {"all": {"bright": 0.988457977772,"dark": 0.0115420464426},"probability": 0.988457977772,"value": "bright"},"tonal_atonal": {"all": {"atonal": 0.331155657768,"tonal": 0.668844342232},"probability": 0.668844342232,"value": "tonal"},"voice_instrumental": {"all": {"instrumental": 0.308304637671,"voice": 0.691695392132},"probability": 0.691695392132,"value": "voice"}},"metadata": {"audio_properties": {"analysis_sample_rate": 44100,"bit_rate": 0,"equal_loudness": 0,"length": 223.345535278,"lossless": 1,"replay_gain": -12.2538204193,"sample_rate": 44100,"codec": "flac","downmix": "mix","md5_encoded": "b4dfe11d9a9ff0d646dc87c4488d4efb"},"tags": {"file_name": "madonna_turn_up_the_radio.flac","album": ["MDNA"],"album date": ["26th of March, 2012"],"artist": ["Madonna"],"date": ["Unreleased Album Track"],"encoded on": ["Sun Mar 25 21:06:07 BST 2012"],"genre": ["Electropop"],"isrc": ["US-UG1-12-00454"],"musicbrainz_albumid": ["e5620e6c-77e7-4840-be19-178f0dfc2603"],"musicbrainz_artistid": ["79239441-bfd5-4981-a70c-55c3f15c1287"],"musicbrainz_recordingid": ["cfaae049-a160-48c9-8e04-09fade6c9edf"],"replaygain_album_gain": ["-7.20 dB"],"replaygain_album_peak": ["0.99844360"],"replaygain_reference_loudness": ["89.0 dB"],"replaygain_track_gain": ["-7.20 dB"],"replaygain_track_peak": ["0.99844360"],"title": ["Turn Up the Radio"],"tracknumber": ["4"]},"version": {"highlevel": {"essentia": "2.1-beta5-dev","essentia_build_sha": "e74af04b57b164eed312abeef4963962215860f0","essentia_git_sha": "v2.1_beta4-499-g4013ebc","extractor": "music 2.0","gaia": "2.4.5","gaia_git_sha": "v2.4.4-44-g95f4851","models_essentia_git_sha": "v2.1_beta1"},"lowlevel": {"essentia": "2.1-beta1","essentia_build_sha": "ca57ba49d9b1854bd80e60cf9ccf267278fb7d6b","essentia_git_sha": "v2.1_beta1-28-g21ef5f4-dirty","extractor": "music 1.0"}}}}