{"highlevel": {"danceability": {"all": {"danceable": 0.979183971882,"not_danceable": 0.0208160039037},"probability": 0.979183971882,"value": "danceable"},"gender": {"all": {"female": 0.306399285793,"male": 0.693600714207},"probability": 0.693600714207,"value": "male"},"genre_dortmund": {"all": {"alternative": 0.0563582964242,"blues": 0.0820267572999,"electronic": 0.359201669693,"folkcountry": 0.0751867741346,"funksoulrnb": 0.0167942736298,"jazz": 0.0220173615962,"pop": 0.055515602231,"raphiphop": 0.0787710919976,"rock": 0.254128187895},"probability": 0.359201669693,"value": "electronic"},"genre_electronic": {"all": {"ambient": 0.13503344357,"dnb": 0.0146140158176,"house": 0.519316792488,"techno": 0.0245979335159,"trance": 0.306437820196},"probability": 0.519316792488,"value": "house"},"genre_rosamerica": {"all": {"cla": 0.0132609829307,"dan": 0.117686659098,"hip": 0.0600643381476,"jaz": 0.0185173861682,"pop": 0.290821194649,"rhy": 0.147126153111,"roc": 0.337892860174,"spe": 0.014630430378},"probability": 0.337892860174,"value": "roc"},"genre_tzanetakis": {"all": {"blu": 0.0525538250804,"cla": 0.122603572905,"cou": 0.0735416039824,"dis": 0.0612835325301,"hip": 0.0525308065116,"jaz": 0.12257809937,"met": 0.0735552683473,"pop": 0.183894276619,"reg": 0.0735610723495,"roc": 0.183897942305},"probability": 0.183897942305,"value": "roc"},"ismir04_rhythm": {"all": {"ChaChaCha": 0.798809468746,"Jive": 0.160859853029,"Quickstep": 0.00127723417245,"Rumba-American": 0.00134682480711,"Rumba-International": 0.00487504061311,"Rumba-Misc": 0.010227448307,"Samba": 0.0164104830474,"Tango": 0.0029443660751,"VienneseWaltz": 0.0021183018107,"Waltz": 0.00113100372255},"probability": 0.798809468746,"value": "ChaChaCha"},"mood_acoustic": {"all": {"acoustic": 5.15724934758e-07,"not_acoustic": 0.999999463558},"probability": 0.999999463558,"value": "not_acoustic"},"mood_aggressive": {"all": {"aggressive": 0.521398127079,"not_aggressive": 0.478601872921},"probability": 0.521398127079,"value": "aggressive"},"mood_electronic": {"all": {"electronic": 0.99111777544,"not_electronic": 0.0088822003454},"probability": 0.99111777544,"value": "electronic"},"mood_happy": {"all": {"happy": 0.443559527397,"not_happy": 0.556440472603},"probability": 0.556440472603,"value": "not_happy"},"mood_party": {"all": {"not_party": 0.0209870357066,"party": 0.979012966156},"probability": 0.979012966156,"value": "party"},"mood_relaxed": {"all": {"not_relaxed": 0.211673974991,"relaxed": 0.788326025009},"probability": 0.788326025009,"value": "relaxed"},"mood_sad": {"all": {"not_sad": 0.949590802193,"sad": 0.0504091791809},"probability": 0.949590802193,"value": "not_sad"},"moods_mirex": {"all": {"Cluster1": 0.447811812162,"Cluster2": 0.106333568692,"Cluster3": 0.0947571396828,"Cluster4": 0.110563285649,"Cluster5": 0.240534186363},"probability": 0.447811812162,"value": "Cluster1"},"timbre": {"all": {"bright": 0.5,"dark": 0.5},"probability": 0.5,"value": "dark"},"tonal_atonal": {"all": {"atonal": 0.985943853855,"tonal": 0.0140561629087},"probability": 0.985943853855,"value": "atonal"},"voice_instrumental": {"all": {"instrumental": 0.927372395992,"voice": 0.0726275965571},"probability": 0.927372395992,"value": "instrumental"}},"metadata": {"audio_properties": {"analysis_sample_rate": 44100,"bit_rate": 0,"equal_loudness": 0,"length": 68.2133331299,"lossless": 1,"replay_gain": -9.74259567261,"sample_rate": 44100,"codec": "flac","downmix": "mix","md5_encoded": "c5c7b4b1b305c13afcccfa639c15ae97"},"tags": {"file_name": "1-01 Euglama.flac","album": ["Bring On the Comets"],"albumartist": ["VHS or Beta"],"albumartistsort": ["VHS or Beta"],"artist": ["VHS or Beta"],"artistsort": ["VHS or Beta"],"barcode": ["5099950635726"],"catalognumber": ["ASW 06357"],"composer": ["Craig Pfunder"],"date": ["2007-08-28"],"discnumber": ["1"],"disctotal": ["1"],"genre": ["Electro"],"grouping": ["Electronic"],"label": ["Astralwerks"],"language": ["eng"],"media": ["CD"],"musicbrainz_albumartistid": ["632fa908-1fff-4446-a600-72fa41f76a20"],"musicbrainz_albumid": ["afc16bfb-e5cf-3bb4-936b-b26336affa96"],"musicbrainz_artistid": ["632fa908-1fff-4446-a600-72fa41f76a20"],"musicbrainz_recordingid": ["02de3ace-48c9-45fa-b81e-ee07780bf612"],"musicbrainz_releasegroupid": ["4f100aa7-1be7-3703-afca-e8aed44cf549"],"musicbrainz_releasetrackid": ["81d5d8db-712b-37e5-b671-518ffe9cf4a1"],"musicbrainz_workid": ["a4c4d1ba-cdf4-3801-b890-f426d4aaf877"],"originaldate": ["2007-08-28"],"performer": ["Mark Palgy (bass guitar)", "Mark Guidry (drums)", "Craig Pfunder (guitar and piano)", "Craig Pfunder (lead vocals)"],"releasecountry": ["US"],"releasestatus": ["official"],"releasetype": ["album"],"script": ["Latn"],"title": ["Euglama"],"totaldiscs": ["1"],"tracknumber": ["1"],"tracktotal": ["12"],"work": ["Euglama"]},"version": {"highlevel": {"essentia": "2.1-beta5-dev","essentia_build_sha": "e74af04b57b164eed312abeef4963962215860f0","essentia_git_sha": "v2.1_beta4-499-g4013ebc","extractor": "music 2.0","gaia": "2.4.5","gaia_git_sha": "v2.4.4-44-g95f4851","models_essentia_git_sha": "v2.1_beta1"},"lowlevel": {"essentia": "2.1-beta2","essentia_build_sha": "70f2e5ece6736b2c40cc944ad0e695b16b925413","essentia_git_sha": "v2.1_beta2","extractor": "music 1.0"}}}}