{"highlevel": {"danceability": {"all": {"danceable": 0.023501386866,"not_danceable": 0.976498603821},"probability": 0.976498603821,"value": "not_danceable"},"gender": {"all": {"female": 0.0267074685544,"male": 0.973292529583},"probability": 0.973292529583,"value": "male"},"genre_dortmund": {"all": {"alternative": 0.0363619327545,"blues": 0.278737157583,"electronic": 0.206066384912,"folkcountry": 0.0980040505528,"funksoulrnb": 0.00654317438602,"jazz": 0.338625341654,"pop": 0.0101764667779,"raphiphop": 0.00652430951595,"rock": 0.0189612060785},"probability": 0.338625341654,"value": "jazz"},"genre_electronic": {"all": {"ambient": 0.964591085911,"dnb": 0.00300464779139,"house": 0.0151396831498,"techno": 0.0141143687069,"trance": 0.00315022049472},"probability": 0.964591085911,"value": "ambient"},"genre_rosamerica": {"all": {"cla": 0.780503630638,"dan": 0.00184823817108,"hip": 0.00551659055054,"jaz": 0.196830198169,"pop": 0.00458168098703,"rhy": 0.00479078991339,"roc": 0.00131810433231,"spe": 0.00461079599336},"probability": 0.780503630638,"value": "cla"},"genre_tzanetakis": {"all": {"blu": 0.063407368958,"cla": 0.0871076211333,"cou": 0.0618977844715,"dis": 0.0534602701664,"hip": 0.0516747236252,"jaz": 0.154711350799,"met": 0.0461613498628,"pop": 0.103150323033,"reg": 0.0684188529849,"roc": 0.31001034379},"probability": 0.31001034379,"value": "roc"},"ismir04_rhythm": {"all": {"ChaChaCha": 0.0193496532738,"Jive": 0.00327314459719,"Quickstep": 0.00448310561478,"Rumba-American": 0.0288759190589,"Rumba-International": 0.0209279283881,"Rumba-Misc": 0.0194392558187,"Samba": 0.00881802197546,"Tango": 0.744367301464,"VienneseWaltz": 0.111905671656,"Waltz": 0.0385599918664},"probability": 0.744367301464,"value": "Tango"},"mood_acoustic": {"all": {"acoustic": 0.957351028919,"not_acoustic": 0.0426489412785},"probability": 0.957351028919,"value": "acoustic"},"mood_aggressive": {"all": {"aggressive": 0.086171105504,"not_aggressive": 0.913828909397},"probability": 0.913828909397,"value": "not_aggressive"},"mood_electronic": {"all": {"electronic": 0.349413245916,"not_electronic": 0.650586783886},"probability": 0.650586783886,"value": "not_electronic"},"mood_happy": {"all": {"happy": 0.0781353935599,"not_happy": 0.921864628792},"probability": 0.921864628792,"value": "not_happy"},"mood_party": {"all": {"not_party": 0.991368293762,"party": 0.00863172486424},"probability": 0.991368293762,"value": "not_party"},"mood_relaxed": {"all": {"not_relaxed": 0.00663586100563,"relaxed": 0.993364155293},"probability": 0.993364155293,"value": "relaxed"},"mood_sad": {"all": {"not_sad": 0.196144625545,"sad": 0.803855359554},"probability": 0.803855359554,"value": "sad"},"moods_mirex": {"all": {"Cluster1": 0.124321900308,"Cluster2": 0.26525580883,"Cluster3": 0.35221478343,"Cluster4": 0.0828274562955,"Cluster5": 0.175380051136},"probability": 0.35221478343,"value": "Cluster3"},"timbre": {"all": {"bright": 0.0967174693942,"dark": 0.903282523155},"probability": 0.903282523155,"value": "dark"},"tonal_atonal": {"all": {"atonal": 0.206031873822,"tonal": 0.793968141079},"probability": 0.793968141079,"value": "tonal"},"voice_instrumental": {"all": {"instrumental": 0.969271123409,"voice": 0.030728880316},"probability": 0.969271123409,"value": "instrumental"}},"metadata": {"audio_properties": {"analysis_sample_rate": 44100,"bit_rate": 0,"equal_loudness": 0,"length": 109.933334351,"lossless": 1,"replay_gain": -4.62672424316,"codec": "flac","downmix": "mix","md5_encoded": "7ff1af3c01267d5d1a44e1ff093c8729"},"tags": {"file_name": "12 TV Reveals.flac","acoustid_id": ["e96144ad-821f-4a33-a3df-2e17c2d2d668"],"album": ["Close Encounters of the Third Kind: The Collector's Edition Soundtrack"],"album artist": ["John Williams"],"albumartist": ["John Williams"],"albumartistsort": ["Williams, John"],"artist": ["John Williams"],"artistsort": ["Williams, John"],"asin": ["B00000636B"],"barcode": ["078221900423"],"catalognumber": ["07822-19004-2"],"composer": ["John Williams"],"conductor": ["John Williams"],"date": ["1977"],"disc": ["1"],"discnumber": ["1"],"disctotal": ["1"],"ensemble": ["John Williams"],"genre": ["Soundtrack"],"label": ["Arista"],"media": ["CD"],"musicbrainz_albumartistid": ["53b106e7-0cc6-42cc-ac95-ed8d30a3a98e"],"musicbrainz_albumid": ["dab93681-a473-476e-89ee-240037753211"],"musicbrainz_artistid": ["53b106e7-0cc6-42cc-ac95-ed8d30a3a98e"],"musicbrainz_recordingid": ["ef1937fb-b4be-4f3b-9d91-d549a1a47eff"],"musicbrainz_releasegroupid": ["1e0fa78f-27fe-35cc-a63d-636dc47f5f6c"],"originaldate": ["1977"],"releasecountry": ["US"],"releasestatus": ["official"],"releasetype": ["album", "soundtrack"],"script": ["Latn"],"title": ["TV Reveals"],"totaldiscs": ["1"],"totaltracks": ["26"],"tracknumber": ["12"],"tracktotal": ["26"]},"version": {"highlevel": {"essentia": "2.1-beta5-dev","essentia_build_sha": "e74af04b57b164eed312abeef4963962215860f0","essentia_git_sha": "v2.1_beta4-499-g4013ebc","extractor": "music 2.0","gaia": "2.4.5","gaia_git_sha": "v2.4.4-44-g95f4851","models_essentia_git_sha": "v2.1_beta1"},"lowlevel": {"essentia": "2.1-beta1","essentia_build_sha": "7f154e5731828a63663f0144680ef47bd640f88b","essentia_git_sha": "v2.1_beta1-6-g5578087","extractor": "music 1.0"}}}}