{"highlevel": {"danceability": {"all": {"danceable": 0.985290706158,"not_danceable": 0.014709266834},"probability": 0.985290706158,"value": "danceable"},"gender": {"all": {"female": 0.407140940428,"male": 0.592859089375},"probability": 0.592859089375,"value": "male"},"genre_dortmund": {"all": {"alternative": 0.00291452347301,"blues": 0.000179046546691,"electronic": 0.996159434319,"folkcountry": 0.000338603713317,"funksoulrnb": 3.85621660826e-06,"jazz": 3.36537050316e-05,"pop": 1.98547222681e-05,"raphiphop": 3.14471890306e-06,"rock": 0.000347880268237},"probability": 0.996159434319,"value": "electronic"},"genre_electronic": {"all": {"ambient": 0.229661718011,"dnb": 0.0195620153099,"house": 0.484789192677,"techno": 0.0381019748747,"trance": 0.227885082364},"probability": 0.484789192677,"value": "house"},"genre_rosamerica": {"all": {"cla": 0.00898001622409,"dan": 0.133187919855,"hip": 0.127071961761,"jaz": 0.0216235853732,"pop": 0.167095318437,"rhy": 0.0749587714672,"roc": 0.435350745916,"spe": 0.0317316800356},"probability": 0.435350745916,"value": "roc"},"genre_tzanetakis": {"all": {"blu": 0.0626613423228,"cla": 0.0348169617355,"cou": 0.104475811124,"dis": 0.0784321576357,"hip": 0.15692435205,"jaz": 0.313974827528,"met": 0.0448166541755,"pop": 0.0627359300852,"reg": 0.0627360641956,"roc": 0.0784258767962},"probability": 0.313974827528,"value": "jaz"},"ismir04_rhythm": {"all": {"ChaChaCha": 0.179686680436,"Jive": 0.199061021209,"Quickstep": 0.027370704338,"Rumba-American": 0.0490708388388,"Rumba-International": 0.0453831218183,"Rumba-Misc": 0.0318095721304,"Samba": 0.101255446672,"Tango": 0.220438465476,"VienneseWaltz": 0.124849140644,"Waltz": 0.0210750121623},"probability": 0.220438465476,"value": "Tango"},"mood_acoustic": {"all": {"acoustic": 0.0122318137437,"not_acoustic": 0.987768173218},"probability": 0.987768173218,"value": "not_acoustic"},"mood_aggressive": {"all": {"aggressive": 0.649438858032,"not_aggressive": 0.350561141968},"probability": 0.649438858032,"value": "aggressive"},"mood_electronic": {"all": {"electronic": 0.758477330208,"not_electronic": 0.241522684693},"probability": 0.758477330208,"value": "electronic"},"mood_happy": {"all": {"happy": 0.261567980051,"not_happy": 0.738432049751},"probability": 0.738432049751,"value": "not_happy"},"mood_party": {"all": {"not_party": 0.164822041988,"party": 0.835177958012},"probability": 0.835177958012,"value": "party"},"mood_relaxed": {"all": {"not_relaxed": 0.525246500969,"relaxed": 0.474753499031},"probability": 0.525246500969,"value": "not_relaxed"},"mood_sad": {"all": {"not_sad": 0.740334093571,"sad": 0.259665936232},"probability": 0.740334093571,"value": "not_sad"},"moods_mirex": {"all": {"Cluster1": 0.0832027643919,"Cluster2": 0.0752160027623,"Cluster3": 0.359520971775,"Cluster4": 0.0866030082107,"Cluster5": 0.395457267761},"probability": 0.395457267761,"value": "Cluster5"},"timbre": {"all": {"bright": 0.126294240355,"dark": 0.873705744743},"probability": 0.873705744743,"value": "dark"},"tonal_atonal": {"all": {"atonal": 0.993714034557,"tonal": 0.0062859505415},"probability": 0.993714034557,"value": "atonal"},"voice_instrumental": {"all": {"instrumental": 0.291313201189,"voice": 0.708686769009},"probability": 0.708686769009,"value": "voice"}},"metadata": {"audio_properties": {"analysis_sample_rate": 44100,"bit_rate": 0,"equal_loudness": 0,"length": 288.160003662,"lossless": 1,"replay_gain": -11.816740036,"codec": "flac","downmix": "mix","md5_encoded": "6e0063f3cfd125e69fdf566959613858"},"tags": {"file_name": "05 - Seemann.flac","album": ["Herzeleid"],"albumartist": ["Rammstein"],"albumartistsort": ["Rammstein"],"artist": ["Rammstein"],"artistsort": ["Rammstein"],"composer": ["Rammstein"],"date": ["1995-09-25"],"discnumber": ["1"],"disctotal": ["1"],"lyricist": ["Rammstein"],"mixer": ["Ronald Prent"],"musicbrainz_albumartistid": ["b2d122f9-eadb-4930-a196-8f221eeb0c66"],"musicbrainz_albumid": ["b2349c8c-4986-4d4e-b2a0-285825f686c3"],"musicbrainz_artistid": ["b2d122f9-eadb-4930-a196-8f221eeb0c66"],"musicbrainz_recordingid": ["1432b3ba-f294-437c-85dc-74c6bda5d575"],"musicbrainz_releasegroupid": ["806eb9e1-06c6-385e-bf04-f3c5e2b4a6be"],"performer": ["Oliver Riedel (bass guitar)", "Christoph Schneider (drums)", "Christian Lorenz (keyboard)", "Till Lindemann (vocals)", "Richard Z. Kruspe (guitars)", "Paul Landers (guitars)"],"producer": ["Carl-Michael Herlöfsson", "Jacob Hellner"],"releasecountry": ["DE"],"releasetype": ["album"],"replaygain_album_gain": ["-6.07 dB"],"replaygain_album_peak": ["0.99996948"],"replaygain_reference_loudness": ["89.0 dB"],"replaygain_track_gain": ["-6.64 dB"],"replaygain_track_peak": ["0.99996948"],"title": ["Seemann"],"totaldiscs": ["1"],"totaltracks": ["11"],"tracknumber": ["5"],"tracktotal": ["11"]},"version": {"highlevel": {"essentia": "2.1-beta5-dev","essentia_build_sha": "e74af04b57b164eed312abeef4963962215860f0","essentia_git_sha": "v2.1_beta4-499-g4013ebc","extractor": "music 2.0","gaia": "2.4.5","gaia_git_sha": "v2.4.4-44-g95f4851","models_essentia_git_sha": "v2.1_beta1"},"lowlevel": {"essentia": "2.1-beta1","essentia_build_sha": "de1f7ffc9d3406fe9025cc52cfcd6ebfe2259f32","essentia_git_sha": "v2.1_beta1-5-gf9dded9","extractor": "music 1.0"}}}}