{"highlevel": {"danceability": {"all": {"danceable": 0.00276367692277,"not_danceable": 0.997236311436},"probability": 0.997236311436,"value": "not_danceable"},"gender": {"all": {"female": 0.22308665514,"male": 0.77691334486},"probability": 0.77691334486,"value": "male"},"genre_dortmund": {"all": {"alternative": 0.0486241914332,"blues": 0.0549489594996,"electronic": 0.451324403286,"folkcountry": 0.3439027071,"funksoulrnb": 0.00386279635131,"jazz": 0.0545421019197,"pop": 0.00782980490476,"raphiphop": 0.00298078847118,"rock": 0.0319842249155},"probability": 0.451324403286,"value": "electronic"},"genre_electronic": {"all": {"ambient": 0.964388310909,"dnb": 0.000982662895694,"house": 0.0267040077597,"techno": 0.00602457486093,"trance": 0.00190042541362},"probability": 0.964388310909,"value": "ambient"},"genre_rosamerica": {"all": {"cla": 0.993144094944,"dan": 0.000189383717952,"hip": 0.000458972819615,"jaz": 0.00422266684473,"pop": 0.000111883658974,"rhy": 0.000757695932407,"roc": 0.00033876823727,"spe": 0.000776558008511},"probability": 0.993144094944,"value": "cla"},"genre_tzanetakis": {"all": {"blu": 0.00209468998946,"cla": 0.000472863641335,"cou": 0.000310720060952,"dis": 0.000155579604325,"hip": 0.000104959341115,"jaz": 0.996565937996,"met": 4.23773526563e-05,"pop": 0.000189674159628,"reg": 2.0647974452e-05,"roc": 4.25252328569e-05},"probability": 0.996565937996,"value": "jaz"},"ismir04_rhythm": {"all": {"ChaChaCha": 0.00146267737728,"Jive": 8.37227999e-05,"Quickstep": 0.000103368183773,"Rumba-American": 0.000915015232749,"Rumba-International": 0.00139032513835,"Rumba-Misc": 0.0131855849177,"Samba": 0.000193042083993,"Tango": 0.957369029522,"VienneseWaltz": 0.0159150622785,"Waltz": 0.00938215851784},"probability": 0.957369029522,"value": "Tango"},"mood_acoustic": {"all": {"acoustic": 0.996773004532,"not_acoustic": 0.0032270043157},"probability": 0.996773004532,"value": "acoustic"},"mood_aggressive": {"all": {"aggressive": 0.00851681921631,"not_aggressive": 0.991483151913},"probability": 0.991483151913,"value": "not_aggressive"},"mood_electronic": {"all": {"electronic": 0.151638060808,"not_electronic": 0.848361909389},"probability": 0.848361909389,"value": "not_electronic"},"mood_happy": {"all": {"happy": 0.0409883111715,"not_happy": 0.959011673927},"probability": 0.959011673927,"value": "not_happy"},"mood_party": {"all": {"not_party": 0.998414814472,"party": 0.00158516247757},"probability": 0.998414814472,"value": "not_party"},"mood_relaxed": {"all": {"not_relaxed": 8.0595491454e-06,"relaxed": 0.999991953373},"probability": 0.999991953373,"value": "relaxed"},"mood_sad": {"all": {"not_sad": 0.174399986863,"sad": 0.825600028038},"probability": 0.825600028038,"value": "sad"},"moods_mirex": {"all": {"Cluster1": 0.0556124001741,"Cluster2": 0.35354667902,"Cluster3": 0.345239579678,"Cluster4": 0.20815692842,"Cluster5": 0.0374444127083},"probability": 0.35354667902,"value": "Cluster2"},"timbre": {"all": {"bright": 0.916642904282,"dark": 0.0833571106195},"probability": 0.916642904282,"value": "bright"},"tonal_atonal": {"all": {"atonal": 0.101652041078,"tonal": 0.898347973824},"probability": 0.898347973824,"value": "tonal"},"voice_instrumental": {"all": {"instrumental": 0.99533957243,"voice": 0.00466043781489},"probability": 0.99533957243,"value": "instrumental"}},"metadata": {"audio_properties": {"analysis_sample_rate": 44100,"bit_rate": 0,"equal_loudness": 0,"length": 232.626663208,"lossless": 1,"replay_gain": -6.45595550537,"sample_rate": 44100,"codec": "flac","downmix": "mix","md5_encoded": "16b970af9892b0759b951c152ac21fc7"},"tags": {"file_name": "14. Young Man's Fancy.flac","album": ["Linus & Lucy: The Music of Vince Guaraldi"],"albumartist": ["George Winston"],"albumartistsort": ["Winston, George"],"artist": ["George Winston"],"artistsort": ["Winston, George"],"asin": ["B000024U9D"],"barcode": ["019341118725"],"catalognumber": ["01934 11184-2"],"date": ["1996"],"discnumber": ["1"],"disctotal": ["1"],"genre": ["Jazz"],"label": ["Dancing Cat Records"],"language": ["eng"],"media": ["CD"],"musicbrainz_albumartistid": ["a6b93c3c-88bc-431c-a46c-155dee9371aa"],"musicbrainz_albumid": ["795332d3-85a9-4a42-8393-64c3af57474d"],"musicbrainz_artistid": ["a6b93c3c-88bc-431c-a46c-155dee9371aa"],"musicbrainz_recordingid": ["14e2280d-0c7d-441d-8614-1e595cec8370"],"musicbrainz_releasegroupid": ["ec3113eb-c39d-36ba-87f0-a32601c1d4cb"],"musicip_puid": ["a9cd7dd9-c900-56a6-93ad-109f94c54e39"],"originaldate": ["1996-09-07"],"performer": ["George Winston (piano and solo)"],"releasecountry": ["XE"],"releasestatus": ["official"],"releasetype": ["album"],"script": ["Latn"],"title": ["Young Man's Fancy"],"totaldiscs": ["1"],"totaltracks": ["17"],"tracknumber": ["14"],"tracktotal": ["17"]},"version": {"highlevel": {"essentia": "2.1-beta5-dev","essentia_build_sha": "e74af04b57b164eed312abeef4963962215860f0","essentia_git_sha": "v2.1_beta4-499-g4013ebc","extractor": "music 2.0","gaia": "2.4.5","gaia_git_sha": "v2.4.4-44-g95f4851","models_essentia_git_sha": "v2.1_beta1"},"lowlevel": {"essentia": "2.1-beta2","essentia_build_sha": "70f2e5ece6736b2c40cc944ad0e695b16b925413","essentia_git_sha": "v2.1_beta2","extractor": "music 1.0"}}}}