{"highlevel": {"danceability": {"all": {"danceable": 0.0175878293812,"not_danceable": 0.982412159443},"probability": 0.982412159443,"value": "not_danceable"},"gender": {"all": {"female": 0.612054109573,"male": 0.387945860624},"probability": 0.612054109573,"value": "female"},"genre_dortmund": {"all": {"alternative": 0.0506261512637,"blues": 0.0558881424367,"electronic": 0.537692904472,"folkcountry": 0.221050441265,"funksoulrnb": 0.00970948580652,"jazz": 0.0311360098422,"pop": 0.026373244822,"raphiphop": 0.00469596683979,"rock": 0.0628276765347},"probability": 0.537692904472,"value": "electronic"},"genre_electronic": {"all": {"ambient": 0.695455491543,"dnb": 0.0307477153838,"house": 0.221422031522,"techno": 0.0148828038946,"trance": 0.0374919809401},"probability": 0.695455491543,"value": "ambient"},"genre_rosamerica": {"all": {"cla": 0.00356658920646,"dan": 0.00217880983837,"hip": 0.000642064376734,"jaz": 0.0313480682671,"pop": 0.899320304394,"rhy": 0.0495329499245,"roc": 0.0127979870886,"spe": 0.000613201933447},"probability": 0.899320304394,"value": "pop"},"genre_tzanetakis": {"all": {"blu": 0.0388618037105,"cla": 0.103613361716,"cou": 0.0621464550495,"dis": 0.0517855994403,"hip": 0.0443878248334,"jaz": 0.155361041427,"met": 0.0517921149731,"pop": 0.103586472571,"reg": 0.0776928365231,"roc": 0.31077247858},"probability": 0.31077247858,"value": "roc"},"ismir04_rhythm": {"all": {"ChaChaCha": 0.680713713169,"Jive": 0.0448227412999,"Quickstep": 0.00932135526091,"Rumba-American": 0.0440396331251,"Rumba-International": 0.0463361628354,"Rumba-Misc": 0.0310246814042,"Samba": 0.0297033935785,"Tango": 0.0222530905157,"VienneseWaltz": 0.0827892422676,"Waltz": 0.00899598840624},"probability": 0.680713713169,"value": "ChaChaCha"},"mood_acoustic": {"all": {"acoustic": 0.206969872117,"not_acoustic": 0.793030142784},"probability": 0.793030142784,"value": "not_acoustic"},"mood_aggressive": {"all": {"aggressive": 1.82378727231e-07,"not_aggressive": 0.999999821186},"probability": 0.999999821186,"value": "not_aggressive"},"mood_electronic": {"all": {"electronic": 0.610062539577,"not_electronic": 0.389937460423},"probability": 0.610062539577,"value": "electronic"},"mood_happy": {"all": {"happy": 0.730450332165,"not_happy": 0.269549667835},"probability": 0.730450332165,"value": "happy"},"mood_party": {"all": {"not_party": 0.855686903,"party": 0.144313082099},"probability": 0.855686903,"value": "not_party"},"mood_relaxed": {"all": {"not_relaxed": 0.113740846515,"relaxed": 0.886259138584},"probability": 0.886259138584,"value": "relaxed"},"mood_sad": {"all": {"not_sad": 0.48449832201,"sad": 0.51550167799},"probability": 0.51550167799,"value": "sad"},"moods_mirex": {"all": {"Cluster1": 0.135100930929,"Cluster2": 0.346860051155,"Cluster3": 0.126309275627,"Cluster4": 0.142661258578,"Cluster5": 0.249068498611},"probability": 0.346860051155,"value": "Cluster2"},"timbre": {"all": {"bright": 0.999986886978,"dark": 1.31214301291e-05},"probability": 0.999986886978,"value": "bright"},"tonal_atonal": {"all": {"atonal": 0.107418559492,"tonal": 0.89258146286},"probability": 0.89258146286,"value": "tonal"},"voice_instrumental": {"all": {"instrumental": 0.98649084568,"voice": 0.0135091366246},"probability": 0.98649084568,"value": "instrumental"}},"metadata": {"audio_properties": {"analysis_sample_rate": 44100,"bit_rate": 128000,"equal_loudness": 0,"length": 281.808990479,"lossless": 0,"replay_gain": -11.1177082062,"sample_rate": 44100,"codec": "mp3","downmix": "mix","md5_encoded": "d2ad4fba1e9cf7afab4216b1fb11e43e"},"tags": {"file_name": "Candlelight - Richard Elliot.mp3","album": ["After Dark"],"albumartist": ["Richard Elliot"],"albumartistsort": ["Elliot, Richard"],"artist": ["Richard Elliot"],"artistsort": ["Elliot, Richard"],"date": ["1994"],"discnumber": ["1\/1"],"genre": ["Smooth Jazz"],"musicbrainz album status": ["official"],"musicbrainz_albumartistid": ["a64ccd0f-e26c-4c0a-bb91-5d9ad1a2dc84"],"musicbrainz_albumid": ["8b6516e5-2c64-433c-a3b1-8ee76503eabd"],"musicbrainz_artistid": ["a64ccd0f-e26c-4c0a-bb91-5d9ad1a2dc84"],"musicbrainz_recordingid": ["14f9b339-5fac-45b1-93f8-c1c32ba1f91b"],"script": ["Latn"],"title": ["Candlelight"],"tracknumber": ["12\/14"]},"version": {"highlevel": {"essentia": "2.1-beta5-dev","essentia_build_sha": "e74af04b57b164eed312abeef4963962215860f0","essentia_git_sha": "v2.1_beta4-499-g4013ebc","extractor": "music 2.0","gaia": "2.4.5","gaia_git_sha": "v2.4.4-44-g95f4851","models_essentia_git_sha": "v2.1_beta1"},"lowlevel": {"essentia": "2.1-beta2","essentia_build_sha": "70f2e5ece6736b2c40cc944ad0e695b16b925413","essentia_git_sha": "v2.1_beta2","extractor": "music 1.0"}}}}