{"highlevel": {"danceability": {"all": {"danceable": 0.128291085362,"not_danceable": 0.871708929539},"probability": 0.871708929539,"value": "not_danceable"},"gender": {"all": {"female": 0.459397912025,"male": 0.540602087975},"probability": 0.540602087975,"value": "male"},"genre_dortmund": {"all": {"alternative": 0.169076085091,"blues": 0.033924523741,"electronic": 0.662189185619,"folkcountry": 0.0535856187344,"funksoulrnb": 0.00506509840488,"jazz": 0.00483022583649,"pop": 0.00639510666952,"raphiphop": 0.00296195223927,"rock": 0.0619721859694},"probability": 0.662189185619,"value": "electronic"},"genre_electronic": {"all": {"ambient": 0.688458681107,"dnb": 0.0458510518074,"house": 0.0145214982331,"techno": 0.00550356321037,"trance": 0.245665177703},"probability": 0.688458681107,"value": "ambient"},"genre_rosamerica": {"all": {"cla": 0.133563518524,"dan": 0.00636551482603,"hip": 0.0121961440891,"jaz": 0.0046135080047,"pop": 0.00247644912452,"rhy": 0.00161763513461,"roc": 0.838695287704,"spe": 0.000471955310786},"probability": 0.838695287704,"value": "roc"},"genre_tzanetakis": {"all": {"blu": 0.0626613423228,"cla": 0.0348169617355,"cou": 0.104475811124,"dis": 0.0784321576357,"hip": 0.15692435205,"jaz": 0.313974827528,"met": 0.0448166541755,"pop": 0.0627359300852,"reg": 0.0627360641956,"roc": 0.0784258767962},"probability": 0.313974827528,"value": "jaz"},"ismir04_rhythm": {"all": {"ChaChaCha": 0.396205037832,"Jive": 0.138255447149,"Quickstep": 0.0200397744775,"Rumba-American": 0.0180940069258,"Rumba-International": 0.0165104586631,"Rumba-Misc": 0.0128887100145,"Samba": 0.0298758409917,"Tango": 0.0881289467216,"VienneseWaltz": 0.264318615198,"Waltz": 0.0156831797212},"probability": 0.396205037832,"value": "ChaChaCha"},"mood_acoustic": {"all": {"acoustic": 2.99603834719e-06,"not_acoustic": 0.999997019768},"probability": 0.999997019768,"value": "not_acoustic"},"mood_aggressive": {"all": {"aggressive": 0.993113875389,"not_aggressive": 0.00688610365614},"probability": 0.993113875389,"value": "aggressive"},"mood_electronic": {"all": {"electronic": 0.0622887387872,"not_electronic": 0.937711238861},"probability": 0.937711238861,"value": "not_electronic"},"mood_happy": {"all": {"happy": 0.760546326637,"not_happy": 0.239453673363},"probability": 0.760546326637,"value": "happy"},"mood_party": {"all": {"not_party": 0.507021963596,"party": 0.492978006601},"probability": 0.507021963596,"value": "not_party"},"mood_relaxed": {"all": {"not_relaxed": 0.946635365486,"relaxed": 0.0533646196127},"probability": 0.946635365486,"value": "not_relaxed"},"mood_sad": {"all": {"not_sad": 0.933521747589,"sad": 0.0664782747626},"probability": 0.933521747589,"value": "not_sad"},"moods_mirex": {"all": {"Cluster1": 0.0627493783832,"Cluster2": 0.0306979920715,"Cluster3": 0.0208452809602,"Cluster4": 0.0244945175946,"Cluster5": 0.861212849617},"probability": 0.861212849617,"value": "Cluster5"},"timbre": {"all": {"bright": 0.0598742365837,"dark": 0.940125763416},"probability": 0.940125763416,"value": "dark"},"tonal_atonal": {"all": {"atonal": 0.379075348377,"tonal": 0.620924651623},"probability": 0.620924651623,"value": "tonal"},"voice_instrumental": {"all": {"instrumental": 0.0437428951263,"voice": 0.956257104874},"probability": 0.956257104874,"value": "voice"}},"metadata": {"audio_properties": {"analysis_sample_rate": 44100,"bit_rate": 0,"equal_loudness": 0,"length": 187.466659546,"lossless": 1,"replay_gain": -13.9266319275,"sample_rate": 44100,"codec": "flac","downmix": "mix","md5_encoded": "5c89d52944545323fec2989ec5178ef7"},"tags": {"file_name": "01 The One to Sing the Blues.flac","acoustid_id": ["65e27916-782e-4b0f-98ac-24d3a797fcfe"],"album": ["1916"],"albumartist": ["Motörhead"],"albumartistsort": ["Motörhead"],"artist": ["Motörhead"],"artistsort": ["Motörhead"],"asin": ["B000026FGW"],"barcode": ["5099746748128"],"bpm": ["136"],"catalognumber": ["467481 2"],"date": ["1991-01-18"],"discnumber": ["1"],"disctotal": ["1"],"engineer": ["Casey McMackin"],"genre": ["Heavy Metal"],"isrc": ["USSM19100664"],"label": ["Epic"],"media": ["CD"],"mixer": ["Peter Solley"],"musicbrainz_albumartistid": ["57961a97-3796-4bf7-9f02-a985a8979ae9"],"musicbrainz_albumid": ["5ee3cd91-5dce-3f73-94fd-65a466bb0d09"],"musicbrainz_artistid": ["57961a97-3796-4bf7-9f02-a985a8979ae9"],"musicbrainz_recordingid": ["aca1cee5-a5ee-4d06-9e19-213c877efbd5"],"musicbrainz_releasegroupid": ["6875f5b4-2d2c-3bc7-b96f-1f1f60b19b60"],"musicbrainz_releasetrackid": ["90ce1d70-62c5-3b3c-bf22-85e3e3204b0a"],"originaldate": ["1991-01-18"],"originalyear": ["1991"],"performer": ["Lemmy Kilmister (bass guitar)", "Phil Taylor (drums)", "Wizzö (guitar)", "Würzel (guitar)", "Lemmy Kilmister (vocals)"],"producer": ["Peter Solley"],"releasecountry": ["GB"],"releasestatus": ["official"],"releasetype": ["album"],"script": ["Latn"],"title": ["The One To Sing The Blues"],"totaldiscs": ["1"],"totaltracks": ["11"],"tracknumber": ["1"],"tracktotal": ["11"]},"version": {"highlevel": {"essentia": "2.1-beta5-dev","essentia_build_sha": "e74af04b57b164eed312abeef4963962215860f0","essentia_git_sha": "v2.1_beta4-499-g4013ebc","extractor": "music 2.0","gaia": "2.4.5","gaia_git_sha": "v2.4.4-44-g95f4851","models_essentia_git_sha": "v2.1_beta1"},"lowlevel": {"essentia": "2.1-beta2","essentia_build_sha": "2d9f1f26377add8aeb1075a9c2973f962c4f09fd","essentia_git_sha": "v2.1_beta2-1-ge3940c0","extractor": "music 1.0"}}}}