{"highlevel": {"danceability": {"all": {"danceable": 0.00832017417997,"not_danceable": 0.99167984724},"probability": 0.99167984724,"value": "not_danceable"},"gender": {"all": {"female": 0.551647186279,"male": 0.448352813721},"probability": 0.551647186279,"value": "female"},"genre_dortmund": {"all": {"alternative": 0.117587529123,"blues": 0.0201705973595,"electronic": 0.797198057175,"folkcountry": 0.021660162136,"funksoulrnb": 0.00191542739049,"jazz": 0.00370892626233,"pop": 0.00448953546584,"raphiphop": 0.00160272850189,"rock": 0.0316670574248},"probability": 0.797198057175,"value": "electronic"},"genre_electronic": {"all": {"ambient": 0.115495026112,"dnb": 0.0485322624445,"house": 0.0409856885672,"techno": 0.0214474536479,"trance": 0.773539543152},"probability": 0.773539543152,"value": "trance"},"genre_rosamerica": {"all": {"cla": 0.000233151091379,"dan": 0.152804136276,"hip": 0.00263709342107,"jaz": 0.000217275228351,"pop": 0.00261189043522,"rhy": 0.00334382755682,"roc": 0.837884187698,"spe": 0.000268408417469},"probability": 0.837884187698,"value": "roc"},"genre_tzanetakis": {"all": {"blu": 0.0626613423228,"cla": 0.0348169617355,"cou": 0.104475811124,"dis": 0.0784321576357,"hip": 0.15692435205,"jaz": 0.313974827528,"met": 0.0448166541755,"pop": 0.0627359300852,"reg": 0.0627360641956,"roc": 0.0784258767962},"probability": 0.313974827528,"value": "jaz"},"ismir04_rhythm": {"all": {"ChaChaCha": 0.339762628078,"Jive": 0.155271098018,"Quickstep": 0.0226623676717,"Rumba-American": 0.0332912765443,"Rumba-International": 0.0228038597852,"Rumba-Misc": 0.0199065059423,"Samba": 0.075448743999,"Tango": 0.0970810875297,"VienneseWaltz": 0.218046590686,"Waltz": 0.015725845471},"probability": 0.339762628078,"value": "ChaChaCha"},"mood_acoustic": {"all": {"acoustic": 8.17368436401e-06,"not_acoustic": 0.999991834164},"probability": 0.999991834164,"value": "not_acoustic"},"mood_aggressive": {"all": {"aggressive": 0.992231667042,"not_aggressive": 0.00776832038537},"probability": 0.992231667042,"value": "aggressive"},"mood_electronic": {"all": {"electronic": 0.373364806175,"not_electronic": 0.626635193825},"probability": 0.626635193825,"value": "not_electronic"},"mood_happy": {"all": {"happy": 0.439775764942,"not_happy": 0.560224235058},"probability": 0.560224235058,"value": "not_happy"},"mood_party": {"all": {"not_party": 0.29593873024,"party": 0.70406126976},"probability": 0.70406126976,"value": "party"},"mood_relaxed": {"all": {"not_relaxed": 0.997650325298,"relaxed": 0.00234967446886},"probability": 0.997650325298,"value": "not_relaxed"},"mood_sad": {"all": {"not_sad": 0.970804095268,"sad": 0.029195914045},"probability": 0.970804095268,"value": "not_sad"},"moods_mirex": {"all": {"Cluster1": 0.0528212636709,"Cluster2": 0.0256124660373,"Cluster3": 0.0193742252886,"Cluster4": 0.0142464498058,"Cluster5": 0.887945592403},"probability": 0.887945592403,"value": "Cluster5"},"timbre": {"all": {"bright": 0.023328056559,"dark": 0.976671934128},"probability": 0.976671934128,"value": "dark"},"tonal_atonal": {"all": {"atonal": 0.159873634577,"tonal": 0.840126335621},"probability": 0.840126335621,"value": "tonal"},"voice_instrumental": {"all": {"instrumental": 0.0489430576563,"voice": 0.951056957245},"probability": 0.951056957245,"value": "voice"}},"metadata": {"audio_properties": {"analysis_sample_rate": 44100,"bit_rate": 0,"equal_loudness": 0,"length": 171.866668701,"lossless": 1,"replay_gain": -12.7983703613,"sample_rate": 44100,"codec": "flac","downmix": "mix","md5_encoded": "040fcd2c181bbf3b06de15ddc257bb8d"},"tags": {"file_name": "4.04. Nirvana - School.flac","acoustid_fingerprint": ["AQADtJGYJImoRFHwXTghbkU_GSGZwWbwJWtx54rwE2eK6_DB7oCrM0G4_Pgu6NqKcG2PxsWH9xFi8_ih_QHZEI54VCBzVDd8PPh6_NBuoUrhXEPJsMKVHvqPxkfP40l53BmqHYcYlzgTHT-eycS3HHKDUz3cI8dznMR5xHeE5wyasciVzPgDHx_z4ZnRT0iPdtEh5cjTCmdRbxXxGKG45WiU4ZwHVewW9IVz9Tiym-jCBN-DPkF3z8gZNNlyQuM7PMMbBk2cQ-ODH13hCMaNQxy-7PBIQw8R5sRpXOrR0KmG_vgtodGcI9KTiYHuYXQOH08OdWIJHZ2Pn8VJCfAZoz-uQzXB9EjV6PB2ZF8C3yh3Qd2Na8vhHyf0bMmEcg90WMerhcR_3Ee_oz_EHFmqXHgy9NEo4XAn8MFR8ejzCKm0Hn0ArWMGbz36HOHSHTdSvjin44-Ml4fG48cXFswFv6GO65h24pZwvEmOq8Yb_IvRRjnEmEes5TiHY1ql4zpe0DryI_mF6uBHC9Yx-4PJ4018WOmIcFmOv7iyKICW6oqK8Mke9CFcSRx-nEejaBLyWfjqQDnCPCu-47hEG_3i4D6qaDq2PS_uInUSlCTqJoYwLkpkIdy5GO-Ri0bfwpOEPjz0tXh1POhM4kf-w8d14R-244ePk8anJsW5IeYuaGcX5PGKH7Xywkb1Yx9-POERPjtYSTf-Q7vxIdIPV99wHrZYnEgv9NArHI9eNDGDD3qPPx2-IHyOfPhxbYT-6JjUw6MW5Ih79OGMD82YGRqe4Qpy4o6O_2jSHn1eof9hpBwqfYL2EH6G_4R4Cn3mYQ17VD9hjhAe_PiJ5oeO68IVubh5NGooVD_64uGFiziPsFxw5MeP87g3zD8-EX-F69LQRMvRF49i_PCOizouH_fR53CuBhXO6ZC1HJXgHx6v4DDeDEf1BceXo9JjQcwRHs8vfFRSeEf-IGeI8BecHV0_3JHQW4F96CFu6MhfXDzuGsw0PsdzEVN2lA9yHcmHrlJ6nBln_OhzfHvwXMJn1IdPlFkU5JFEjM2hXymyH_VAnQmuC90VC488MCfSZzuUyzCVo5tCo-Ql-A8eK9yhhbFxJcHRW2geJQ_W8Hh4nPTAnDwcbqh00EevHL-ow6uOOmGCSI14RJuPnngWQxePck2HJx_y7PC1Fz8eZKG044lCQx8N8kZIobEC3sYtNOeJdgweFT8aB_2CfAv06IhEP9iJK6NwmDlelMQr4ssRLnB_UHF0_PikQ8fcw39w-BzKo0_UoKGJ_3iO6jDKpcW_INfRM3gUuFpO5Izg49QjOPSDjrFQD86xD8cv6CpxQvtyXCI-4YyOH5oSaoS5wJmOPkcpXfhh1MqhJ8XPDqeJ8T-6MoWDS2ijE3rioSmPfjeePNBf5MGnBI3KbMI3HvU-_Dl-5Icu_Mh77B-OUMdbw6EyQruEB5rCHv_xbDn-UHA39JGCWseXQu84TNqD7nAoITxxH0-Ez8ilzEPfGD_685gkEg2fDY-PZ0GzH_0xJXsQWmyE4zSqKVkIH30yPF2InBy0Bz_CZ_hT1ArCcDwuEspz_DGe73iKnBlCbKdx-MMLh_tR5cQTUUZO_GjHID9OJnhO6NlwGucL8Rkq3cK948uF8seUr7gUNKiPk0f4HM4Oq4mIexdyQ3S04uMRfsaPyPpxodYliKMQSXPwhBqOB72FME4GfeHRvocPH_2KW8crVFEvvLgufMLhHZOPp6h_vDxu4SHhaAm6LkQlUWHQPMejQzlj4c6hHVZDEpoWLbhI_IKW53h4QT-FPsPR70g9_MetwxEZlLiWoT3S8_B45A-cjUd_PDzeXTjCM_Cm44Sr5tAuEMwnmNmKqqEMOR8qGn5QNw_OHN_RHD30LQ5-aLp0o0ny4Sh5uMcHb4b3C-aCk1rwEtYLTaSOU3ieYMqOPjOuOked4tD04zlK6ciV5MGdqDia83iFvQgpCnZC4lAfDW-OM0fVM3iNWhGasciD4xpDCb-FcOMjOHqOZBaOi6nQ_OiHC8eVI_k-5KF6NA853Me1nDg1HZ-Ei0j48Ah_PMoFdjn6wXnQUcN__EiOkMwj_AY1HX1z9HCVNUZ_PC-ii7mhScyHM0Z-eEx09PjxD12OccuxFz_8Rcd-XCdqH1cQ3rCTH5pS_Ec87gneGv6J_fgRxg3648ePYyKLk8jJ4sgZPMqhH3mWvDi-4xy2f-iLPCPOQ2O0C2-Gyh8ewM_y4pGKG-of5MTDDM_Q9sIPrzP-I4edQrywe4hoHke_G7-GS3i1HA-PUDuaH_oUhUF-_Bc-Dacy4jlaNQ4cYR-SyYmCkyYxKSUXpDeGHJ6VSfhznA92CpXY4VtYXD46HlryHN-IW8bP4gvRJGTwGDfM9ELlsIKcSagompjy48wyoTZEKg_c5UYkRTz-6GhGZij1IK_QUMmhqTo6HWHi_AhfwoyJP_GgH-kj4mZKVMpRHtfxaJmOXNDyIdaNK45xXWhDNGeRs8X94B_KF66SQ4s0Bs-F_EfrB74qHH6P5-gu1MrhH_2R69C6I9VhazE6OQ0qOgBDqGBAGCAcNEoIYQgQjAgCEFCKIsCMIAw5Y4AASAEApCODAKwAAgCKRQxBBDAiATKASWUsIhIYQYRiBgmiCGCKAOMUMwQxR4RQQBAAAWYCKQAYUMIBApSBChACFAAKCkCEMYQAYbRhwDFgACJCKCEAIAQAIQhjBgOgoAESCCQYQQA5sICTTCEgBCAAIiEoEAQIQRwzyGhglCKEICMIMoQgIYggTBRJBACFKUMFEQQQIoBBBgBAPBMAGAOQsooIBpkzDgLijDEAKcOkQUAABYjgDAoABGBAAAYAAQABAARABjHkCJHOIAOEMYAhxBCTxggHkCAEIAGUco6AQwASBCBBBFGAWOoANUQYKQQATgIhDDIAQURAE8AoABgQQkFECFJCCKSEAwQYBRwCwAEmkBBSECQAYQoIYwghwDkjiAAAOMGIIEgZQARhRBACLBAOMWGEMkYRRawxgAgiDJKAATmgAAAIRx0hTDCgBCECCasQYYQQQwCFThhjCSJEMAQARgYIwgBhJABDiGAMUsCYEswYyoSwAghiAAGAOYAgQIQZAZAiAAiBGCAGANGQAE4oJQwg0BBAAACMCkMZAoYhaJgiSkGGFDCCAAWEYI4QIRwQBgliHABKAOQZEIIAQYCRxCLjLFHKASKoAcgYA4iBSAGggCDCEgGAEoQxAZBgRCJhAKHCMEAkAYAJwqwgBgHBGHJGAAIMoARQgQA3gkEGEKAAEMSSIAwQoxAwAginEAKWUkSAIgYAJAgACgFhiTGGISAQspQYAIGTDAAhAFFECMEUABA4KIBCkAGBFBAIOEAEERoYIQSFghphFhNMAkEescIIpoARBgShKDFKUMKYMARASKAgyjAABGKIAOkQAAwIoQlSgABhBCAAGYYIAsYAARBRhgAAEEQKAKMIQEYACRFDwgEhFEBCGCYIYEQhYAgCgCFHgAPGOUMA"],"album": ["Nevermind"],"albumartist": ["Nirvana"],"albumartistsort": ["Nirvana"],"artist": ["Nirvana"],"artistsort": ["Nirvana"],"asin": ["B005AAVFDQ"],"bpm": ["0"],"compilation": ["0"],"date": ["2011-09-27"],"discnumber": ["4"],"discsubtitle": ["Live at the Paramount Theatre, 1991"],"disctotal": ["5"],"genre": ["Grunge, Alternative Rock, Rock"],"label": ["Geffen Records"],"language": ["eng"],"media": ["CD"],"musicbrainz_albumartistid": ["5b11f4ce-a62d-471e-81fc-a69a8278c7da"],"musicbrainz_albumid": ["588c069f-ac7b-44ad-9b0b-b4f9d9248680"],"musicbrainz_artistid": ["5b11f4ce-a62d-471e-81fc-a69a8278c7da"],"musicbrainz_recordingid": ["acfbff9e-ccd7-44c4-8710-e0ae1ed588aa"],"musicbrainz_releasegroupid": ["1b022e01-4da6-387b-8658-8678046e4cef"],"originaldate": ["1991-09-23"],"releasecountry": ["US"],"script": ["Latn"],"title": ["School"],