{"highlevel": {"danceability": {"all": {"danceable": 0.520193755627,"not_danceable": 0.479806244373},"probability": 0.520193755627,"value": "danceable"},"gender": {"all": {"female": 0.210267841816,"male": 0.789732158184},"probability": 0.789732158184,"value": "male"},"genre_dortmund": {"all": {"alternative": 0.184328824282,"blues": 0.0368149168789,"electronic": 0.540750861168,"folkcountry": 0.148180216551,"funksoulrnb": 0.00575467012823,"jazz": 0.0134477978572,"pop": 0.018154444173,"raphiphop": 0.00473491381854,"rock": 0.0478333346546},"probability": 0.540750861168,"value": "electronic"},"genre_electronic": {"all": {"ambient": 0.51513260603,"dnb": 0.0347213260829,"house": 0.373612552881,"techno": 0.0172667019069,"trance": 0.0592668317258},"probability": 0.51513260603,"value": "ambient"},"genre_rosamerica": {"all": {"cla": 0.0297439731658,"dan": 0.0262778066099,"hip": 0.0285896882415,"jaz": 0.031798671931,"pop": 0.636796236038,"rhy": 0.141483008862,"roc": 0.100760363042,"spe": 0.00455027678981},"probability": 0.636796236038,"value": "pop"},"genre_tzanetakis": {"all": {"blu": 0.0820107460022,"cla": 0.0364518873394,"cou": 0.109376601875,"dis": 0.0656830966473,"hip": 0.109505757689,"jaz": 0.328655719757,"met": 0.0657363757491,"pop": 0.0821422189474,"reg": 0.0547466091812,"roc": 0.0656909942627},"probability": 0.328655719757,"value": "jaz"},"ismir04_rhythm": {"all": {"ChaChaCha": 0.0508486405015,"Jive": 0.0480515100062,"Quickstep": 0.00811231229454,"Rumba-American": 0.00740952929482,"Rumba-International": 0.0174175128341,"Rumba-Misc": 0.00943906512111,"Samba": 0.0118868434802,"Tango": 0.601907134056,"VienneseWaltz": 0.234072118998,"Waltz": 0.0108553152531},"probability": 0.601907134056,"value": "Tango"},"mood_acoustic": {"all": {"acoustic": 0.473251193762,"not_acoustic": 0.526748776436},"probability": 0.526748776436,"value": "not_acoustic"},"mood_aggressive": {"all": {"aggressive": 0.123786754906,"not_aggressive": 0.876213252544},"probability": 0.876213252544,"value": "not_aggressive"},"mood_electronic": {"all": {"electronic": 0.0834279358387,"not_electronic": 0.916572093964},"probability": 0.916572093964,"value": "not_electronic"},"mood_happy": {"all": {"happy": 0.302207320929,"not_happy": 0.697792708874},"probability": 0.697792708874,"value": "not_happy"},"mood_party": {"all": {"not_party": 0.79862010479,"party": 0.201379925013},"probability": 0.79862010479,"value": "not_party"},"mood_relaxed": {"all": {"not_relaxed": 0.136593535542,"relaxed": 0.863406479359},"probability": 0.863406479359,"value": "relaxed"},"mood_sad": {"all": {"not_sad": 0.320642530918,"sad": 0.679357469082},"probability": 0.679357469082,"value": "sad"},"moods_mirex": {"all": {"Cluster1": 0.113113567233,"Cluster2": 0.56321388483,"Cluster3": 0.115905821323,"Cluster4": 0.136645823717,"Cluster5": 0.0711209177971},"probability": 0.56321388483,"value": "Cluster2"},"timbre": {"all": {"bright": 0.977926909924,"dark": 0.0220731068403},"probability": 0.977926909924,"value": "bright"},"tonal_atonal": {"all": {"atonal": 0.0387602895498,"tonal": 0.961239695549},"probability": 0.961239695549,"value": "tonal"},"voice_instrumental": {"all": {"instrumental": 0.0389463305473,"voice": 0.961053669453},"probability": 0.961053669453,"value": "voice"}},"metadata": {"audio_properties": {"analysis_sample_rate": 44100,"bit_rate": 0,"equal_loudness": 0,"length": 214.240005493,"lossless": 1,"replay_gain": -6.92234039307,"sample_rate": 44100,"codec": "flac","downmix": "mix","md5_encoded": "f81444efe98ee40ce6512f0634e54009"},"tags": {"file_name": "20_never_forget.flac","acoustid_id": ["293bab42-1c5a-439d-9acd-120a2e7b69a1"],"album": ["Tusk"],"albumartist": ["Fleetwood Mac"],"albumartistsort": ["Fleetwood Mac"],"artist": ["Fleetwood Mac"],"artistsort": ["Fleetwood Mac"],"asin": ["B000002KKC"],"barcode": ["075992739528"],"catalognumber": ["266 088"],"date": ["1987-08-13"],"discnumber": ["01"],"disctotal": ["01"],"genre": ["Rock"],"label": ["Warner Bros. Records"],"language": ["English"],"media": ["CD"],"musicbrainz_albumartistid": ["bd13909f-1c29-4c27-a874-d4aaf27c5b1a"],"musicbrainz_albumid": ["f10df904-e669-43a0-8103-f16551b79472"],"musicbrainz_artistid": ["bd13909f-1c29-4c27-a874-d4aaf27c5b1a"],"musicbrainz_discid": ["7vKZG4S1f16H8kqxj5dIR.QwRgM-", "Ey7mKaCL2WY7emIS7Zogh92JFTg-", "lBzZi563Atxer1F2xFk3JAPtAOM-", "rKH6MCRBFHIXIVnnO5IZAiJo7Eg-", "rl_gKdRBOumadAXD21yRiquKODM-", "vseux4lBjWDkloMV5J1WZtSFuKU-"],"musicbrainz_recordingid": ["6d2c6dd3-d59b-4d86-be25-0fea79ea284f"],"musicbrainz_releasegroupid": ["22deeac8-6009-31ad-a069-26e85d246412"],"releasecountry": ["DE"],"script": ["Latin"],"title": ["Never Forget"],"tracknumber": ["20"],"tracktotal": ["20"]},"version": {"highlevel": {"essentia": "2.1-beta5-dev","essentia_build_sha": "e74af04b57b164eed312abeef4963962215860f0","essentia_git_sha": "v2.1_beta4-499-g4013ebc","extractor": "music 2.0","gaia": "2.4.5","gaia_git_sha": "v2.4.4-44-g95f4851","models_essentia_git_sha": "v2.1_beta1"},"lowlevel": {"essentia": "2.1-beta2","essentia_build_sha": "70f2e5ece6736b2c40cc944ad0e695b16b925413","essentia_git_sha": "v2.1_beta2","extractor": "music 1.0"}}}}