{"highlevel": {"danceability": {"all": {"danceable": 0.00765857519582,"not_danceable": 0.992341399193},"probability": 0.992341399193,"value": "not_danceable"},"gender": {"all": {"female": 0.0686171352863,"male": 0.931382834911},"probability": 0.931382834911,"value": "male"},"genre_dortmund": {"all": {"alternative": 0.0624290779233,"blues": 0.0340969190001,"electronic": 0.328180193901,"folkcountry": 0.497170120478,"funksoulrnb": 0.00285722594708,"jazz": 0.0512156113982,"pop": 0.0097021330148,"raphiphop": 0.0019176810747,"rock": 0.0124310636893},"probability": 0.497170120478,"value": "folkcountry"},"genre_electronic": {"all": {"ambient": 0.837606191635,"dnb": 0.00836851727217,"house": 0.123909294605,"techno": 0.0120259784162,"trance": 0.0180900208652},"probability": 0.837606191635,"value": "ambient"},"genre_rosamerica": {"all": {"cla": 0.753675282001,"dan": 0.00202023494057,"hip": 0.0010021001799,"jaz": 0.102219678462,"pop": 0.0251939073205,"rhy": 0.0985424369574,"roc": 0.00722017325461,"spe": 0.0101262032986},"probability": 0.753675282001,"value": "cla"},"genre_tzanetakis": {"all": {"blu": 1.13534875945e-10,"cla": 5.16522449812e-11,"cou": 1.37320876892e-10,"dis": 8.5208895495e-11,"hip": 4.15434270318e-10,"jaz": 0.999996721745,"met": 1.43460292534e-08,"pop": 2.49305799116e-06,"reg": 7.73796330122e-07,"roc": 2.01314058756e-08},"probability": 0.999996721745,"value": "jaz"},"ismir04_rhythm": {"all": {"ChaChaCha": 0.00953469518572,"Jive": 0.00406986102462,"Quickstep": 0.00535976048559,"Rumba-American": 0.0201798938215,"Rumba-International": 0.0220490172505,"Rumba-Misc": 0.0104655744508,"Samba": 0.00595802580938,"Tango": 0.428204834461,"VienneseWaltz": 0.381949573755,"Waltz": 0.112228751183},"probability": 0.428204834461,"value": "Tango"},"mood_acoustic": {"all": {"acoustic": 0.983576476574,"not_acoustic": 0.0164235215634},"probability": 0.983576476574,"value": "acoustic"},"mood_aggressive": {"all": {"aggressive": 0.0037522544153,"not_aggressive": 0.996247768402},"probability": 0.996247768402,"value": "not_aggressive"},"mood_electronic": {"all": {"electronic": 0.297838956118,"not_electronic": 0.70216101408},"probability": 0.70216101408,"value": "not_electronic"},"mood_happy": {"all": {"happy": 0.0602478981018,"not_happy": 0.939752101898},"probability": 0.939752101898,"value": "not_happy"},"mood_party": {"all": {"not_party": 0.997093260288,"party": 0.0029067483265},"probability": 0.997093260288,"value": "not_party"},"mood_relaxed": {"all": {"not_relaxed": 0.0100782839581,"relaxed": 0.989921689034},"probability": 0.989921689034,"value": "relaxed"},"mood_sad": {"all": {"not_sad": 0.354193776846,"sad": 0.645806193352},"probability": 0.645806193352,"value": "sad"},"moods_mirex": {"all": {"Cluster1": 0.054725702852,"Cluster2": 0.118973255157,"Cluster3": 0.627830922604,"Cluster4": 0.18964086473,"Cluster5": 0.00882928073406},"probability": 0.627830922604,"value": "Cluster3"},"timbre": {"all": {"bright": 0.999999880791,"dark": 1.14939894047e-07},"probability": 0.999999880791,"value": "bright"},"tonal_atonal": {"all": {"atonal": 0.00426183640957,"tonal": 0.995738148689},"probability": 0.995738148689,"value": "tonal"},"voice_instrumental": {"all": {"instrumental": 0.988653063774,"voice": 0.0113469129428},"probability": 0.988653063774,"value": "instrumental"}},"metadata": {"audio_properties": {"analysis_sample_rate": 44100,"bit_rate": 0,"equal_loudness": 0,"length": 96.0266647339,"lossless": 1,"replay_gain": -13.8153781891,"sample_rate": 44100,"codec": "flac","downmix": "mix","md5_encoded": "7b2560d1309dbdc981e1d939b8bb5887"},"tags": {"file_name": "15 - Little Birdie.flac","acoustid_id": ["37691cb2-01cb-4969-a400-2898c0f7e960"],"album": ["An Evening Long Ago"],"albumartist": ["Stanley Brothers", "The Stanley Brothers"],"albumartistsort": ["Stanley Brothers, The"],"artist": ["The Stanley Brothers"],"artistsort": ["Stanley Brothers, The"],"asin": ["B0001MDPBI"],"date": ["2004-03-23"],"discnumber": ["1"],"disctotal": ["1"],"genre": ["Bluegrass"],"musicbrainz_albumartistid": ["8f918972-81e9-43a5-80a4-d244a42dc5b2"],"musicbrainz_albumid": ["bf009780-0cce-4b2f-8ae5-20cf73e32b71"],"musicbrainz_artistid": ["8f918972-81e9-43a5-80a4-d244a42dc5b2"],"musicbrainz_recordingid": ["6d2d7567-0dd1-4017-867b-6f9c6d7aef98"],"musicbrainz_releasegroupid": ["8ec260fd-12ec-3109-9e5c-c17ebb76518e"],"originaldate": ["2004-03-23"],"releasecountry": ["US"],"releasestatus": ["official"],"releasetype": ["album", "live"],"script": ["Latn"],"title": ["Little Birdie"],"tracknumber": ["15"],"tracktotal": ["20"]},"version": {"highlevel": {"essentia": "2.1-beta5-dev","essentia_build_sha": "e74af04b57b164eed312abeef4963962215860f0","essentia_git_sha": "v2.1_beta4-499-g4013ebc","extractor": "music 2.0","gaia": "2.4.5","gaia_git_sha": "v2.4.4-44-g95f4851","models_essentia_git_sha": "v2.1_beta1"},"lowlevel": {"essentia": "2.1-beta2","essentia_build_sha": "2d9f1f26377add8aeb1075a9c2973f962c4f09fd","essentia_git_sha": "v2.1_beta2-1-ge3940c0","extractor": "music 1.0"}}}}