{"highlevel": {"danceability": {"all": {"danceable": 0.980899989605,"not_danceable": 0.0190999973565},"probability": 0.980899989605,"value": "danceable"},"gender": {"all": {"female": 0.610379755497,"male": 0.389620244503},"probability": 0.610379755497,"value": "female"},"genre_dortmund": {"all": {"alternative": 0.00919420644641,"blues": 0.000651316659059,"electronic": 0.988738298416,"folkcountry": 0.000583528424613,"funksoulrnb": 2.84018551611e-05,"jazz": 7.59296599426e-05,"pop": 4.94899431942e-05,"raphiphop": 1.98085726879e-05,"rock": 0.000659019628074},"probability": 0.988738298416,"value": "electronic"},"genre_electronic": {"all": {"ambient": 0.552751541138,"dnb": 0.0205074846745,"house": 0.125563487411,"techno": 0.0442494861782,"trance": 0.256928026676},"probability": 0.552751541138,"value": "ambient"},"genre_rosamerica": {"all": {"cla": 0.0431184582412,"dan": 0.0217604674399,"hip": 0.719405055046,"jaz": 0.0750822201371,"pop": 0.0466588512063,"rhy": 0.0235824044794,"roc": 0.0626280158758,"spe": 0.00776452571154},"probability": 0.719405055046,"value": "hip"},"genre_tzanetakis": {"all": {"blu": 0.0626613423228,"cla": 0.0348169617355,"cou": 0.104475811124,"dis": 0.0784321576357,"hip": 0.15692435205,"jaz": 0.313974827528,"met": 0.0448166541755,"pop": 0.0627359300852,"reg": 0.0627360641956,"roc": 0.0784258767962},"probability": 0.313974827528,"value": "jaz"},"ismir04_rhythm": {"all": {"ChaChaCha": 0.190863996744,"Jive": 0.196958631277,"Quickstep": 0.0379299744964,"Rumba-American": 0.0399001985788,"Rumba-International": 0.0305819399655,"Rumba-Misc": 0.0264220815152,"Samba": 0.0970686972141,"Tango": 0.294774383307,"VienneseWaltz": 0.0624915026128,"Waltz": 0.0230085812509},"probability": 0.294774383307,"value": "Tango"},"mood_acoustic": {"all": {"acoustic": 0.014731102623,"not_acoustic": 0.985268890858},"probability": 0.985268890858,"value": "not_acoustic"},"mood_aggressive": {"all": {"aggressive": 0.877447247505,"not_aggressive": 0.122552745044},"probability": 0.877447247505,"value": "aggressive"},"mood_electronic": {"all": {"electronic": 0.757277846336,"not_electronic": 0.242722153664},"probability": 0.757277846336,"value": "electronic"},"mood_happy": {"all": {"happy": 0.518076121807,"not_happy": 0.481923878193},"probability": 0.518076121807,"value": "happy"},"mood_party": {"all": {"not_party": 0.743490099907,"party": 0.256509900093},"probability": 0.743490099907,"value": "not_party"},"mood_relaxed": {"all": {"not_relaxed": 0.536127746105,"relaxed": 0.463872224092},"probability": 0.536127746105,"value": "not_relaxed"},"mood_sad": {"all": {"not_sad": 0.867152452469,"sad": 0.132847547531},"probability": 0.867152452469,"value": "not_sad"},"moods_mirex": {"all": {"Cluster1": 0.113243572414,"Cluster2": 0.0841109678149,"Cluster3": 0.186212137341,"Cluster4": 0.101831778884,"Cluster5": 0.514601528645},"probability": 0.514601528645,"value": "Cluster5"},"timbre": {"all": {"bright": 0.464342623949,"dark": 0.535657405853},"probability": 0.535657405853,"value": "dark"},"tonal_atonal": {"all": {"atonal": 0.999982178211,"tonal": 1.78343107109e-05},"probability": 0.999982178211,"value": "atonal"},"voice_instrumental": {"all": {"instrumental": 0.980271995068,"voice": 0.0197279937565},"probability": 0.980271995068,"value": "instrumental"}},"metadata": {"audio_properties": {"analysis_sample_rate": 44100,"bit_rate": 180680,"equal_loudness": 0,"length": 296.933868408,"lossless": 0,"replay_gain": -11.3125724792,"sample_rate": 44100,"codec": "mp3","downmix": "mix","md5_encoded": "4ab4b32fcb7aa8a28382950529675368"},"tags": {"file_name": "02 No Big Deal.mp3","acoustid_fingerprint": ["AQADtFKWlEpU4TscB8_xH5c0uDleHNdxHacY40d8QnuEWMe1H1fn4EdzlNGFvwkaG_1wPKgaHn5O-Dn64SiFZsGh48FzfBl-vMdf-Md34zlu4ehh1EeOYziPHuLyI6t6_LC4gz96BfeDH82SQ-Pxo6hfHD-FHyUvmB9Rvuh1HLGYNTD8D1_xRMKJNzvOwGqGlzmeHeaDc8KfFNfwFc9hh4Gf4bHw4bHw4czxDH6O78IDy8NzXNxx44Qf_HiDH48Ff-iZo8_gJ8ePB1YznDFOHC_Ey3i6ow-0Loe_xOChN8cdwc9BE4_xw26ONzqe4EwO8cxgSTpiMVfw4wmuyMLxEf2LZ_EQJ9Khcj-aJwgfCQ_y46mnQZOG9AmNl_gjnDnabUZ5DX50hHwOPQ0Rak9hNaxQ_UEfjcLHHI_gpyviq7iG69DrwF-OI1S645piPMuLn0KfHH4QXoOq43pw7SK020hHZhr6HI80oSXxpfCz4syW43SRME0WIVwz9B3hk7ijR_iEH9UuEyGPxMYfwa6FBz-e6sLHDSGZByp6KRnS06jEHJ3u4UXs4oPP4Etw-FLhioGaKRF-VIrEDuGzC5c8-MiV48ZF4VpGqK_h_XiSDXpDfBJ6IVeOixzyRGmDP0TlG1p6fPjxcYXWkcWPXBus8vjx6PhJ-Md5pOMkInkyo5dOVF8Oy8cPng_8pQirQe8mIpei4_A7fHiO8MmMpNZ6nBL-o3_wq8OXoA_S70j24gf74wpKJjrRWESj4z-sD126bXhxUYkRHp9xeTh0HvqRqh3ubMS54OkmPDiTHT8-HUkTZiJCNRn6JYfXEvUntLdwScHfIs6hVwtyssNl_BvsaEHJfPhRJcy24EfyLEfqLMeZEw8f3NmG5xmJH39x9cgZuAsJqNkkVNooEw_OzMEzCk2PPiEuHY9RicSlXbgPjylyKcTxa_Bx8kj5CRrJD3lCCiV5UIsaBn9w4XmQJU90PDf-BVm0D54-_DwsVM5RiwWTIy8SafmDM8KPXw06NgeFWjmeo5RyMP-Qa4aO8DueEV2TB5fRo3mPK-RwPgquEsmWI2dH9EF_-Fk89Mcv9HiYsUb_gmZ-5D-SPfHgJ8px_MJoOD4uiTq8iV0QMjHUhxTyMNyI6qKCM4eboI_kGPu24sWTB-ZTnMrwMNsRwr1wFl-kIz_8HOWKshNxphueZcSZpkjjBPKlEvHxC95yPPvg8fg3JNSTIyaF6-iHviiZ4uETvImHcIcWTzly4daEKw_KJTtiiFWP_NqMiscr9HBMIn8gcs8QSk_xZEdzpkKfiEa_HNdO4dUy5LmgKtEr5PBDfDH82bB3VOqHJ7uCP08QPlEgPggfE9fR6YqGm8Gnwz_yQx_yIrSS4z36o5leqONwjkVIbYYjLhnx5ULOH88HMdfxd0iTxscPnsRnHN8OTswQTkq8BPqFylEOP8NbCt_hw04hP4YfVA56wg6Di8nhn3gY4hfMZUc55TjDQXuU4eJhSTuc4yoOdzk0siLe4tPRK6ioDE92sKsD1UffC86FXvjxqBykkunQaxFyCUb35LhIfAl-9Fo2vBPS89ARJ0uiHGUW_AouGl_Qo8lv5JF-qAi5Er6Sw1cjXCxxKZkHR3-QPscDHdfg44_xJUcnjlClI89DNE_RR-LwhSiPL8cXPsgdIWleNHGU4MzRag_8zHgeON8La2oQS8qR_PiHKzJ--DwcZ0KXKHmQ_CPyTEeTJ0P_4QR39MRjhDmS4-ES4eOPPtawjT1CJGeHP0U76SgZVD-eEOmRRFdyPJdwpXiPH34q4kd12Am3o7nwCz_yRsGbC8eVo7mOvseVHciPT9mFHHIZxwjlHHaDlsd1NFx4nLjwZOgP1YxBWscXHT_Kw89C4vDDwzfRJ5uQL9CrIzwLP5Ga4zm8Z7Am4hf-DLGk5GgcHv-kobMELedxKsGjhsGlo2_hE7VC3AueG9UmVYKPPjizILwE-4c7JUU_4uJxZTm6rCMeDfEP8eiRH304XCx6kbh-xA40PkZ6Gtfx5XiJaqqFPH2gInyG5mLx7Ub7COeO6_h2DWlc8BZu4cJp6Dlx8XiyePiFp8Qb-BF4fBeu49HS40e6j3hOXBeOL-iT4cpU42EexP8ELY_QR4h_lMc1GTcuJcgHcUTeoJ_RB4-SvDiXIVaWK4HcXMjDw8tzdGmZ4EdzoW-QMzm-KyvCKFeDoie-erBFovmCPKegHumMZwz25Pg11EejH9-OGDs0LlnQcDneI0_0oDyah8a5H80ORimePEH8IdGPHmd2PDo8nuizVMY3G0d-CqqY4Qly6aidC2wjw1-QfTmcE6KmBKGY5nh-nDXOwnmk4XtxRsvRS2geJccTdfjxH1dE5CkJLa04hD_uiLhynNmJpmqF44uOvKgOORr-DdfyoId_aB9-PIfqDiUTRcQ1xDoeHn7wCfsCP4Gj6BsiLb2gz4ikGs2FP8b1o71hMVeDUyeiH-IY5O1wZfDpDX1-_CsevrjpINmaIcyZHHeCX-h1fPpwloipQL4iBml-nDtqJfiPOxT6zcG17EiYH3mLdiL6Bye94nQC60dMxdCO8MIT7bjI4riWnLjGbbiYBznES0H4LMdz_LhyC88RqhMSJSc-JcUpoB0AI4AkwhHFCMJKAQGNokIYgBRAhBD2FgFCiGUliEAgbJxERAiAsAUdSIUEBk5YIoCzCCgkMBBALMCYAQQAkohRTAAmBAPAGKAMg4A66phgSDhAqRBAGeSMcooKIYQRzlBmLDFCKQWMMQIJ6hAhShIJkGGKKqkIIIgIBBgEBAhgiDOCCKOAAcIgh4wAyAgGDSCEASEQAIIBoYSVEDDABAFAMQEcMA4YYQwBwACmAaGCEAGYYoICAQRQCBkjAECAAAcFAR4BgJhhSAEDjBEAKOIIEEoQT5AAgRhgAEECEEGMcg4II4AjxChhnRGJQAKIYgQwYIgABiAgoBLSEWEYEAgQAowAQgCAlALKEKYBM1IQoBR1RBNngCLOgEAAUYoYwABwSCBACENAOEKAMYJp45gACQhFjCFKCAOUc4QKAQQRQAAAQGIIAACAM0QQJgAARDEjDBOOESYAFMgQACxRjgBJCCCAQcCUAQASAwgQSgEhAAMAQAAWMggJAAAAiACHAAXEMIKkIUAwIgwwBChjAAKICOAUA8ARRIBDBiEgABFAAsEEMMQgTxQCRgAjhCBQEKCEAYY4AAVwAjjkoDDACGEIEAIAwqQigBAElUEIUUMIYIAgAagBhCBlgZIQEAKQYoQoUAVlShgAEFCECAMYKIAJQAx1yAkpAACCCIAcAgQKgwAkwCikoECEKSUMIcYKwBARQhlAAFBGMAMYAggAAQhBggAhhCACEIMIIB4BRJxAgAlABHMMAgIIEUQwRoAXBEAHkQBKAMiUUEoACgRTghJFIANAEEAQIQAKwBgigAECCDJASICAMAYIAoECmBAClHIAEVaYU0AAAgRjQgpJiTAGCQSAogQYQZBjhAGCjYAAGIAYkIIAIpgTgBGgEIHCAGCEMgQKCQRVQFgDhFDECQAEEAAYZhQQQBBBCAAGSCAIIQYYQQQRBAChCFBAEUCENUoxCoAAhAGgGIEEAIEAIgA"],"acoustid_id": ["da9f917e-2345-4d08-abbb-682c902bb03c"],"album": ["Love and Rockets"],"albumartist": ["Love and Rockets"],"albumartistsort": ["Love and Rockets"],"artist": ["Love and Rockets"],"artistsort": ["Love and Rockets"],"barcode": ["0035629034426"],"catalognumber": ["PD90344"],"composer": ["Kevin Haskins"],"date": ["1989"],"discnumber": ["01\/01"],"genre": ["Alternative pop\/rock"],"label": ["RCA"],"language": ["eng"],"lyricist": ["Daniel Ash"],"media": ["(CD)"],"musicbrainz album release country": ["GB"],"musicbrainz album status": ["Official"],"musicbrainz album type": ["Album"],"musicbrainz_albumartistid": ["8cb3aa4a-3b4c-48b8-be0a-e57010fc1430"],"musicbrainz_albumid": ["30b093b6-e7f9-4c1f-9b04-bfb35a90e79e"],