{"highlevel": {"danceability": {"all": {"danceable": 0.999936401844,"not_danceable": 6.36186596239e-05},"probability": 0.999936401844,"value": "danceable"},"gender": {"all": {"female": 0.945769309998,"male": 0.0542307123542},"probability": 0.945769309998,"value": "female"},"genre_dortmund": {"all": {"alternative": 0.000394069444155,"blues": 2.9507709769e-05,"electronic": 0.999505758286,"folkcountry": 2.8632925023e-05,"funksoulrnb": 3.90221515545e-07,"jazz": 1.78448080987e-05,"pop": 3.28053965859e-06,"raphiphop": 5.84239217005e-07,"rock": 1.99302012334e-05},"probability": 0.999505758286,"value": "electronic"},"genre_electronic": {"all": {"ambient": 0.0664938688278,"dnb": 0.00697060720995,"house": 0.0517577491701,"techno": 0.028788600117,"trance": 0.84598916769},"probability": 0.84598916769,"value": "trance"},"genre_rosamerica": {"all": {"cla": 0.000340453436365,"dan": 0.992762565613,"hip": 0.00368589861318,"jaz": 0.000456587149529,"pop": 0.000644442043267,"rhy": 0.000835016078781,"roc": 0.000717590446584,"spe": 0.000557456805836},"probability": 0.992762565613,"value": "dan"},"genre_tzanetakis": {"all": {"blu": 0.0626613423228,"cla": 0.0348169617355,"cou": 0.104475811124,"dis": 0.0784321576357,"hip": 0.15692435205,"jaz": 0.313974827528,"met": 0.0448166541755,"pop": 0.0627359300852,"reg": 0.0627360641956,"roc": 0.0784258767962},"probability": 0.313974827528,"value": "jaz"},"ismir04_rhythm": {"all": {"ChaChaCha": 0.192262485623,"Jive": 0.121243596077,"Quickstep": 0.0300050098449,"Rumba-American": 0.0687287822366,"Rumba-International": 0.0590844005346,"Rumba-Misc": 0.0401335284114,"Samba": 0.140601977706,"Tango": 0.256622612476,"VienneseWaltz": 0.067368298769,"Waltz": 0.0239492952824},"probability": 0.256622612476,"value": "Tango"},"mood_acoustic": {"all": {"acoustic": 0.00571475783363,"not_acoustic": 0.994285225868},"probability": 0.994285225868,"value": "not_acoustic"},"mood_aggressive": {"all": {"aggressive": 0.139280572534,"not_aggressive": 0.860719442368},"probability": 0.860719442368,"value": "not_aggressive"},"mood_electronic": {"all": {"electronic": 0.9477866292,"not_electronic": 0.0522133968771},"probability": 0.9477866292,"value": "electronic"},"mood_happy": {"all": {"happy": 0.217017203569,"not_happy": 0.782982826233},"probability": 0.782982826233,"value": "not_happy"},"mood_party": {"all": {"not_party": 0.0567974820733,"party": 0.943202495575},"probability": 0.943202495575,"value": "party"},"mood_relaxed": {"all": {"not_relaxed": 0.431334167719,"relaxed": 0.568665802479},"probability": 0.568665802479,"value": "relaxed"},"mood_sad": {"all": {"not_sad": 0.781048119068,"sad": 0.218951866031},"probability": 0.781048119068,"value": "not_sad"},"moods_mirex": {"all": {"Cluster1": 0.0861034691334,"Cluster2": 0.0773295834661,"Cluster3": 0.10982926935,"Cluster4": 0.0682271718979,"Cluster5": 0.658510506153},"probability": 0.658510506153,"value": "Cluster5"},"timbre": {"all": {"bright": 0.179399624467,"dark": 0.820600390434},"probability": 0.820600390434,"value": "dark"},"tonal_atonal": {"all": {"atonal": 0.99646115303,"tonal": 0.00353883579373},"probability": 0.99646115303,"value": "atonal"},"voice_instrumental": {"all": {"instrumental": 0.721022307873,"voice": 0.278977662325},"probability": 0.721022307873,"value": "instrumental"}},"metadata": {"audio_properties": {"analysis_sample_rate": 44100,"bit_rate": 0,"equal_loudness": 0,"length": 286.640014648,"lossless": 1,"replay_gain": -11.3217525482,"sample_rate": 44100,"codec": "flac","downmix": "mix","md5_encoded": "a54803fb4408ecc0bcaf2d9d4be11d31"},"tags": {"file_name": "1-13 - Dreams Collide.flac","album": ["Artificial 2.0"],"albumartist": ["God Module"],"albumartistsort": ["God Module"],"artist": ["God Module"],"artistsort": ["God Module"],"asin": ["B0001EQHI4"],"barcode": ["0693723395623"],"catalognumber": ["OUT 134", "OUT 135"],"date": ["2004-02-23"],"discnumber": ["1"],"disctotal": ["2"],"genre": ["Electronica"],"grouping": ["Electronica"],"label": ["Out of Line"],"media": ["CD"],"musicbrainz_albumartistid": ["3d3fceda-d274-41f0-bac9-7516f6c872ba"],"musicbrainz_albumid": ["31cff140-2ec4-4f99-a6bb-761d20f943fb"],"musicbrainz_artistid": ["3d3fceda-d274-41f0-bac9-7516f6c872ba"],"musicbrainz_recordingid": ["3b465954-b883-40fd-8131-7ea72f75202c"],"musicbrainz_releasegroupid": ["b0b31e5a-93e4-396e-a234-a6290adc4c6c"],"musicbrainz_releasetrackid": ["7da8ae60-2c33-33f9-ab27-3bceec5d9f1e"],"originaldate": ["2000"],"originalyear": ["2004"],"releasecountry": ["DE"],"releasestatus": ["official"],"releasetype": ["album"],"script": ["Latn"],"title": ["Dreams Collide"],"totaldiscs": ["2"],"totaltracks": ["14"],"tracknumber": ["13"],"tracktotal": ["14"]},"version": {"highlevel": {"essentia": "2.1-beta5-dev","essentia_build_sha": "e74af04b57b164eed312abeef4963962215860f0","essentia_git_sha": "v2.1_beta4-499-g4013ebc","extractor": "music 2.0","gaia": "2.4.5","gaia_git_sha": "v2.4.4-44-g95f4851","models_essentia_git_sha": "v2.1_beta1"},"lowlevel": {"essentia": "2.1-beta2","essentia_build_sha": "2d9f1f26377add8aeb1075a9c2973f962c4f09fd","essentia_git_sha": "v2.1_beta2-1-ge3940c0","extractor": "music 1.0"}}}}