{"highlevel": {"danceability": {"all": {"danceable": 0.00386630441062,"not_danceable": 0.996133685112},"probability": 0.996133685112,"value": "not_danceable"},"gender": {"all": {"female": 0.680294692516,"male": 0.319705277681},"probability": 0.680294692516,"value": "female"},"genre_dortmund": {"all": {"alternative": 0.0645635575056,"blues": 0.0268348250538,"electronic": 0.0363596379757,"folkcountry": 0.0837816894054,"funksoulrnb": 0.0295036677271,"jazz": 0.429656237364,"pop": 0.102775856853,"raphiphop": 0.0244670175016,"rock": 0.202057495713},"probability": 0.429656237364,"value": "jazz"},"genre_electronic": {"all": {"ambient": 0.616980969906,"dnb": 0.049811989069,"house": 0.250059962273,"techno": 0.0343852415681,"trance": 0.0487618036568},"probability": 0.616980969906,"value": "ambient"},"genre_rosamerica": {"all": {"cla": 0.0131495725363,"dan": 0.0451933704317,"hip": 0.0337833985686,"jaz": 0.464435636997,"pop": 0.176928445697,"rhy": 0.226817116141,"roc": 0.0251870378852,"spe": 0.0145054059103},"probability": 0.464435636997,"value": "jaz"},"genre_tzanetakis": {"all": {"blu": 0.0457110665739,"cla": 0.0533209256828,"cou": 0.0639743432403,"dis": 0.0533079057932,"hip": 0.0533075407147,"jaz": 0.1599252671,"met": 0.0639749467373,"pop": 0.106625109911,"reg": 0.079970523715,"roc": 0.319882363081},"probability": 0.319882363081,"value": "roc"},"ismir04_rhythm": {"all": {"ChaChaCha": 0.0385776050389,"Jive": 0.094423212111,"Quickstep": 0.0433667339385,"Rumba-American": 0.00901296548545,"Rumba-International": 0.0185358300805,"Rumba-Misc": 0.590520858765,"Samba": 0.0698156654835,"Tango": 0.0170207414776,"VienneseWaltz": 0.0218589045107,"Waltz": 0.0968674644828},"probability": 0.590520858765,"value": "Rumba-Misc"},"mood_acoustic": {"all": {"acoustic": 0.0976776480675,"not_acoustic": 0.902322351933},"probability": 0.902322351933,"value": "not_acoustic"},"mood_aggressive": {"all": {"aggressive": 0.0825530365109,"not_aggressive": 0.91744697094},"probability": 0.91744697094,"value": "not_aggressive"},"mood_electronic": {"all": {"electronic": 0.984080612659,"not_electronic": 0.0159193817526},"probability": 0.984080612659,"value": "electronic"},"mood_happy": {"all": {"happy": 0.999876260757,"not_happy": 0.000123725098092},"probability": 0.999876260757,"value": "happy"},"mood_party": {"all": {"not_party": 0.12174756825,"party": 0.878252446651},"probability": 0.878252446651,"value": "party"},"mood_relaxed": {"all": {"not_relaxed": 0.191171064973,"relaxed": 0.808828949928},"probability": 0.808828949928,"value": "relaxed"},"mood_sad": {"all": {"not_sad": 0.284002304077,"sad": 0.715997695923},"probability": 0.715997695923,"value": "sad"},"moods_mirex": {"all": {"Cluster1": 0.0902293324471,"Cluster2": 0.052049588412,"Cluster3": 0.233704060316,"Cluster4": 0.0355440862477,"Cluster5": 0.588472962379},"probability": 0.588472962379,"value": "Cluster5"},"timbre": {"all": {"bright": 0.0173161178827,"dark": 0.982683897018},"probability": 0.982683897018,"value": "dark"},"tonal_atonal": {"all": {"atonal": 0.721531569958,"tonal": 0.278468459845},"probability": 0.721531569958,"value": "atonal"},"voice_instrumental": {"all": {"instrumental": 0.883345901966,"voice": 0.116654120386},"probability": 0.883345901966,"value": "instrumental"}},"metadata": {"audio_properties": {"analysis_sample_rate": 44100,"bit_rate": 0,"equal_loudness": 0,"length": 44.0666656494,"lossless": 1,"replay_gain": 2.44279289246,"sample_rate": 44100,"codec": "flac","downmix": "mix","md5_encoded": "f28021ee752f4a6d122de3091d8739fb"},"tags": {"file_name": "09 John & Dyson Into Vault.flac","acoustid_id": ["56363315-2887-40bc-897a-381e1de78f41"],"album": ["Terminator 2: Judgment Day"],"albumartist": ["Brad Fiedel"],"albumartistsort": ["Fiedel, Brad"],"artist": ["Brad Fiedel"],"artistsort": ["Fiedel, Brad"],"asin": ["B0000014SG"],"barcode": ["030206533521"],"catalognumber": ["VSD-5335"],"composer": ["Brad Fiedel"],"composersort": ["Fiedel, Brad"],"date": ["1991-08-13"],"discnumber": ["1"],"disctotal": ["1"],"label": ["Varèse Sarabande"],"media": ["CD"],"mixer": ["Ross Levinson", "Brad Fiedel"],"musicbrainz_albumartistid": ["4836c400-a9fe-4bf5-9a56-bc658d1d03d1"],"musicbrainz_albumid": ["b0b6a1e5-480e-4fcc-9ffa-b23355c3584b"],"musicbrainz_artistid": ["4836c400-a9fe-4bf5-9a56-bc658d1d03d1"],"musicbrainz_recordingid": ["3b54b1be-c937-440b-b9f3-3d809bf0106e"],"musicbrainz_releasegroupid": ["cf37ad9d-c74a-3a90-a626-c8738889e6d0"],"musicbrainz_releasetrackid": ["77946e73-19ca-365f-b9a9-1ede28c90256"],"musicbrainz_workid": ["1f67d0e5-64ae-40ad-ae6b-d5528b50f5f9"],"originaldate": ["1991-08-13"],"originalyear": ["1991"],"producer": ["Brad Fiedel", "Robert Townson"],"releasecountry": ["US"],"releasestatus": ["official"],"releasetype": ["album", "soundtrack"],"script": ["Latn"],"title": ["John & Dyson Into Vault"],"tracknumber": ["9"],"tracktotal": ["20"],"work": ["John & Dyson Into Vault"]},"version": {"highlevel": {"essentia": "2.1-beta5-dev","essentia_build_sha": "e74af04b57b164eed312abeef4963962215860f0","essentia_git_sha": "v2.1_beta4-499-g4013ebc","extractor": "music 2.0","gaia": "2.4.5","gaia_git_sha": "v2.4.4-44-g95f4851","models_essentia_git_sha": "v2.1_beta1"},"lowlevel": {"essentia": "2.1-beta2","essentia_build_sha": "2d9f1f26377add8aeb1075a9c2973f962c4f09fd","essentia_git_sha": "v2.1_beta2-1-ge3940c0","extractor": "music 1.0"}}}}