{"highlevel": {"danceability": {"all": {"danceable": 0.038760304451,"not_danceable": 0.961239695549},"probability": 0.961239695549,"value": "not_danceable"},"gender": {"all": {"female": 0.126387879252,"male": 0.873612105846},"probability": 0.873612105846,"value": "male"},"genre_dortmund": {"all": {"alternative": 0.127247944474,"blues": 0.0941342785954,"electronic": 0.0781393274665,"folkcountry": 0.563116848469,"funksoulrnb": 0.00501940445974,"jazz": 0.0349814668298,"pop": 0.0188784375787,"raphiphop": 0.00342927221209,"rock": 0.0750530436635},"probability": 0.563116848469,"value": "folkcountry"},"genre_electronic": {"all": {"ambient": 0.871341884136,"dnb": 0.0066066198051,"house": 0.100071989,"techno": 0.00900875311345,"trance": 0.0129707511514},"probability": 0.871341884136,"value": "ambient"},"genre_rosamerica": {"all": {"cla": 0.135520488024,"dan": 0.00661239819601,"hip": 0.0113589167595,"jaz": 0.327371329069,"pop": 0.160471856594,"rhy": 0.29678940773,"roc": 0.0255918763578,"spe": 0.0362836942077},"probability": 0.327371329069,"value": "jaz"},"genre_tzanetakis": {"all": {"blu": 0.0626613423228,"cla": 0.0348169617355,"cou": 0.104475811124,"dis": 0.0784321576357,"hip": 0.15692435205,"jaz": 0.313974827528,"met": 0.0448166541755,"pop": 0.0627359300852,"reg": 0.0627360641956,"roc": 0.0784258767962},"probability": 0.313974827528,"value": "jaz"},"ismir04_rhythm": {"all": {"ChaChaCha": 0.0108444057405,"Jive": 0.00192750559654,"Quickstep": 0.0031562759541,"Rumba-American": 0.00419728318229,"Rumba-International": 0.0125422542915,"Rumba-Misc": 0.0214997325093,"Samba": 0.0023885529954,"Tango": 0.844147503376,"VienneseWaltz": 0.0910639166832,"Waltz": 0.00823257956654},"probability": 0.844147503376,"value": "Tango"},"mood_acoustic": {"all": {"acoustic": 0.963692843914,"not_acoustic": 0.0363071523607},"probability": 0.963692843914,"value": "acoustic"},"mood_aggressive": {"all": {"aggressive": 0.0377290099859,"not_aggressive": 0.962270975113},"probability": 0.962270975113,"value": "not_aggressive"},"mood_electronic": {"all": {"electronic": 0.0375905930996,"not_electronic": 0.962409377098},"probability": 0.962409377098,"value": "not_electronic"},"mood_happy": {"all": {"happy": 0.392987042665,"not_happy": 0.607012927532},"probability": 0.607012927532,"value": "not_happy"},"mood_party": {"all": {"not_party": 0.97326695919,"party": 0.0267330519855},"probability": 0.97326695919,"value": "not_party"},"mood_relaxed": {"all": {"not_relaxed": 0.0399904772639,"relaxed": 0.960009515285},"probability": 0.960009515285,"value": "relaxed"},"mood_sad": {"all": {"not_sad": 0.101117201149,"sad": 0.898882806301},"probability": 0.898882806301,"value": "sad"},"moods_mirex": {"all": {"Cluster1": 0.0536675155163,"Cluster2": 0.602867007256,"Cluster3": 0.19031432271,"Cluster4": 0.131242454052,"Cluster5": 0.0219086911529},"probability": 0.602867007256,"value": "Cluster2"},"timbre": {"all": {"bright": 0.988939166069,"dark": 0.0110608376563},"probability": 0.988939166069,"value": "bright"},"tonal_atonal": {"all": {"atonal": 0.337253540754,"tonal": 0.662746429443},"probability": 0.662746429443,"value": "tonal"},"voice_instrumental": {"all": {"instrumental": 0.121689535677,"voice": 0.878310441971},"probability": 0.878310441971,"value": "voice"}},"metadata": {"audio_properties": {"analysis_sample_rate": 44100,"bit_rate": 128000,"equal_loudness": 0,"length": 195.3959198,"lossless": 0,"replay_gain": -6.27191352844,"sample_rate": 44100,"codec": "mp3","downmix": "mix","md5_encoded": "3a9a9c755d437b5e4c9ec47fc071c219"},"tags": {"file_name": "Doc & Merle Watson - Sittin' Here Pickin' the Blues.mp3","acoustid_fingerprint": ["AQADtFvCjAueJ2AupD80JzJyBiUbNGSP9wq4z0L0B_bx4yIRZjRqxviO47iO0DsS5uiD4z8u49RCpJuWHMmPRw-u_kifDMlTzO8Mpkk9lNoTfPhC5IduY5Zy5MkUIsyO6UzxMMmK7BhFfrC2Bx9OTRm6rziP9OhnXIwHHX7wxzF-HD-68Ajj4z-uoEejT_iOb3pwqWjsY7qEIzuhnSTCkHtwJTxqHk3ygDueSXieJBruw1WOM9kQ5zr6KAqa5_jDgGoiScQXHk_hBBcfPElTETeaH5rMFHlz8M5xFk34YDs5lIyS45OOMPsx3RGeC3m2HH2WwBdzhD-kKsmYIw-DZhb6LAf_BHumyLgSoomSHf2OP_hxlB-aB8eP_Pih5eEQHsePfkUTLsqITzk-ocmXoB9-5C-SZTKmJs1I_D245HiFZqdRJw_22ENpNFeS4Z1wH1fSNEESSjbCH80zHP_Bp7gjtPOxJUy8REhDSxo0ZvOEhwhzoceV5MO14TgvNM0lhFdeXMGxD7nZgZNSuWjIRccZRDxE7kEpZQ7qLD189Iee4Tkia3MORsyPKT9-HD8axcFhSoTtCWG5Hz96NB-R48Q9CWac4nzwHfkhHvkT4Sx8hiMelZifxvhhPA1yK4K-HWEWow_x45GwPw6eRA-aHeFz6MhRCw2OPBb-QfePMxx8Hflx4OaFkiGa7BfKpwhTO4eOnCY8asxxfgkeHY8P73iOW0j-IE93XEvgtMFv_MFFJ_iYI6FVIxfOD88VeMkl_CV-I4cc7kGaJXlxDseXLsJ54fxwaczRNJWEELpx90KY56h_NEy0sOhy4jyu8Ikw_QrS0kjYKDH6H8ePK_yw6Vrwi8JzJDmDmEajZeiPPx76oJl-5IsFXTnCJ8rR7MIz5cGj54jEQ2eQdxuqo4p0wd0SB-14lBf8oMc5fMuHKzEjlDmSKDnyEg_hxVFTrFGUB_9RmfgylNIlPIfTO8N15FmRXEGjKjXKLMevCNfxJCdu5OyhZeHRC--O3DzykmhyQqOSI49SwjuOM5eC5p00lGGUCHsJPjueFD7-IHmHSH-I5sKPHx8fzCyuOEdPQezRT_hu5FMOHeHtEA0XL7goHk3joyfyQFcKKsiNL5-wLw_xE38Oh0kmB7kOHbk5-McuXEelJ4vAZLlwHb8rXE2YBG2SRBSxDf1x4k-CVcllUNPxj9iZ4zraI08Z_Ca0qDTyrB6-wdErHMdRnvhYlId64Y6OP8F1o_l8lBkTBseRC8qO_MVveIxiIv9AK8H5o_3g5xiu4Ed6GaN3g0rKB9NFPMkUXAL-B-Fu1IbKJGeKUE9FwWN2XEcl6vhmPMOFKW7CBH2K_DDXQGWOHs2P53iObkezNUaZGD7qHdlL4l2NHE13lOElnHog5TyaxhGOo1HpGKHMVLiOS0lGXNGOP8jvGE3OHpEWOcMTXMzQZzKa6EGnuGiiNTquJ7hyhK8OxXLQPCey49Tx63ieB_UmI2wSCRdr_NCy9wibnbjy4CN-XKSERFrWJsg9K-AlVE6SePDg5cJkHY8uCU27I6RVosxDOE4rNEfyE5eCOzkqkcSUH-ArPBHRTDkR_riDMzmhKJVylOmLkxfiG33RNBqu48cfvDkuIs-hKPF0grG8hXjCj9jJphB35Dq-48kjpNegHnmP52QwM8dPBUwqojpp_OEx_sFx_ZgyHWUe4j-cI2-yQI-MPHGFXmh-sFNltGN6-LDFof7RMoLVIeykQ_wyIrKkZ_iSHP2SCc3I473xzeiUhDGa8cePPzhxXcW8H0-iR-CvoiuPSAmVCzqDPCiPMDx06kEsRnkiWFdG4KiVoeEY40TiPAqmjAgbPIpiXEKvo6mNPXkSPKOFZjz6HH-yKPipBE-ES5GO40LojdDShGEUxOJpHL3RaE2KTy1-Hc189IrwOTHyHj_-wA-HP9CDo_zQrFyR40euwGeh_3gu6IcnZxnyJMVjoc_R6MaRQ_eR_7C-FP_w4zrO4MYV4YHviTiLL7gPL8f14IWV5Di-J8iXUtA5hHmHvrgfBe_hKlKM6Hnx42IshA_hSCb6r_iDnwhjD_0X6DmiU0GvwGpIJBEv4VkeSD-iq0F__OiaODnKH81xPAmPelRCNGdG_AgPZQjz4Bf-43rwHKEeaLFOgUd-bO5xRTlyQmfQ7A7qy8MjPziVI_bxB3WShUhjEto_HHl4HX57PA9-nEVz1kj2ROGQ436C-0PzH_2CWz725Kj1g1p3xGbSBD9kDWk0wegxXwyej8K_owmTPEV_RIXO49EyJRG26oeOx0F-nEee50ieGo0mouzxPjhm58aVKBSyJxShPsiN_UHlHOmNJzH64BnT4xTGeAejL5jSHo8eHGF-uBeeP_CdI9aZwrqh5wn6XPhyBbtDaF2S8Ahz7cBz_M1Bbs_Ql8eUL7h65M-hVSrCdHhjCZX3oDmJi8cXHB-ah0FP4sITXUifIDmJ54GfiTij9Xgikii7PMaUP8jxKE2QK2Ee1ESDH18mPJsTbP4y3B9y6EeYK-hwIc_xE7qOhx_Oo8mhHR_uHDkeoE8mEU1_fMcvo8cZH6Vu4wlznBGSE2FQ6wlyRTEFOdmEC-lDHD-VGPF2JLxwHW_Q72j-oGGPXooo4T8eBt_R3C367OiLprrwJTvyF-LyCMeLh9FWwtGTBpc8Yn_hZKKFbFISUsUzydijw5eI5B_yUxweyUVlj2iSyniSMhj4Ev-gF08IJ3N2_MJzACCtoIYRAITDwiAlvDiYGEUgMA4B4gADRAAmCKYWIECAkEQgowCDkCCSBSHOImmUAQhBwAQgFCgmnSBCAUMJIwAAoJQkiDgAgSIIAYCAEIoA44RQyiihEBACEAGIcAQRJwgyECDqiGFgICWHJcAKQIhkAADkxEAAEMCEUoAhBTBhjChgCAgIGeIgNgBbhYhikDAADBKMkQQoAEgRIr4whiCjlDIUEOEIlcAQx6xQBEmFIECMQAEEAQAwEggQQhhDDBAKIUcolUAYgowTyAjskBKGCCCkAYgbgphABAABiBGCAEAIEQJZggFQQDFokARAAyAIEQ4YoQhwSFCkBDIMEcI4YAYR5ACBADnFEHGMMECGQEIAB5QzhAACEDHKUwsgQFAAIo1wQgGACBVgIIEEQ5YYYIASBBirhkJSIcKYEYAI6YhDGACDCKIOCMUJc0gYqoQAAgkhCCmZCSAAAIIggAhyhAhECACCAOMEIEgxxaASSjgDlUJEACYQEQ4gAAkixgAhADBAOYEMIgAAQIgAgAghgANEAMKcBwAgohRAABADjBKUEaMUEsAIAhQjxnDkgCJAG0OAUxQCRSgEigACDBBCCAGSIIo5YQxwygIEAHBKAGEEMQYZAQQQDilghDEEQSQWBAAA0ZlwQgpEsACCAIMIM0xARQwiAAghDCMOESAgE4cIwYiAQCnhjCDYHUAEIk44wCRSAgzqBCCEEcCRAApJIggRiEChBFAICyKMEkIQQgwEjAkBgJJHACgsIgIpoQggBnmHABIOCUMAQAYpAcQgABCEkDRIoAMEQQIQAABCQBAnDFEIECIMEsgQJoggTBFBIFMAIMCsUYRAQQQhACDCCLCEIAEMgUAQIgQCiAEjgABEGAUII0ABhgRAQhyCACMIAAKAUQ4IZ50xwlElAFIEUGQIIQqZAYBiAAgImCDAACEcQoIBLoxiiCpFBBEAIAEQIQJxQ4ABAjACIALEOKKAEIQRgxQSgEEB"],"acoustid_id": ["b8516f4a-7f10-49c0-843e-71d105c9ccfb"],"album": ["Sittin' Here Pickin' the Blues"],"artist": ["Doc & Merle Watson"],"bpm": ["107.53"],"genre": ["Bluegrass"],"musicbrainz album type": ["Album"],"musicbrainz_albumid": ["cc212cb1-ac0c-4bb5-8557-60b1b00eace8"],"musicbrainz_recordingid": ["3b6a62a2-efc0-4b16-8355-3cfa622c0064"],"musicip_puid": ["bc43ae81-26e3-cfee-0bf2-245656a91660"],"title": ["Sittin' Here Pickin' the Blues"],"tracknumber": ["10"]},"version": {"highlevel": {"essentia": "2.1-beta5-dev","essentia_build_sha": "e74af04b57b164eed312abeef4963962215860f0",