{"highlevel": {"danceability": {"all": {"danceable": 0.999999880791,"not_danceable": 1.00000008274e-07},"probability": 0.999999880791,"value": "danceable"},"gender": {"all": {"female": 0.994534850121,"male": 0.00546512752771},"probability": 0.994534850121,"value": "female"},"genre_dortmund": {"all": {"alternative": 0.0310943443328,"blues": 0.466123968363,"electronic": 0.193047583103,"folkcountry": 0.166343122721,"funksoulrnb": 0.00834430381656,"jazz": 0.0237694904208,"pop": 0.0105222919956,"raphiphop": 0.00591434398666,"rock": 0.0948405489326},"probability": 0.466123968363,"value": "blues"},"genre_electronic": {"all": {"ambient": 0.459521204233,"dnb": 0.0178681109101,"house": 0.460705727339,"techno": 0.0270648039877,"trance": 0.0348401479423},"probability": 0.460705727339,"value": "house"},"genre_rosamerica": {"all": {"cla": 0.150212213397,"dan": 0.001815841184,"hip": 0.00364867411554,"jaz": 0.461699783802,"pop": 0.0280546471477,"rhy": 0.324925988913,"roc": 0.00515782134607,"spe": 0.0244850348681},"probability": 0.461699783802,"value": "jaz"},"genre_tzanetakis": {"all": {"blu": 1.13367287766e-14,"cla": 3.04301668499e-14,"cou": 1.17068559165e-14,"dis": 4.21400551444e-14,"hip": 2.93635795746e-14,"jaz": 0.999999940395,"met": 2.0000017642e-08,"pop": 2.0000017642e-08,"reg": 2.50000233848e-08,"roc": 1.66666822565e-08},"probability": 0.999999940395,"value": "jaz"},"ismir04_rhythm": {"all": {"ChaChaCha": 0.00627558678389,"Jive": 0.000878475431819,"Quickstep": 0.000381556688808,"Rumba-American": 0.00163174781483,"Rumba-International": 0.00191554275807,"Rumba-Misc": 0.00186054210644,"Samba": 0.00168472272344,"Tango": 0.00628038914874,"VienneseWaltz": 0.976730108261,"Waltz": 0.00236130692065},"probability": 0.976730108261,"value": "VienneseWaltz"},"mood_acoustic": {"all": {"acoustic": 0.0955903604627,"not_acoustic": 0.904409646988},"probability": 0.904409646988,"value": "not_acoustic"},"mood_aggressive": {"all": {"aggressive": 0.999999880791,"not_aggressive": 1.00000008274e-07},"probability": 0.999999880791,"value": "aggressive"},"mood_electronic": {"all": {"electronic": 0.979391694069,"not_electronic": 0.0206082761288},"probability": 0.979391694069,"value": "electronic"},"mood_happy": {"all": {"happy": 0.811589598656,"not_happy": 0.188410401344},"probability": 0.811589598656,"value": "happy"},"mood_party": {"all": {"not_party": 0.999984204769,"party": 1.57784197654e-05},"probability": 0.999984204769,"value": "not_party"},"mood_relaxed": {"all": {"not_relaxed": 0.191182896495,"relaxed": 0.808817088604},"probability": 0.808817088604,"value": "relaxed"},"mood_sad": {"all": {"not_sad": 0.420397609472,"sad": 0.579602360725},"probability": 0.579602360725,"value": "sad"},"moods_mirex": {"all": {"Cluster1": 0.0772226452827,"Cluster2": 0.0444035679102,"Cluster3": 0.227747857571,"Cluster4": 0.0306320842355,"Cluster5": 0.61999386549},"probability": 0.61999386549,"value": "Cluster5"},"timbre": {"all": {"bright": 0.992215752602,"dark": 0.00778427161276},"probability": 0.992215752602,"value": "bright"},"tonal_atonal": {"all": {"atonal": 0.907070696354,"tonal": 0.0929292887449},"probability": 0.907070696354,"value": "atonal"},"voice_instrumental": {"all": {"instrumental": 0.0213799141347,"voice": 0.978620111942},"probability": 0.978620111942,"value": "voice"}},"metadata": {"audio_properties": {"analysis_sample_rate": 44100,"bit_rate": 0,"equal_loudness": 0,"length": 162.733337402,"lossless": 1,"replay_gain": -4.96466827393,"sample_rate": 44100,"codec": "flac","downmix": "mix","md5_encoded": "7625e4f26acd3d2fb6bce0acde566f05"},"tags": {"file_name": "18_I_Hear_Music.flac","acoustid_id": ["52b52d07-bcf7-47c7-88d7-8d5dc5072c2f"],"album": ["The Billie Holiday Collection"],"albumartist": ["Billie Holiday"],"albumartistsort": ["Holiday, Billie"],"artist": ["Billie Holiday"],"artistsort": ["Holiday, Billie"],"barcode": ["724381423820"],"catalognumber": ["8142382"],"composer": ["Burton Lane"],"composersort": ["Lane, Burton"],"date": ["1993"],"discnumber": ["1"],"disctotal": ["2"],"genre": ["Compilation; Female Vocal"],"label": ["EMI Music Australia"],"language": ["eng"],"lyricist": ["Frank Loesser"],"media": ["CD"],"musicbrainz_albumartistid": ["d59c4cda-11d9-48db-8bfe-b557ee602aed"],"musicbrainz_albumid": ["3ddbdcb8-8791-4912-9f8e-1084cf32e241"],"musicbrainz_artistid": ["d59c4cda-11d9-48db-8bfe-b557ee602aed"],"musicbrainz_recordingid": ["3b6d8ca7-ed9d-4224-9be1-d62a5d1ad749"],"musicbrainz_releasegroupid": ["9218e9a3-8f01-401c-a70e-6fc5529ed58f"],"musicbrainz_releasetrackid": ["3f01d6f9-0691-4977-b17c-3c847c782331"],"musicbrainz_workid": ["2ce97a42-0fea-4025-8768-b0a334832a2e"],"originaldate": ["1993"],"performer": ["Billie Holiday (lead vocals)"],"releasecountry": ["AU"],"releasestatus": ["official"],"releasetype": ["album", "compilation"],"script": ["Latn"],"title": ["I Hear Music"],"totaldiscs": ["2"],"totaltracks": ["20"],"tracknumber": ["18"],"tracktotal": ["20"],"work": ["I Hear Music"]},"version": {"highlevel": {"essentia": "2.1-beta5-dev","essentia_build_sha": "e74af04b57b164eed312abeef4963962215860f0","essentia_git_sha": "v2.1_beta4-499-g4013ebc","extractor": "music 2.0","gaia": "2.4.5","gaia_git_sha": "v2.4.4-44-g95f4851","models_essentia_git_sha": "v2.1_beta1"},"lowlevel": {"essentia": "2.1-beta2","essentia_build_sha": "70f2e5ece6736b2c40cc944ad0e695b16b925413","essentia_git_sha": "v2.1_beta2","extractor": "music 1.0"}}}}