{"highlevel": {"danceability": {"all": {"danceable": 0.723639547825,"not_danceable": 0.276360422373},"probability": 0.723639547825,"value": "danceable"},"gender": {"all": {"female": 0.0344003885984,"male": 0.9655995965},"probability": 0.9655995965,"value": "male"},"genre_dortmund": {"all": {"alternative": 0.130955412984,"blues": 0.0137453945354,"electronic": 0.787344157696,"folkcountry": 0.0238609425724,"funksoulrnb": 0.00121683615725,"jazz": 0.00215690000914,"pop": 0.0029726838693,"raphiphop": 0.000668921740726,"rock": 0.0370787531137},"probability": 0.787344157696,"value": "electronic"},"genre_electronic": {"all": {"ambient": 0.209100037813,"dnb": 0.0537877306342,"house": 0.0349647514522,"techno": 0.0124377189204,"trance": 0.6897097826},"probability": 0.6897097826,"value": "trance"},"genre_rosamerica": {"all": {"cla": 0.000174980072188,"dan": 0.000196140565095,"hip": 0.000959050492384,"jaz": 0.000977668445557,"pop": 0.00187541055493,"rhy": 0.000780664791819,"roc": 0.995016276836,"spe": 1.983635957e-05},"probability": 0.995016276836,"value": "roc"},"genre_tzanetakis": {"all": {"blu": 0.0626613423228,"cla": 0.0348169617355,"cou": 0.104475811124,"dis": 0.0784321576357,"hip": 0.15692435205,"jaz": 0.313974827528,"met": 0.0448166541755,"pop": 0.0627359300852,"reg": 0.0627360641956,"roc": 0.0784258767962},"probability": 0.313974827528,"value": "jaz"},"ismir04_rhythm": {"all": {"ChaChaCha": 0.451981991529,"Jive": 0.0694099962711,"Quickstep": 0.00542124779895,"Rumba-American": 0.0069793430157,"Rumba-International": 0.00503340782598,"Rumba-Misc": 0.00371992657892,"Samba": 0.015881722793,"Tango": 0.0553343258798,"VienneseWaltz": 0.381876021624,"Waltz": 0.00436201598495},"probability": 0.451981991529,"value": "ChaChaCha"},"mood_acoustic": {"all": {"acoustic": 9.03160707821e-06,"not_acoustic": 0.999990940094},"probability": 0.999990940094,"value": "not_acoustic"},"mood_aggressive": {"all": {"aggressive": 0.914993643761,"not_aggressive": 0.0850063636899},"probability": 0.914993643761,"value": "aggressive"},"mood_electronic": {"all": {"electronic": 0.294516563416,"not_electronic": 0.705483436584},"probability": 0.705483436584,"value": "not_electronic"},"mood_happy": {"all": {"happy": 0.760570824146,"not_happy": 0.239429175854},"probability": 0.760570824146,"value": "happy"},"mood_party": {"all": {"not_party": 0.31918206811,"party": 0.680817961693},"probability": 0.680817961693,"value": "party"},"mood_relaxed": {"all": {"not_relaxed": 0.936190485954,"relaxed": 0.0638095363975},"probability": 0.936190485954,"value": "not_relaxed"},"mood_sad": {"all": {"not_sad": 0.912724971771,"sad": 0.0872750282288},"probability": 0.912724971771,"value": "not_sad"},"moods_mirex": {"all": {"Cluster1": 0.211669579148,"Cluster2": 0.0859253033996,"Cluster3": 0.0666467770934,"Cluster4": 0.0991770997643,"Cluster5": 0.536581218243},"probability": 0.536581218243,"value": "Cluster5"},"timbre": {"all": {"bright": 0.234061211348,"dark": 0.765938818455},"probability": 0.765938818455,"value": "dark"},"tonal_atonal": {"all": {"atonal": 0.0277194064111,"tonal": 0.972280621529},"probability": 0.972280621529,"value": "tonal"},"voice_instrumental": {"all": {"instrumental": 0.0236038379371,"voice": 0.976396143436},"probability": 0.976396143436,"value": "voice"}},"metadata": {"audio_properties": {"analysis_sample_rate": 44100,"bit_rate": 0,"equal_loudness": 0,"length": 212.093338013,"lossless": 1,"replay_gain": -14.2395267487,"sample_rate": 44100,"codec": "flac","downmix": "mix","md5_encoded": "5e475417e5ce3014a8de5f80785efbf3"},"tags": {"file_name": "02 - Nine Lives (feat. Tim McGraw).flac","acoustid_id": ["9ce43b80-2e1c-4b7b-96a8-4d27d28ca5b7"],"album": ["Songs From the Sparkle Lounge"],"albumartist": ["Def Leppard"],"albumartistsort": ["Def Leppard"],"artist": ["Def Leppard"],"artists": ["Def Leppard", "Tim McGraw"],"artistsort": ["Def Leppard feat. McGraw, Tim"],"asin": ["B00154QT3W"],"barcode": ["4988005512901"],"catalognumber": ["UICR 1074"],"date": ["2008-05-21"],"label": ["Universal International"],"media": ["CD"],"musicbrainz_albumartistid": ["7249b899-8db8-43e7-9e6e-22f1e736024e"],"musicbrainz_albumid": ["d9ca7bff-f35a-4144-94aa-126eeacc1611"],"musicbrainz_artistid": ["7249b899-8db8-43e7-9e6e-22f1e736024e", "7e5cfc9a-e9e1-46f1-b81a-861b12049488"],"musicbrainz_recordingid": ["3bdff5ff-88d4-4cad-acbf-e7da92a227d3"],"musicbrainz_releasegroupid": ["f8494f1a-caf3-37bd-9e36-05028306bfff"],"musicbrainz_releasetrackid": ["d985d101-36e8-343d-b3f1-69f8a5ff0c55"],"originaldate": ["2008"],"performer": ["Tim McGraw (additional guest lead vocals)"],"releasecountry": ["JP"],"releasestatus": ["official"],"releasetype": ["album"],"script": ["Latn"],"title": ["Nine Lives (feat. Tim McGraw)"],"totaltracks": ["13"],"tracknumber": ["2"],"tracktotal": ["13"]},"version": {"highlevel": {"essentia": "2.1-beta5-dev","essentia_build_sha": "e74af04b57b164eed312abeef4963962215860f0","essentia_git_sha": "v2.1_beta4-499-g4013ebc","extractor": "music 2.0","gaia": "2.4.5","gaia_git_sha": "v2.4.4-44-g95f4851","models_essentia_git_sha": "v2.1_beta1"},"lowlevel": {"essentia": "2.1-beta1","essentia_build_sha": "ca57ba49d9b1854bd80e60cf9ccf267278fb7d6b","essentia_git_sha": "v2.1_beta1-28-g21ef5f4-dirty","extractor": "music 1.0"}}}}