{"highlevel": {"danceability": {"all": {"danceable": 3.00000096379e-14,"not_danceable": 1},"probability": 1,"value": "not_danceable"},"gender": {"all": {"female": 0.885266959667,"male": 0.114733025432},"probability": 0.885266959667,"value": "female"},"genre_dortmund": {"all": {"alternative": 0.00732264993712,"blues": 0.00163529941346,"electronic": 0.980146944523,"folkcountry": 0.00887798890471,"funksoulrnb": 5.42054294783e-05,"jazz": 0.000729313003831,"pop": 0.000225202325964,"raphiphop": 3.63678263966e-05,"rock": 0.000972055713646},"probability": 0.980146944523,"value": "electronic"},"genre_electronic": {"all": {"ambient": 0.491888791323,"dnb": 0.0229372996837,"house": 0.212928965688,"techno": 0.020598558709,"trance": 0.251646369696},"probability": 0.491888791323,"value": "ambient"},"genre_rosamerica": {"all": {"cla": 0.00439214007929,"dan": 0.0121425222605,"hip": 0.00352723454125,"jaz": 0.0254141278565,"pop": 0.655325651169,"rhy": 0.244958296418,"roc": 0.053120829165,"spe": 0.00111921795178},"probability": 0.655325651169,"value": "pop"},"genre_tzanetakis": {"all": {"blu": 0.0602583475411,"cla": 0.0334702320397,"cou": 0.0753030031919,"dis": 0.0501960143447,"hip": 0.150579765439,"jaz": 0.150559931993,"met": 0.0430139601231,"pop": 0.0752755925059,"reg": 0.0602226257324,"roc": 0.301120519638},"probability": 0.301120519638,"value": "roc"},"ismir04_rhythm": {"all": {"ChaChaCha": 0.0677557215095,"Jive": 0.110443003476,"Quickstep": 0.00674081174657,"Rumba-American": 0.0166861750185,"Rumba-International": 0.0210942979902,"Rumba-Misc": 0.00942587293684,"Samba": 0.0181603990495,"Tango": 0.0230931546539,"VienneseWaltz": 0.71902859211,"Waltz": 0.00757199153304},"probability": 0.71902859211,"value": "VienneseWaltz"},"mood_acoustic": {"all": {"acoustic": 0.0411318987608,"not_acoustic": 0.958868086338},"probability": 0.958868086338,"value": "not_acoustic"},"mood_aggressive": {"all": {"aggressive": 3.00000096379e-14,"not_aggressive": 1},"probability": 1,"value": "not_aggressive"},"mood_electronic": {"all": {"electronic": 0.977039217949,"not_electronic": 0.0229607913643},"probability": 0.977039217949,"value": "electronic"},"mood_happy": {"all": {"happy": 0.783651769161,"not_happy": 0.21634824574},"probability": 0.783651769161,"value": "happy"},"mood_party": {"all": {"not_party": 0.999984204769,"party": 1.57754657266e-05},"probability": 0.999984204769,"value": "not_party"},"mood_relaxed": {"all": {"not_relaxed": 0.191182896495,"relaxed": 0.808817088604},"probability": 0.808817088604,"value": "relaxed"},"mood_sad": {"all": {"not_sad": 0.543069720268,"sad": 0.456930279732},"probability": 0.543069720268,"value": "not_sad"},"moods_mirex": {"all": {"Cluster1": 0.0863207280636,"Cluster2": 0.157255172729,"Cluster3": 0.269183635712,"Cluster4": 0.0784184485674,"Cluster5": 0.408822000027},"probability": 0.408822000027,"value": "Cluster5"},"timbre": {"all": {"bright": 0.999999821186,"dark": 1.86213696907e-07},"probability": 0.999999821186,"value": "bright"},"tonal_atonal": {"all": {"atonal": 0.00652661034837,"tonal": 0.993473410606},"probability": 0.993473410606,"value": "tonal"},"voice_instrumental": {"all": {"instrumental": 0.475453466177,"voice": 0.524546504021},"probability": 0.524546504021,"value": "voice"}},"metadata": {"audio_properties": {"analysis_sample_rate": 44100,"bit_rate": 0,"equal_loudness": 0,"length": 212.533340454,"lossless": 1,"replay_gain": -13.4702663422,"sample_rate": 44100,"codec": "flac","downmix": "mix","md5_encoded": "b7c383206aa4682ff251183a2ea6d628"},"tags": {"file_name": "04 - Desire.flac","album": ["Shouldn't a Told You That"],"albumartist": ["Dixie Chicks"],"albumartistsort": ["Dixie Chicks"],"artist": ["Dixie Chicks"],"artistsort": ["Dixie Chicks"],"asin": ["B00000187J"],"barcode": ["0733792936928"],"catalognumber": ["CCR 9369-2"],"date": ["1993"],"discnumber": ["1"],"disctotal": ["1"],"genre": ["Country"],"label": ["Crystal Clear Sound"],"media": ["CD"],"musicbrainz_albumartistid": ["3248ed2d-bada-41b5-a7b6-ac88faa1f1ac"],"musicbrainz_albumid": ["44730ba8-afd7-4036-a1fd-1aa0d7e9c486"],"musicbrainz_artistid": ["3248ed2d-bada-41b5-a7b6-ac88faa1f1ac"],"musicbrainz_recordingid": ["c51cdba2-72e2-4c33-b8af-ae20132f8b38"],"musicbrainz_releasegroupid": ["990697c7-dbd0-38bd-8ad5-01cdadd84420"],"originaldate": ["1993"],"releasecountry": ["US"],"releasestatus": ["official"],"releasetype": ["album"],"script": ["Latn"],"title": ["Desire"],"totaldiscs": ["1"],"totaltracks": ["10"],"tracknumber": ["4"],"tracktotal": ["10"]},"version": {"highlevel": {"essentia": "2.1-beta5-dev","essentia_build_sha": "e74af04b57b164eed312abeef4963962215860f0","essentia_git_sha": "v2.1_beta4-499-g4013ebc","extractor": "music 2.0","gaia": "2.4.5","gaia_git_sha": "v2.4.4-44-g95f4851","models_essentia_git_sha": "v2.1_beta1"},"lowlevel": {"essentia": "2.1-beta2","essentia_build_sha": "70f2e5ece6736b2c40cc944ad0e695b16b925413","essentia_git_sha": "v2.1_beta2","extractor": "music 1.0"}}}}