{"highlevel": {"danceability": {"all": {"danceable": 0.928040266037,"not_danceable": 0.0719597563148},"probability": 0.928040266037,"value": "danceable"},"gender": {"all": {"female": 0.646165668964,"male": 0.353834360838},"probability": 0.646165668964,"value": "female"},"genre_dortmund": {"all": {"alternative": 0.001606333768,"blues": 0.000484014046378,"electronic": 0.988906025887,"folkcountry": 0.000515962368809,"funksoulrnb": 2.93430548481e-05,"jazz": 0.00721254199743,"pop": 8.34662132547e-05,"raphiphop": 5.326479004e-05,"rock": 0.00110903382301},"probability": 0.988906025887,"value": "electronic"},"genre_electronic": {"all": {"ambient": 0.632385313511,"dnb": 0.010343041271,"house": 0.121153257787,"techno": 0.202785551548,"trance": 0.0333328209817},"probability": 0.632385313511,"value": "ambient"},"genre_rosamerica": {"all": {"cla": 0.00844294205308,"dan": 0.0378781296313,"hip": 0.415608435869,"jaz": 0.0375424772501,"pop": 0.0151813756675,"rhy": 0.440117627382,"roc": 0.00719767436385,"spe": 0.0380313433707},"probability": 0.440117627382,"value": "rhy"},"genre_tzanetakis": {"all": {"blu": 0.0617713928223,"cla": 0.0343018434942,"cou": 0.102904699743,"dis": 0.0514719486237,"hip": 0.154438391328,"jaz": 0.309046447277,"met": 0.0441263727844,"pop": 0.0772129744291,"reg": 0.0617708563805,"roc": 0.102955065668},"probability": 0.309046447277,"value": "jaz"},"ismir04_rhythm": {"all": {"ChaChaCha": 0.771086931229,"Jive": 0.0103044612333,"Quickstep": 0.00444614794105,"Rumba-American": 0.0439649857581,"Rumba-International": 0.0906335040927,"Rumba-Misc": 0.0116146942601,"Samba": 0.0395236499608,"Tango": 0.0197205301374,"VienneseWaltz": 0.00647322973236,"Waltz": 0.00223184912466},"probability": 0.771086931229,"value": "ChaChaCha"},"mood_acoustic": {"all": {"acoustic": 0.00502541055903,"not_acoustic": 0.99497461319},"probability": 0.99497461319,"value": "not_acoustic"},"mood_aggressive": {"all": {"aggressive": 3.00000096379e-14,"not_aggressive": 1},"probability": 1,"value": "not_aggressive"},"mood_electronic": {"all": {"electronic": 0.96238642931,"not_electronic": 0.0376135781407},"probability": 0.96238642931,"value": "electronic"},"mood_happy": {"all": {"happy": 0.168057456613,"not_happy": 0.831942558289},"probability": 0.831942558289,"value": "not_happy"},"mood_party": {"all": {"not_party": 0.999901115894,"party": 9.88641550066e-05},"probability": 0.999901115894,"value": "not_party"},"mood_relaxed": {"all": {"not_relaxed": 0.191182896495,"relaxed": 0.808817088604},"probability": 0.808817088604,"value": "relaxed"},"mood_sad": {"all": {"not_sad": 0.493284851313,"sad": 0.50671517849},"probability": 0.50671517849,"value": "sad"},"moods_mirex": {"all": {"Cluster1": 0.109409846365,"Cluster2": 0.0864082351327,"Cluster3": 0.129728451371,"Cluster4": 0.0442576259375,"Cluster5": 0.630195856094},"probability": 0.630195856094,"value": "Cluster5"},"timbre": {"all": {"bright": 0.000454637978692,"dark": 0.99954533577},"probability": 0.99954533577,"value": "dark"},"tonal_atonal": {"all": {"atonal": 0.99999755621,"tonal": 2.43117938226e-06},"probability": 0.99999755621,"value": "atonal"},"voice_instrumental": {"all": {"instrumental": 0.999999642372,"voice": 3.81781660508e-07},"probability": 0.999999642372,"value": "instrumental"}},"metadata": {"audio_properties": {"analysis_sample_rate": 44100,"bit_rate": 121610,"equal_loudness": 0,"length": 301.114532471,"lossless": 0,"replay_gain": -8.15929222107,"sample_rate": 44100,"codec": "mp3","downmix": "mix","md5_encoded": "667752bdcd215607c8842b93022fa96d"},"tags": {"file_name": "09 The Party Oughta Be Comin' Soon.mp3","acoustid_id": ["1508f51a-844a-48f7-8bbe-f5356adf7768"],"album": ["Standing on the Rooftop"],"albumartist": ["Madeleine Peyroux"],"albumartistsort": ["Peyroux, Madeleine"],"artist": ["Madeleine Peyroux"],"artistsort": ["Peyroux, Madeleine"],"asin": ["B004Z9B7OU"],"barcode": ["602527734668"],"catalognumber": ["0602527734668"],"date": ["2011"],"discnumber": ["1\/1"],"isrc": ["GBUM71103700"],"label": ["EmArcy"],"media": ["CD"],"musicbrainz album release country": ["XE"],"musicbrainz album status": ["official"],"musicbrainz album type": ["album"],"musicbrainz_albumartistid": ["7f260b9c-bea7-469b-9ba8-0daec7d2c85c"],"musicbrainz_albumid": ["52992f96-47c7-422b-91d7-9cb062264999"],"musicbrainz_artistid": ["7f260b9c-bea7-469b-9ba8-0daec7d2c85c"],"musicbrainz_recordingid": ["c583734a-1bf8-4345-aa14-e41a8e470b9c"],"musicbrainz_releasegroupid": ["a21f4420-1c07-44d0-8135-c52e7cc79e2f"],"originaldate": ["2011"],"script": ["Latn"],"title": ["The Party Oughta Be Comin' Soon"],"tracknumber": ["9\/15"]},"version": {"highlevel": {"essentia": "2.1-beta5-dev","essentia_build_sha": "e74af04b57b164eed312abeef4963962215860f0","essentia_git_sha": "v2.1_beta4-499-g4013ebc","extractor": "music 2.0","gaia": "2.4.5","gaia_git_sha": "v2.4.4-44-g95f4851","models_essentia_git_sha": "v2.1_beta1"},"lowlevel": {"essentia": "2.1-beta1","essentia_build_sha": "ca57ba49d9b1854bd80e60cf9ccf267278fb7d6b","essentia_git_sha": "v2.1_beta1-28-g21ef5f4-dirty","extractor": "music 1.0"}}}}