{"highlevel": {"danceability": {"all": {"danceable": 3.00000096379e-14,"not_danceable": 1},"probability": 1,"value": "not_danceable"},"gender": {"all": {"female": 0.662467062473,"male": 0.337532937527},"probability": 0.662467062473,"value": "female"},"genre_dortmund": {"all": {"alternative": 6.10993325162e-14,"blues": 7.55136919791e-14,"electronic": 0.999999701977,"folkcountry": 2.08563815107e-08,"funksoulrnb": 1.85645152584e-08,"jazz": 9.93418822759e-08,"pop": 1.47502001724e-08,"raphiphop": 2.07554471388e-08,"rock": 1.0997771227e-07},"probability": 0.999999701977,"value": "electronic"},"genre_electronic": {"all": {"ambient": 0.254212021828,"dnb": 0.00136388232931,"house": 0.0307519435883,"techno": 0.0175530444831,"trance": 0.696119129658},"probability": 0.696119129658,"value": "trance"},"genre_rosamerica": {"all": {"cla": 0.00596553599462,"dan": 0.330086231232,"hip": 0.348911195993,"jaz": 0.0289396326989,"pop": 0.05886111781,"rhy": 0.213572025299,"roc": 0.00690672546625,"spe": 0.00675753084943},"probability": 0.348911195993,"value": "hip"},"genre_tzanetakis": {"all": {"blu": 0.0627507790923,"cla": 0.0348575115204,"cou": 0.0627431645989,"dis": 0.0448173992336,"hip": 0.104576781392,"jaz": 0.313749134541,"met": 0.0627529844642,"pop": 0.078439347446,"reg": 0.0784381404519,"roc": 0.156874760985},"probability": 0.313749134541,"value": "jaz"},"ismir04_rhythm": {"all": {"ChaChaCha": 0.213150128722,"Jive": 0.127969875932,"Quickstep": 0.0336977802217,"Rumba-American": 0.0578953363001,"Rumba-International": 0.0315331034362,"Rumba-Misc": 0.0650116279721,"Samba": 0.0994972139597,"Tango": 0.250328332186,"VienneseWaltz": 0.0872861295938,"Waltz": 0.0336304679513},"probability": 0.250328332186,"value": "Tango"},"mood_acoustic": {"all": {"acoustic": 0.0463716350496,"not_acoustic": 0.953628361225},"probability": 0.953628361225,"value": "not_acoustic"},"mood_aggressive": {"all": {"aggressive": 3.00000096379e-14,"not_aggressive": 1},"probability": 1,"value": "not_aggressive"},"mood_electronic": {"all": {"electronic": 0.979369044304,"not_electronic": 0.0206309761852},"probability": 0.979369044304,"value": "electronic"},"mood_happy": {"all": {"happy": 0.999936819077,"not_happy": 6.31920338492e-05},"probability": 0.999936819077,"value": "happy"},"mood_party": {"all": {"not_party": 0.999984204769,"party": 1.57784106705e-05},"probability": 0.999984204769,"value": "not_party"},"mood_relaxed": {"all": {"not_relaxed": 0.191182896495,"relaxed": 0.808817088604},"probability": 0.808817088604,"value": "relaxed"},"mood_sad": {"all": {"not_sad": 0.64590215683,"sad": 0.35409784317},"probability": 0.64590215683,"value": "not_sad"},"moods_mirex": {"all": {"Cluster1": 0.0772391930223,"Cluster2": 0.0444144420326,"Cluster3": 0.227702274919,"Cluster4": 0.0306417196989,"Cluster5": 0.620002388954},"probability": 0.620002388954,"value": "Cluster5"},"timbre": {"all": {"bright": 0.0557891763747,"dark": 0.944210827351},"probability": 0.944210827351,"value": "dark"},"tonal_atonal": {"all": {"atonal": 0.999998152256,"tonal": 1.83197141723e-06},"probability": 0.999998152256,"value": "atonal"},"voice_instrumental": {"all": {"instrumental": 0.91368162632,"voice": 0.0863183960319},"probability": 0.91368162632,"value": "instrumental"}},"metadata": {"audio_properties": {"analysis_sample_rate": 44100,"bit_rate": 0,"equal_loudness": 0,"length": 661,"lossless": 1,"replay_gain": -10.6432876587,"sample_rate": 44100,"codec": "flac","downmix": "mix","md5_encoded": "90e7cdfe2b9f730bb282867d9e259be8"},"tags": {"file_name": "10-Content.flac","album": ["ESCM"],"albumartist": ["BT"],"albumartistsort": ["BT"],"artist": ["BT"],"artistsort": ["BT"],"asin": ["B000005WLN"],"barcode": ["093624679929"],"catalognumber": ["9 46799-2"],"date": ["1997"],"discnumber": ["1"],"disctotal": ["1"],"genre": ["Electronic"],"isrc": ["GBAHS9701818"],"label": ["Reprise Records"],"language": ["eng"],"media": ["CD"],"musicbrainz_albumartistid": ["88e2147d-0332-46f6-85b2-b5f463ba957b"],"musicbrainz_albumid": ["0b000100-eec2-49ee-b4d7-dc3a74210aaf"],"musicbrainz_artistid": ["88e2147d-0332-46f6-85b2-b5f463ba957b"],"musicbrainz_recordingid": ["c58e0397-6347-4ee5-94e8-7161ec09ae5b"],"musicbrainz_releasegroupid": ["86cd32f9-ab9c-3cc6-8bd2-73bc82fbf511"],"originaldate": ["1997-09-22"],"releasecountry": ["US"],"releasestatus": ["official"],"releasetype": ["album"],"script": ["Latn"],"title": ["Content"],"totaldiscs": ["1"],"totaltracks": ["10"],"tracknumber": ["10"],"tracktotal": ["10"]},"version": {"highlevel": {"essentia": "2.1-beta5-dev","essentia_build_sha": "e74af04b57b164eed312abeef4963962215860f0","essentia_git_sha": "v2.1_beta4-499-g4013ebc","extractor": "music 2.0","gaia": "2.4.5","gaia_git_sha": "v2.4.4-44-g95f4851","models_essentia_git_sha": "v2.1_beta1"},"lowlevel": {"essentia": "2.1-beta2","essentia_build_sha": "70f2e5ece6736b2c40cc944ad0e695b16b925413","essentia_git_sha": "v2.1_beta2","extractor": "music 1.0"}}}}