{"highlevel": {"danceability": {"all": {"danceable": 0.871376037598,"not_danceable": 0.1286239326},"probability": 0.871376037598,"value": "danceable"},"gender": {"all": {"female": 0.349624931812,"male": 0.650375068188},"probability": 0.650375068188,"value": "male"},"genre_dortmund": {"all": {"alternative": 0.00247551337816,"blues": 0.00146013416816,"electronic": 0.987160205841,"folkcountry": 0.00148982461542,"funksoulrnb": 9.22435428947e-05,"jazz": 0.00600969605148,"pop": 0.000116690280265,"raphiphop": 0.000237873187871,"rock": 0.000957832788117},"probability": 0.987160205841,"value": "electronic"},"genre_electronic": {"all": {"ambient": 0.480463832617,"dnb": 0.0177963078022,"house": 0.394567430019,"techno": 0.037549700588,"trance": 0.0696227550507},"probability": 0.480463832617,"value": "ambient"},"genre_rosamerica": {"all": {"cla": 0.0335863009095,"dan": 0.0191192235798,"hip": 0.151860758662,"jaz": 0.269477009773,"pop": 0.0398413948715,"rhy": 0.416189521551,"roc": 0.0111433910206,"spe": 0.0587823912501},"probability": 0.416189521551,"value": "rhy"},"genre_tzanetakis": {"all": {"blu": 0.0626613423228,"cla": 0.0348169617355,"cou": 0.104475811124,"dis": 0.0784321576357,"hip": 0.15692435205,"jaz": 0.313974827528,"met": 0.0448166541755,"pop": 0.0627359300852,"reg": 0.0627360641956,"roc": 0.0784258767962},"probability": 0.313974827528,"value": "jaz"},"ismir04_rhythm": {"all": {"ChaChaCha": 0.117606215179,"Jive": 0.0660096332431,"Quickstep": 0.0275895427912,"Rumba-American": 0.0606673099101,"Rumba-International": 0.0532480105758,"Rumba-Misc": 0.0378725938499,"Samba": 0.0721379220486,"Tango": 0.492384344339,"VienneseWaltz": 0.0577322840691,"Waltz": 0.0147521579638},"probability": 0.492384344339,"value": "Tango"},"mood_acoustic": {"all": {"acoustic": 0.462311178446,"not_acoustic": 0.537688791752},"probability": 0.537688791752,"value": "not_acoustic"},"mood_aggressive": {"all": {"aggressive": 0.229580283165,"not_aggressive": 0.770419716835},"probability": 0.770419716835,"value": "not_aggressive"},"mood_electronic": {"all": {"electronic": 0.773588776588,"not_electronic": 0.22641120851},"probability": 0.773588776588,"value": "electronic"},"mood_happy": {"all": {"happy": 0.0513508506119,"not_happy": 0.948649168015},"probability": 0.948649168015,"value": "not_happy"},"mood_party": {"all": {"not_party": 0.387665331364,"party": 0.612334668636},"probability": 0.612334668636,"value": "party"},"mood_relaxed": {"all": {"not_relaxed": 0.0155784627423,"relaxed": 0.984421551228},"probability": 0.984421551228,"value": "relaxed"},"mood_sad": {"all": {"not_sad": 0.350510060787,"sad": 0.649489939213},"probability": 0.649489939213,"value": "sad"},"moods_mirex": {"all": {"Cluster1": 0.11191894114,"Cluster2": 0.180214777589,"Cluster3": 0.214201420546,"Cluster4": 0.109341330826,"Cluster5": 0.38432353735},"probability": 0.38432353735,"value": "Cluster5"},"timbre": {"all": {"bright": 0.368197977543,"dark": 0.631802022457},"probability": 0.631802022457,"value": "dark"},"tonal_atonal": {"all": {"atonal": 0.82638579607,"tonal": 0.173614218831},"probability": 0.82638579607,"value": "atonal"},"voice_instrumental": {"all": {"instrumental": 0.581904351711,"voice": 0.418095678091},"probability": 0.581904351711,"value": "instrumental"}},"metadata": {"audio_properties": {"analysis_sample_rate": 44100,"bit_rate": 160016,"equal_loudness": 0,"length": 257.410614014,"lossless": 0,"replay_gain": -13.4872055054,"sample_rate": 44100,"codec": "mp3","downmix": "mix","md5_encoded": "faaedeb9e30ced489cdd3fed68c5976c"},"tags": {"file_name": "Spacek - Motion Control.mp3","album": ["Vintage Hi-Tech"],"albumartist": ["Spacek"],"albumartistsort": ["Spacek"],"artist": ["Spacek"],"artistsort": ["Spacek"],"asin": ["B00008IAL0"],"barcode": ["730003714429"],"catalognumber": ["!K7144CD"],"date": ["2003"],"discnumber": ["1\/1"],"encoding": ["Lavf56.36.100"],"label": ["!K7"],"media": ["CD"],"musicbrainz album release country": ["DE"],"musicbrainz album status": ["official"],"musicbrainz album type": ["album"],"musicbrainz_albumartistid": ["9b7bb0d4-0855-48a5-9a33-0be3415b5de1"],"musicbrainz_albumid": ["c13efa96-a5bc-4110-b34a-780a4d7dc646"],"musicbrainz_artistid": ["9b7bb0d4-0855-48a5-9a33-0be3415b5de1"],"musicbrainz_recordingid": ["c5bb227d-a71d-4d52-b846-4db2e16ec4e3"],"musicbrainz_releasegroupid": ["00afa888-62e5-3921-8bde-1ce785bd15bb"],"originaldate": ["2003"],"originalyear": ["2003"],"script": ["Latn"],"title": ["Motion Control"],"tracknumber": ["2\/9"]},"version": {"highlevel": {"essentia": "2.1-beta5-dev","essentia_build_sha": "e74af04b57b164eed312abeef4963962215860f0","essentia_git_sha": "v2.1_beta4-499-g4013ebc","extractor": "music 2.0","gaia": "2.4.5","gaia_git_sha": "v2.4.4-44-g95f4851","models_essentia_git_sha": "v2.1_beta1"},"lowlevel": {"essentia": "2.1-beta2","essentia_build_sha": "70f2e5ece6736b2c40cc944ad0e695b16b925413","essentia_git_sha": "v2.1_beta2","extractor": "music 1.0"}}}}