{"highlevel": {"danceability": {"all": {"danceable": 3.00000096379e-14,"not_danceable": 1},"probability": 1,"value": "not_danceable"},"gender": {"all": {"female": 0.381385594606,"male": 0.618614375591},"probability": 0.618614375591,"value": "male"},"genre_dortmund": {"all": {"alternative": 0.0760389491916,"blues": 0.106253296137,"electronic": 0.0530375503004,"folkcountry": 0.527936935425,"funksoulrnb": 0.00676583265886,"jazz": 0.0474030934274,"pop": 0.0395078733563,"raphiphop": 0.00410905154422,"rock": 0.138947427273},"probability": 0.527936935425,"value": "folkcountry"},"genre_electronic": {"all": {"ambient": 0.835473179817,"dnb": 0.0373107455671,"house": 0.0719098001719,"techno": 0.0126641541719,"trance": 0.0426421426237},"probability": 0.835473179817,"value": "ambient"},"genre_rosamerica": {"all": {"cla": 0.0171240922064,"dan": 0.0207623559982,"hip": 0.0167873706669,"jaz": 0.2511036098,"pop": 0.21283467114,"rhy": 0.385185629129,"roc": 0.0882116034627,"spe": 0.00799068529159},"probability": 0.385185629129,"value": "rhy"},"genre_tzanetakis": {"all": {"blu": 0.0633461624384,"cla": 0.0351527631283,"cou": 0.0632593035698,"dis": 0.0632556527853,"hip": 0.105434909463,"jaz": 0.316368162632,"met": 0.0527201220393,"pop": 0.0790681615472,"reg": 0.0632537379861,"roc": 0.158141031861},"probability": 0.316368162632,"value": "jaz"},"ismir04_rhythm": {"all": {"ChaChaCha": 0.708732843399,"Jive": 0.0396026112139,"Quickstep": 0.0255055632442,"Rumba-American": 0.0525178797543,"Rumba-International": 0.0294555891305,"Rumba-Misc": 0.0143297659233,"Samba": 0.0278950911015,"Tango": 0.0770122483373,"VienneseWaltz": 0.0169080477208,"Waltz": 0.00804037414491},"probability": 0.708732843399,"value": "ChaChaCha"},"mood_acoustic": {"all": {"acoustic": 0.0937610864639,"not_acoustic": 0.906238913536},"probability": 0.906238913536,"value": "not_acoustic"},"mood_aggressive": {"all": {"aggressive": 3.00000096379e-14,"not_aggressive": 1},"probability": 1,"value": "not_aggressive"},"mood_electronic": {"all": {"electronic": 0.979391694069,"not_electronic": 0.0206083152443},"probability": 0.979391694069,"value": "electronic"},"mood_happy": {"all": {"happy": 0.706939637661,"not_happy": 0.293060362339},"probability": 0.706939637661,"value": "happy"},"mood_party": {"all": {"not_party": 0.999984204769,"party": 1.57784197654e-05},"probability": 0.999984204769,"value": "not_party"},"mood_relaxed": {"all": {"not_relaxed": 0.191182896495,"relaxed": 0.808817088604},"probability": 0.808817088604,"value": "relaxed"},"mood_sad": {"all": {"not_sad": 0.430159807205,"sad": 0.569840192795},"probability": 0.569840192795,"value": "sad"},"moods_mirex": {"all": {"Cluster1": 0.14663875103,"Cluster2": 0.50570255518,"Cluster3": 0.111465863883,"Cluster4": 0.181620255113,"Cluster5": 0.0545725822449},"probability": 0.50570255518,"value": "Cluster2"},"timbre": {"all": {"bright": 1,"dark": 1.74173053757e-09},"probability": 1,"value": "bright"},"tonal_atonal": {"all": {"atonal": 0.00744524784386,"tonal": 0.992554724216},"probability": 0.992554724216,"value": "tonal"},"voice_instrumental": {"all": {"instrumental": 0.728846609592,"voice": 0.271153390408},"probability": 0.728846609592,"value": "instrumental"}},"metadata": {"audio_properties": {"analysis_sample_rate": 44100,"bit_rate": 0,"equal_loudness": 0,"length": 149.600006104,"lossless": 1,"replay_gain": -6.31024551392,"sample_rate": 44100,"codec": "flac","downmix": "mix","md5_encoded": "3a5577200767f1027661a322de68ed7c"},"tags": {"file_name": "07. Sail Away.flac","acoustid_id": ["a236f809-1e83-4ab7-9f40-98b4d5e5e597"],"album": ["Mardi Gras"],"albumartist": ["Creedence Clearwater Revival"],"albumartistsort": ["Creedence Clearwater Revival"],"artist": ["Creedence Clearwater Revival"],"artistsort": ["Creedence Clearwater Revival"],"asin": ["B000000XCM"],"catalognumber": ["9404"],"date": ["1972-04-11"],"discnumber": ["1"],"disctotal": ["1"],"genre": ["Country-Rock", "Americana", "Southern Rock", "1972", "Rock", "Cosmic American Music", "Swamp Rock", "Classic Rock"],"isrc": ["DEA319906912"],"label": ["Fantasy"],"media": ["12\" Vinyl"],"musicbrainz_albumartistid": ["109958eb-a335-4c5e-907e-597ff4c6af46"],"musicbrainz_albumid": ["7fa4b1f3-db86-43cc-b3e6-2aa888082b46"],"musicbrainz_artistid": ["109958eb-a335-4c5e-907e-597ff4c6af46"],"musicbrainz_recordingid": ["984cee54-87bd-4fa8-8e2a-6235c715619d"],"musicbrainz_releasegroupid": ["b0732b50-1b4e-34a3-bd82-d23c8437d6ba"],"originaldate": ["1972-04-11"],"releasecountry": ["US"],"releasestatus": ["official"],"releasetype": ["album"],"script": ["Latn"],"title": ["Sail Away"],"totaldiscs": ["1"],"totaltracks": ["10"],"tracknumber": ["7"],"tracktotal": ["10"]},"version": {"highlevel": {"essentia": "2.1-beta5-dev","essentia_build_sha": "e74af04b57b164eed312abeef4963962215860f0","essentia_git_sha": "v2.1_beta4-499-g4013ebc","extractor": "music 2.0","gaia": "2.4.5","gaia_git_sha": "v2.4.4-44-g95f4851","models_essentia_git_sha": "v2.1_beta1"},"lowlevel": {"essentia": "2.1-beta2","essentia_build_sha": "70f2e5ece6736b2c40cc944ad0e695b16b925413","essentia_git_sha": "v2.1_beta2","extractor": "music 1.0"}}}}