{"highlevel": {"danceability": {"all": {"danceable": 0.869225621223,"not_danceable": 0.130774363875},"probability": 0.869225621223,"value": "danceable"},"gender": {"all": {"female": 0.99666851759,"male": 0.00333147705533},"probability": 0.99666851759,"value": "female"},"genre_dortmund": {"all": {"alternative": 0.0525227747858,"blues": 0.0131250023842,"electronic": 0.894696593285,"folkcountry": 0.0152447596192,"funksoulrnb": 0.00212714471854,"jazz": 0.00596433272585,"pop": 0.00183501443826,"raphiphop": 0.0013949489221,"rock": 0.0130894202739},"probability": 0.894696593285,"value": "electronic"},"genre_electronic": {"all": {"ambient": 0.512732088566,"dnb": 0.0879123881459,"house": 0.099832482636,"techno": 0.0205130577087,"trance": 0.279009968042},"probability": 0.512732088566,"value": "ambient"},"genre_rosamerica": {"all": {"cla": 0.019635906443,"dan": 0.0247169695795,"hip": 0.330671668053,"jaz": 0.0482643432915,"pop": 0.475694775581,"rhy": 0.0442663356662,"roc": 0.0538001507521,"spe": 0.00294985156506},"probability": 0.475694775581,"value": "pop"},"genre_tzanetakis": {"all": {"blu": 0.0626613423228,"cla": 0.0348169617355,"cou": 0.104475811124,"dis": 0.0784321576357,"hip": 0.15692435205,"jaz": 0.313974827528,"met": 0.0448166541755,"pop": 0.0627359300852,"reg": 0.0627360641956,"roc": 0.0784258767962},"probability": 0.313974827528,"value": "jaz"},"ismir04_rhythm": {"all": {"ChaChaCha": 0.98344129324,"Jive": 0.00162523344625,"Quickstep": 0.00047897870536,"Rumba-American": 0.0045578898862,"Rumba-International": 0.000469895428978,"Rumba-Misc": 0.000261244626017,"Samba": 0.00164179108106,"Tango": 0.00288792815991,"VienneseWaltz": 0.00453166104853,"Waltz": 0.000104070008092},"probability": 0.98344129324,"value": "ChaChaCha"},"mood_acoustic": {"all": {"acoustic": 0.0476565659046,"not_acoustic": 0.952343404293},"probability": 0.952343404293,"value": "not_acoustic"},"mood_aggressive": {"all": {"aggressive": 0.71820217371,"not_aggressive": 0.281797856092},"probability": 0.71820217371,"value": "aggressive"},"mood_electronic": {"all": {"electronic": 0.875111341476,"not_electronic": 0.124888665974},"probability": 0.875111341476,"value": "electronic"},"mood_happy": {"all": {"happy": 0.201812013984,"not_happy": 0.798187971115},"probability": 0.798187971115,"value": "not_happy"},"mood_party": {"all": {"not_party": 0.169148370624,"party": 0.830851614475},"probability": 0.830851614475,"value": "party"},"mood_relaxed": {"all": {"not_relaxed": 0.91592168808,"relaxed": 0.0840783044696},"probability": 0.91592168808,"value": "not_relaxed"},"mood_sad": {"all": {"not_sad": 0.862855195999,"sad": 0.137144818902},"probability": 0.862855195999,"value": "not_sad"},"moods_mirex": {"all": {"Cluster1": 0.0569015294313,"Cluster2": 0.0887532830238,"Cluster3": 0.0894641429186,"Cluster4": 0.182484090328,"Cluster5": 0.582396924496},"probability": 0.582396924496,"value": "Cluster5"},"timbre": {"all": {"bright": 0.149449497461,"dark": 0.850550532341},"probability": 0.850550532341,"value": "dark"},"tonal_atonal": {"all": {"atonal": 0.961600005627,"tonal": 0.0383999831975},"probability": 0.961600005627,"value": "atonal"},"voice_instrumental": {"all": {"instrumental": 0.18076145649,"voice": 0.81923854351},"probability": 0.81923854351,"value": "voice"}},"metadata": {"audio_properties": {"analysis_sample_rate": 44100,"bit_rate": 305941,"equal_loudness": 0,"length": 222.093063354,"lossless": 0,"replay_gain": -15.8616390228,"sample_rate": 44100,"codec": "mp3","downmix": "mix","md5_encoded": "42ac3ee3eeff646e56dd2e9af44cb1c1"},"tags": {"file_name": "2105811.mp3","musicbrainz_recordingid": ["9896ded5-7db3-450c-aaaa-1efbec367be3"]},"version": {"highlevel": {"essentia": "2.1-beta5-dev","essentia_build_sha": "e74af04b57b164eed312abeef4963962215860f0","essentia_git_sha": "v2.1_beta4-499-g4013ebc","extractor": "music 2.0","gaia": "2.4.5","gaia_git_sha": "v2.4.4-44-g95f4851","models_essentia_git_sha": "v2.1_beta1"},"lowlevel": {"essentia": "2.1-beta2","essentia_build_sha": "70f2e5ece6736b2c40cc944ad0e695b16b925413","essentia_git_sha": "v2.1_beta2","extractor": "music 1.0"}}}}