{"highlevel": {"danceability": {"all": {"danceable": 0.311251103878,"not_danceable": 0.688748896122},"probability": 0.688748896122,"value": "not_danceable"},"gender": {"all": {"female": 0.640263259411,"male": 0.359736740589},"probability": 0.640263259411,"value": "female"},"genre_dortmund": {"all": {"alternative": 0.0491802319884,"blues": 0.00674608442932,"electronic": 0.922911286354,"folkcountry": 0.0077236527577,"funksoulrnb": 0.000721289718058,"jazz": 0.00149528007023,"pop": 0.00148057122715,"raphiphop": 0.000662238744553,"rock": 0.0090793883428},"probability": 0.922911286354,"value": "electronic"},"genre_electronic": {"all": {"ambient": 0.306663900614,"dnb": 0.0405543446541,"house": 0.18192204833,"techno": 0.0203085131943,"trance": 0.450551182032},"probability": 0.450551182032,"value": "trance"},"genre_rosamerica": {"all": {"cla": 0.00550831574947,"dan": 0.0327340327203,"hip": 0.03995411098,"jaz": 0.00762626808137,"pop": 0.225117504597,"rhy": 0.0166099313647,"roc": 0.668567478657,"spe": 0.00388235901482},"probability": 0.668567478657,"value": "roc"},"genre_tzanetakis": {"all": {"blu": 0.0620671063662,"cla": 0.034474901855,"cou": 0.103433981538,"dis": 0.0620971247554,"hip": 0.15527240932,"jaz": 0.310666948557,"met": 0.044346679002,"pop": 0.0620793737471,"reg": 0.0620816536248,"roc": 0.103479810059},"probability": 0.310666948557,"value": "jaz"},"ismir04_rhythm": {"all": {"ChaChaCha": 0.541221141815,"Jive": 0.089013196528,"Quickstep": 0.0160372182727,"Rumba-American": 0.0320283360779,"Rumba-International": 0.01441932749,"Rumba-Misc": 0.0116190668195,"Samba": 0.0511524453759,"Tango": 0.167123883963,"VienneseWaltz": 0.0682195872068,"Waltz": 0.00916582625359},"probability": 0.541221141815,"value": "ChaChaCha"},"mood_acoustic": {"all": {"acoustic": 0.00333680748008,"not_acoustic": 0.996663212776},"probability": 0.996663212776,"value": "not_acoustic"},"mood_aggressive": {"all": {"aggressive": 0.762990057468,"not_aggressive": 0.237009912729},"probability": 0.762990057468,"value": "aggressive"},"mood_electronic": {"all": {"electronic": 0.479437917471,"not_electronic": 0.520562052727},"probability": 0.520562052727,"value": "not_electronic"},"mood_happy": {"all": {"happy": 0.383634030819,"not_happy": 0.616365969181},"probability": 0.616365969181,"value": "not_happy"},"mood_party": {"all": {"not_party": 0.135036230087,"party": 0.864963769913},"probability": 0.864963769913,"value": "party"},"mood_relaxed": {"all": {"not_relaxed": 0.948672294617,"relaxed": 0.0513277053833},"probability": 0.948672294617,"value": "not_relaxed"},"mood_sad": {"all": {"not_sad": 0.947675287724,"sad": 0.0523246899247},"probability": 0.947675287724,"value": "not_sad"},"moods_mirex": {"all": {"Cluster1": 0.0799501910806,"Cluster2": 0.0514562241733,"Cluster3": 0.0324582979083,"Cluster4": 0.0521605983377,"Cluster5": 0.783974707127},"probability": 0.783974707127,"value": "Cluster5"},"timbre": {"all": {"bright": 0.00702157709748,"dark": 0.992978394032},"probability": 0.992978394032,"value": "dark"},"tonal_atonal": {"all": {"atonal": 0.937748193741,"tonal": 0.0622518099844},"probability": 0.937748193741,"value": "atonal"},"voice_instrumental": {"all": {"instrumental": 0.0402028374374,"voice": 0.959797143936},"probability": 0.959797143936,"value": "voice"}},"metadata": {"audio_properties": {"analysis_sample_rate": 44100,"bit_rate": 0,"equal_loudness": 0,"length": 267.85333252,"lossless": 1,"replay_gain": -15.4198856354,"sample_rate": 44100,"codec": "flac","downmix": "mix","md5_encoded": "578a694af4a241efd893427a4605d86f"},"tags": {"file_name": "08. Megadeth - The Blackest Crow.flac","acoustid_id": ["f526c710-e4cd-4b09-a9b7-62e1a2a7cb84"],"album": ["Super Collider"],"album artist": ["Megadeth"],"albumartist": ["Megadeth"],"albumartistsort": ["Megadeth"],"artist": ["Megadeth"],"artistsort": ["Megadeth"],"asin": ["B00BEXB18M"],"barcode": ["602537273720"],"catalognumber": ["0602537273720"],"date": ["2013-05-31"],"disc": ["1"],"discnumber": ["1"],"disctotal": ["1"],"encoder": ["reference libFLAC 1.2.1 20070917"],"ensemble": ["Megadeth"],"genre": ["Thrash Metal"],"isrc": ["USUM71303907"],"label": ["Tradecraft"],"media": ["CD"],"musicbrainz_albumartistid": ["a9044915-8be3-4c7e-b11f-9e2d2ea0a91e"],"musicbrainz_albumid": ["e731f394-c511-4615-bf34-889d52331703"],"musicbrainz_artistid": ["a9044915-8be3-4c7e-b11f-9e2d2ea0a91e"],"musicbrainz_recordingid": ["04f066d8-4cd4-4be3-9dd0-fffa1fadf8d0"],"originaldate": ["2013-05-31"],"releasecountry": ["FI"],"releasestatus": ["official"],"releasetype": ["album"],"replaygain_album_gain": ["-11.1700000762939 dB"],"replaygain_track_gain": ["-10.5200004577637 dB"],"replaygain_track_peak": ["1"],"script": ["Latn"],"title": ["The Blackest Crow"],"totaldiscs": ["1"],"totaltracks": ["11"],"tracknumber": ["8"],"tracktotal": ["11"]},"version": {"highlevel": {"essentia": "2.1-beta5-dev","essentia_build_sha": "e74af04b57b164eed312abeef4963962215860f0","essentia_git_sha": "v2.1_beta4-499-g4013ebc","extractor": "music 2.0","gaia": "2.4.5","gaia_git_sha": "v2.4.4-44-g95f4851","models_essentia_git_sha": "v2.1_beta1"},"lowlevel": {"essentia": "2.1-beta1","essentia_build_sha": "ca57ba49d9b1854bd80e60cf9ccf267278fb7d6b","essentia_git_sha": "v2.1_beta1-28-g21ef5f4-dirty","extractor": "music 1.0"}}}}