{"highlevel": {"danceability": {"all": {"danceable": 0.990486621857,"not_danceable": 0.00951339211315},"probability": 0.990486621857,"value": "danceable"},"gender": {"all": {"female": 3.07046065018e-07,"male": 0.999999701977},"probability": 0.999999701977,"value": "male"},"genre_dortmund": {"all": {"alternative": 0.0992504730821,"blues": 0.0214416030794,"electronic": 0.799412071705,"folkcountry": 0.0269210934639,"funksoulrnb": 0.00367471226491,"jazz": 0.0121984770522,"pop": 0.00421407073736,"raphiphop": 0.0100538125262,"rock": 0.022833686322},"probability": 0.799412071705,"value": "electronic"},"genre_electronic": {"all": {"ambient": 0.377768188715,"dnb": 0.0519401244819,"house": 0.305163025856,"techno": 0.0226058643311,"trance": 0.242522791028},"probability": 0.377768188715,"value": "ambient"},"genre_rosamerica": {"all": {"cla": 0.00360420276411,"dan": 0.0702446177602,"hip": 0.740168988705,"jaz": 0.0065860580653,"pop": 0.0487987287343,"rhy": 0.112174794078,"roc": 0.0137361669913,"spe": 0.00468644313514},"probability": 0.740168988705,"value": "hip"},"genre_tzanetakis": {"all": {"blu": 0.0620671063662,"cla": 0.034474901855,"cou": 0.103433981538,"dis": 0.0620971247554,"hip": 0.15527240932,"jaz": 0.310666948557,"met": 0.044346679002,"pop": 0.0620793737471,"reg": 0.0620816536248,"roc": 0.103479810059},"probability": 0.310666948557,"value": "jaz"},"ismir04_rhythm": {"all": {"ChaChaCha": 0.671617031097,"Jive": 0.0523326545954,"Quickstep": 0.0102660069242,"Rumba-American": 0.015763008967,"Rumba-International": 0.0316560380161,"Rumba-Misc": 0.0136785870418,"Samba": 0.0600295588374,"Tango": 0.0168846901506,"VienneseWaltz": 0.12300799042,"Waltz": 0.00476442649961},"probability": 0.671617031097,"value": "ChaChaCha"},"mood_acoustic": {"all": {"acoustic": 0.708234012127,"not_acoustic": 0.291765987873},"probability": 0.708234012127,"value": "acoustic"},"mood_aggressive": {"all": {"aggressive": 0.171579450369,"not_aggressive": 0.828420579433},"probability": 0.828420579433,"value": "not_aggressive"},"mood_electronic": {"all": {"electronic": 0.768297493458,"not_electronic": 0.231702506542},"probability": 0.768297493458,"value": "electronic"},"mood_happy": {"all": {"happy": 0.392732769251,"not_happy": 0.607267200947},"probability": 0.607267200947,"value": "not_happy"},"mood_party": {"all": {"not_party": 0.530363321304,"party": 0.469636678696},"probability": 0.530363321304,"value": "not_party"},"mood_relaxed": {"all": {"not_relaxed": 0.723947584629,"relaxed": 0.276052415371},"probability": 0.723947584629,"value": "not_relaxed"},"mood_sad": {"all": {"not_sad": 0.547522902489,"sad": 0.452477127314},"probability": 0.547522902489,"value": "not_sad"},"moods_mirex": {"all": {"Cluster1": 0.133520036936,"Cluster2": 0.313281565905,"Cluster3": 0.15232513845,"Cluster4": 0.218422368169,"Cluster5": 0.182450890541},"probability": 0.313281565905,"value": "Cluster2"},"timbre": {"all": {"bright": 0.873097479343,"dark": 0.126902505755},"probability": 0.873097479343,"value": "bright"},"tonal_atonal": {"all": {"atonal": 0.27901622653,"tonal": 0.720983803272},"probability": 0.720983803272,"value": "tonal"},"voice_instrumental": {"all": {"instrumental": 0.0317762456834,"voice": 0.968223750591},"probability": 0.968223750591,"value": "voice"}},"metadata": {"audio_properties": {"analysis_sample_rate": 44100,"bit_rate": 0,"equal_loudness": 0,"length": 262.893341064,"lossless": 1,"replay_gain": -16.143157959,"codec": "flac","downmix": "mix","md5_encoded": "6458dcfc6d051be282ede3a32b90b181"},"tags": {"file_name": "11 - Hurt Me Soul.flac","album": ["Food & Liquor"],"albumartist": ["Lupe Fiasco"],"albumartistsort": ["Fiasco, Lupe"],"albumsort": ["Food & Liquor"],"artist": ["Lupe Fiasco"],"artistsort": ["Fiasco, Lupe"],"asin": ["B000FS9MTW"],"barcode": ["075678395925"],"catalognumber": ["7567-83959-2"],"compilation": ["1"],"date": ["2006-09-19"],"discnumber": ["1"],"disctotal": ["1"],"encoding": ["--best -e -V --replay-gain"],"format": ["CD"],"genre": ["Rap", "Midwest Hip Hop", "Hip-Hop", "Alternative Hip Hop"],"isrc": ["USAT20620103"],"label": ["Atlantic"],"language": ["eng"],"media": ["CD"],"musicbrainz_albumartistid": ["cf15719f-51f9-4db8-a15d-5eed9664ce69"],"musicbrainz_albumid": ["f20f0f19-a410-4a30-9e61-b20eb933700d"],"musicbrainz_artistid": ["cf15719f-51f9-4db8-a15d-5eed9664ce69"],"musicbrainz_recordingid": ["b508bc90-d05d-4a36-9c61-dbbe17fb74f2"],"musicip_puid": ["734e5394-b5d5-24cc-594f-84bbe0d4bf7b"],"originaldate": ["2006-09-19"],"releasecountry": ["US"],"releasestatus": ["official"],"releasetype": ["album"],"replaygain_album_gain": ["-10.16 dB"],"replaygain_album_peak": ["0.99926758"],"replaygain_reference_loudness": ["89.0 dB"],"replaygain_track_gain": ["-10.16 dB"],"replaygain_track_peak": ["0.99926758"],"script": ["Latn"],"title": ["Hurt Me Soul"],"titlesort": ["Hurt Me Soul"],"totaldiscs": ["1"],"totaltracks": ["16"],"tracknumber": ["11"],"tracktotal": ["16"]},"version": {"highlevel": {"essentia": "2.1-beta5-dev","essentia_build_sha": "e74af04b57b164eed312abeef4963962215860f0","essentia_git_sha": "v2.1_beta4-499-g4013ebc","extractor": "music 2.0","gaia": "2.4.5","gaia_git_sha": "v2.4.4-44-g95f4851","models_essentia_git_sha": "v2.1_beta1"},"lowlevel": {"essentia": "2.1-beta1","essentia_build_sha": "8c2fd3ff3b9381f962a27951d857ce39398228bf","essentia_git_sha": "v2.1_beta1-7-ge0e83e8","extractor": "music 1.0"}}}}