{"highlevel": {"danceability": {"all": {"danceable": 0.77818518877,"not_danceable": 0.221814796329},"probability": 0.77818518877,"value": "danceable"},"gender": {"all": {"female": 0.207598730922,"male": 0.792401254177},"probability": 0.792401254177,"value": "male"},"genre_dortmund": {"all": {"alternative": 0.0159645564854,"blues": 0.00176150980406,"electronic": 0.9739407897,"folkcountry": 0.00503433542326,"funksoulrnb": 0.000111503744847,"jazz": 0.000441394309746,"pop": 0.000369424640667,"raphiphop": 9.06623172341e-05,"rock": 0.00228582858108},"probability": 0.9739407897,"value": "electronic"},"genre_electronic": {"all": {"ambient": 0.226821437478,"dnb": 0.0240672230721,"house": 0.121057890356,"techno": 0.0134393293411,"trance": 0.614614129066},"probability": 0.614614129066,"value": "trance"},"genre_rosamerica": {"all": {"cla": 0.00159312761389,"dan": 0.0291738659143,"hip": 0.00296741211787,"jaz": 0.00222451216541,"pop": 0.298476696014,"rhy": 0.00696325534955,"roc": 0.658173024654,"spe": 0.000428103550803},"probability": 0.658173024654,"value": "roc"},"genre_tzanetakis": {"all": {"blu": 0.0626613423228,"cla": 0.0348169617355,"cou": 0.104475811124,"dis": 0.0784321576357,"hip": 0.15692435205,"jaz": 0.313974827528,"met": 0.0448166541755,"pop": 0.0627359300852,"reg": 0.0627360641956,"roc": 0.0784258767962},"probability": 0.313974827528,"value": "jaz"},"ismir04_rhythm": {"all": {"ChaChaCha": 0.42205286026,"Jive": 0.148348942399,"Quickstep": 0.0255400333554,"Rumba-American": 0.0455962382257,"Rumba-International": 0.0325961410999,"Rumba-Misc": 0.0246342737228,"Samba": 0.066233061254,"Tango": 0.117324098945,"VienneseWaltz": 0.101137861609,"Waltz": 0.0165364891291},"probability": 0.42205286026,"value": "ChaChaCha"},"mood_acoustic": {"all": {"acoustic": 0.00306359655224,"not_acoustic": 0.996936380863},"probability": 0.996936380863,"value": "not_acoustic"},"mood_aggressive": {"all": {"aggressive": 0.482367932796,"not_aggressive": 0.517632067204},"probability": 0.517632067204,"value": "not_aggressive"},"mood_electronic": {"all": {"electronic": 0.402952253819,"not_electronic": 0.597047746181},"probability": 0.597047746181,"value": "not_electronic"},"mood_happy": {"all": {"happy": 0.658259034157,"not_happy": 0.341740995646},"probability": 0.658259034157,"value": "happy"},"mood_party": {"all": {"not_party": 0.0886207073927,"party": 0.911379277706},"probability": 0.911379277706,"value": "party"},"mood_relaxed": {"all": {"not_relaxed": 0.866383254528,"relaxed": 0.133616730571},"probability": 0.866383254528,"value": "not_relaxed"},"mood_sad": {"all": {"not_sad": 0.902340233326,"sad": 0.0976597890258},"probability": 0.902340233326,"value": "not_sad"},"moods_mirex": {"all": {"Cluster1": 0.0941729396582,"Cluster2": 0.103786706924,"Cluster3": 0.19528067112,"Cluster4": 0.176999598742,"Cluster5": 0.429760098457},"probability": 0.429760098457,"value": "Cluster5"},"timbre": {"all": {"bright": 0.574088990688,"dark": 0.425910979509},"probability": 0.574088990688,"value": "bright"},"tonal_atonal": {"all": {"atonal": 0.605837106705,"tonal": 0.394162863493},"probability": 0.605837106705,"value": "atonal"},"voice_instrumental": {"all": {"instrumental": 0.518862187862,"voice": 0.481137782335},"probability": 0.518862187862,"value": "instrumental"}},"metadata": {"audio_properties": {"analysis_sample_rate": 44100,"bit_rate": 128000,"equal_loudness": 0,"length": 218.775512695,"lossless": 0,"replay_gain": -15.487736702,"sample_rate": 44100,"codec": "mp3","downmix": "mix","md5_encoded": "0543bee67d884f6c15eb3a96194fa39c"},"tags": {"file_name": "Underneath This Smile - Hilary Duff.mp3","album": ["Hilary Duff"],"albumartist": ["Hilary Duff"],"albumartistsort": ["Duff, Hilary"],"artist": ["Hilary Duff"],"artistsort": ["Duff, Hilary"],"asin": ["B0002TFZBI"],"barcode": ["720616247322"],"catalognumber": ["2061-62473-2"],"date": ["2004-09-28"],"discnumber": ["1\/1"],"genre": ["Pop"],"label": ["Hollywood Records"],"media": ["CD"],"musicbrainz album release country": ["US"],"musicbrainz album status": ["official"],"musicbrainz album type": ["album"],"musicbrainz_albumartistid": ["bfaf9b70-d1fd-4d3e-b730-3e67e6f8f9bb"],"musicbrainz_albumid": ["e0440635-800b-4b22-80fd-551d4abbdce9"],"musicbrainz_artistid": ["bfaf9b70-d1fd-4d3e-b730-3e67e6f8f9bb"],"musicbrainz_recordingid": ["42c5c062-1f8d-4418-8afe-092aaacd3542"],"originaldate": ["2004-09-28"],"script": ["Latn"],"title": ["Underneath This Smile"],"tracknumber": ["6\/17"]},"version": {"highlevel": {"essentia": "2.1-beta5-dev","essentia_build_sha": "e74af04b57b164eed312abeef4963962215860f0","essentia_git_sha": "v2.1_beta4-499-g4013ebc","extractor": "music 2.0","gaia": "2.4.5","gaia_git_sha": "v2.4.4-44-g95f4851","models_essentia_git_sha": "v2.1_beta1"},"lowlevel": {"essentia": "2.1-beta2","essentia_build_sha": "70f2e5ece6736b2c40cc944ad0e695b16b925413","essentia_git_sha": "v2.1_beta2","extractor": "music 1.0"}}}}