{"highlevel": {"danceability": {"all": {"danceable": 0.0266260839999,"not_danceable": 0.973373889923},"probability": 0.973373889923,"value": "not_danceable"},"gender": {"all": {"female": 0.0821110606194,"male": 0.917888939381},"probability": 0.917888939381,"value": "male"},"genre_dortmund": {"all": {"alternative": 0.0438708476722,"blues": 0.358307749033,"electronic": 0.192091330886,"folkcountry": 0.215563952923,"funksoulrnb": 0.00977533031255,"jazz": 0.0988685339689,"pop": 0.0163154136389,"raphiphop": 0.00794246420264,"rock": 0.057264380157},"probability": 0.358307749033,"value": "blues"},"genre_electronic": {"all": {"ambient": 0.449867188931,"dnb": 0.00795882940292,"house": 0.516050100327,"techno": 0.017318861559,"trance": 0.0088050281629},"probability": 0.516050100327,"value": "house"},"genre_rosamerica": {"all": {"cla": 0.617008328438,"dan": 0.00748821068555,"hip": 0.0439534932375,"jaz": 0.124637581408,"pop": 0.0170297753066,"rhy": 0.0694346353412,"roc": 0.00865149404854,"spe": 0.111796475947},"probability": 0.617008328438,"value": "cla"},"genre_tzanetakis": {"all": {"blu": 0.064405605197,"cla": 0.0284218452871,"cou": 0.0706290230155,"dis": 0.0822920352221,"hip": 0.207108259201,"jaz": 0.329604059458,"met": 0.0359666272998,"pop": 0.0525547750294,"reg": 0.0569280795753,"roc": 0.0720896720886},"probability": 0.329604059458,"value": "jaz"},"ismir04_rhythm": {"all": {"ChaChaCha": 0.144764870405,"Jive": 0.0244200136513,"Quickstep": 0.0209690928459,"Rumba-American": 0.0233247559518,"Rumba-International": 0.0620194002986,"Rumba-Misc": 0.076261356473,"Samba": 0.0160348787904,"Tango": 0.103000156581,"VienneseWaltz": 0.500487744808,"Waltz": 0.0287177376449},"probability": 0.500487744808,"value": "VienneseWaltz"},"mood_acoustic": {"all": {"acoustic": 0.887895345688,"not_acoustic": 0.112104639411},"probability": 0.887895345688,"value": "acoustic"},"mood_aggressive": {"all": {"aggressive": 0.0314204469323,"not_aggressive": 0.968579530716},"probability": 0.968579530716,"value": "not_aggressive"},"mood_electronic": {"all": {"electronic": 0.434318900108,"not_electronic": 0.565681099892},"probability": 0.565681099892,"value": "not_electronic"},"mood_happy": {"all": {"happy": 0.337700605392,"not_happy": 0.662299394608},"probability": 0.662299394608,"value": "not_happy"},"mood_party": {"all": {"not_party": 0.939857721329,"party": 0.0601422861218},"probability": 0.939857721329,"value": "not_party"},"mood_relaxed": {"all": {"not_relaxed": 0.0933687612414,"relaxed": 0.906631231308},"probability": 0.906631231308,"value": "relaxed"},"mood_sad": {"all": {"not_sad": 0.20344363153,"sad": 0.796556353569},"probability": 0.796556353569,"value": "sad"},"moods_mirex": {"all": {"Cluster1": 0.063904710114,"Cluster2": 0.139494746923,"Cluster3": 0.498291045427,"Cluster4": 0.233299970627,"Cluster5": 0.0650095194578},"probability": 0.498291045427,"value": "Cluster3"},"timbre": {"all": {"bright": 0.401030629873,"dark": 0.598969340324},"probability": 0.598969340324,"value": "dark"},"tonal_atonal": {"all": {"atonal": 0.792563974857,"tonal": 0.20743599534},"probability": 0.792563974857,"value": "atonal"},"voice_instrumental": {"all": {"instrumental": 0.173742994666,"voice": 0.826256990433},"probability": 0.826256990433,"value": "voice"}},"metadata": {"audio_properties": {"analysis_sample_rate": 44100,"bit_rate": 192000,"equal_loudness": 0,"length": 202.031021118,"lossless": 0,"replay_gain": -11.1730804443,"sample_rate": 44100,"codec": "mp3","downmix": "mix","md5_encoded": "7f5c15fbdd40f19b72876f8205eac232"},"tags": {"file_name": "415985.mp3","copyright": ["japan"],"encodedby": ["iD : Rosmin"],"genre": ["J-Pop"],"musicbrainz_recordingid": ["cd5ed8ad-bea0-400a-9b09-55a3dd3a86b6"]},"version": {"highlevel": {"essentia": "2.1-beta5-dev","essentia_build_sha": "e74af04b57b164eed312abeef4963962215860f0","essentia_git_sha": "v2.1_beta4-499-g4013ebc","extractor": "music 2.0","gaia": "2.4.5","gaia_git_sha": "v2.4.4-44-g95f4851","models_essentia_git_sha": "v2.1_beta1"},"lowlevel": {"essentia": "2.1-beta2","essentia_build_sha": "70f2e5ece6736b2c40cc944ad0e695b16b925413","essentia_git_sha": "v2.1_beta2","extractor": "music 1.0"}}}}