{"highlevel": {"danceability": {"all": {"danceable": 4.48935786324e-08,"not_danceable": 0.999999940395},"probability": 0.999999940395,"value": "not_danceable"},"gender": {"all": {"female": 0.0793246552348,"male": 0.920675337315},"probability": 0.920675337315,"value": "male"},"genre_dortmund": {"all": {"alternative": 0.439466655254,"blues": 0.0260385926813,"electronic": 0.0653864815831,"folkcountry": 0.0969923734665,"funksoulrnb": 0.00427938671783,"jazz": 0.00597871979699,"pop": 0.0320470780134,"raphiphop": 0.00254543311894,"rock": 0.327265262604},"probability": 0.439466655254,"value": "alternative"},"genre_electronic": {"all": {"ambient": 0.252937167883,"dnb": 0.101257368922,"house": 0.0761781334877,"techno": 0.0194598324597,"trance": 0.550167500973},"probability": 0.550167500973,"value": "trance"},"genre_rosamerica": {"all": {"cla": 0.00013073530863,"dan": 0.0002705611696,"hip": 8.13524184196e-06,"jaz": 2.28012559091e-05,"pop": 0.00123381684534,"rhy": 2.54961614701e-05,"roc": 0.998298048973,"spe": 1.03774891613e-05},"probability": 0.998298048973,"value": "roc"},"genre_tzanetakis": {"all": {"blu": 0.0626613423228,"cla": 0.0348169617355,"cou": 0.104475811124,"dis": 0.0784321576357,"hip": 0.15692435205,"jaz": 0.313974827528,"met": 0.0448166541755,"pop": 0.0627359300852,"reg": 0.0627360641956,"roc": 0.0784258767962},"probability": 0.313974827528,"value": "jaz"},"ismir04_rhythm": {"all": {"ChaChaCha": 0.237176164985,"Jive": 0.369195669889,"Quickstep": 0.0269912797958,"Rumba-American": 0.0213863439858,"Rumba-International": 0.0213926285505,"Rumba-Misc": 0.0265849716961,"Samba": 0.0452413707972,"Tango": 0.0736995413899,"VienneseWaltz": 0.159884035587,"Waltz": 0.0184479895979},"probability": 0.369195669889,"value": "Jive"},"mood_acoustic": {"all": {"acoustic": 1.46058464452e-05,"not_acoustic": 0.999985396862},"probability": 0.999985396862,"value": "not_acoustic"},"mood_aggressive": {"all": {"aggressive": 0.992093622684,"not_aggressive": 0.00790640432388},"probability": 0.992093622684,"value": "aggressive"},"mood_electronic": {"all": {"electronic": 0.0881939083338,"not_electronic": 0.911806106567},"probability": 0.911806106567,"value": "not_electronic"},"mood_happy": {"all": {"happy": 0.94587624073,"not_happy": 0.0541237555444},"probability": 0.94587624073,"value": "happy"},"mood_party": {"all": {"not_party": 0.442538291216,"party": 0.557461678982},"probability": 0.557461678982,"value": "party"},"mood_relaxed": {"all": {"not_relaxed": 0.520065069199,"relaxed": 0.479934960604},"probability": 0.520065069199,"value": "not_relaxed"},"mood_sad": {"all": {"not_sad": 0.947266936302,"sad": 0.0527330525219},"probability": 0.947266936302,"value": "not_sad"},"moods_mirex": {"all": {"Cluster1": 0.263211786747,"Cluster2": 0.081367187202,"Cluster3": 0.0411471016705,"Cluster4": 0.0593448206782,"Cluster5": 0.554929077625},"probability": 0.554929077625,"value": "Cluster5"},"timbre": {"all": {"bright": 0.942481696606,"dark": 0.0575182810426},"probability": 0.942481696606,"value": "bright"},"tonal_atonal": {"all": {"atonal": 0.0160474777222,"tonal": 0.983952522278},"probability": 0.983952522278,"value": "tonal"},"voice_instrumental": {"all": {"instrumental": 0.000212254119106,"voice": 0.99978774786},"probability": 0.99978774786,"value": "voice"}},"metadata": {"audio_properties": {"analysis_sample_rate": 44100,"bit_rate": 256000,"equal_loudness": 0,"length": 127.085716248,"lossless": 0,"replay_gain": -15.3726634979,"sample_rate": 44100,"codec": "mp3","downmix": "mix","md5_encoded": "45a60dc082e37377da42d641767a62d9"},"tags": {"file_name": "Superchunk - Here's to Shutting Up - 02 - Rainy Streets.mp3","acoustid_fingerprint": ["AQADtFquREo2oc-OR7gQPaSGhlEO_UJ8POJxfDmeC9EhHuGL0_jxeGhYHS9OfnB-HH6Oa8EHqy387KgaIU8OPeNxvUbYE43CHA-1FT-a42UFOxmqF8-Q5yS-L0UfHZvFI_rR57jWo2T4ocnx5ELfE2koH_qQ9sKZ4LEVwYxT3MSVWciPHzocScWPfqNwGdpz-FKOPAPMiDG-C55E40cfzvhe_AjR1NB94rKHdgwsX_gm_MaXnBCPPKjE4z4unBZ6NMeHzhkcuxrqH7VyfO3hfcRzxA66-dC1HeeU40k0ZXjuID96X2hWGqeO4z8-5CR0vCfOB42P7p6h-iglHj5ywrWPXsdvlN7RnPgp5AyqHbpwCnWDoFwe-MHJI3XR8-hjWEe_aMJ7vFYR3hOa4e7xBD3e40f_occsZYaXB_-HSsyOPGrxo9ly9IdaHz9yGcelI-SRZM_gH72FpxT-CeUM36h3XEYOnZE4_FmH6wqqHX6M_EZ5GQ9O9ELfYz9OEtl3XCdq8fgX_AfD68jNoVd0pH1ZPDMcQWOOdaY25GFQr8eU49aNH7mIcyiXVtiOWw-enEJHvHhu40fjHb2UE98kPHWD58Z_VNUviCf64CWPH0-aY2akClpex-iRSzmeI-wFX0LP4i9kJplxHqeO6TnEvUdOAbaOUjau_OiOJi9-fMebIbmCvCh7OEdtXDt-juiRTg7kkC3CPDtOI4cw_cikaTJiKXhWD1p-5J2FPkXDGI--gu-HZj9CjD8eBs28GO2t4OjJQTzuGt2JD3to9HD0GPb0oH2O68fQfEeo4y3-GsePnEfJ6TBDGeJxXBksD7eOP-ngEj4qDVqP5_AN7dmFGz1hpah2_NCP8kh3o0cfoTnyUcSIfoVv6IMf_KpQNRJ-PKjUPTCzHI-Mbjeu4UoRydsFH9OPrkxceL0wifN0vMLkwUdl7XiD59jFWMalLB5xok_Q9DgRXoT2Bzm-B3kUmDqSD9-DtR-65oH7Y_oP3MKbIHwCzReeCfma4Dmeh0XzHNV6PNrxT5i8owl18EekMYRHfdBqIvxxBVfw8Phh53gPa25URF9yiPAPRv7xHDd5TOoEjwxOiOTx4xc88vgCSzsm6Dz-FOX4wD9utDcU9-iZw2oOb9GFvDLOLIfjI8ffwVuWQD-aH2dw9WiOPoeeDn2FMDyeIy8aIvzwC29M-Nnx4yz63LBPdA1yHbqU4I9I5Am14VeGFh6LnscbE8V34WYwUcOVZMh7SFeC8DooctnxC3tqwFxuXCp8F7UuHLEpQ77yoCeR7sKPfAxu1EKR0_BxFmcuwG4shMczQyf-I_qFEn9xKkeP6YfV4_iOPNtE6NMR8ih_WMeV42KYI4WI8BJezZhLfOjU4Rl2XvhjCScueD96fMZ7_LgQX8mhM7EmtA_Shy6OBw9-tei148eXhcN_5Icm8UUYPhU--fiLpluMlvjj4jZsBbkeqNKOfJIOa86OB_3xSCTCJzxu6NiPxtGKLj20yh28H9OPviZ8QSd-XDqO9_isovIbPMeP5h96De9xEt_SIewu-Lh6XNrh6vBIRHehZSXyXrhohA2J5tArRNrhHxcPb7iPq_jQ40TekITarcP1DQ334kd-_MzRMRTO4ze-Iyd-qM10PMGPrw406pqQ9iTuDD3OIxcP7RbSfA-8H32Ebzl6IYxz6EMeTDm-LDgNCzk_PIbsHZexi0dffKLRZ4ffopRvXCdOEz-06DvqH1946DMaKaqRGxfxjNh5fEcaE_qCcD9-RM-Ce4f2II9yeDw-H47Dwj96Iz--Hc8V_GhelFGSC_kRWlMVND90IdcXNIt09A9-xBcJnUfO43gkpR7KH_-Qb6kgey-c5giPk-gPG-GPH1qXrGhq4UVfNA_GQ4-M9-gMjxJ85jjxww4JtTg24i0OHz-hH--Nazi687h16GGO_0IN88e94kJFAqdQ5sFv-OiFKzm6XHCm_dAMhIevHPWPPmgcRBd-6N3xC70ikPHxKIevgTp648zx7Ohp2ElWEdMe_DhzIVeOpujy4NnRxKeI-ugJpz6mVfpQPHhn3Jj84EVn5fCIJyXOMEa-QfvxXfjRNUczSzR0JUT-B39wFLcPf0EvGT-uJcpV5FHXQQ4jB_EdNE9EoSS-CyVjBltFo0fW-ZjCQ5OVI-dV1DoaGd9D_Ki35khjVHdE6GzxHVEv8Dj54biaYjosrT1yEr_wHLtyHDdIpjCzQ8_xw9ORE19-HM_AS_B55Md5iHFjIj-o7Cg_4znCaHuh_cjBx8d9PB3WKdKOE9UfpL8WaF0QnoYn5ehDfGjSINwUDvoR_XgWgteGawq-ZD6O9g_hMQzRFbkaN5D2EfnxFM9SzDpeIcyhSSTyKQsj_ELzKEVP4kfI7kNDTTn04zz6KIE_C2XW4-OJo_Ie_HgzmOpR6cP3o3vg4-IJHX_wC6kVXD--DT9e8XiHWrqKH7129EeOWSe0_oV3AyCYJwQiJAyhBDECAYDESEAIQUAECURQjCAAiDIKSMSMA4IBAgBCAAlkqAJCACWFAEgQpUACRAAEgHLKAoAQwwYQAxAgBFAmiHHCGACIAUIZhQAQigjDhABGQSCYwEYwgAhFSgoAkREACSSIQ4gQAhAgQjKiACiCQQOocAIIQSgwSgginHbCCUSUMA5J5AwABAlgAFPYCwAFEUYwAYABABgDCGAOASIIAMNoQBwgBDgjgIGCCAAEAYoIoRghQAmlEAOEAUYAQoIIAwEA0CKpEJJeUUEU0EgwsIRTRGBECBBKKASIEIo4xAEAhAglEHIIKBKMQlYhAgARTEBECAXeOSiIMEURpYQggBkKkATMKKCAAQoEJCggTBEChBINMKqMAcgBAQxBQFJGgQAACQQIcZYYIBg0DFHHiEFCIAKoQEAgZggUDgFFiVBOCCcAIIQQo4ESQBhmCBAGAiaBMgwxYAwgwiADCACIMKKAkMAYYIVBSBJDkHRAAIcYEQA4I4hBDBDBrBCCEaks0UoQQYQ0BggBGDNAGKYEY05IBRkAwAFiQRCAEWKEAAIKoAA1RCBGEFEABCSEQc4JI5QxwDCiBdbEOKAAAEgJJQhCCAEDHDJCCQkVQoAC5AQ0BCEABEEAAEeJFcYKwIgzxgDLGCIKCMKIUcoIEAwDiApIkBACAKEUYoIogIhQAhgDCFJAOUUIUIQAAYAEQgDKgCBUKCQkE8IIwpxAChliBAHUCCsJgQQhKgGyhhggDFMqGYKEZIAwSQQkBgADACBOMCKEcUgKoohRgjiADBEQC6aAVsQQJgQkBBIkmABKCEWIYgwQwQhigikihACCMoCEYAAIgoARxABgCHFAMWGAE5QgQAoj0hkKEGCIQeCUY0QAyQAQzDDCEBIIIQEUIUQgwAQBwAGAIlGOAUYICsAAQ50CxgGGhJAGAeAYIEIQQIYjhDgHBBFAMUCYEwAIBIAhQiIhCFUCAAQ"],"acoustid_id": ["322dc5e2-a199-467c-89e5-f6857641dda3"],"album": ["Here's to Shutting Up"],"albumartist": ["Superchunk"],"albumartistsort": ["Superchunk"],"artist": ["Superchunk"],"artistsort": ["Superchunk"],"asin": ["B00005NNEN"],"catalognumber": ["HORSE012-2"],"date": ["2001"],"discnumber": ["01\/01"],"encodedby": ["iTunes 9.0.1.8"],"genre": ["Alternative and punk"],"label": ["Trifekta Records"],"language": ["eng"],"media": ["(CD)"],"musicbrainz album release country": ["AU"],"musicbrainz album status": ["Official"],"musicbrainz album type": ["Album"],"musicbrainz_albumartistid": ["61653550-fd9b-4401-8248-44f2d064d384"],"musicbrainz_albumid": ["c57d1f29-4890-4ea5-8f1f-6fc2f846cee8"],"musicbrainz_artistid": ["61653550-fd9b-4401-8248-44f2d064d384"],"musicbrainz_recordingid": ["6f44d933-b95f-4b90-ad6e-82072fa272ae"],