{"highlevel": {"danceability": {"all": {"danceable": 0.995087504387,"not_danceable": 0.0049124811776},"probability": 0.995087504387,"value": "danceable"},"gender": {"all": {"female": 0.591819286346,"male": 0.408180713654},"probability": 0.591819286346,"value": "female"},"genre_dortmund": {"all": {"alternative": 0.188158482313,"blues": 0.0352931730449,"electronic": 0.679103136063,"folkcountry": 0.0271543338895,"funksoulrnb": 0.00539358938113,"jazz": 0.0076676630415,"pop": 0.0119101461023,"raphiphop": 0.0036808073055,"rock": 0.041638687253},"probability": 0.679103136063,"value": "electronic"},"genre_electronic": {"all": {"ambient": 0.216070502996,"dnb": 0.0356332398951,"house": 0.170441374183,"techno": 0.0138118714094,"trance": 0.564043045044},"probability": 0.564043045044,"value": "trance"},"genre_rosamerica": {"all": {"cla": 0.00112108280882,"dan": 0.146821171045,"hip": 0.0077224848792,"jaz": 0.00285842549056,"pop": 0.506965756416,"rhy": 0.0116310222074,"roc": 0.322000950575,"spe": 0.000879063969478},"probability": 0.506965756416,"value": "pop"},"genre_tzanetakis": {"all": {"blu": 0.0626613423228,"cla": 0.0348169617355,"cou": 0.104475811124,"dis": 0.0784321576357,"hip": 0.15692435205,"jaz": 0.313974827528,"met": 0.0448166541755,"pop": 0.0627359300852,"reg": 0.0627360641956,"roc": 0.0784258767962},"probability": 0.313974827528,"value": "jaz"},"ismir04_rhythm": {"all": {"ChaChaCha": 0.796243846416,"Jive": 0.032467354089,"Quickstep": 0.00495117576793,"Rumba-American": 0.0389753505588,"Rumba-International": 0.00702918739989,"Rumba-Misc": 0.00440243585035,"Samba": 0.03539147228,"Tango": 0.0685290917754,"VienneseWaltz": 0.00917336158454,"Waltz": 0.00283673382364},"probability": 0.796243846416,"value": "ChaChaCha"},"mood_acoustic": {"all": {"acoustic": 1.74142098786e-06,"not_acoustic": 0.999998271465},"probability": 0.999998271465,"value": "not_acoustic"},"mood_aggressive": {"all": {"aggressive": 0.723600625992,"not_aggressive": 0.276399374008},"probability": 0.723600625992,"value": "aggressive"},"mood_electronic": {"all": {"electronic": 0.926600337029,"not_electronic": 0.0733996853232},"probability": 0.926600337029,"value": "electronic"},"mood_happy": {"all": {"happy": 0.213651359081,"not_happy": 0.786348640919},"probability": 0.786348640919,"value": "not_happy"},"mood_party": {"all": {"not_party": 0.0682869106531,"party": 0.931713104248},"probability": 0.931713104248,"value": "party"},"mood_relaxed": {"all": {"not_relaxed": 0.84856313467,"relaxed": 0.151436850429},"probability": 0.84856313467,"value": "not_relaxed"},"mood_sad": {"all": {"not_sad": 0.864758610725,"sad": 0.135241389275},"probability": 0.864758610725,"value": "not_sad"},"moods_mirex": {"all": {"Cluster1": 0.11207857728,"Cluster2": 0.116636089981,"Cluster3": 0.170646727085,"Cluster4": 0.226061433554,"Cluster5": 0.37457716465},"probability": 0.37457716465,"value": "Cluster5"},"timbre": {"all": {"bright": 0.389856249094,"dark": 0.610143721104},"probability": 0.610143721104,"value": "dark"},"tonal_atonal": {"all": {"atonal": 0.957910358906,"tonal": 0.0420896671712},"probability": 0.957910358906,"value": "atonal"},"voice_instrumental": {"all": {"instrumental": 0.185767531395,"voice": 0.814232468605},"probability": 0.814232468605,"value": "voice"}},"metadata": {"audio_properties": {"analysis_sample_rate": 44100,"bit_rate": 0,"equal_loudness": 0,"length": 171.306671143,"lossless": 1,"replay_gain": -15.9312648773,"sample_rate": 44100,"codec": "flac","downmix": "mix","md5_encoded": "ca3932241b246b542b80c5c0e782b19a"},"tags": {"file_name": "09 I Want.flac","acoustid_id": ["4c6b8ed2-177a-455d-9e54-012807366f4e"],"album": ["Up All Night"],"albumartist": ["One Direction"],"albumartistsort": ["One Direction"],"artist": ["One Direction"],"artistsort": ["One Direction"],"asin": ["B006ZZAMWK"],"barcode": ["886919712421"],"catalognumber": ["88691971242"],"date": ["2012-03-20"],"discnumber": ["1"],"disctotal": ["1"],"genre": ["Pop"],"label": ["Columbia", "Syco Music"],"language": ["eng"],"media": ["CD"],"musicbrainz_albumartistid": ["1a425bbd-cca4-4b2c-aeb7-71cb176c828a"],"musicbrainz_albumid": ["04155f9c-2a8a-437b-bf38-42a2705763a7"],"musicbrainz_artistid": ["1a425bbd-cca4-4b2c-aeb7-71cb176c828a"],"musicbrainz_recordingid": ["34556d36-70a5-4ca9-9999-d25b9f2f83d0"],"musicbrainz_releasegroupid": ["efba7763-a237-4bba-85e7-ba94f59f8c2c"],"musicbrainz_releasetrackid": ["0e55bbe7-b102-3a68-9472-c01a4b00fbd7"],"musicbrainz_workid": ["2d6e9f1f-963d-4a9d-9648-333f7265918e"],"originaldate": ["2011-11-18"],"releasecountry": ["US"],"releasestatus": ["official"],"releasetype": ["album"],"script": ["Latn"],"title": ["I Want"],"totaldiscs": ["1"],"totaltracks": ["13"],"tracknumber": ["9"],"tracktotal": ["13"],"work": ["I Want"],"writer": ["Tom Fletcher"]},"version": {"highlevel": {"essentia": "2.1-beta5-dev","essentia_build_sha": "e74af04b57b164eed312abeef4963962215860f0","essentia_git_sha": "v2.1_beta4-499-g4013ebc","extractor": "music 2.0","gaia": "2.4.5","gaia_git_sha": "v2.4.4-44-g95f4851","models_essentia_git_sha": "v2.1_beta1"},"lowlevel": {"essentia": "2.1-beta2","essentia_build_sha": "2d9f1f26377add8aeb1075a9c2973f962c4f09fd","essentia_git_sha": "v2.1_beta2-1-ge3940c0","extractor": "music 1.0"}}}}