{"highlevel": {"danceability": {"all": {"danceable": 0.703930437565,"not_danceable": 0.296069532633},"probability": 0.703930437565,"value": "danceable"},"gender": {"all": {"female": 0.573492884636,"male": 0.426507145166},"probability": 0.573492884636,"value": "female"},"genre_dortmund": {"all": {"alternative": 0.0244858060032,"blues": 0.00320565397851,"electronic": 0.958665847778,"folkcountry": 0.00881997868419,"funksoulrnb": 0.000133772715344,"jazz": 0.000409881351516,"pop": 0.00046375405509,"raphiphop": 9.35181378736e-05,"rock": 0.00372180086561},"probability": 0.958665847778,"value": "electronic"},"genre_electronic": {"all": {"ambient": 0.390358060598,"dnb": 0.0484532862902,"house": 0.0478708893061,"techno": 0.025372998789,"trance": 0.487944751978},"probability": 0.487944751978,"value": "trance"},"genre_rosamerica": {"all": {"cla": 0.0108705135062,"dan": 0.0285426173359,"hip": 0.0038532030303,"jaz": 0.0111855147406,"pop": 0.0455425567925,"rhy": 0.0147009827197,"roc": 0.883540451527,"spe": 0.00176415720489},"probability": 0.883540451527,"value": "roc"},"genre_tzanetakis": {"all": {"blu": 0.0617713928223,"cla": 0.0343018434942,"cou": 0.102904699743,"dis": 0.0514719486237,"hip": 0.154438391328,"jaz": 0.309046447277,"met": 0.0441263727844,"pop": 0.0772129744291,"reg": 0.0617708563805,"roc": 0.102955065668},"probability": 0.309046447277,"value": "jaz"},"ismir04_rhythm": {"all": {"ChaChaCha": 0.131494998932,"Jive": 0.246954008937,"Quickstep": 0.0331440120935,"Rumba-American": 0.0448672324419,"Rumba-International": 0.0395652763546,"Rumba-Misc": 0.0313431359828,"Samba": 0.0513092987239,"Tango": 0.0938352122903,"VienneseWaltz": 0.300613671541,"Waltz": 0.0268731601536},"probability": 0.300613671541,"value": "VienneseWaltz"},"mood_acoustic": {"all": {"acoustic": 0.00513203721493,"not_acoustic": 0.99486798048},"probability": 0.99486798048,"value": "not_acoustic"},"mood_aggressive": {"all": {"aggressive": 0.0379117168486,"not_aggressive": 0.962088286877},"probability": 0.962088286877,"value": "not_aggressive"},"mood_electronic": {"all": {"electronic": 0.215274050832,"not_electronic": 0.784725964069},"probability": 0.784725964069,"value": "not_electronic"},"mood_happy": {"all": {"happy": 0.862272560596,"not_happy": 0.137727424502},"probability": 0.862272560596,"value": "happy"},"mood_party": {"all": {"not_party": 0.80750721693,"party": 0.192492812872},"probability": 0.80750721693,"value": "not_party"},"mood_relaxed": {"all": {"not_relaxed": 0.353999644518,"relaxed": 0.646000385284},"probability": 0.646000385284,"value": "relaxed"},"mood_sad": {"all": {"not_sad": 0.791247427464,"sad": 0.208752602339},"probability": 0.791247427464,"value": "not_sad"},"moods_mirex": {"all": {"Cluster1": 0.0991026088595,"Cluster2": 0.0828442722559,"Cluster3": 0.31757825613,"Cluster4": 0.254928022623,"Cluster5": 0.245546832681},"probability": 0.31757825613,"value": "Cluster3"},"timbre": {"all": {"bright": 0.9842248559,"dark": 0.0157751236111},"probability": 0.9842248559,"value": "bright"},"tonal_atonal": {"all": {"atonal": 0.0424107089639,"tonal": 0.957589268684},"probability": 0.957589268684,"value": "tonal"},"voice_instrumental": {"all": {"instrumental": 0.0342985875905,"voice": 0.965701401234},"probability": 0.965701401234,"value": "voice"}},"metadata": {"audio_properties": {"analysis_sample_rate": 44100,"bit_rate": 320000,"equal_loudness": 0,"length": 175.229385376,"lossless": 0,"replay_gain": -15.8417654037,"sample_rate": 44100,"codec": "mp3","downmix": "mix","md5_encoded": "2949e82553a7e12d1548bc6e97841f0b"},"tags": {"file_name": "2018923.mp3","album": ["This One's Different"],"artist": ["Howler"],"date": ["2011"],"discnumber": ["1"],"musicbrainz_recordingid": ["82ff8d74-b7e3-408d-bdfd-1f25edf9fca3"],"title": ["I Told You Once"],"tracknumber": ["1"]},"version": {"highlevel": {"essentia": "2.1-beta5-dev","essentia_build_sha": "e74af04b57b164eed312abeef4963962215860f0","essentia_git_sha": "v2.1_beta4-499-g4013ebc","extractor": "music 2.0","gaia": "2.4.5","gaia_git_sha": "v2.4.4-44-g95f4851","models_essentia_git_sha": "v2.1_beta1"},"lowlevel": {"essentia": "2.1-beta2","essentia_build_sha": "70f2e5ece6736b2c40cc944ad0e695b16b925413","essentia_git_sha": "v2.1_beta2","extractor": "music 1.0"}}}}