{"highlevel": {"danceability": {"all": {"danceable": 0.0481463856995,"not_danceable": 0.951853632927},"probability": 0.951853632927,"value": "not_danceable"},"gender": {"all": {"female": 0.931145131588,"male": 0.0688548833132},"probability": 0.931145131588,"value": "female"},"genre_dortmund": {"all": {"alternative": 0.0629984885454,"blues": 0.0463579185307,"electronic": 0.0547679886222,"folkcountry": 0.713944494724,"funksoulrnb": 0.00373350735754,"jazz": 0.0609627477825,"pop": 0.0300604403019,"raphiphop": 0.00115837145131,"rock": 0.0260160323232},"probability": 0.713944494724,"value": "folkcountry"},"genre_electronic": {"all": {"ambient": 0.935220420361,"dnb": 0.00539763085544,"house": 0.0467754453421,"techno": 0.00396278733388,"trance": 0.00864369049668},"probability": 0.935220420361,"value": "ambient"},"genre_rosamerica": {"all": {"cla": 0.0887070819736,"dan": 0.00388127937913,"hip": 0.00939043238759,"jaz": 0.1550450176,"pop": 0.151305109262,"rhy": 0.567159891129,"roc": 0.0120409233496,"spe": 0.0124702639878},"probability": 0.567159891129,"value": "rhy"},"genre_tzanetakis": {"all": {"blu": 0.0626541376114,"cla": 0.0348133966327,"cou": 0.0783501937985,"dis": 0.104547761381,"hip": 0.15693578124,"jaz": 0.313987255096,"met": 0.044816005975,"pop": 0.0627349764109,"reg": 0.0627352520823,"roc": 0.0784252434969},"probability": 0.313987255096,"value": "jaz"},"ismir04_rhythm": {"all": {"ChaChaCha": 0.0596533566713,"Jive": 0.0107165239751,"Quickstep": 0.0180279742926,"Rumba-American": 0.0398137010634,"Rumba-International": 0.150161609054,"Rumba-Misc": 0.0290711726993,"Samba": 0.0176412891597,"Tango": 0.410716176033,"VienneseWaltz": 0.164626196027,"Waltz": 0.0995719954371},"probability": 0.410716176033,"value": "Tango"},"mood_acoustic": {"all": {"acoustic": 0.97142291069,"not_acoustic": 0.028577087447},"probability": 0.97142291069,"value": "acoustic"},"mood_aggressive": {"all": {"aggressive": 3.03216688735e-06,"not_aggressive": 0.999996960163},"probability": 0.999996960163,"value": "not_aggressive"},"mood_electronic": {"all": {"electronic": 0.0443545132875,"not_electronic": 0.955645501614},"probability": 0.955645501614,"value": "not_electronic"},"mood_happy": {"all": {"happy": 0.179409459233,"not_happy": 0.820590555668},"probability": 0.820590555668,"value": "not_happy"},"mood_party": {"all": {"not_party": 0.98205858469,"party": 0.0179414078593},"probability": 0.98205858469,"value": "not_party"},"mood_relaxed": {"all": {"not_relaxed": 0.125795319676,"relaxed": 0.874204695225},"probability": 0.874204695225,"value": "relaxed"},"mood_sad": {"all": {"not_sad": 0.0662393718958,"sad": 0.933760643005},"probability": 0.933760643005,"value": "sad"},"moods_mirex": {"all": {"Cluster1": 0.0380228944123,"Cluster2": 0.0932720452547,"Cluster3": 0.782936573029,"Cluster4": 0.0804192498326,"Cluster5": 0.00534921744838},"probability": 0.782936573029,"value": "Cluster3"},"timbre": {"all": {"bright": 0.994725525379,"dark": 0.00527449883521},"probability": 0.994725525379,"value": "bright"},"tonal_atonal": {"all": {"atonal": 0.0168803054839,"tonal": 0.983119666576},"probability": 0.983119666576,"value": "tonal"},"voice_instrumental": {"all": {"instrumental": 0.032660279423,"voice": 0.9673396945},"probability": 0.9673396945,"value": "voice"}},"metadata": {"audio_properties": {"analysis_sample_rate": 44100,"bit_rate": 163984,"equal_loudness": 0,"length": 182.726531982,"lossless": 0,"replay_gain": -11.6450614929,"sample_rate": 44100,"codec": "mp3","downmix": "mix","md5_encoded": "da22b8411da3e9d3705854e935ac8a80"},"tags": {"file_name": "1990318.mp3","album": ["Versatile Heart"],"artist": ["Linda Thompson"],"date": ["2007-08-14"],"genre": ["Folk-Rock"],"musicbrainz_recordingid": ["94031b06-e556-45b1-82ed-b10da1d27a4b"],"title": ["Blue & Gold"],"tracknumber": ["9\/13"]},"version": {"highlevel": {"essentia": "2.1-beta5-dev","essentia_build_sha": "e74af04b57b164eed312abeef4963962215860f0","essentia_git_sha": "v2.1_beta4-499-g4013ebc","extractor": "music 2.0","gaia": "2.4.5","gaia_git_sha": "v2.4.4-44-g95f4851","models_essentia_git_sha": "v2.1_beta1"},"lowlevel": {"essentia": "2.1-beta2","essentia_build_sha": "70f2e5ece6736b2c40cc944ad0e695b16b925413","essentia_git_sha": "v2.1_beta2","extractor": "music 1.0"}}}}