{"highlevel": {"danceability": {"all": {"danceable": 0.999399125576,"not_danceable": 0.000600858067628},"probability": 0.999399125576,"value": "danceable"},"gender": {"all": {"female": 0.622237622738,"male": 0.377762377262},"probability": 0.622237622738,"value": "female"},"genre_dortmund": {"all": {"alternative": 0.0407898798585,"blues": 0.00494650565088,"electronic": 0.942512512207,"folkcountry": 0.00200909818523,"funksoulrnb": 0.000347978522768,"jazz": 0.000932430906687,"pop": 0.000524981645867,"raphiphop": 0.000219089313759,"rock": 0.007717509754},"probability": 0.942512512207,"value": "electronic"},"genre_electronic": {"all": {"ambient": 0.0604021213949,"dnb": 0.027933947742,"house": 0.0504566505551,"techno": 0.0158085823059,"trance": 0.845398724079},"probability": 0.845398724079,"value": "trance"},"genre_rosamerica": {"all": {"cla": 0.000292660028208,"dan": 0.0397545211017,"hip": 0.0169329121709,"jaz": 0.000399447715608,"pop": 0.00787566881627,"rhy": 0.000602172280196,"roc": 0.933492898941,"spe": 0.000649737892672},"probability": 0.933492898941,"value": "roc"},"genre_tzanetakis": {"all": {"blu": 0.0626613423228,"cla": 0.0348169617355,"cou": 0.104475811124,"dis": 0.0784321576357,"hip": 0.15692435205,"jaz": 0.313974827528,"met": 0.0448166541755,"pop": 0.0627359300852,"reg": 0.0627360641956,"roc": 0.0784258767962},"probability": 0.313974827528,"value": "jaz"},"ismir04_rhythm": {"all": {"ChaChaCha": 0.991574347019,"Jive": 0.000339520076523,"Quickstep": 6.53095994494e-05,"Rumba-American": 0.000475162349176,"Rumba-International": 5.1007107686e-05,"Rumba-Misc": 0.000121914985357,"Samba": 0.000865256064571,"Tango": 0.00285502779298,"VienneseWaltz": 0.00363563885912,"Waltz": 1.68421065609e-05},"probability": 0.991574347019,"value": "ChaChaCha"},"mood_acoustic": {"all": {"acoustic": 5.9023107582e-12,"not_acoustic": 1},"probability": 1,"value": "not_acoustic"},"mood_aggressive": {"all": {"aggressive": 0.235320180655,"not_aggressive": 0.764679789543},"probability": 0.764679789543,"value": "not_aggressive"},"mood_electronic": {"all": {"electronic": 0.899529457092,"not_electronic": 0.100470528007},"probability": 0.899529457092,"value": "electronic"},"mood_happy": {"all": {"happy": 0.00253618904389,"not_happy": 0.997463822365},"probability": 0.997463822365,"value": "not_happy"},"mood_party": {"all": {"not_party": 0.760210752487,"party": 0.23978921771},"probability": 0.760210752487,"value": "not_party"},"mood_relaxed": {"all": {"not_relaxed": 0.207335531712,"relaxed": 0.792664468288},"probability": 0.792664468288,"value": "relaxed"},"mood_sad": {"all": {"not_sad": 0.985490739346,"sad": 0.0145092625171},"probability": 0.985490739346,"value": "not_sad"},"moods_mirex": {"all": {"Cluster1": 0.151057198644,"Cluster2": 0.0402408391237,"Cluster3": 0.088199570775,"Cluster4": 0.0331395938993,"Cluster5": 0.687362790108},"probability": 0.687362790108,"value": "Cluster5"},"timbre": {"all": {"bright": 0.0704828351736,"dark": 0.929517149925},"probability": 0.929517149925,"value": "dark"},"tonal_atonal": {"all": {"atonal": 1,"tonal": 1.22108962941e-08},"probability": 1,"value": "atonal"},"voice_instrumental": {"all": {"instrumental": 0.0371293574572,"voice": 0.962870657444},"probability": 0.962870657444,"value": "voice"}},"metadata": {"audio_properties": {"analysis_sample_rate": 44100,"bit_rate": 0,"equal_loudness": 0,"length": 290.706665039,"lossless": 1,"replay_gain": -14.4131660461,"sample_rate": 44100,"codec": "flac","downmix": "mix","md5_encoded": "c551ae5608623399a2be5ba5dde820ec"},"tags": {"file_name": "04 Glorification of the Black God.flac","acoustid_id": ["f74ccb55-022c-463d-9af4-0ca5cef2a945"],"album": ["Heaven Shall Burn... When We Are Gathered"],"albumartist": ["Marduk"],"albumartistsort": ["Marduk"],"artist": ["Marduk"],"artistsort": ["Marduk"],"barcode": ["7320470056295"],"catalognumber": ["BLOOD 028"],"date": ["2004"],"discnumber": ["1"],"disctotal": ["1"],"genre": ["Instrumental"],"grouping": ["Black Metal"],"label": ["Blooddawn Productions"],"media": ["CD"],"mood": ["Dark"],"musicbrainz_albumartistid": ["b7dc7c76-53f1-49ac-8dc2-d469ed7f8e65"],"musicbrainz_albumid": ["c263d8ff-acdc-39ad-a4c1-8d6c97edf5be"],"musicbrainz_artistid": ["b7dc7c76-53f1-49ac-8dc2-d469ed7f8e65"],"musicbrainz_recordingid": ["94db82cd-5bbc-4d58-98f4-7ab57cedc55b"],"musicbrainz_releasegroupid": ["807d9a32-e55c-317a-8a97-c4d5eaaa38b0"],"musicbrainz_releasetrackid": ["048da3ab-af67-3eca-a72b-1552d3e0147e"],"originaldate": ["1996"],"originalyear": ["1996"],"releasecountry": ["SE"],"releasestatus": ["official"],"releasetype": ["album"],"script": ["Latn"],"title": ["Glorification of the Black God"],"totaldiscs": ["1"],"totaltracks": ["12"],"tracknumber": ["4"],"tracktotal": ["12"],"website": ["http:\/\/marduk.nu\/"]},"version": {"highlevel": {"essentia": "2.1-beta5-dev","essentia_build_sha": "e74af04b57b164eed312abeef4963962215860f0","essentia_git_sha": "v2.1_beta4-499-g4013ebc","extractor": "music 2.0","gaia": "2.4.5","gaia_git_sha": "v2.4.4-44-g95f4851","models_essentia_git_sha": "v2.1_beta1"},"lowlevel": {"essentia": "2.1-beta2","essentia_build_sha": "70f2e5ece6736b2c40cc944ad0e695b16b925413","essentia_git_sha": "v2.1_beta2","extractor": "music 1.0"}}}}