{"highlevel": {"danceability": {"all": {"danceable": 3.00000096379e-14,"not_danceable": 1},"probability": 1,"value": "not_danceable"},"gender": {"all": {"female": 0.880287468433,"male": 0.119712539017},"probability": 0.880287468433,"value": "female"},"genre_dortmund": {"all": {"alternative": 0.00394443282858,"blues": 0.000374104158254,"electronic": 0.994482159615,"folkcountry": 0.000486103876028,"funksoulrnb": 1.19607275337e-05,"jazz": 0.000229899131227,"pop": 0.000114828144433,"raphiphop": 1.76119719981e-05,"rock": 0.00033887225436},"probability": 0.994482159615,"value": "electronic"},"genre_electronic": {"all": {"ambient": 0.0702381059527,"dnb": 0.00741506554186,"house": 0.251926213503,"techno": 0.0191308446229,"trance": 0.651289761066},"probability": 0.651289761066,"value": "trance"},"genre_rosamerica": {"all": {"cla": 0.00183175061829,"dan": 0.636144518852,"hip": 0.0627570450306,"jaz": 0.00749561144039,"pop": 0.154595330358,"rhy": 0.116377659142,"roc": 0.0192643329501,"spe": 0.0015337447403},"probability": 0.636144518852,"value": "dan"},"genre_tzanetakis": {"all": {"blu": 0.0879049897194,"cla": 0.0390638299286,"cou": 0.0878925323486,"dis": 0.0585944987833,"hip": 0.175782874227,"jaz": 0.175779849291,"met": 0.0585890747607,"pop": 0.0703074559569,"reg": 0.0703089609742,"roc": 0.175775945187},"probability": 0.175782874227,"value": "hip"},"ismir04_rhythm": {"all": {"ChaChaCha": 0.250302135944,"Jive": 0.0805033892393,"Quickstep": 0.0303109064698,"Rumba-American": 0.0945713073015,"Rumba-International": 0.0783432871103,"Rumba-Misc": 0.0545135214925,"Samba": 0.127967357635,"Tango": 0.185046523809,"VienneseWaltz": 0.0769124627113,"Waltz": 0.0215291082859},"probability": 0.250302135944,"value": "ChaChaCha"},"mood_acoustic": {"all": {"acoustic": 0.0942983329296,"not_acoustic": 0.905701637268},"probability": 0.905701637268,"value": "not_acoustic"},"mood_aggressive": {"all": {"aggressive": 3.00000096379e-14,"not_aggressive": 1},"probability": 1,"value": "not_aggressive"},"mood_electronic": {"all": {"electronic": 0.979391694069,"not_electronic": 0.0206082779914},"probability": 0.979391694069,"value": "electronic"},"mood_happy": {"all": {"happy": 0.645769715309,"not_happy": 0.354230254889},"probability": 0.645769715309,"value": "happy"},"mood_party": {"all": {"not_party": 0.999984204769,"party": 1.57784197654e-05},"probability": 0.999984204769,"value": "not_party"},"mood_relaxed": {"all": {"not_relaxed": 0.191182896495,"relaxed": 0.808817088604},"probability": 0.808817088604,"value": "relaxed"},"mood_sad": {"all": {"not_sad": 0.748830378056,"sad": 0.251169621944},"probability": 0.748830378056,"value": "not_sad"},"moods_mirex": {"all": {"Cluster1": 0.156972363591,"Cluster2": 0.188520386815,"Cluster3": 0.167666211724,"Cluster4": 0.136739656329,"Cluster5": 0.35010138154},"probability": 0.35010138154,"value": "Cluster5"},"timbre": {"all": {"bright": 0.73760175705,"dark": 0.262398213148},"probability": 0.73760175705,"value": "bright"},"tonal_atonal": {"all": {"atonal": 0.575816273689,"tonal": 0.424183696508},"probability": 0.575816273689,"value": "atonal"},"voice_instrumental": {"all": {"instrumental": 0.699065864086,"voice": 0.300934106112},"probability": 0.699065864086,"value": "instrumental"}},"metadata": {"audio_properties": {"analysis_sample_rate": 44100,"bit_rate": 304798,"equal_loudness": 0,"length": 256.104492188,"lossless": 0,"replay_gain": -13.8959140778,"sample_rate": 44100,"codec": "mp3","downmix": "mix","md5_encoded": "fac13e5379c1c35f7c663bbacf6b292d"},"tags": {"file_name": "2203484.mp3","musicbrainz_recordingid": ["606e99d3-7b1a-4c2f-97e8-8466b628b7b0"]},"version": {"highlevel": {"essentia": "2.1-beta5-dev","essentia_build_sha": "e74af04b57b164eed312abeef4963962215860f0","essentia_git_sha": "v2.1_beta4-499-g4013ebc","extractor": "music 2.0","gaia": "2.4.5","gaia_git_sha": "v2.4.4-44-g95f4851","models_essentia_git_sha": "v2.1_beta1"},"lowlevel": {"essentia": "2.1-beta2","essentia_build_sha": "70f2e5ece6736b2c40cc944ad0e695b16b925413","essentia_git_sha": "v2.1_beta2","extractor": "music 1.0"}}}}