{"highlevel": {"danceability": {"all": {"danceable": 0.511231184006,"not_danceable": 0.488768815994},"probability": 0.511231184006,"value": "danceable"},"gender": {"all": {"female": 0.928502082825,"male": 0.071497887373},"probability": 0.928502082825,"value": "female"},"genre_dortmund": {"all": {"alternative": 1.98229440133e-13,"blues": 2.47969993063e-13,"electronic": 0.999999642372,"folkcountry": 2.14292903422e-08,"funksoulrnb": 1.81944788125e-08,"jazz": 1.7327938906e-07,"pop": 1.49892294132e-08,"raphiphop": 1.89772055847e-08,"rock": 1.25234137727e-07},"probability": 0.999999642372,"value": "electronic"},"genre_electronic": {"all": {"ambient": 0.346203029156,"dnb": 0.00143205479253,"house": 0.014459701255,"techno": 0.0175803788006,"trance": 0.620324850082},"probability": 0.620324850082,"value": "trance"},"genre_rosamerica": {"all": {"cla": 0.0818423330784,"dan": 0.0268970988691,"hip": 0.0205642729998,"jaz": 0.0584365539253,"pop": 0.283847302198,"rhy": 0.167420938611,"roc": 0.353490769863,"spe": 0.00750071136281},"probability": 0.353490769863,"value": "roc"},"genre_tzanetakis": {"all": {"blu": 0.0626541376114,"cla": 0.0348133966327,"cou": 0.0783501937985,"dis": 0.104547761381,"hip": 0.15693578124,"jaz": 0.313987255096,"met": 0.044816005975,"pop": 0.0627349764109,"reg": 0.0627352520823,"roc": 0.0784252434969},"probability": 0.313987255096,"value": "jaz"},"ismir04_rhythm": {"all": {"ChaChaCha": 0.00622660201043,"Jive": 0.035221811384,"Quickstep": 0.000605973531492,"Rumba-American": 0.00142033654265,"Rumba-International": 0.000967715284787,"Rumba-Misc": 0.000947671069298,"Samba": 0.0036007326562,"Tango": 0.00243080058135,"VienneseWaltz": 0.94678735733,"Waltz": 0.00179099978413},"probability": 0.94678735733,"value": "VienneseWaltz"},"mood_acoustic": {"all": {"acoustic": 0.189349219203,"not_acoustic": 0.810650765896},"probability": 0.810650765896,"value": "not_acoustic"},"mood_aggressive": {"all": {"aggressive": 0.119582526386,"not_aggressive": 0.880417466164},"probability": 0.880417466164,"value": "not_aggressive"},"mood_electronic": {"all": {"electronic": 0.668365001678,"not_electronic": 0.331634998322},"probability": 0.668365001678,"value": "electronic"},"mood_happy": {"all": {"happy": 0.467024147511,"not_happy": 0.532975852489},"probability": 0.532975852489,"value": "not_happy"},"mood_party": {"all": {"not_party": 0.591957509518,"party": 0.40804246068},"probability": 0.591957509518,"value": "not_party"},"mood_relaxed": {"all": {"not_relaxed": 0.970752894878,"relaxed": 0.0292471013963},"probability": 0.970752894878,"value": "not_relaxed"},"mood_sad": {"all": {"not_sad": 0.651043951511,"sad": 0.348956048489},"probability": 0.651043951511,"value": "not_sad"},"moods_mirex": {"all": {"Cluster1": 0.0736705958843,"Cluster2": 0.0448286235332,"Cluster3": 0.224966093898,"Cluster4": 0.0316210240126,"Cluster5": 0.62491363287},"probability": 0.62491363287,"value": "Cluster5"},"timbre": {"all": {"bright": 0.5,"dark": 0.5},"probability": 0.5,"value": "dark"},"tonal_atonal": {"all": {"atonal": 0.0572194084525,"tonal": 0.942780613899},"probability": 0.942780613899,"value": "tonal"},"voice_instrumental": {"all": {"instrumental": 0.997153520584,"voice": 0.00284648570232},"probability": 0.997153520584,"value": "instrumental"}},"metadata": {"audio_properties": {"analysis_sample_rate": 44100,"bit_rate": 0,"equal_loudness": 0,"length": 496.333343506,"lossless": 1,"replay_gain": -8.32879829407,"sample_rate": 44100,"codec": "flac","downmix": "mix","md5_encoded": "370adad41f13d2614ffc918377bcf8e9"},"tags": {"file_name": "Electric Light Orchestra - ELO 2 - 13 - Roll Over Beethoven (Take 1) (Previously Unreleased).flac","acoustid_id": ["d7094a19-9cd9-484b-bf1a-629f65c0522f"],"album": ["ELO 2"],"albumartist": ["Electric Light Orchestra"],"albumartistsort": ["Electric Light Orchestra"],"artist": ["Electric Light Orchestra"],"artistsort": ["Electric Light Orchestra"],"asin": ["B0006M0CEQ"],"date": ["2005-01-17"],"discnumber": ["1"],"disctotal": ["1"],"encodedby": ["Deputy Dawg and a Nation of Thieves®©"],"genre": ["Rock"],"musicbrainz_albumartistid": ["0c502791-4ee9-4c5f-9696-0602b721ff3b"],"musicbrainz_albumid": ["f67c5de9-d3e9-4a5a-a70a-9df916dbb08f"],"musicbrainz_artistid": ["0c502791-4ee9-4c5f-9696-0602b721ff3b"],"musicbrainz_recordingid": ["5e18847a-f6aa-49fa-aeb2-69d3bd149571"],"musicbrainz_releasegroupid": ["a413adb4-919c-3a4d-b004-e8b1b39a38ad"],"originaldate": ["1973-02"],"releasecountry": ["GB"],"releasestatus": ["official"],"releasetype": ["album"],"script": ["Latn"],"title": ["Roll Over Beethoven (take 1)"],"totaldiscs": ["1"],"totaltracks": ["13"],"tracknumber": ["13"],"tracktotal": ["13"]},"version": {"highlevel": {"essentia": "2.1-beta5-dev","essentia_build_sha": "e74af04b57b164eed312abeef4963962215860f0","essentia_git_sha": "v2.1_beta4-499-g4013ebc","extractor": "music 2.0","gaia": "2.4.5","gaia_git_sha": "v2.4.4-44-g95f4851","models_essentia_git_sha": "v2.1_beta1"},"lowlevel": {"essentia": "2.1-beta2","essentia_build_sha": "70f2e5ece6736b2c40cc944ad0e695b16b925413","essentia_git_sha": "v2.1_beta2","extractor": "music 1.0"}}}}