{"highlevel": {"danceability": {"all": {"danceable": 0.907065391541,"not_danceable": 0.0929346010089},"probability": 0.907065391541,"value": "danceable"},"gender": {"all": {"female": 0.206701397896,"male": 0.793298602104},"probability": 0.793298602104,"value": "male"},"genre_dortmund": {"all": {"alternative": 0.338394492865,"blues": 0.0414274223149,"electronic": 0.34246852994,"folkcountry": 0.118014089763,"funksoulrnb": 0.0082857683301,"jazz": 0.00986421015114,"pop": 0.018641108647,"raphiphop": 0.00493990257382,"rock": 0.117964483798},"probability": 0.34246852994,"value": "electronic"},"genre_electronic": {"all": {"ambient": 0.479819148779,"dnb": 0.032326027751,"house": 0.0169776957482,"techno": 0.00427771732211,"trance": 0.466599434614},"probability": 0.479819148779,"value": "ambient"},"genre_rosamerica": {"all": {"cla": 0.000989490421489,"dan": 0.00730595551431,"hip": 0.000365015934221,"jaz": 0.00115454895422,"pop": 0.0737923979759,"rhy": 0.002895883983,"roc": 0.912925899029,"spe": 0.000570831878576},"probability": 0.912925899029,"value": "roc"},"genre_tzanetakis": {"all": {"blu": 0.0626613423228,"cla": 0.0348169617355,"cou": 0.104475811124,"dis": 0.0784321576357,"hip": 0.15692435205,"jaz": 0.313974827528,"met": 0.0448166541755,"pop": 0.0627359300852,"reg": 0.0627360641956,"roc": 0.0784258767962},"probability": 0.313974827528,"value": "jaz"},"ismir04_rhythm": {"all": {"ChaChaCha": 0.194867789745,"Jive": 0.195446044207,"Quickstep": 0.0384527184069,"Rumba-American": 0.0401751995087,"Rumba-International": 0.0339321754873,"Rumba-Misc": 0.0250747967511,"Samba": 0.0792183801532,"Tango": 0.210363209248,"VienneseWaltz": 0.161348938942,"Waltz": 0.0211207382381},"probability": 0.210363209248,"value": "Tango"},"mood_acoustic": {"all": {"acoustic": 0.0382333099842,"not_acoustic": 0.961766719818},"probability": 0.961766719818,"value": "not_acoustic"},"mood_aggressive": {"all": {"aggressive": 0.575921058655,"not_aggressive": 0.424078911543},"probability": 0.575921058655,"value": "aggressive"},"mood_electronic": {"all": {"electronic": 0.458609610796,"not_electronic": 0.541390419006},"probability": 0.541390419006,"value": "not_electronic"},"mood_happy": {"all": {"happy": 0.867075920105,"not_happy": 0.132924064994},"probability": 0.867075920105,"value": "happy"},"mood_party": {"all": {"not_party": 0.254391402006,"party": 0.745608568192},"probability": 0.745608568192,"value": "party"},"mood_relaxed": {"all": {"not_relaxed": 0.936718225479,"relaxed": 0.0632817968726},"probability": 0.936718225479,"value": "not_relaxed"},"mood_sad": {"all": {"not_sad": 0.912646114826,"sad": 0.0873538628221},"probability": 0.912646114826,"value": "not_sad"},"moods_mirex": {"all": {"Cluster1": 0.100801892579,"Cluster2": 0.166868746281,"Cluster3": 0.0702080205083,"Cluster4": 0.454763025045,"Cluster5": 0.207358315587},"probability": 0.454763025045,"value": "Cluster4"},"timbre": {"all": {"bright": 0.849737226963,"dark": 0.150262743235},"probability": 0.849737226963,"value": "bright"},"tonal_atonal": {"all": {"atonal": 0.0251811891794,"tonal": 0.974818825722},"probability": 0.974818825722,"value": "tonal"},"voice_instrumental": {"all": {"instrumental": 0.112802289426,"voice": 0.887197732925},"probability": 0.887197732925,"value": "voice"}},"metadata": {"audio_properties": {"analysis_sample_rate": 44100,"bit_rate": 0,"equal_loudness": 0,"length": 128.653335571,"lossless": 1,"replay_gain": -15.9806623459,"sample_rate": 44100,"codec": "flac","downmix": "mix","md5_encoded": "d68299ba544664f3dc477c440910bd40"},"tags": {"file_name": "07 - Siobhan.flac","acoustid_id": ["47b002d2-2828-45dd-a8d4-b8403ee21fd3"],"album": ["Agony"],"albumartist": ["The Tossers"],"albumartistsort": ["Tossers, The"],"artist": ["The Tossers"],"artistsort": ["Tossers, The"],"date": ["2007"],"musicbrainz_albumartistid": ["42d42c04-7698-4b2e-9c9e-6b5ec5e36feb"],"musicbrainz_albumid": ["fc03d52a-d26b-43e6-b373-8fd17ad13cb0"],"musicbrainz_artistid": ["42d42c04-7698-4b2e-9c9e-6b5ec5e36feb"],"musicbrainz_recordingid": ["5e40f63c-bb8d-4c51-af5d-d6385bd450fe"],"title": ["Siobhan"],"totaltracks": ["17"],"tracknumber": ["7"],"tracktotal": ["17"]},"version": {"highlevel": {"essentia": "2.1-beta5-dev","essentia_build_sha": "e74af04b57b164eed312abeef4963962215860f0","essentia_git_sha": "v2.1_beta4-499-g4013ebc","extractor": "music 2.0","gaia": "2.4.5","gaia_git_sha": "v2.4.4-44-g95f4851","models_essentia_git_sha": "v2.1_beta1"},"lowlevel": {"essentia": "2.1-beta1","essentia_build_sha": "ca57ba49d9b1854bd80e60cf9ccf267278fb7d6b","essentia_git_sha": "v2.1_beta1-28-g21ef5f4-dirty","extractor": "music 1.0"}}}}