{"highlevel": {"danceability": {"all": {"danceable": 0.0408595763147,"not_danceable": 0.95914041996},"probability": 0.95914041996,"value": "not_danceable"},"gender": {"all": {"female": 0.129548281431,"male": 0.870451748371},"probability": 0.870451748371,"value": "male"},"genre_dortmund": {"all": {"alternative": 0.112824268639,"blues": 0.255742430687,"electronic": 0.0742312297225,"folkcountry": 0.152143523097,"funksoulrnb": 0.0205008704215,"jazz": 0.0194985754788,"pop": 0.0360658764839,"raphiphop": 0.0111754871905,"rock": 0.317817717791},"probability": 0.317817717791,"value": "rock"},"genre_electronic": {"all": {"ambient": 0.490874379873,"dnb": 0.0777253508568,"house": 0.0874717459083,"techno": 0.0171955022961,"trance": 0.326733022928},"probability": 0.490874379873,"value": "ambient"},"genre_rosamerica": {"all": {"cla": 0.10173663497,"dan": 0.0150966532528,"hip": 0.0106017338112,"jaz": 0.0121993171051,"pop": 0.0932510271668,"rhy": 0.0436758622527,"roc": 0.718673706055,"spe": 0.00476508354768},"probability": 0.718673706055,"value": "roc"},"genre_tzanetakis": {"all": {"blu": 0.0626613423228,"cla": 0.0348169617355,"cou": 0.104475811124,"dis": 0.0784321576357,"hip": 0.15692435205,"jaz": 0.313974827528,"met": 0.0448166541755,"pop": 0.0627359300852,"reg": 0.0627360641956,"roc": 0.0784258767962},"probability": 0.313974827528,"value": "jaz"},"ismir04_rhythm": {"all": {"ChaChaCha": 0.18790563941,"Jive": 0.263781785965,"Quickstep": 0.0257268529385,"Rumba-American": 0.0243622362614,"Rumba-International": 0.0204436499625,"Rumba-Misc": 0.0214642938226,"Samba": 0.0352298356593,"Tango": 0.0850235298276,"VienneseWaltz": 0.314932227135,"Waltz": 0.0211299564689},"probability": 0.314932227135,"value": "VienneseWaltz"},"mood_acoustic": {"all": {"acoustic": 0.0337802954018,"not_acoustic": 0.966219723225},"probability": 0.966219723225,"value": "not_acoustic"},"mood_aggressive": {"all": {"aggressive": 0.810464203358,"not_aggressive": 0.189535811543},"probability": 0.810464203358,"value": "aggressive"},"mood_electronic": {"all": {"electronic": 0.115771003067,"not_electronic": 0.884229004383},"probability": 0.884229004383,"value": "not_electronic"},"mood_happy": {"all": {"happy": 0.999866902828,"not_happy": 0.00013310839131},"probability": 0.999866902828,"value": "happy"},"mood_party": {"all": {"not_party": 0.122828826308,"party": 0.877171158791},"probability": 0.877171158791,"value": "party"},"mood_relaxed": {"all": {"not_relaxed": 0.505277037621,"relaxed": 0.494722962379},"probability": 0.505277037621,"value": "not_relaxed"},"mood_sad": {"all": {"not_sad": 0.903707385063,"sad": 0.0962925851345},"probability": 0.903707385063,"value": "not_sad"},"moods_mirex": {"all": {"Cluster1": 0.164983376861,"Cluster2": 0.162927821279,"Cluster3": 0.21722176671,"Cluster4": 0.169116064906,"Cluster5": 0.285750985146},"probability": 0.285750985146,"value": "Cluster5"},"timbre": {"all": {"bright": 0.55985981226,"dark": 0.44014018774},"probability": 0.55985981226,"value": "bright"},"tonal_atonal": {"all": {"atonal": 0.887835919857,"tonal": 0.112164080143},"probability": 0.887835919857,"value": "atonal"},"voice_instrumental": {"all": {"instrumental": 0.000112530193292,"voice": 0.999887466431},"probability": 0.999887466431,"value": "voice"}},"metadata": {"audio_properties": {"analysis_sample_rate": 44100,"bit_rate": 0,"equal_loudness": 0,"length": 136.066665649,"lossless": 1,"replay_gain": -13.3483753204,"sample_rate": 44100,"codec": "flac","downmix": "mix","md5_encoded": "caa461c4b0446b76543ae39ecbaf2c5e"},"tags": {"file_name": "1-07 Stay.flac","acoustid_id": ["b3c74f1e-b095-4e21-a548-4181fb78be99"],"album": ["Original Album Series"],"albumartist": ["The Hollies"],"albumartistsort": ["Hollies, The"],"artist": ["The Hollies"],"artistsort": ["Hollies, The"],"barcode": ["825646361991"],"catalognumber": ["2564636199"],"date": ["2014-01-20"],"discnumber": ["1"],"discsubtitle": ["Stay With The Hollies"],"disctotal": ["5"],"genre": ["Rock", "Classic Rock", "British Invasion", "Power Pop"],"grouping": ["Oldies"],"label": ["Warner Music"],"media": ["CD"],"mood": ["Catchy"],"musicbrainz_albumartistid": ["d4305549-6b4e-4a57-b24d-8af0743fe191"],"musicbrainz_albumid": ["202bda7e-65ac-4004-b698-1570a9b12fa1"],"musicbrainz_artistid": ["d4305549-6b4e-4a57-b24d-8af0743fe191"],"musicbrainz_recordingid": ["f5539b50-81e8-4884-9628-8ff0d6fb98eb"],"musicbrainz_releasegroupid": ["dabfed33-fb8e-42d9-975d-ab793db6d403"],"musicbrainz_releasetrackid": ["5015d6b1-417b-40f2-94df-58a1590e79a9"],"originaldate": ["2014-01-20"],"originalyear": ["2014"],"releasecountry": ["XE"],"releasestatus": ["official"],"releasetype": ["album", "compilation"],"script": ["Latn"],"title": ["Stay"],"totaldiscs": ["5"],"totaltracks": ["14"],"tracknumber": ["7"],"tracktotal": ["14"],"website": ["http:\/\/www.hollies.co.uk\/"]},"version": {"highlevel": {"essentia": "2.1-beta5-dev","essentia_build_sha": "e74af04b57b164eed312abeef4963962215860f0","essentia_git_sha": "v2.1_beta4-499-g4013ebc","extractor": "music 2.0","gaia": "2.4.5","gaia_git_sha": "v2.4.4-44-g95f4851","models_essentia_git_sha": "v2.1_beta1"},"lowlevel": {"essentia": "2.1-beta2","essentia_build_sha": "70f2e5ece6736b2c40cc944ad0e695b16b925413","essentia_git_sha": "v2.1_beta2","extractor": "music 1.0"}}}}