{"highlevel": {"danceability": {"all": {"danceable": 0.0166830923408,"not_danceable": 0.983316898346},"probability": 0.983316898346,"value": "not_danceable"},"gender": {"all": {"female": 0.68836337328,"male": 0.311636596918},"probability": 0.68836337328,"value": "female"},"genre_dortmund": {"all": {"alternative": 0.210039272904,"blues": 0.0170481149107,"electronic": 0.534782707691,"folkcountry": 0.157887026668,"funksoulrnb": 0.00346035137773,"jazz": 0.0312904976308,"pop": 0.00939612276852,"raphiphop": 0.0026098783128,"rock": 0.0334860160947},"probability": 0.534782707691,"value": "electronic"},"genre_electronic": {"all": {"ambient": 0.983051657677,"dnb": 0.000789440935478,"house": 0.00686412164941,"techno": 0.00237223389558,"trance": 0.00692254537717},"probability": 0.983051657677,"value": "ambient"},"genre_rosamerica": {"all": {"cla": 0.637752592564,"dan": 0.00355159770697,"hip": 0.00622419128194,"jaz": 0.247117012739,"pop": 0.0368104241788,"rhy": 0.0519421510398,"roc": 0.00501625426114,"spe": 0.0115857468918},"probability": 0.637752592564,"value": "cla"},"genre_tzanetakis": {"all": {"blu": 0.00106487760786,"cla": 0.000709539453965,"cou": 0.00212808465585,"dis": 0.0015955803683,"hip": 0.00319027085789,"jaz": 0.969755411148,"met": 0.00091373140458,"pop": 0.00127898005303,"reg": 0.0177655313164,"roc": 0.00159797223751},"probability": 0.969755411148,"value": "jaz"},"ismir04_rhythm": {"all": {"ChaChaCha": 0.0569643490016,"Jive": 0.0109275439754,"Quickstep": 0.0214003827423,"Rumba-American": 0.0280489791185,"Rumba-International": 0.0328128151596,"Rumba-Misc": 0.0427048206329,"Samba": 0.016676755622,"Tango": 0.398956239223,"VienneseWaltz": 0.277311205864,"Waltz": 0.114196911454},"probability": 0.398956239223,"value": "Tango"},"mood_acoustic": {"all": {"acoustic": 0.989211440086,"not_acoustic": 0.010788531974},"probability": 0.989211440086,"value": "acoustic"},"mood_aggressive": {"all": {"aggressive": 0.0315825715661,"not_aggressive": 0.968417406082},"probability": 0.968417406082,"value": "not_aggressive"},"mood_electronic": {"all": {"electronic": 0.0841468498111,"not_electronic": 0.915853142738},"probability": 0.915853142738,"value": "not_electronic"},"mood_happy": {"all": {"happy": 0.0480556488037,"not_happy": 0.951944351196},"probability": 0.951944351196,"value": "not_happy"},"mood_party": {"all": {"not_party": 0.991786420345,"party": 0.00821356941015},"probability": 0.991786420345,"value": "not_party"},"mood_relaxed": {"all": {"not_relaxed": 0.00270701013505,"relaxed": 0.997292995453},"probability": 0.997292995453,"value": "relaxed"},"mood_sad": {"all": {"not_sad": 0.20933945477,"sad": 0.790660560131},"probability": 0.790660560131,"value": "sad"},"moods_mirex": {"all": {"Cluster1": 0.0720645263791,"Cluster2": 0.0884227976203,"Cluster3": 0.602517783642,"Cluster4": 0.212497219443,"Cluster5": 0.024497680366},"probability": 0.602517783642,"value": "Cluster3"},"timbre": {"all": {"bright": 0.41270762682,"dark": 0.58729237318},"probability": 0.58729237318,"value": "dark"},"tonal_atonal": {"all": {"atonal": 0.0677586048841,"tonal": 0.932241380215},"probability": 0.932241380215,"value": "tonal"},"voice_instrumental": {"all": {"instrumental": 0.0281040575355,"voice": 0.971895933151},"probability": 0.971895933151,"value": "voice"}},"metadata": {"audio_properties": {"analysis_sample_rate": 44100,"bit_rate": 0,"equal_loudness": 0,"length": 225.266662598,"lossless": 1,"replay_gain": -10.0901107788,"sample_rate": 44100,"codec": "flac","downmix": "mix","md5_encoded": "d33393f0aeb8d5203ef9fba319fbe514"},"tags": {"file_name": "08 - Lost in the Harbour.flac","acoustid_id": ["cfbd923e-5198-4fc9-9f80-7ca788e11970"],"album": ["Alice"],"albumartist": ["Tom Waits"],"albumartistsort": ["Waits, Tom"],"artist": ["Tom Waits"],"artistsort": ["Waits, Tom"],"date": ["2002"],"musicbrainz_albumartistid": ["c3aeb863-7b26-4388-94e8-5a240f2be21b"],"musicbrainz_albumid": ["1b3fe3d5-3d19-4062-a455-9fe74fcb4d02"],"musicbrainz_artistid": ["c3aeb863-7b26-4388-94e8-5a240f2be21b"],"musicbrainz_recordingid": ["f57b4901-c70c-442d-a4ab-cf9f51d7c1c6"],"title": ["Lost in the Harbour"],"totaltracks": ["15"],"tracknumber": ["8"],"tracktotal": ["15"]},"version": {"highlevel": {"essentia": "2.1-beta5-dev","essentia_build_sha": "e74af04b57b164eed312abeef4963962215860f0","essentia_git_sha": "v2.1_beta4-499-g4013ebc","extractor": "music 2.0","gaia": "2.4.5","gaia_git_sha": "v2.4.4-44-g95f4851","models_essentia_git_sha": "v2.1_beta1"},"lowlevel": {"essentia": "2.1-beta1","essentia_build_sha": "ca57ba49d9b1854bd80e60cf9ccf267278fb7d6b","essentia_git_sha": "v2.1_beta1-28-g21ef5f4-dirty","extractor": "music 1.0"}}}}