{"highlevel": {"danceability": {"all": {"danceable": 0.999999880791,"not_danceable": 1.00000008274e-07},"probability": 0.999999880791,"value": "danceable"},"gender": {"all": {"female": 0.622126698494,"male": 0.377873301506},"probability": 0.622126698494,"value": "female"},"genre_dortmund": {"all": {"alternative": 0.0369089655578,"blues": 0.180908963084,"electronic": 0.473298847675,"folkcountry": 0.167556896806,"funksoulrnb": 0.00863257888705,"jazz": 0.0442373044789,"pop": 0.00905008334666,"raphiphop": 0.00610201153904,"rock": 0.0733043402433},"probability": 0.473298847675,"value": "electronic"},"genre_electronic": {"all": {"ambient": 0.833651542664,"dnb": 0.00794413592666,"house": 0.100190207362,"techno": 0.0220279973,"trance": 0.0361861251295},"probability": 0.833651542664,"value": "ambient"},"genre_rosamerica": {"all": {"cla": 0.0790589675307,"dan": 0.00122618221212,"hip": 0.00481673236936,"jaz": 0.832438766956,"pop": 0.0113071929663,"rhy": 0.0398211665452,"roc": 0.00345636252314,"spe": 0.027874616906},"probability": 0.832438766956,"value": "jaz"},"genre_tzanetakis": {"all": {"blu": 1.21084206843e-14,"cla": 4.44795059346e-14,"cou": 1.33586023509e-14,"dis": 2.19201657422e-14,"hip": 2.92736246756e-14,"jaz": 0.999999940395,"met": 1.99999217187e-08,"pop": 1.66666822565e-08,"reg": 1.99993177574e-08,"roc": 2.01581897841e-08},"probability": 0.999999940395,"value": "jaz"},"ismir04_rhythm": {"all": {"ChaChaCha": 0.00686322059482,"Jive": 0.000994214788079,"Quickstep": 0.00247635063715,"Rumba-American": 0.00172287574969,"Rumba-International": 0.00107265671249,"Rumba-Misc": 0.00263219187036,"Samba": 0.00289021641947,"Tango": 0.922043383121,"VienneseWaltz": 0.0563050545752,"Waltz": 0.00299982097931},"probability": 0.922043383121,"value": "Tango"},"mood_acoustic": {"all": {"acoustic": 0.0955903604627,"not_acoustic": 0.904409646988},"probability": 0.904409646988,"value": "not_acoustic"},"mood_aggressive": {"all": {"aggressive": 0.999999880791,"not_aggressive": 1.00000008274e-07},"probability": 0.999999880791,"value": "aggressive"},"mood_electronic": {"all": {"electronic": 0.979391694069,"not_electronic": 0.0206082798541},"probability": 0.979391694069,"value": "electronic"},"mood_happy": {"all": {"happy": 0.671018123627,"not_happy": 0.328981906176},"probability": 0.671018123627,"value": "happy"},"mood_party": {"all": {"not_party": 0.999984204769,"party": 1.57784197654e-05},"probability": 0.999984204769,"value": "not_party"},"mood_relaxed": {"all": {"not_relaxed": 0.191182896495,"relaxed": 0.808817088604},"probability": 0.808817088604,"value": "relaxed"},"mood_sad": {"all": {"not_sad": 0.300158113241,"sad": 0.699841916561},"probability": 0.699841916561,"value": "sad"},"moods_mirex": {"all": {"Cluster1": 0.0772226452827,"Cluster2": 0.0444035679102,"Cluster3": 0.227747857571,"Cluster4": 0.0306320842355,"Cluster5": 0.61999386549},"probability": 0.61999386549,"value": "Cluster5"},"timbre": {"all": {"bright": 0.714197993279,"dark": 0.285801976919},"probability": 0.714197993279,"value": "bright"},"tonal_atonal": {"all": {"atonal": 0.824193716049,"tonal": 0.175806313753},"probability": 0.824193716049,"value": "atonal"},"voice_instrumental": {"all": {"instrumental": 0.736011207104,"voice": 0.263988763094},"probability": 0.736011207104,"value": "instrumental"}},"metadata": {"audio_properties": {"analysis_sample_rate": 44100,"bit_rate": 0,"equal_loudness": 0,"length": 202.199996948,"lossless": 1,"replay_gain": -11.5491905212,"sample_rate": 44100,"codec": "flac","downmix": "mix","md5_encoded": "a48e67624646bf53da9fd747d9dce12a"},"tags": {"file_name": "02 - They Can't Take That Away from Me.flac","acoustid_id": ["c80b075f-8804-4323-8af3-25a17a696bc5"],"album": ["The Complete Verve Master Takes (Disc2)"],"albumartist": ["Charlie Parker"],"albumartistsort": ["Parker, Charlie"],"artist": ["Charlie Parker"],"artistsort": ["Parker, Charlie"],"asin": ["B0000ARNDA"],"date": ["2003"],"discnumber": ["2"],"disctotal": ["3"],"genre": ["Jazz - Bebop"],"musicbrainz_albumartistid": ["c7356af9-9ea6-4a78-a55b-c73775716312"],"musicbrainz_albumid": ["025a9fd2-54ce-40b4-901b-a8d8ff7bb011"],"musicbrainz_artistid": ["c7356af9-9ea6-4a78-a55b-c73775716312"],"musicbrainz_recordingid": ["f5926c29-b314-4610-8e99-74a80c21f7dd"],"musicbrainz_releasegroupid": ["d520e411-b332-3bcb-bf38-75e17ac18ab4"],"originaldate": ["2003-10-21"],"releasecountry": ["US"],"releasestatus": ["official"],"releasetype": ["album", "compilation"],"script": ["Latn"],"title": ["They Can't Take That Away From Me"],"tracknumber": ["2"],"tracktotal": ["25"]},"version": {"highlevel": {"essentia": "2.1-beta5-dev","essentia_build_sha": "e74af04b57b164eed312abeef4963962215860f0","essentia_git_sha": "v2.1_beta4-499-g4013ebc","extractor": "music 2.0","gaia": "2.4.5","gaia_git_sha": "v2.4.4-44-g95f4851","models_essentia_git_sha": "v2.1_beta1"},"lowlevel": {"essentia": "2.1-beta2","essentia_build_sha": "2d9f1f26377add8aeb1075a9c2973f962c4f09fd","essentia_git_sha": "v2.1_beta2-1-ge3940c0","extractor": "music 1.0"}}}}