{"highlevel": {"danceability": {"all": {"danceable": 0.990719199181,"not_danceable": 0.00928079336882},"probability": 0.990719199181,"value": "danceable"},"gender": {"all": {"female": 0.580373764038,"male": 0.419626265764},"probability": 0.580373764038,"value": "female"},"genre_dortmund": {"all": {"alternative": 6.74516276167e-10,"blues": 7.42992334324e-10,"electronic": 0.999998927116,"folkcountry": 1.1833696334e-07,"funksoulrnb": 1.58401274319e-08,"jazz": 7.7053368841e-07,"pop": 2.36549180244e-08,"raphiphop": 1.58700039776e-08,"rock": 1.06221591523e-07},"probability": 0.999998927116,"value": "electronic"},"genre_electronic": {"all": {"ambient": 0.109347470105,"dnb": 0.00436664931476,"house": 0.266892403364,"techno": 0.0175410807133,"trance": 0.601852416992},"probability": 0.601852416992,"value": "trance"},"genre_rosamerica": {"all": {"cla": 0.00218051997945,"dan": 0.433639228344,"hip": 0.0365141555667,"jaz": 0.00334088806994,"pop": 0.127694875002,"rhy": 0.388545006514,"roc": 0.0038788469974,"spe": 0.00420648278669},"probability": 0.433639228344,"value": "dan"},"genre_tzanetakis": {"all": {"blu": 0.063918299973,"cla": 0.0355145335197,"cou": 0.0799135118723,"dis": 0.0639404505491,"hip": 0.159863680601,"jaz": 0.319764941931,"met": 0.0799313560128,"pop": 0.0799273103476,"reg": 0.0639410167933,"roc": 0.053284894675},"probability": 0.319764941931,"value": "jaz"},"ismir04_rhythm": {"all": {"ChaChaCha": 0.127976313233,"Jive": 0.171312242746,"Quickstep": 0.0267168153077,"Rumba-American": 0.143763661385,"Rumba-International": 0.0672014430165,"Rumba-Misc": 0.0543442666531,"Samba": 0.106217101216,"Tango": 0.106890827417,"VienneseWaltz": 0.171695813537,"Waltz": 0.0238815043122},"probability": 0.171695813537,"value": "VienneseWaltz"},"mood_acoustic": {"all": {"acoustic": 0.247848391533,"not_acoustic": 0.752151608467},"probability": 0.752151608467,"value": "not_acoustic"},"mood_aggressive": {"all": {"aggressive": 3.00000096379e-14,"not_aggressive": 1},"probability": 1,"value": "not_aggressive"},"mood_electronic": {"all": {"electronic": 0.798186182976,"not_electronic": 0.201813802123},"probability": 0.798186182976,"value": "electronic"},"mood_happy": {"all": {"happy": 0.539007782936,"not_happy": 0.460992217064},"probability": 0.539007782936,"value": "happy"},"mood_party": {"all": {"not_party": 0.958861112595,"party": 0.0411388985813},"probability": 0.958861112595,"value": "not_party"},"mood_relaxed": {"all": {"not_relaxed": 0.156991437078,"relaxed": 0.843008577824},"probability": 0.843008577824,"value": "relaxed"},"mood_sad": {"all": {"not_sad": 0.576728343964,"sad": 0.423271656036},"probability": 0.576728343964,"value": "not_sad"},"moods_mirex": {"all": {"Cluster1": 0.0720771625638,"Cluster2": 0.0538472495973,"Cluster3": 0.284119665623,"Cluster4": 0.0469088256359,"Cluster5": 0.543047070503},"probability": 0.543047070503,"value": "Cluster5"},"timbre": {"all": {"bright": 0.912760794163,"dark": 0.0872391760349},"probability": 0.912760794163,"value": "bright"},"tonal_atonal": {"all": {"atonal": 0.964538574219,"tonal": 0.0354614518583},"probability": 0.964538574219,"value": "atonal"},"voice_instrumental": {"all": {"instrumental": 0.0606180913746,"voice": 0.939381897449},"probability": 0.939381897449,"value": "voice"}},"metadata": {"audio_properties": {"analysis_sample_rate": 44100,"bit_rate": 160000,"equal_loudness": 0,"length": 389.877563477,"lossless": 0,"replay_gain": -12.7409114838,"sample_rate": 44100,"codec": "mp3","downmix": "mix","md5_encoded": "162fe0f8dc15fbcd64c5f9c21ce3ed65"},"tags": {"file_name": "Production-07-Paradise (Not for Me).mp3","album": ["Production"],"artist": ["Mirwais"],"artistsort": ["Mirwais"],"date": ["2000-04-18"],"musicbrainz album release country": ["FR"],"musicbrainz album status": ["official"],"musicbrainz album type": ["album"],"musicbrainz_albumartistid": ["688178e7-2308-4e8c-8e6d-66a025f895fb"],"musicbrainz_albumid": ["28bad4a9-b933-47c9-bb71-cd573db7dbe5"],"musicbrainz_artistid": ["688178e7-2308-4e8c-8e6d-66a025f895fb"],"musicbrainz_recordingid": ["a53e7d70-de17-4dcc-b64a-d58aab4b3ac6"],"musicip_puid": ["6d8e1b8b-f1c8-e4f4-57a1-a332649bff53"],"releasedate": ["2000-04-18"],"taggingdate": ["2007-06-26T13:54:10"],"title": ["Paradise (Not for Me)"],"tracknumber": ["7\/9"]},"version": {"highlevel": {"essentia": "2.1-beta5-dev","essentia_build_sha": "e74af04b57b164eed312abeef4963962215860f0","essentia_git_sha": "v2.1_beta4-499-g4013ebc","extractor": "music 2.0","gaia": "2.4.5","gaia_git_sha": "v2.4.4-44-g95f4851","models_essentia_git_sha": "v2.1_beta1"},"lowlevel": {"essentia": "2.1-beta2","essentia_build_sha": "70f2e5ece6736b2c40cc944ad0e695b16b925413","essentia_git_sha": "v2.1_beta2","extractor": "music 1.0"}}}}