{"highlevel": {"danceability": {"all": {"danceable": 0.734443128109,"not_danceable": 0.265556842089},"probability": 0.734443128109,"value": "danceable"},"gender": {"all": {"female": 0.0838472992182,"male": 0.916152715683},"probability": 0.916152715683,"value": "male"},"genre_dortmund": {"all": {"alternative": 0.187084272504,"blues": 0.23429210484,"electronic": 0.113054133952,"folkcountry": 0.188578292727,"funksoulrnb": 0.013016355224,"jazz": 0.0365395843983,"pop": 0.0418638624251,"raphiphop": 0.0102755585685,"rock": 0.175295829773},"probability": 0.23429210484,"value": "blues"},"genre_electronic": {"all": {"ambient": 0.509848952293,"dnb": 0.0723612383008,"house": 0.276758730412,"techno": 0.0213379152119,"trance": 0.119693189859},"probability": 0.509848952293,"value": "ambient"},"genre_rosamerica": {"all": {"cla": 0.0598416142166,"dan": 0.0153231350705,"hip": 0.0597355738282,"jaz": 0.102682776749,"pop": 0.266287118196,"rhy": 0.290197759867,"roc": 0.186833128333,"spe": 0.01909888722},"probability": 0.290197759867,"value": "rhy"},"genre_tzanetakis": {"all": {"blu": 0.0626613423228,"cla": 0.0348169617355,"cou": 0.104475811124,"dis": 0.0784321576357,"hip": 0.15692435205,"jaz": 0.313974827528,"met": 0.0448166541755,"pop": 0.0627359300852,"reg": 0.0627360641956,"roc": 0.0784258767962},"probability": 0.313974827528,"value": "jaz"},"ismir04_rhythm": {"all": {"ChaChaCha": 0.052464812994,"Jive": 0.0124603286386,"Quickstep": 0.00587173597887,"Rumba-American": 0.0155222900212,"Rumba-International": 0.00700408173725,"Rumba-Misc": 0.00278616417199,"Samba": 0.0304136611521,"Tango": 0.754365742207,"VienneseWaltz": 0.112357310951,"Waltz": 0.00675388751552},"probability": 0.754365742207,"value": "Tango"},"mood_acoustic": {"all": {"acoustic": 0.330109417439,"not_acoustic": 0.669890582561},"probability": 0.669890582561,"value": "not_acoustic"},"mood_aggressive": {"all": {"aggressive": 0.0506995096803,"not_aggressive": 0.949300467968},"probability": 0.949300467968,"value": "not_aggressive"},"mood_electronic": {"all": {"electronic": 0.0873867943883,"not_electronic": 0.912613213062},"probability": 0.912613213062,"value": "not_electronic"},"mood_happy": {"all": {"happy": 0.323977351189,"not_happy": 0.676022648811},"probability": 0.676022648811,"value": "not_happy"},"mood_party": {"all": {"not_party": 0.745860338211,"party": 0.254139661789},"probability": 0.745860338211,"value": "not_party"},"mood_relaxed": {"all": {"not_relaxed": 0.929680764675,"relaxed": 0.0703192427754},"probability": 0.929680764675,"value": "not_relaxed"},"mood_sad": {"all": {"not_sad": 0.463452041149,"sad": 0.536547958851},"probability": 0.536547958851,"value": "sad"},"moods_mirex": {"all": {"Cluster1": 0.111756972969,"Cluster2": 0.165896371007,"Cluster3": 0.536970973015,"Cluster4": 0.147507533431,"Cluster5": 0.0378681607544},"probability": 0.536970973015,"value": "Cluster3"},"timbre": {"all": {"bright": 0.928042531013,"dark": 0.0719574540854},"probability": 0.928042531013,"value": "bright"},"tonal_atonal": {"all": {"atonal": 0.104818977416,"tonal": 0.895181000233},"probability": 0.895181000233,"value": "tonal"},"voice_instrumental": {"all": {"instrumental": 0.00359951052815,"voice": 0.996400475502},"probability": 0.996400475502,"value": "voice"}},"metadata": {"audio_properties": {"analysis_sample_rate": 44100,"bit_rate": 192030,"equal_loudness": 0,"length": 166.661224365,"lossless": 0,"replay_gain": -5.52280235291,"sample_rate": 44100,"codec": "mp3","downmix": "mix","md5_encoded": "43a5911b9d39301fdca71ba92ded90aa"},"tags": {"file_name": "Pretty Things - Sittin' All Alone.mp3","acoustid_fingerprint": ["AQADtOyYssgFPckRHj6D9kf1YkoSJtKQHRqlKEYYaorBG1eOZxp65kETsuHxI9SURA6SpWKq4wz6wz2-ELVz4vxwHX3DHGaUESeSXBTy6KiNKwk-TvgzBU2OOjm-IX5MeGm04MVjuD9-aM-Ra8YvNPfwhwl-PMYTo_zwPEdTMXiKfPgVOLlGnMkW3BC5FDkuJsND5UHFSzGMox0TnPzhH8mNMPNRrWmJRzuaox9xJT_KWWj640cz56hzH1-aCt0thDk-yM-OF5ESJcrBhxkD107xo8JzfJWG5Jo0xKKGTupRHneOp0Z5mJERskh6vNNwiRZ-_EGfw-GIkNRxHa8ecBdRksH24IOrbMuhh0fT4zkeNbiU_HjwG7n0oP_QPA2exPhxJSgVHb2Fs4FrHc_x8wizBtqDnLnwk5giRXk2vKWChkdveEe-HxtjaOzyIsaXyMRZ41IGn8aPdjnSLYyhHf3h7yjUHg-eoNGVEWXHDJehsUdz4T4eEccViKrEEPGPF49TlOvhfqieH0c-B8mHU8eVPYHFDf-H73DFILk0hPmF6niIHy-iH1r7COl6JWC-Dh-POg2aHXmW422gU4IfPPnx5XilwezB48SOR0O9BdZRPccX_GhqK7ge7DR8HD7RlwFdJSPiKMmJ_0CpgPoRHop59EJzxciTUEKpE01O5DeuQlOPZhJZnOqQRk5S4UeTZRn6B_eF2keYM5rwNDk0PWimR3gSJUZuOA7yZJpRcYfmRMqIPJGHX_Cz4PlxZh726EF4SMoiKU5wZuQQPT-MUjGuCDkz41OG6Q-0PMeV4z9ewvxApvh2KE-TFddxPMGXzYfdQL-GXxDHYroQpmKE67iOL8Ir40p-MGOPJs-RXB9yTEyV4_gPT-jxHs3Yoj_6vIOfH5fRLGOOHffxLMmIU2iShaiOJzo8MsZzIzlyJQqa9OhecIp6XE4j7FfxJugjHc0i_HgPTz7ypUbyHM2EXsf14D98_LgiNFmeobyNXkHTHU8PLx-uI-eRbE-CKaWLZznuo80-NBEp4p9GnIkgDRfxccFHXEL5o2eQNw-0xongJFcg5sjFFHYJhtqH7x2ug29SNFSOmg9yH814QWt45IuUovbByMNTHXsIL5FxJcHRPwnco1eOJ2KCH3mQTNmFxpEa41sc48mF98TbjDhd9MuRVkoI7T7y1eiSMRzeXESPK0pmYzuO5EQehSt4nDj4LAzCpM0UQduPSBS-UcSJHykPVz2mKjmOpio0Kzq4HKGKXYSP4_HxyUFePqhyHBNLNNxxsOgjldCP-6h-VBRTgQ98FeeC_odmmGOKdH_Q54rxLniCrjhCRh900hHyjYww5RLqGh_y5Dgp6MyDRteDHnkSFd-Rc8qh7McD_pgj4zr6w08hHyUTXEmhR8iNpreKw-dxuEqJOkuM54hFckHyi3gu_PCHP6JwMUmJk0ed5EPx47uEmzSaSiLR5yiaMUQY_oVGiamQJz2e53A64Yp-nDouodYDe1pR0XkmPEa_Ik8OsT_CJ0WV6mjy4cXMo-CV4GEWDrtE4Q3qHDmO50FzQdPyBPmy43qCXQQVP8Hq4z_-oHkyIswyHvrTIJfhZMKbLD3-oH4Q5oFOTA9TpJeC5o2OD1l_aMxYTAl_IueUFe9RWh7MFal8Qz9CG8_xPMH0I30MfYj-B6dQWjme4GIa9BnR7D6-enhxJfmH-wqaLh_qBm8UjkKToxYzJCfC8AlKsjn2J-B5TGmUhEeTLziPf8FFhoGdPPgj5Mohfgv-FrkIR8H74LNxxsiHp_DlEE-CSzRUhw3CqAxq49GC3NB9pHNEPDmeo3kueEQfovlShDsS5gnu4kuCH8_xo3FyVHka4T6aR0PvDBfh40WenAmSMlqK58d9-Ipx5XhwZkZvBk2IL42KG_nhh4S-jBkupdmMRkfY46KU48ZzYUuq4woPtpOJ5uGC6UF-nEGz8EEX6sKZo05DhBdO_EUZbkuCpi8eRE8yqLmONM4DVnLx5_gePOEIOkcuQ2EaGRV55Eeb4x6-B26OH7-w5okC5zqkJ5iT4cePnkskozmFJ8pxIVY_w4m4FGc_5McOngG_B7tyHCfyJLlw8SS001HgH_3xTHiGS0ku_BAjZjHkPhj1BzyhVTkiscd17H3Rx0ETc8PKuMV7JD9Cyik-Ho9zOCTq4EFu6E6CSNkr1EnxKMGZRDvSs3h2HWqRlYepgzcacpmGSKTyQP3xIKay4yzxjBT6IMzzIvnx5Lh0eNSRU1ugUkdOfMeJ6zgx9Uh4He-O9HNQHj2R6VmOZD9RMiuxLetxwck-jHoq-GaR60hOMOxyPMcxXsTD40byvAit5PAXwQ9FlCFxicZz4kF4-kiWH79i7MmLH9wVWO2GXWSCR2iUosyDc0OeFMmFfj2aJ8el5HiSbOlxB82PHleQZ4eeI8yqo9KFR0-i4AkOP8JzfA_cHE-Op9mHW4cn58iT0NCZB2E-o_qKpzkeNI2PWhLxJ2KKflOGKvlx8jgzJQu-IF0P-Rj9Q-tzMAmTsMhzJyF-fHh-9GgevDFuZBf07EKOczSYD7diHBXyG5rMWMifDN6DfkT-QYsn5HJGNFEGLr7wY1-GdNmh6z3y5MnQJ8nRXMdxM8ePB8mRo3kUlE6O5zjyXEi-HM1RtseTfPhRuYOfyrgQKXtc6NmHfM2DnpzRfMeHUzSO--A15JGhPsqQeUOxXfif4oqPZyJ893iK5ngOQ6gDBjnKEGACACEAEcwSYSASgBDlBDFESCYAQQ44ogRihggBDSKOEYFIEIJQFoQwngABiTLCAAIMQcIpAAAA5BBCkWBGKAAEBUQ5IYBxRABJpDDAAA2MgAxBIogyTCBhkIMGQOUAYgAooxQwAgggBABCAAaIR0oYAR11wBBLCUIMAGKAMgBQoIgwAABCFARGE0GsA4AIIZQQDGIkDAJEaAMSEMBZoIhQkhkBiEBOI0IIYoAgQwQRhggCACEAQSAUFYACQAACRQEihFWCEAQEAAQRA6BwIAhiDFMKIgoJMEIYQowEogilFFMCCCAIEQgDhkRTBEhjhCCIIIKQJgQwg4VwAAijBSNIIIEgAlw5IAQFgAgmAGKASAEENcIIKIAAwgkiCJCGgGEAMIQIbxAxRAFAkBFCGA0gVoJAJwQAjiEjCAlSCGYAE4AABAZCRBjEkRFGCAAMYJwBAJSQDBAgtBGIAQMccEQRgwgwEjggCACEIEKcMAAAAChAQBkAAAKAAAQIIVgAIIgxBhHjhBXGaMMYoQ5QABQhQADFjAHCAUGBA1AoIJwiAAAEkIIAMgKcIsAYxhASQABGgABEEAABQAJIAQg2ABihFCTAIUIEYBAQgkgTSBgAIBAMQkUdAYRYAgwxyhEhACEQAUIMEQI4ZwigGjiECAAWCQkZEggoSghBCjihjDBKKSWQMSARBykQwgFABFOCIIMAEdJ5YoAxEAAAjFBASIaIY0YJABBhlAgGEITACMAUJIYIAITADAghECTEKkAsElY4IgCACBmGATJAOAGUEAwTgoyCTBF2gKIGKCAIElQIgZASiEkgkAOGCQQAEEBQJJiSAihBgAENEYAIkgAQYBgBhhpgQSKAAAIcYAQQABgQDmEGhEICEGBAIQQEooQgigkBIaIACIMIAAQEJwgiYkCCkDGKIUMMwgQKIQQQAlhGAREAEAQAAQwIipQC"],"acoustid_id": ["7c9e748d-c154-492e-8503-575b24875ff5"],"album": ["Get the Picture?"],"artist": ["Pretty Things"],"bpm": ["109.22"],"date": ["1965"],"genre": ["Rock"],"language": ["eng"],"musicbrainz album release country": ["United Kingdom"],"musicbrainz album type": ["Album"],"musicbrainz_albumartistid": ["07deede6-db1d-4ede-b19e-5d46df592841"],"musicbrainz_albumid": ["e7ab84e2-9a14-4f94-858d-5909d6b3a9e9"],"musicbrainz_artistid": ["07deede6-db1d-4ede-b19e-5d46df592841"],"musicbrainz_recordingid": ["58e71a4b-3354-46cb-ac14-90c33c970626"],"musicip_puid": ["f7e27d48-d8ca-1de6-f0b9-fc56d21cf523"],"title": ["Sittin' All Alone"],"tracknumber": ["14"]},