{"highlevel": {"danceability": {"all": {"danceable": 0.991962969303,"not_danceable": 0.00803700927645},"probability": 0.991962969303,"value": "danceable"},"gender": {"all": {"female": 0.749952614307,"male": 0.25004735589},"probability": 0.749952614307,"value": "female"},"genre_dortmund": {"all": {"alternative": 0.0383737199008,"blues": 0.00691054714844,"electronic": 0.9340031147,"folkcountry": 0.00490919919685,"funksoulrnb": 0.000505053205416,"jazz": 0.0047545270063,"pop": 0.000940470374189,"raphiphop": 0.000559686915949,"rock": 0.00904366467148},"probability": 0.9340031147,"value": "electronic"},"genre_electronic": {"all": {"ambient": 0.0376538895071,"dnb": 0.0204955488443,"house": 0.356684356928,"techno": 0.132721945643,"trance": 0.452444255352},"probability": 0.452444255352,"value": "trance"},"genre_rosamerica": {"all": {"cla": 0.0017642385792,"dan": 0.871946871281,"hip": 0.0387498512864,"jaz": 0.00431755185127,"pop": 0.00428916979581,"rhy": 0.0174846276641,"roc": 0.0564683265984,"spe": 0.00497934455052},"probability": 0.871946871281,"value": "dan"},"genre_tzanetakis": {"all": {"blu": 0.051471401006,"cla": 0.0343172512949,"cou": 0.102957561612,"dis": 0.10297242552,"hip": 0.15446446836,"jaz": 0.308918774128,"met": 0.0441242754459,"pop": 0.0617748051882,"reg": 0.0617764256895,"roc": 0.0772226005793},"probability": 0.308918774128,"value": "jaz"},"ismir04_rhythm": {"all": {"ChaChaCha": 0.433649271727,"Jive": 0.100206308067,"Quickstep": 0.0224281530827,"Rumba-American": 0.0330648608506,"Rumba-International": 0.0236865598708,"Rumba-Misc": 0.0193140693009,"Samba": 0.124840162694,"Tango": 0.17359739542,"VienneseWaltz": 0.0579068250954,"Waltz": 0.0113064050674},"probability": 0.433649271727,"value": "ChaChaCha"},"mood_acoustic": {"all": {"acoustic": 0.00339342537336,"not_acoustic": 0.996606588364},"probability": 0.996606588364,"value": "not_acoustic"},"mood_aggressive": {"all": {"aggressive": 0.99973911047,"not_aggressive": 0.00026086717844},"probability": 0.99973911047,"value": "aggressive"},"mood_electronic": {"all": {"electronic": 0.762196481228,"not_electronic": 0.237803503871},"probability": 0.762196481228,"value": "electronic"},"mood_happy": {"all": {"happy": 0.530388832092,"not_happy": 0.469611167908},"probability": 0.530388832092,"value": "happy"},"mood_party": {"all": {"not_party": 0.0442135073245,"party": 0.955786466599},"probability": 0.955786466599,"value": "party"},"mood_relaxed": {"all": {"not_relaxed": 0.113154135644,"relaxed": 0.886845886707},"probability": 0.886845886707,"value": "relaxed"},"mood_sad": {"all": {"not_sad": 0.947761833668,"sad": 0.0522381961346},"probability": 0.947761833668,"value": "not_sad"},"moods_mirex": {"all": {"Cluster1": 0.162225455046,"Cluster2": 0.0744347125292,"Cluster3": 0.0958541110158,"Cluster4": 0.0510917194188,"Cluster5": 0.616393983364},"probability": 0.616393983364,"value": "Cluster5"},"timbre": {"all": {"bright": 0.296335250139,"dark": 0.703664779663},"probability": 0.703664779663,"value": "dark"},"tonal_atonal": {"all": {"atonal": 0.995175719261,"tonal": 0.00482429424301},"probability": 0.995175719261,"value": "atonal"},"voice_instrumental": {"all": {"instrumental": 0.0374490506947,"voice": 0.962550938129},"probability": 0.962550938129,"value": "voice"}},"metadata": {"audio_properties": {"analysis_sample_rate": 44100,"bit_rate": 338000,"equal_loudness": 0,"length": 169.248794556,"lossless": 0,"replay_gain": -10.6043624878,"sample_rate": 44100,"codec": "vorbis","downmix": "mix","md5_encoded": "a083093171d9c4adb62b45cf81f12f19"},"tags": {"file_name": "18 Liquid Liquid - Push (live).ogg","acoustid_id": ["ce63a120-d2b6-4638-8d66-dbbb6713fe48"],"album": ["Liquid Liquid"],"albumartist": ["Liquid Liquid"],"albumartistsort": ["Liquid Liquid"],"artist": ["Liquid Liquid"],"artistsort": ["Liquid Liquid"],"asin": ["B00197U0FI"],"barcode": ["874402000094"],"catalognumber": ["GR20009"],"date": ["2008-06-17"],"discnumber": ["1"],"disctotal": ["1"],"isrc": ["GBAQH9501019"],"label": ["Gr2 Classics"],"media": ["CD"],"musicbrainz_albumartistid": ["4ba3563c-a27e-4bce-9e3e-5d6b4f1cde6d"],"musicbrainz_albumid": ["7e1d48bd-c913-3a32-aa54-8774164e15f9"],"musicbrainz_artistid": ["4ba3563c-a27e-4bce-9e3e-5d6b4f1cde6d"],"musicbrainz_recordingid": ["a594d996-4cd6-46c9-a7cf-43cbe33afe97"],"musicbrainz_releasegroupid": ["6139d200-3e20-3de5-a6cd-3cae7b917a28"],"musicbrainz_releasetrackid": ["81c14861-586d-3fd2-90fe-867f2ee04cf1"],"originaldate": ["1997"],"originalyear": ["1997"],"performer": ["Dennis Young (rototom)", "Scott Hartley (talking drum)", "Richard McGuire (bass)", "Scott Hartley (drums)", "Dennis Young (percussion)", "Richard McGuire (percussion)", "Salvatore Principato (percussion)", "Scott Hartley (percussion)", "Richard McGuire (guitar)", "Richard McGuire (melodica)", "Dennis Young (marimba)", "Salvatore Principato (vocals)", "Richard McGuire (piano)", "Richard McGuire (bells)"],"releasecountry": ["US"],"releasestatus": ["official"],"releasetype": ["album", "compilation"],"script": ["Latn"],"title": ["Push (live)"],"totaldiscs": ["1"],"totaltracks": ["18"],"tracknumber": ["18"],"tracktotal": ["18"]},"version": {"highlevel": {"essentia": "2.1-beta5-dev","essentia_build_sha": "e74af04b57b164eed312abeef4963962215860f0","essentia_git_sha": "v2.1_beta4-499-g4013ebc","extractor": "music 2.0","gaia": "2.4.5","gaia_git_sha": "v2.4.4-44-g95f4851","models_essentia_git_sha": "v2.1_beta1"},"lowlevel": {"essentia": "2.1-beta2","essentia_build_sha": "cead25079874084f62182a551b7393616cd33d87","essentia_git_sha": "v2.1_beta2-1-ge3940c0","extractor": "music 1.0"}}}}