{"highlevel": {"danceability": {"all": {"danceable": 0.191566243768,"not_danceable": 0.808433771133},"probability": 0.808433771133,"value": "not_danceable"},"gender": {"all": {"female": 0.762571752071,"male": 0.237428247929},"probability": 0.762571752071,"value": "female"},"genre_dortmund": {"all": {"alternative": 0.00194828060921,"blues": 9.80078984867e-05,"electronic": 0.997443377972,"folkcountry": 0.000219181587454,"funksoulrnb": 4.35384617958e-06,"jazz": 0.0001112454338,"pop": 1.59373939823e-05,"raphiphop": 3.75273020836e-06,"rock": 0.000155881905812},"probability": 0.997443377972,"value": "electronic"},"genre_electronic": {"all": {"ambient": 0.831211328506,"dnb": 0.0075775468722,"house": 0.0943081974983,"techno": 0.0173212420195,"trance": 0.0495816618204},"probability": 0.831211328506,"value": "ambient"},"genre_rosamerica": {"all": {"cla": 0.125695005059,"dan": 0.0153295015916,"hip": 0.346780151129,"jaz": 0.198006004095,"pop": 0.0285993255675,"rhy": 0.251655429602,"roc": 0.019853528589,"spe": 0.0140810804442},"probability": 0.346780151129,"value": "hip"},"genre_tzanetakis": {"all": {"blu": 0.0540583431721,"cla": 0.0645995289087,"cou": 0.0644141808152,"dis": 0.053673427552,"hip": 0.0536721795797,"jaz": 0.161015540361,"met": 0.0536770038307,"pop": 0.107347227633,"reg": 0.0654895678163,"roc": 0.322053015232},"probability": 0.322053015232,"value": "roc"},"ismir04_rhythm": {"all": {"ChaChaCha": 0.00485210120678,"Jive": 0.00380512769334,"Quickstep": 0.000487989600515,"Rumba-American": 0.0050573926419,"Rumba-International": 0.000803990289569,"Rumba-Misc": 0.000768692232668,"Samba": 0.00337722245604,"Tango": 0.945340454578,"VienneseWaltz": 0.0349111445248,"Waltz": 0.000595898600295},"probability": 0.945340454578,"value": "Tango"},"mood_acoustic": {"all": {"acoustic": 0.0742331668735,"not_acoustic": 0.925766825676},"probability": 0.925766825676,"value": "not_acoustic"},"mood_aggressive": {"all": {"aggressive": 0.487575560808,"not_aggressive": 0.512424468994},"probability": 0.512424468994,"value": "not_aggressive"},"mood_electronic": {"all": {"electronic": 0.684345185757,"not_electronic": 0.315654814243},"probability": 0.684345185757,"value": "electronic"},"mood_happy": {"all": {"happy": 0.0776037573814,"not_happy": 0.922396242619},"probability": 0.922396242619,"value": "not_happy"},"mood_party": {"all": {"not_party": 0.416512012482,"party": 0.583487987518},"probability": 0.583487987518,"value": "party"},"mood_relaxed": {"all": {"not_relaxed": 0.463885366917,"relaxed": 0.536114633083},"probability": 0.536114633083,"value": "relaxed"},"mood_sad": {"all": {"not_sad": 0.566885352135,"sad": 0.433114647865},"probability": 0.566885352135,"value": "not_sad"},"moods_mirex": {"all": {"Cluster1": 0.0866911932826,"Cluster2": 0.0856642350554,"Cluster3": 0.423807561398,"Cluster4": 0.150423929095,"Cluster5": 0.253413051367},"probability": 0.423807561398,"value": "Cluster3"},"timbre": {"all": {"bright": 0.0198730565608,"dark": 0.980126917362},"probability": 0.980126917362,"value": "dark"},"tonal_atonal": {"all": {"atonal": 0.656952500343,"tonal": 0.343047499657},"probability": 0.656952500343,"value": "atonal"},"voice_instrumental": {"all": {"instrumental": 0.5,"voice": 0.5},"probability": 0.5,"value": "voice"}},"metadata": {"audio_properties": {"analysis_sample_rate": 44100,"bit_rate": 0,"equal_loudness": 0,"length": 288.200012207,"lossless": 1,"replay_gain": -8.89093780518,"sample_rate": 44100,"codec": "flac","downmix": "mix","md5_encoded": "7f64fd9f20de644779a39ec5a67286df"},"tags": {"file_name": "01-09 The Heat (from The Rhythm of the Heat).flac","album": ["Birdy"],"albumartist": ["Peter Gabriel"],"albumartistsort": ["Gabriel, Peter"],"artist": ["Peter Gabriel"],"artistsort": ["Gabriel, Peter"],"asin": ["B000065V86"],"barcode": ["720642407028"],"catalognumber": ["GEFD-24070"],"date": ["1985-03-18"],"discnumber": ["1"],"disctotal": ["1"],"label": ["Geffen Records"],"media": ["CD"],"musicbrainz_albumartistid": ["8e66ea2b-b57b-47d9-8df0-df4630aeb8e5"],"musicbrainz_albumid": ["e4ac09ba-f7e1-424c-b292-f331171cdfe8"],"musicbrainz_artistid": ["8e66ea2b-b57b-47d9-8df0-df4630aeb8e5"],"musicbrainz_recordingid": ["f188450a-dc6c-4592-a193-e12de45b4248"],"musicbrainz_releasegroupid": ["7f24e109-42d7-3e55-b684-1452550d89b7"],"originaldate": ["1985-03-18"],"releasecountry": ["US"],"releasestatus": ["official"],"releasetype": ["album", "soundtrack"],"script": ["Latn"],"title": ["The Heat (from The Rhythm of the Heat)"],"totaldiscs": ["1"],"totaltracks": ["12"],"tracknumber": ["9"],"tracktotal": ["12"]},"version": {"highlevel": {"essentia": "2.1-beta5-dev","essentia_build_sha": "e74af04b57b164eed312abeef4963962215860f0","essentia_git_sha": "v2.1_beta4-499-g4013ebc","extractor": "music 2.0","gaia": "2.4.5","gaia_git_sha": "v2.4.4-44-g95f4851","models_essentia_git_sha": "v2.1_beta1"},"lowlevel": {"essentia": "2.1-beta1","essentia_build_sha": "ca57ba49d9b1854bd80e60cf9ccf267278fb7d6b","essentia_git_sha": "v2.1_beta1-28-g21ef5f4-dirty","extractor": "music 1.0"}}}}