{"highlevel": {"danceability": {"all": {"danceable": 0.087256103754,"not_danceable": 0.912743926048},"probability": 0.912743926048,"value": "not_danceable"},"gender": {"all": {"female": 0.00336331781,"male": 0.996636688709},"probability": 0.996636688709,"value": "male"},"genre_dortmund": {"all": {"alternative": 0.0863694250584,"blues": 0.0986905619502,"electronic": 0.0591952726245,"folkcountry": 0.608987092972,"funksoulrnb": 0.00522006722167,"jazz": 0.0352412052453,"pop": 0.0241316407919,"raphiphop": 0.00392360193655,"rock": 0.0782411247492},"probability": 0.608987092972,"value": "folkcountry"},"genre_electronic": {"all": {"ambient": 0.957676410675,"dnb": 0.00666610430926,"house": 0.019892597571,"techno": 0.00422360934317,"trance": 0.0115412529558},"probability": 0.957676410675,"value": "ambient"},"genre_rosamerica": {"all": {"cla": 0.0518529117107,"dan": 0.00274165743031,"hip": 0.00581488991156,"jaz": 0.73367869854,"pop": 0.0734454393387,"rhy": 0.11385409534,"roc": 0.00978255923837,"spe": 0.00882976595312},"probability": 0.73367869854,"value": "jaz"},"genre_tzanetakis": {"all": {"blu": 0.0626613423228,"cla": 0.0348169617355,"cou": 0.104475811124,"dis": 0.0784321576357,"hip": 0.15692435205,"jaz": 0.313974827528,"met": 0.0448166541755,"pop": 0.0627359300852,"reg": 0.0627360641956,"roc": 0.0784258767962},"probability": 0.313974827528,"value": "jaz"},"ismir04_rhythm": {"all": {"ChaChaCha": 0.0996518135071,"Jive": 0.0175062213093,"Quickstep": 0.0301397331059,"Rumba-American": 0.0366096012294,"Rumba-International": 0.0404621735215,"Rumba-Misc": 0.0279486682266,"Samba": 0.0194779466838,"Tango": 0.319566726685,"VienneseWaltz": 0.328205555677,"Waltz": 0.0804315730929},"probability": 0.328205555677,"value": "VienneseWaltz"},"mood_acoustic": {"all": {"acoustic": 0.988694429398,"not_acoustic": 0.0113055678084},"probability": 0.988694429398,"value": "acoustic"},"mood_aggressive": {"all": {"aggressive": 0.0520970486104,"not_aggressive": 0.947902977467},"probability": 0.947902977467,"value": "not_aggressive"},"mood_electronic": {"all": {"electronic": 0.0838977843523,"not_electronic": 0.916102230549},"probability": 0.916102230549,"value": "not_electronic"},"mood_happy": {"all": {"happy": 0.644771456718,"not_happy": 0.355228513479},"probability": 0.644771456718,"value": "happy"},"mood_party": {"all": {"not_party": 0.943656206131,"party": 0.0563437975943},"probability": 0.943656206131,"value": "not_party"},"mood_relaxed": {"all": {"not_relaxed": 0.00580201810226,"relaxed": 0.994197964668},"probability": 0.994197964668,"value": "relaxed"},"mood_sad": {"all": {"not_sad": 0.164070904255,"sad": 0.835929095745},"probability": 0.835929095745,"value": "sad"},"moods_mirex": {"all": {"Cluster1": 0.0859719514847,"Cluster2": 0.579705297947,"Cluster3": 0.124180726707,"Cluster4": 0.182861149311,"Cluster5": 0.0272808521986},"probability": 0.579705297947,"value": "Cluster2"},"timbre": {"all": {"bright": 0.837364435196,"dark": 0.162635579705},"probability": 0.837364435196,"value": "bright"},"tonal_atonal": {"all": {"atonal": 0.00617689918727,"tonal": 0.993823111057},"probability": 0.993823111057,"value": "tonal"},"voice_instrumental": {"all": {"instrumental": 0.0433617159724,"voice": 0.956638276577},"probability": 0.956638276577,"value": "voice"}},"metadata": {"audio_properties": {"analysis_sample_rate": 44100,"bit_rate": 128016,"equal_loudness": 0,"length": 118.653968811,"lossless": 0,"replay_gain": -6.59148788452,"sample_rate": 44100,"codec": "wmav2","downmix": "mix","md5_encoded": "f55cf0506562c52a2008079377f778ff"},"tags": {"file_name": "06 Life Support.wma","acoustid_fingerprint": ["AQADqVGSRpnE4RAjH1UkPYj8R8iDPhm05MWzBWGuBMd_eEKeob-gX8Gv4HLwo7vgB_dxKTkedgxCOZ_w9-iDS8WTwT9q3riCaocVMg6S6U-G8KOEWoxxZkdnNDny4czRPoKnI88e-Dns5hipDNuPKrdwPAzyRMl66GSQP-hvNOHxLMF1eI_xXCERUQyc6IROvDhqHduUCZoiHteVoWcjaJm2jIGqJMfTFz-aJzN6Cc_xJFGu4OKD9HiW48mLL-iDLc7RVXpwIXOyI38CPzwe7EfzVLge9MkoXNKYIDwShvskdJwePMuU4JvRhgrC7ElwLyT0LMTlQUeYo2QfnCcu6UKVUx1cFX0S7Mb1IhHlpAnScDu-ydh1oufR3MQzc8ebsAitBVqQC140PBPu5MEu5JAeEXnSZNwwJjsqHs0vPFWCH7mPn9CHfsow5ccZHc_BssepsGj4C58uYb1wLRme4PhxmDuhy0GoajiFRzgP4MkRKtkDhZSFL0RzAs9zqNc0IiSjSiFcScdzvMSPnh_-49kXPOQRskYi9TQ80sFRazke0QR7_MV1JdnAULTQ5MITHqpxw1Me7PGxo7pyJNQT5LvhMCg7Iz6Sd0Y7ODrqRXmGH4925MwzKPpx-MqhSDfyf7iKT7kUXNaGV0HzCsdZJD1y_A2eUgv8oyd4m9hz1EkO_wmqfMSLeAlqNIeuE0-CXJfwR_A6Wnie49SJPehtHP3BXojEZDmSxe3w7Bhv4RHRGzTqHQ_CTyTE_EOoVJeK5jnKNRnyZA76MAifC5dYo3mSHbVJ4ZFy_AFzLZqC-DKhURryJjDHHG-243dQmQ_Owi-8n3ggduiDBsyF-0KZC16TC72OQyJ-4TmaHx_-pETCEulUlOnx4Icf_BYS5D1-RO8KVQ3SJfXwG38S5EraQ1QSBPuPG8zbJLC2HROT4EQInzrqh8iXJJKDP-i06GjW4TryRFoYJCeeHz6-6Kh4oxnDY_-KPySY_EgiMhtyoamOyllwYw_C6DoYSlfw5KjEbEfz4yM0Hf5Rajsa6QfDNY0wWTy0CEe82wgz3eg1Q5eE9MlxJ4-CP0OlHM1O4fKOHfyRs1DOozGPXYmhG-l0VOOH7wuYG2-DfIN6pMfnCD_x5dhebJeO68cz57iOXOlRHsFxJcezBb0eTNmD08GZ41eGNPfwJ7h0XGxwHeLxLMhHBw-D6WiSg3tSYic-Nah32MowefiTDe-PdCxUivTwZmguBnkfo4miCPnxGL6gM8aPP2giiUeXLIfzhPiObMyF2g8xP3C2u2gXXBzymGiqyEHNqUe5HHmWC1Xm409xNO_R4zzyLD-aT0JoHo1Fol8mnE8wMSzROMyRlEb2dMfR_EF1PMpxakF4K0NClSYqMTf2I3m4E_kd-CpuacS78MgPdcqPONElo3mDvkIuKH6FPj9SRkxRLiQq50Q-aYNDRdB9PMIphGeM68GP8nCSaCRORcJ0kpjV5BKqSCqyJBKhZzHC00KDKzmaZTliKmeMKckk6A4RZpqJsP2hH5FZnMQe5QnSvUzx3IGaFPmJZlKWKUd_5A_0w0eu4w6857iWpbhEROIfJIvKHL-Irx26-_DDoTJ58EdyDWF--FkOz3IQnimk_kWYH1UUHRfzoI-0wj9CFofWP0ij4yIqKizxbUWe-MEfZFcxPYFrHs9RScqj4Elt9Oie4-KL-EfCNLrwB6eGp5gf9M-H7eiLJzmRXDKPdFkW3ET68EPiag_OJAollCKP5sePLwuOnDkUMkkZwYlyETlDXEdzlKKOnMuOD32Wx8gxJj2cVjtqhcNvXDhy4Zp2XMf05FEg_mCTXYiDEz-Yw3WOZw--JD8cW8GfKSOOXbzwoFnwMCci_-DsBcojCam1HG10TPLRfBYeVUHwQ8skZkN5SsgXG9yPh8mD6kWu4wsMBvoYjH_QHo1yGzvCvKh9nMiJRBpBL4wz_E_Aw93i40sknCj7Q4t8gdeDkoHfBo0u3Av6JczROEJ26FKYCDqPPkfj4cYnOmhyFtqUYxRz9CuRHj1R80S6He1yiLhoyGFo_Me2If7Bo2cF39iz42h6vDueHD-a50gmE_l04nvwrIzxPxhchceZ40eu5LASZcePO9vwQVIo5sgTjuCP5ouCPtLxo-x4hOHaQKWOXEvxtEVs4esSJPNm4flR6kSZEVP84ctxoRJ1JJPyIn9CXJlWpEyT4ZeYQ-nUEM70I38eZP8SKMoRnvDD41eaIU6jZrjNCE9wPCnCF_sFJyilh8imVB_0I882ODeBj8LLRHvQ_AivQk-D_wPhJcd5KKeO1JLwo1GE3sMjPQi7CI1z6BxCWDfK7DmeDc2DUEcyKU2CZhTu48lS_BmaD5X44zl29oErBs_RINlx9QnypkJzHcXl409R_nA3_KBveOgv_KqRz-EI7UeYBx9-5ExFtIW9I9vhB9dN_PBjvMZxeAePP0G-KY6IZxNUPRMeNGdx8ciPK0txSieea3jRI92aHKaSCP2hX2g4Bpwm5aiP50W15fB8hNZxZQrO4Sf4xUGDnhwe5QvyhBKDZNLx4odv9MaPLNkkjUHyLE-K9zhbNMlz_MEl4UKt5Ei5ldB99MhnOjhzosoT-D3eEY8TfEfuB8oe5yh9hFaOpqGG2JkoJGmfCE1OCX3wrKHwVBY8PgoONEWmNBmHKtEZQbeUIufR4_gP7rB8nAqOG1lh7tCzB95RGbmSiOhxvD8u-EXxoRcONIwQEiAgGBRACIOMAwxoAYgQRggEgGBSEEIAAAQIpAiCCgFACTBSJCGAUkIBwBQgCAFTKgRKEIAgMAIxQIBBzCCFEAGACQiAYgJBAYgShCEHEEMXGAAIAQI4QgQUgAAABABGgyWIE5IQIgUzBAiBEAMAAEAAQIwYJg5AkBmikAOAEAEUJIgRAgABQAkBnbJMGEGYoAg4IwAwiAIBJCFQEEJUYQYIAYAgzDAGNBJIAaEAIAAZsBRCQhkGCAFCKLGEQgAYsCEFBAgABBOEGUAEgUAAJgwSwAEhSGNAKGAIcYA4AaAAiFJlBWEAAQcEM0IYQagQBBgACATEGcCIsIIYgAgDCBhEHWDGMKOIFEARRgQBADADABDECQQswUwQKLgjhChhREdKIWEIAwQBpZgxhBRmjABAGGSgQ8goZBAjVFHhDSHAACIUUEJLAAwlQjHjABJCEASYIAAYaAgkRhhgHCUGEQIGgQgAgwAxgABICDFOAKGMJcIAAQAiVCjBmASCIEEEAkYIgCAgAAACAIFKKaSUBAAIJARwwBkgjAKAGCCEMIg5QBgiUAiFlACEGUSUEgIThgAgSBhAiABCM2QAAAgAIKhgwHAFlGDAOEKIABIQA8RziEAAhFKAAWkWMoYAQcAwSAAigABIAEcEAUgA4gAhRkABAROGAECAYEYAQAAABHCkABKUAEQMFEIRYAxACDhqHAOEGEgAckARZogDSjAkjVNEIM8QAwJAhIxBgjkAAEFKMsIQAUIQIQQAhAolgCAEVWCcEsgwIwAAyEBFhCNMCCCIEZgQIxgyCCpEKAGEGMEgBYgQg4ARghACjUACCCGKAUoYZIAjSCFQDGLCCCAQQgoRQSSSQlgmgBKEUEkMcUQhIJQARCkkhSCEEcYAMAwIbQAiCBBDmBEAAYYERUZwIIQh1hmAgbWAIECZcgIBCKASAA"],"acoustid_id": ["3679dbba-0d57-4d9b-9854-4a545153dc77"],"album": ["The Best of Rent: Highlights From the Original Cast Album"],"albumartistsort": ["Larson, Jonathan"],"artist": ["Jonathan Larson"],"artistsort": ["Larson, Jonathan"],"bpm": ["143"],"catalognumber": ["0044-50025-2"],"composer": ["Jonathan Larson"],"date": ["1999-09-07"],"discnumber": ["1"],"discsubtitle": [""],"encodedby": [""],"genre": ["Rock"],"grouping": [""],"label": ["DreamWorks Records"],"language": ["eng"],"media": ["CD"],"musicbrainz_albumartistid": ["2ab30461-12e3-4c97-b716-c39f13015d29"],"musicbrainz_albumid": ["6b47a529-0012-4c52-9a02-40041a5df11c"],"musicbrainz_artistid": ["2ab30461-12e3-4c97-b716-c39f13015d29"],