{"highlevel": {"danceability": {"all": {"danceable": 0.207300394773,"not_danceable": 0.792699635029},"probability": 0.792699635029,"value": "not_danceable"},"gender": {"all": {"female": 0.11781488359,"male": 0.882185101509},"probability": 0.882185101509,"value": "male"},"genre_dortmund": {"all": {"alternative": 0.00994013622403,"blues": 0.00110724486876,"electronic": 0.985674321651,"folkcountry": 0.00128165853675,"funksoulrnb": 5.9952832089e-05,"jazz": 0.000456693407614,"pop": 8.39415661176e-05,"raphiphop": 2.8068334359e-05,"rock": 0.00136800657492},"probability": 0.985674321651,"value": "electronic"},"genre_electronic": {"all": {"ambient": 0.369108974934,"dnb": 0.0310426913202,"house": 0.0809249654412,"techno": 0.0212790034711,"trance": 0.497644364834},"probability": 0.497644364834,"value": "trance"},"genre_rosamerica": {"all": {"cla": 0.00379762263037,"dan": 0.0191983170807,"hip": 0.0139836920425,"jaz": 0.0300674792379,"pop": 0.0446613319218,"rhy": 0.0143171939999,"roc": 0.870839357376,"spe": 0.00313502340578},"probability": 0.870839357376,"value": "roc"},"genre_tzanetakis": {"all": {"blu": 0.0626613423228,"cla": 0.0348169617355,"cou": 0.104475811124,"dis": 0.0784321576357,"hip": 0.15692435205,"jaz": 0.313974827528,"met": 0.0448166541755,"pop": 0.0627359300852,"reg": 0.0627360641956,"roc": 0.0784258767962},"probability": 0.313974827528,"value": "jaz"},"ismir04_rhythm": {"all": {"ChaChaCha": 0.0465945824981,"Jive": 0.126296341419,"Quickstep": 0.00652658799663,"Rumba-American": 0.015646468848,"Rumba-International": 0.0117433099076,"Rumba-Misc": 0.00671410234645,"Samba": 0.0260399878025,"Tango": 0.0222207680345,"VienneseWaltz": 0.731780529022,"Waltz": 0.00643731327727},"probability": 0.731780529022,"value": "VienneseWaltz"},"mood_acoustic": {"all": {"acoustic": 0.149821311235,"not_acoustic": 0.850178658962},"probability": 0.850178658962,"value": "not_acoustic"},"mood_aggressive": {"all": {"aggressive": 0.375283837318,"not_aggressive": 0.624716162682},"probability": 0.624716162682,"value": "not_aggressive"},"mood_electronic": {"all": {"electronic": 0.455206811428,"not_electronic": 0.544793188572},"probability": 0.544793188572,"value": "not_electronic"},"mood_happy": {"all": {"happy": 0.0383367016912,"not_happy": 0.961663305759},"probability": 0.961663305759,"value": "not_happy"},"mood_party": {"all": {"not_party": 0.538158774376,"party": 0.461841225624},"probability": 0.538158774376,"value": "not_party"},"mood_relaxed": {"all": {"not_relaxed": 0.719682514668,"relaxed": 0.28031745553},"probability": 0.719682514668,"value": "not_relaxed"},"mood_sad": {"all": {"not_sad": 0.820379137993,"sad": 0.179620862007},"probability": 0.820379137993,"value": "not_sad"},"moods_mirex": {"all": {"Cluster1": 0.0815170705318,"Cluster2": 0.0512596480548,"Cluster3": 0.359886914492,"Cluster4": 0.0996858254075,"Cluster5": 0.407650530338},"probability": 0.407650530338,"value": "Cluster5"},"timbre": {"all": {"bright": 0.0318128839135,"dark": 0.968187093735},"probability": 0.968187093735,"value": "dark"},"tonal_atonal": {"all": {"atonal": 0.0207714792341,"tonal": 0.979228496552},"probability": 0.979228496552,"value": "tonal"},"voice_instrumental": {"all": {"instrumental": 0.455876946449,"voice": 0.544123053551},"probability": 0.544123053551,"value": "voice"}},"metadata": {"audio_properties": {"analysis_sample_rate": 44100,"bit_rate": 192000,"equal_loudness": 0,"length": 226.507751465,"lossless": 0,"replay_gain": -14.989282608,"sample_rate": 44100,"codec": "mp3","downmix": "mix","md5_encoded": "1f73ec2132721b7d7a2c613a713b7622"},"tags": {"file_name": "The Way I Feel.mp3","acoustid_id": ["coustid Id"],"album": ["12 Stones"],"albumartist": ["12 Stones"],"albumartistsort": ["12 Stones"],"artist": ["12 Stones"],"artistsort": ["12 Stones"],"asin": ["B0000649OY"],"barcode": ["601501306921"],"catalognumber": ["60150-13069-2"],"date": ["2002"],"discnumber": ["1\/1"],"genre": ["Gospel Religious"],"isrc": ["USWU30106903"],"label": ["Wind-up"],"media": ["CD"],"musicbrainz album release country": ["US"],"musicbrainz album status": ["official"],"musicbrainz album type": ["album"],"musicbrainz_albumartistid": ["6f81a7dc-be31-4498-ae95-6d994ffec614"],"musicbrainz_albumid": ["5ffc2a4d-241b-4c63-ae33-42444365540f"],"musicbrainz_artistid": ["6f81a7dc-be31-4498-ae95-6d994ffec614"],"musicbrainz_recordingid": ["a0dba8fc-c7af-4a9a-acea-ec444450c602"],"musicbrainz_releasegroupid": ["c69ae98f-a2f8-3515-8ca6-a3644ba31905"],"musicbrainz_workid": ["f64dc0c4-6b7f-3744-9751-4ee82999ab55"],"originaldate": ["2002"],"script": ["Latn"],"title": ["The Way I Feel"],"tracknumber": ["3\/12"]},"version": {"highlevel": {"essentia": "2.1-beta5-dev","essentia_build_sha": "e74af04b57b164eed312abeef4963962215860f0","essentia_git_sha": "v2.1_beta4-499-g4013ebc","extractor": "music 2.0","gaia": "2.4.5","gaia_git_sha": "v2.4.4-44-g95f4851","models_essentia_git_sha": "v2.1_beta1"},"lowlevel": {"essentia": "2.1-beta2","essentia_build_sha": "2d9f1f26377add8aeb1075a9c2973f962c4f09fd","essentia_git_sha": "v2.1_beta2-1-ge3940c0","extractor": "music 1.0"}}}}