{"highlevel": {"danceability": {"all": {"danceable": 0.00373680656776,"not_danceable": 0.996263206005},"probability": 0.996263206005,"value": "not_danceable"},"gender": {"all": {"female": 0.101771697402,"male": 0.898228287697},"probability": 0.898228287697,"value": "male"},"genre_dortmund": {"all": {"alternative": 0.242672488093,"blues": 0.0239278431982,"electronic": 0.0503217801452,"folkcountry": 0.296331912279,"funksoulrnb": 0.00457149744034,"jazz": 0.00804985780269,"pop": 0.037078268826,"raphiphop": 0.000521546404343,"rock": 0.336524814367},"probability": 0.336524814367,"value": "rock"},"genre_electronic": {"all": {"ambient": 0.704604268074,"dnb": 0.135613903403,"house": 0.0314804464579,"techno": 0.0110760014504,"trance": 0.117225386202},"probability": 0.704604268074,"value": "ambient"},"genre_rosamerica": {"all": {"cla": 0.169719263911,"dan": 0.0280765518546,"hip": 0.0210990458727,"jaz": 0.0193463917822,"pop": 0.0574439167976,"rhy": 0.0464910902083,"roc": 0.649295151234,"spe": 0.00852862279862},"probability": 0.649295151234,"value": "roc"},"genre_tzanetakis": {"all": {"blu": 0.0626613423228,"cla": 0.0348169617355,"cou": 0.104475811124,"dis": 0.0784321576357,"hip": 0.15692435205,"jaz": 0.313974827528,"met": 0.0448166541755,"pop": 0.0627359300852,"reg": 0.0627360641956,"roc": 0.0784258767962},"probability": 0.313974827528,"value": "jaz"},"ismir04_rhythm": {"all": {"ChaChaCha": 0.151846796274,"Jive": 0.601312100887,"Quickstep": 0.00918558239937,"Rumba-American": 0.0100921588019,"Rumba-International": 0.00464298250154,"Rumba-Misc": 0.00141303136479,"Samba": 0.0125679476187,"Tango": 0.00860844925046,"VienneseWaltz": 0.195431873202,"Waltz": 0.00489907665178},"probability": 0.601312100887,"value": "Jive"},"mood_acoustic": {"all": {"acoustic": 0.158822461963,"not_acoustic": 0.841177523136},"probability": 0.841177523136,"value": "not_acoustic"},"mood_aggressive": {"all": {"aggressive": 0.263693094254,"not_aggressive": 0.736306905746},"probability": 0.736306905746,"value": "not_aggressive"},"mood_electronic": {"all": {"electronic": 0.0723287910223,"not_electronic": 0.927671194077},"probability": 0.927671194077,"value": "not_electronic"},"mood_happy": {"all": {"happy": 0.624615132809,"not_happy": 0.375384867191},"probability": 0.624615132809,"value": "happy"},"mood_party": {"all": {"not_party": 0.699520587921,"party": 0.300479412079},"probability": 0.699520587921,"value": "not_party"},"mood_relaxed": {"all": {"not_relaxed": 0.991595327854,"relaxed": 0.00840466003865},"probability": 0.991595327854,"value": "not_relaxed"},"mood_sad": {"all": {"not_sad": 0.640942633152,"sad": 0.359057366848},"probability": 0.640942633152,"value": "not_sad"},"moods_mirex": {"all": {"Cluster1": 0.327141195536,"Cluster2": 0.204108417034,"Cluster3": 0.154088526964,"Cluster4": 0.130714982748,"Cluster5": 0.183946892619},"probability": 0.327141195536,"value": "Cluster1"},"timbre": {"all": {"bright": 0.904444217682,"dark": 0.0955557748675},"probability": 0.904444217682,"value": "bright"},"tonal_atonal": {"all": {"atonal": 0.00117100216448,"tonal": 0.998829007149},"probability": 0.998829007149,"value": "tonal"},"voice_instrumental": {"all": {"instrumental": 0.00451724650338,"voice": 0.995482742786},"probability": 0.995482742786,"value": "voice"}},"metadata": {"audio_properties": {"analysis_sample_rate": 44100,"bit_rate": 0,"equal_loudness": 0,"length": 91.8933334351,"lossless": 1,"replay_gain": -16.5873565674,"sample_rate": 44100,"codec": "flac","downmix": "mix","md5_encoded": "1defc518d61cda7f2ad702e8f3c6bcf0"},"tags": {"file_name": "01-28 I Don't Wanna Walk Around With You (live).flac","album": ["Leave Home"],"albumartist": ["Ramones"],"albumartistsort": ["Ramones"],"artist": ["Ramones"],"artistsort": ["Ramones"],"asin": ["B00005JGAC"],"barcode": ["081227430726"],"catalognumber": ["R2 74307"],"date": ["2001-06-19"],"discnumber": ["1"],"disctotal": ["1"],"genre": ["Alternative"],"label": ["Rhino"],"labelno": ["8122-74307-2"],"media": ["CD"],"musicbrainz_albumartistid": ["d6ed7887-a401-47a8-893c-34b967444d26"],"musicbrainz_albumid": ["2a2f6bc1-8aa1-41c7-8dba-169d62a00111"],"musicbrainz_artistid": ["d6ed7887-a401-47a8-893c-34b967444d26"],"musicbrainz_recordingid": ["f09bf029-e478-4b91-92b7-ad5dc6348f75"],"musicbrainz_releasegroupid": ["bc3b5116-300a-3696-919d-bca466a3f143"],"originaldate": ["1977-01-10"],"publisher": ["Rhino\/Warner Archives"],"release date": ["2001-06-19"],"releasecountry": ["US"],"releasestatus": ["official"],"releasetype": ["album"],"script": ["Latn"],"title": ["I Don't Wanna Walk Around With You (live)"],"totaldiscs": ["1"],"totaltracks": ["31"],"tracknumber": ["28"],"tracktotal": ["31"]},"version": {"highlevel": {"essentia": "2.1-beta5-dev","essentia_build_sha": "e74af04b57b164eed312abeef4963962215860f0","essentia_git_sha": "v2.1_beta4-499-g4013ebc","extractor": "music 2.0","gaia": "2.4.5","gaia_git_sha": "v2.4.4-44-g95f4851","models_essentia_git_sha": "v2.1_beta1"},"lowlevel": {"essentia": "2.1-beta1","essentia_build_sha": "ca57ba49d9b1854bd80e60cf9ccf267278fb7d6b","essentia_git_sha": "v2.1_beta1-28-g21ef5f4-dirty","extractor": "music 1.0"}}}}