{"highlevel": {"danceability": {"all": {"danceable": 0.948641836643,"not_danceable": 0.0513581633568},"probability": 0.948641836643,"value": "danceable"},"gender": {"all": {"female": 0.981462955475,"male": 0.0185370594263},"probability": 0.981462955475,"value": "female"},"genre_dortmund": {"all": {"alternative": 0.0738903284073,"blues": 0.00871133524925,"electronic": 0.899885654449,"folkcountry": 0.0105008175597,"funksoulrnb": 0.000310126983095,"jazz": 0.000854980025906,"pop": 0.00175101286732,"raphiphop": 0.000410234817537,"rock": 0.00368551467545},"probability": 0.899885654449,"value": "electronic"},"genre_electronic": {"all": {"ambient": 0.476359397173,"dnb": 0.0564399622381,"house": 0.351420670748,"techno": 0.030022252351,"trance": 0.0857577174902},"probability": 0.476359397173,"value": "ambient"},"genre_rosamerica": {"all": {"cla": 0.0111001320183,"dan": 0.0484908148646,"hip": 0.172816857696,"jaz": 0.00825437251478,"pop": 0.530549049377,"rhy": 0.143610790372,"roc": 0.0715940371156,"spe": 0.0135839348659},"probability": 0.530549049377,"value": "pop"},"genre_tzanetakis": {"all": {"blu": 0.0514711923897,"cla": 0.0343172624707,"cou": 0.102957598865,"dis": 0.102972343564,"hip": 0.154464527965,"jaz": 0.308918893337,"met": 0.0441242903471,"pop": 0.0617748275399,"reg": 0.0617764480412,"roc": 0.0772226303816},"probability": 0.308918893337,"value": "jaz"},"ismir04_rhythm": {"all": {"ChaChaCha": 0.130353033543,"Jive": 0.0335848592222,"Quickstep": 0.0119954422116,"Rumba-American": 0.0408837534487,"Rumba-International": 0.0489423498511,"Rumba-Misc": 0.0346628129482,"Samba": 0.0414942353964,"Tango": 0.249876484275,"VienneseWaltz": 0.350287854671,"Waltz": 0.0579191707075},"probability": 0.350287854671,"value": "VienneseWaltz"},"mood_acoustic": {"all": {"acoustic": 0.40130224824,"not_acoustic": 0.598697781563},"probability": 0.598697781563,"value": "not_acoustic"},"mood_aggressive": {"all": {"aggressive": 0.0586949288845,"not_aggressive": 0.941305100918},"probability": 0.941305100918,"value": "not_aggressive"},"mood_electronic": {"all": {"electronic": 0.718277156353,"not_electronic": 0.281722843647},"probability": 0.718277156353,"value": "electronic"},"mood_happy": {"all": {"happy": 0.291251212358,"not_happy": 0.708748757839},"probability": 0.708748757839,"value": "not_happy"},"mood_party": {"all": {"not_party": 0.924694180489,"party": 0.0753058418632},"probability": 0.924694180489,"value": "not_party"},"mood_relaxed": {"all": {"not_relaxed": 0.0260961409658,"relaxed": 0.97390383482},"probability": 0.97390383482,"value": "relaxed"},"mood_sad": {"all": {"not_sad": 0.419819414616,"sad": 0.580180585384},"probability": 0.580180585384,"value": "sad"},"moods_mirex": {"all": {"Cluster1": 0.118963904679,"Cluster2": 0.158544808626,"Cluster3": 0.440582305193,"Cluster4": 0.13984259963,"Cluster5": 0.142066374421},"probability": 0.440582305193,"value": "Cluster3"},"timbre": {"all": {"bright": 0.166423514485,"dark": 0.833576500416},"probability": 0.833576500416,"value": "dark"},"tonal_atonal": {"all": {"atonal": 0.607410252094,"tonal": 0.392589747906},"probability": 0.607410252094,"value": "atonal"},"voice_instrumental": {"all": {"instrumental": 0.314221382141,"voice": 0.685778617859},"probability": 0.685778617859,"value": "voice"}},"metadata": {"audio_properties": {"analysis_sample_rate": 44100,"bit_rate": 183598,"equal_loudness": 0,"length": 250.096328735,"lossless": 0,"replay_gain": -11.5213279724,"sample_rate": 44100,"codec": "mp3","downmix": "mix","md5_encoded": "fe5157f6be988be983080f891acf8ac9"},"tags": {"file_name": "255773.mp3","album": ["Universe in Reverse"],"albumartist": ["Infadels"],"artist": ["Infadels"],"date": ["2008"],"encodedby": ["LAME 3.97 V2: preset standard"],"genre": ["Rock"],"language": ["German"],"musicbrainz_recordingid": ["4c1d8872-ce80-4980-858e-3852c3cece63"],"title": ["dont look behind you"],"tracknumber": ["8"]},"version": {"highlevel": {"essentia": "2.1-beta5-dev","essentia_build_sha": "e74af04b57b164eed312abeef4963962215860f0","essentia_git_sha": "v2.1_beta4-499-g4013ebc","extractor": "music 2.0","gaia": "2.4.5","gaia_git_sha": "v2.4.4-44-g95f4851","models_essentia_git_sha": "v2.1_beta1"},"lowlevel": {"essentia": "2.1-beta2","essentia_build_sha": "70f2e5ece6736b2c40cc944ad0e695b16b925413","essentia_git_sha": "v2.1_beta2","extractor": "music 1.0"}}}}