{"highlevel": {"danceability": {"all": {"danceable": 0.649783968925,"not_danceable": 0.350216060877},"probability": 0.649783968925,"value": "danceable"},"gender": {"all": {"female": 0.00310258357786,"male": 0.996897399426},"probability": 0.996897399426,"value": "male"},"genre_dortmund": {"all": {"alternative": 0.154117450118,"blues": 0.00999242067337,"electronic": 0.730271100998,"folkcountry": 0.0591266229749,"funksoulrnb": 0.00171055493411,"jazz": 0.00568890944123,"pop": 0.00435429718345,"raphiphop": 0.00128976348788,"rock": 0.0334489010274},"probability": 0.730271100998,"value": "electronic"},"genre_electronic": {"all": {"ambient": 0.730014681816,"dnb": 0.0151415541768,"house": 0.0300923138857,"techno": 0.0107009476051,"trance": 0.214050486684},"probability": 0.730014681816,"value": "ambient"},"genre_rosamerica": {"all": {"cla": 0.0264363512397,"dan": 0.101248107851,"hip": 0.0779726430774,"jaz": 0.0474146530032,"pop": 0.20076353848,"rhy": 0.340918034315,"roc": 0.19085945189,"spe": 0.0143872052431},"probability": 0.340918034315,"value": "rhy"},"genre_tzanetakis": {"all": {"blu": 0.0626613423228,"cla": 0.0348169617355,"cou": 0.104475811124,"dis": 0.0784321576357,"hip": 0.15692435205,"jaz": 0.313974827528,"met": 0.0448166541755,"pop": 0.0627359300852,"reg": 0.0627360641956,"roc": 0.0784258767962},"probability": 0.313974827528,"value": "jaz"},"ismir04_rhythm": {"all": {"ChaChaCha": 0.0903388783336,"Jive": 0.0413829386234,"Quickstep": 0.0132509535179,"Rumba-American": 0.0206008832902,"Rumba-International": 0.0510962046683,"Rumba-Misc": 0.0122121442109,"Samba": 0.0426269061863,"Tango": 0.0845782905817,"VienneseWaltz": 0.630148887634,"Waltz": 0.0137639017776},"probability": 0.630148887634,"value": "VienneseWaltz"},"mood_acoustic": {"all": {"acoustic": 0.716906785965,"not_acoustic": 0.283093243837},"probability": 0.716906785965,"value": "acoustic"},"mood_aggressive": {"all": {"aggressive": 0.0927727967501,"not_aggressive": 0.907227218151},"probability": 0.907227218151,"value": "not_aggressive"},"mood_electronic": {"all": {"electronic": 0.219351381063,"not_electronic": 0.780648648739},"probability": 0.780648648739,"value": "not_electronic"},"mood_happy": {"all": {"happy": 0.244983196259,"not_happy": 0.755016803741},"probability": 0.755016803741,"value": "not_happy"},"mood_party": {"all": {"not_party": 0.808318018913,"party": 0.191681966186},"probability": 0.808318018913,"value": "not_party"},"mood_relaxed": {"all": {"not_relaxed": 0.0344322696328,"relaxed": 0.965567708015},"probability": 0.965567708015,"value": "relaxed"},"mood_sad": {"all": {"not_sad": 0.832169830799,"sad": 0.167830169201},"probability": 0.832169830799,"value": "not_sad"},"moods_mirex": {"all": {"Cluster1": 0.134573623538,"Cluster2": 0.195780992508,"Cluster3": 0.263552546501,"Cluster4": 0.273893684149,"Cluster5": 0.132199168205},"probability": 0.273893684149,"value": "Cluster4"},"timbre": {"all": {"bright": 0.290999352932,"dark": 0.709000647068},"probability": 0.709000647068,"value": "dark"},"tonal_atonal": {"all": {"atonal": 0.227647557855,"tonal": 0.772352457047},"probability": 0.772352457047,"value": "tonal"},"voice_instrumental": {"all": {"instrumental": 0.0122746126726,"voice": 0.987725377083},"probability": 0.987725377083,"value": "voice"}},"metadata": {"audio_properties": {"analysis_sample_rate": 44100,"bit_rate": 0,"equal_loudness": 0,"length": 194.85333252,"lossless": 1,"replay_gain": -13.8413066864,"sample_rate": 44100,"codec": "flac","downmix": "mix","md5_encoded": "e0ffc477366258280515f416173dd8b1"},"tags": {"file_name": "02 - As Long as There Is Whiskey in the World.flac","acoustid_id": ["96ec88a8-8ac8-4bd7-b59b-998eed4b392e"],"album": ["Good Morning, Magpie"],"albumartist": ["Murder by Death"],"albumartistsort": ["Murder by Death"],"artist": ["Murder by Death"],"artistsort": ["Murder by Death"],"asin": ["B0039OC0WK"],"date": ["2010-04-06"],"label": ["Vagrant Records"],"media": ["CD"],"musicbrainz_albumartistid": ["115eda90-a9f4-4437-9e4d-513daa0d5f35"],"musicbrainz_albumid": ["a3345761-3460-34d8-8b18-0ee567f82c6c"],"musicbrainz_artistid": ["115eda90-a9f4-4437-9e4d-513daa0d5f35"],"musicbrainz_recordingid": ["4c24fd4a-13cf-4bab-9528-b2531a2f4eff"],"musicbrainz_releasegroupid": ["4e187915-52f5-4f7a-8fb0-a75a1dfc31cb"],"musicbrainz_releasetrackid": ["46dbf4f8-76b5-3e43-8b5a-6fb0a93019b2"],"originaldate": ["2010"],"releasecountry": ["US"],"releasestatus": ["official"],"releasetype": ["album"],"script": ["Latn"],"title": ["As Long as There Is Whiskey in the World"],"totaltracks": ["11"],"tracknumber": ["2"],"tracktotal": ["11"]},"version": {"highlevel": {"essentia": "2.1-beta5-dev","essentia_build_sha": "e74af04b57b164eed312abeef4963962215860f0","essentia_git_sha": "v2.1_beta4-499-g4013ebc","extractor": "music 2.0","gaia": "2.4.5","gaia_git_sha": "v2.4.4-44-g95f4851","models_essentia_git_sha": "v2.1_beta1"},"lowlevel": {"essentia": "2.1-beta2","essentia_build_sha": "70f2e5ece6736b2c40cc944ad0e695b16b925413","essentia_git_sha": "v2.1_beta2","extractor": "music 1.0"}}}}