{"highlevel": {"danceability": {"all": {"danceable": 0.519138514996,"not_danceable": 0.480861485004},"probability": 0.519138514996,"value": "danceable"},"gender": {"all": {"female": 0.396605670452,"male": 0.603394329548},"probability": 0.603394329548,"value": "male"},"genre_dortmund": {"all": {"alternative": 5.08556703693e-11,"blues": 6.37885438914e-11,"electronic": 0.999998033047,"folkcountry": 1.06828316859e-07,"funksoulrnb": 2.12697450763e-08,"jazz": 1.60033209795e-06,"pop": 1.82374293445e-08,"raphiphop": 1.65430869004e-08,"rock": 1.96660877805e-07},"probability": 0.999998033047,"value": "electronic"},"genre_electronic": {"all": {"ambient": 0.618070662022,"dnb": 0.00265027536079,"house": 0.0792964547873,"techno": 0.030169589445,"trance": 0.269813030958},"probability": 0.618070662022,"value": "ambient"},"genre_rosamerica": {"all": {"cla": 0.0199606530368,"dan": 0.00845681782812,"hip": 0.0374979749322,"jaz": 0.299685388803,"pop": 0.265198498964,"rhy": 0.346727371216,"roc": 0.00828992947936,"spe": 0.0141833443195},"probability": 0.346727371216,"value": "rhy"},"genre_tzanetakis": {"all": {"blu": 0.0610634572804,"cla": 0.0338886082172,"cou": 0.0609872415662,"dis": 0.0508242882788,"hip": 0.152499303222,"jaz": 0.305208653212,"met": 0.0610179640353,"pop": 0.0610033459961,"reg": 0.0609996654093,"roc": 0.152507469058},"probability": 0.305208653212,"value": "jaz"},"ismir04_rhythm": {"all": {"ChaChaCha": 0.0857242941856,"Jive": 0.0241800807416,"Quickstep": 0.0172401964664,"Rumba-American": 0.0562970265746,"Rumba-International": 0.0236530266702,"Rumba-Misc": 0.0273882802576,"Samba": 0.0355216749012,"Tango": 0.38953769207,"VienneseWaltz": 0.328769743443,"Waltz": 0.0116879725829},"probability": 0.38953769207,"value": "Tango"},"mood_acoustic": {"all": {"acoustic": 0.89304882288,"not_acoustic": 0.106951192021},"probability": 0.89304882288,"value": "acoustic"},"mood_aggressive": {"all": {"aggressive": 0.0394941307604,"not_aggressive": 0.960505843163},"probability": 0.960505843163,"value": "not_aggressive"},"mood_electronic": {"all": {"electronic": 0.795807778835,"not_electronic": 0.204192206264},"probability": 0.795807778835,"value": "electronic"},"mood_happy": {"all": {"happy": 0.0945582464337,"not_happy": 0.905441761017},"probability": 0.905441761017,"value": "not_happy"},"mood_party": {"all": {"not_party": 0.679727852345,"party": 0.320272147655},"probability": 0.679727852345,"value": "not_party"},"mood_relaxed": {"all": {"not_relaxed": 0.0732470601797,"relaxed": 0.926752924919},"probability": 0.926752924919,"value": "relaxed"},"mood_sad": {"all": {"not_sad": 0.604126095772,"sad": 0.395873904228},"probability": 0.604126095772,"value": "not_sad"},"moods_mirex": {"all": {"Cluster1": 0.0730608552694,"Cluster2": 0.0596214048564,"Cluster3": 0.297543019056,"Cluster4": 0.0550019294024,"Cluster5": 0.514772772789},"probability": 0.514772772789,"value": "Cluster5"},"timbre": {"all": {"bright": 0.619976341724,"dark": 0.380023658276},"probability": 0.619976341724,"value": "bright"},"tonal_atonal": {"all": {"atonal": 0.590213119984,"tonal": 0.409786850214},"probability": 0.590213119984,"value": "atonal"},"voice_instrumental": {"all": {"instrumental": 0.978062152863,"voice": 0.0219378527254},"probability": 0.978062152863,"value": "instrumental"}},"metadata": {"audio_properties": {"analysis_sample_rate": 44100,"bit_rate": 127317,"equal_loudness": 0,"length": 456.759735107,"lossless": 0,"replay_gain": -9.74433326721,"sample_rate": 44100,"codec": "aac","downmix": "mix","md5_encoded": "551a6284cab647dc6828a2d4f29ae157"},"tags": {"file_name": "05 Storm.m4a","album": ["Salt Song"],"albumartistsort": ["Turrentine, Stanley"],"artist": ["Stanley Turrentine"],"artistsort": ["Turrentine, Stanley"],"asin": ["B000002AGS"],"bpm": ["0"],"catalognumber": ["CTI 6010"],"date": ["1990"],"discnumber": ["1\/1"],"encodedby": ["iTunes v6.0.0.18, QuickTime 7.0.3"],"genre": ["Jazz"],"label": ["CTI"],"language": ["English"],"media": ["CD"],"musicbrainz_albumartistid": ["51e0df97-1fe2-401c-ba92-9f854b7831c3"],"musicbrainz_albumid": ["452152ca-6ab7-4d69-990d-d6a14e302bfd"],"musicbrainz_artistid": ["51e0df97-1fe2-401c-ba92-9f854b7831c3"],"musicbrainz_recordingid": ["4c3eb83a-ddad-4a1d-b46c-4c95ce6b03a1"],"musicbrainz_releasegroupid": ["53a8749c-9679-3ced-9503-1845c1d5acb9"],"script": ["Latin"],"title": ["Storm"],"tracknumber": ["5\/6"]},"version": {"highlevel": {"essentia": "2.1-beta5-dev","essentia_build_sha": "e74af04b57b164eed312abeef4963962215860f0","essentia_git_sha": "v2.1_beta4-499-g4013ebc","extractor": "music 2.0","gaia": "2.4.5","gaia_git_sha": "v2.4.4-44-g95f4851","models_essentia_git_sha": "v2.1_beta1"},"lowlevel": {"essentia": "2.1-beta2","essentia_build_sha": "cead25079874084f62182a551b7393616cd33d87","essentia_git_sha": "v2.1_beta2-1-ge3940c0","extractor": "music 1.0"}}}}