{"highlevel": {"danceability": {"all": {"danceable": 0.490150719881,"not_danceable": 0.509849250317},"probability": 0.509849250317,"value": "not_danceable"},"gender": {"all": {"female": 0.783780634403,"male": 0.216219380498},"probability": 0.783780634403,"value": "female"},"genre_dortmund": {"all": {"alternative": 0.00173802359495,"blues": 0.000193704574485,"electronic": 0.99653172493,"folkcountry": 0.000586981826928,"funksoulrnb": 1.33311723403e-05,"jazz": 0.000687669380568,"pop": 3.53446957888e-05,"raphiphop": 6.18456169832e-06,"rock": 0.000207018340006},"probability": 0.99653172493,"value": "electronic"},"genre_electronic": {"all": {"ambient": 0.594625413418,"dnb": 0.0119209494442,"house": 0.279433310032,"techno": 0.0649879425764,"trance": 0.0490323603153},"probability": 0.594625413418,"value": "ambient"},"genre_rosamerica": {"all": {"cla": 0.0798750370741,"dan": 0.0413242727518,"hip": 0.120726265013,"jaz": 0.207340076566,"pop": 0.12866511941,"rhy": 0.353052556515,"roc": 0.0450452826917,"spe": 0.0239713937044},"probability": 0.353052556515,"value": "rhy"},"genre_tzanetakis": {"all": {"blu": 0.0519099198282,"cla": 0.0346061103046,"cou": 0.0784541219473,"dis": 0.104145541787,"hip": 0.155986681581,"jaz": 0.312085926533,"met": 0.0445461347699,"pop": 0.0623579919338,"reg": 0.0779498890042,"roc": 0.077957674861},"probability": 0.312085926533,"value": "jaz"},"ismir04_rhythm": {"all": {"ChaChaCha": 0.00493997382,"Jive": 0.00287625472993,"Quickstep": 0.000553858058993,"Rumba-American": 0.00961534585804,"Rumba-International": 0.00155938370153,"Rumba-Misc": 0.00110764545389,"Samba": 0.0205237306654,"Tango": 0.954524993896,"VienneseWaltz": 0.00383295747451,"Waltz": 0.000465882563731},"probability": 0.954524993896,"value": "Tango"},"mood_acoustic": {"all": {"acoustic": 0.387704104185,"not_acoustic": 0.612295925617},"probability": 0.612295925617,"value": "not_acoustic"},"mood_aggressive": {"all": {"aggressive": 0.363288670778,"not_aggressive": 0.636711359024},"probability": 0.636711359024,"value": "not_aggressive"},"mood_electronic": {"all": {"electronic": 0.854759335518,"not_electronic": 0.145240649581},"probability": 0.854759335518,"value": "electronic"},"mood_happy": {"all": {"happy": 0.233465462923,"not_happy": 0.766534507275},"probability": 0.766534507275,"value": "not_happy"},"mood_party": {"all": {"not_party": 0.635556995869,"party": 0.364442974329},"probability": 0.635556995869,"value": "not_party"},"mood_relaxed": {"all": {"not_relaxed": 0.238073483109,"relaxed": 0.761926531792},"probability": 0.761926531792,"value": "relaxed"},"mood_sad": {"all": {"not_sad": 0.660056769848,"sad": 0.339943230152},"probability": 0.660056769848,"value": "not_sad"},"moods_mirex": {"all": {"Cluster1": 0.128032833338,"Cluster2": 0.199346646667,"Cluster3": 0.26548910141,"Cluster4": 0.14481139183,"Cluster5": 0.262320011854},"probability": 0.26548910141,"value": "Cluster3"},"timbre": {"all": {"bright": 0.010042511858,"dark": 0.989957511425},"probability": 0.989957511425,"value": "dark"},"tonal_atonal": {"all": {"atonal": 0.992940664291,"tonal": 0.00705931475386},"probability": 0.992940664291,"value": "atonal"},"voice_instrumental": {"all": {"instrumental": 0.994961261749,"voice": 0.00503876665607},"probability": 0.994961261749,"value": "instrumental"}},"metadata": {"audio_properties": {"analysis_sample_rate": 44100,"bit_rate": 150745,"equal_loudness": 0,"length": 321.149383545,"lossless": 0,"replay_gain": -8.2650718689,"sample_rate": 44100,"codec": "mp3","downmix": "mix","md5_encoded": "99ad835f352836dc80fc1b1e2d7e493b"},"tags": {"file_name": "03 Oval - The Politics of Digital Audio (Systemisch).mp3","acoustid_id": ["3de66389-ee0f-4c01-8211-169a49d7cd02"],"album": ["Systemisch"],"albumartistsort": ["Oval"],"artist": ["Oval"],"artistsort": ["Oval"],"asin": ["B000004B32"],"catalognumber": ["thrill 032"],"date": ["1996-06-18"],"discnumber": ["1\/1"],"label": ["Thrill Jockey"],"language": ["eng"],"media": ["CD"],"musicbrainz album release country": ["US"],"musicbrainz album status": ["official"],"musicbrainz album type": ["album"],"musicbrainz_albumartistid": ["2fa478b1-dee0-428c-8e18-8b0b6608b2dd"],"musicbrainz_albumid": ["eafcfa42-7445-343e-a892-defca7f0db6f"],"musicbrainz_artistid": ["2fa478b1-dee0-428c-8e18-8b0b6608b2dd"],"musicbrainz_recordingid": ["4c6dabe4-39ab-49a9-974e-73372113699b"],"originaldate": ["1994"],"script": ["Latn"],"title": ["The Politics of Digital Audio"],"tracknumber": ["3\/11"]},"version": {"highlevel": {"essentia": "2.1-beta5-dev","essentia_build_sha": "e74af04b57b164eed312abeef4963962215860f0","essentia_git_sha": "v2.1_beta4-499-g4013ebc","extractor": "music 2.0","gaia": "2.4.5","gaia_git_sha": "v2.4.4-44-g95f4851","models_essentia_git_sha": "v2.1_beta1"},"lowlevel": {"essentia": "2.1-beta2","essentia_build_sha": "2d9f1f26377add8aeb1075a9c2973f962c4f09fd","essentia_git_sha": "v2.1_beta2-1-ge3940c0","extractor": "music 1.0"}}}}