{"highlevel": {"danceability": {"all": {"danceable": 0.940823078156,"not_danceable": 0.0591769441962},"probability": 0.940823078156,"value": "danceable"},"gender": {"all": {"female": 0.085906624794,"male": 0.914093375206},"probability": 0.914093375206,"value": "male"},"genre_dortmund": {"all": {"alternative": 0.0121768144891,"blues": 0.00143196329009,"electronic": 0.982054650784,"folkcountry": 0.00225849379785,"funksoulrnb": 5.51650227862e-05,"jazz": 0.000960693927482,"pop": 0.000124161277199,"raphiphop": 2.99697967421e-05,"rock": 0.000908074376639},"probability": 0.982054650784,"value": "electronic"},"genre_electronic": {"all": {"ambient": 0.705455839634,"dnb": 0.00225305417553,"house": 0.0180707219988,"techno": 0.00551292765886,"trance": 0.268707424402},"probability": 0.705455839634,"value": "ambient"},"genre_rosamerica": {"all": {"cla": 0.063584163785,"dan": 0.0366269126534,"hip": 0.0322802700102,"jaz": 0.2747785151,"pop": 0.276899009943,"rhy": 0.168877378106,"roc": 0.112576805055,"spe": 0.034376937896},"probability": 0.276899009943,"value": "pop"},"genre_tzanetakis": {"all": {"blu": 0.0626613423228,"cla": 0.0348169617355,"cou": 0.104475811124,"dis": 0.0784321576357,"hip": 0.15692435205,"jaz": 0.313974827528,"met": 0.0448166541755,"pop": 0.0627359300852,"reg": 0.0627360641956,"roc": 0.0784258767962},"probability": 0.313974827528,"value": "jaz"},"ismir04_rhythm": {"all": {"ChaChaCha": 0.0742239430547,"Jive": 0.0506835654378,"Quickstep": 0.0106211761013,"Rumba-American": 0.102409757674,"Rumba-International": 0.0293813273311,"Rumba-Misc": 0.0130165768787,"Samba": 0.0384726300836,"Tango": 0.476444959641,"VienneseWaltz": 0.194173917174,"Waltz": 0.0105721326545},"probability": 0.476444959641,"value": "Tango"},"mood_acoustic": {"all": {"acoustic": 0.970381557941,"not_acoustic": 0.0296184401959},"probability": 0.970381557941,"value": "acoustic"},"mood_aggressive": {"all": {"aggressive": 0.00691364146769,"not_aggressive": 0.993086338043},"probability": 0.993086338043,"value": "not_aggressive"},"mood_electronic": {"all": {"electronic": 0.722407102585,"not_electronic": 0.277592927217},"probability": 0.722407102585,"value": "electronic"},"mood_happy": {"all": {"happy": 0.109753504395,"not_happy": 0.890246510506},"probability": 0.890246510506,"value": "not_happy"},"mood_party": {"all": {"not_party": 0.896870017052,"party": 0.103129990399},"probability": 0.896870017052,"value": "not_party"},"mood_relaxed": {"all": {"not_relaxed": 0.165430247784,"relaxed": 0.834569752216},"probability": 0.834569752216,"value": "relaxed"},"mood_sad": {"all": {"not_sad": 0.394482553005,"sad": 0.605517446995},"probability": 0.605517446995,"value": "sad"},"moods_mirex": {"all": {"Cluster1": 0.0777922347188,"Cluster2": 0.132269889116,"Cluster3": 0.347782969475,"Cluster4": 0.212746530771,"Cluster5": 0.229408353567},"probability": 0.347782969475,"value": "Cluster3"},"timbre": {"all": {"bright": 0.877289831638,"dark": 0.122710168362},"probability": 0.877289831638,"value": "bright"},"tonal_atonal": {"all": {"atonal": 0.0454119555652,"tonal": 0.954588055611},"probability": 0.954588055611,"value": "tonal"},"voice_instrumental": {"all": {"instrumental": 0.985793948174,"voice": 0.0142060732469},"probability": 0.985793948174,"value": "instrumental"}},"metadata": {"audio_properties": {"analysis_sample_rate": 44100,"bit_rate": 0,"equal_loudness": 0,"length": 271.14666748,"lossless": 1,"replay_gain": -14.4820404053,"sample_rate": 44100,"codec": "flac","downmix": "mix","md5_encoded": "5ab4e6f449189083a3cbca2e258aa11f"},"tags": {"file_name": "04-Powder_Blue.flac","album": ["Asleep in the Back"],"artist": ["Elbow"],"date": ["2001-00-00"],"musicbrainz_albumid": ["daf38bc9-c7c2-478b-bad2-ca7ce3db55f1"],"musicbrainz_artistid": ["3cb3928a-526c-4a3d-93c5-53315fa9bde0"],"musicbrainz_recordingid": ["2163ab59-a8e1-4fbc-bc0a-92af03ef15ae"],"title": ["Powder Blue"],"tracknumber": ["4"]},"version": {"highlevel": {"essentia": "2.1-beta5-dev","essentia_build_sha": "e74af04b57b164eed312abeef4963962215860f0","essentia_git_sha": "v2.1_beta4-499-g4013ebc","extractor": "music 2.0","gaia": "2.4.5","gaia_git_sha": "v2.4.4-44-g95f4851","models_essentia_git_sha": "v2.1_beta1"},"lowlevel": {"essentia": "2.1-beta2","essentia_build_sha": "c0e182ba78c2de26e491b7b7a4a2c98c1ed34208","essentia_git_sha": "v2.1_beta2-2-gbb40004","extractor": "music 1.0"}}}}