{"highlevel": {"danceability": {"all": {"danceable": 0.753980219364,"not_danceable": 0.246019780636},"probability": 0.753980219364,"value": "danceable"},"gender": {"all": {"female": 0.999471545219,"male": 0.000528447155375},"probability": 0.999471545219,"value": "female"},"genre_dortmund": {"all": {"alternative": 0.0999042317271,"blues": 0.0449067950249,"electronic": 0.646252155304,"folkcountry": 0.125787228346,"funksoulrnb": 0.00543936621398,"jazz": 0.011834259145,"pop": 0.0183583796024,"raphiphop": 0.00454027950764,"rock": 0.0429773330688},"probability": 0.646252155304,"value": "electronic"},"genre_electronic": {"all": {"ambient": 0.811606824398,"dnb": 0.0275126770139,"house": 0.0782367438078,"techno": 0.0185409262776,"trance": 0.0641028359532},"probability": 0.811606824398,"value": "ambient"},"genre_rosamerica": {"all": {"cla": 0.00800097268075,"dan": 0.0101616457105,"hip": 0.00498223630711,"jaz": 0.0134004084393,"pop": 0.306417107582,"rhy": 0.580179154873,"roc": 0.0745160207152,"spe": 0.00234242598526},"probability": 0.580179154873,"value": "rhy"},"genre_tzanetakis": {"all": {"blu": 0.0626613423228,"cla": 0.0348169617355,"cou": 0.104475811124,"dis": 0.0784321576357,"hip": 0.15692435205,"jaz": 0.313974827528,"met": 0.0448166541755,"pop": 0.0627359300852,"reg": 0.0627360641956,"roc": 0.0784258767962},"probability": 0.313974827528,"value": "jaz"},"ismir04_rhythm": {"all": {"ChaChaCha": 0.154231667519,"Jive": 0.0439195595682,"Quickstep": 0.0213084351271,"Rumba-American": 0.0365758091211,"Rumba-International": 0.0440679825842,"Rumba-Misc": 0.0233190469444,"Samba": 0.04137596488,"Tango": 0.124474823475,"VienneseWaltz": 0.482992082834,"Waltz": 0.0277346372604},"probability": 0.482992082834,"value": "VienneseWaltz"},"mood_acoustic": {"all": {"acoustic": 0.513259470463,"not_acoustic": 0.486740529537},"probability": 0.513259470463,"value": "acoustic"},"mood_aggressive": {"all": {"aggressive": 1.67804391822e-05,"not_aggressive": 0.99998319149},"probability": 0.99998319149,"value": "not_aggressive"},"mood_electronic": {"all": {"electronic": 0.0280039384961,"not_electronic": 0.971996068954},"probability": 0.971996068954,"value": "not_electronic"},"mood_happy": {"all": {"happy": 0.524227082729,"not_happy": 0.475772887468},"probability": 0.524227082729,"value": "happy"},"mood_party": {"all": {"not_party": 0.825221717358,"party": 0.174778267741},"probability": 0.825221717358,"value": "not_party"},"mood_relaxed": {"all": {"not_relaxed": 0.808131635189,"relaxed": 0.191868335009},"probability": 0.808131635189,"value": "not_relaxed"},"mood_sad": {"all": {"not_sad": 0.476286560297,"sad": 0.523713469505},"probability": 0.523713469505,"value": "sad"},"moods_mirex": {"all": {"Cluster1": 0.0893687531352,"Cluster2": 0.133026123047,"Cluster3": 0.323338478804,"Cluster4": 0.0605049468577,"Cluster5": 0.393761694431},"probability": 0.393761694431,"value": "Cluster5"},"timbre": {"all": {"bright": 0.995496988297,"dark": 0.00450302753597},"probability": 0.995496988297,"value": "bright"},"tonal_atonal": {"all": {"atonal": 0.189012095332,"tonal": 0.810987889767},"probability": 0.810987889767,"value": "tonal"},"voice_instrumental": {"all": {"instrumental": 0.101396732032,"voice": 0.898603260517},"probability": 0.898603260517,"value": "voice"}},"metadata": {"audio_properties": {"analysis_sample_rate": 44100,"bit_rate": 0,"equal_loudness": 0,"length": 236.999984741,"lossless": 1,"replay_gain": -5.23714828491,"sample_rate": 192000,"codec": "flac","downmix": "mix","md5_encoded": "aedc70fb921210b0ed394436145b71be"},"tags": {"file_name": "04. Shayla.flac","acoustid_id": ["a6ce05d7-7ba8-43fa-bd7d-a0708bf0b8a0"],"album": ["Eat to the Beat"],"albumartist": ["Blondie"],"albumartistsort": ["Blondie"],"artist": ["Blondie"],"artistsort": ["Blondie"],"catalognumber": ["WWS-81255"],"date": ["1979"],"discnumber": ["1"],"disctotal": ["1"],"engineer": ["JUNLAJUBALAM "],"genre": ["Midtempo", "Dance", "Punk", "New York Punk", "Pop", "70S", "New Wave", "Post-Punk", "Power Pop", "Female", "Rock", "80S", "Mellow", "Classic Rock"],"label": ["Chrysalis"],"media": ["Vinyl"],"musicbrainz_albumartistid": ["4d2956d1-a3f7-44bb-9a41-67563e1a0c94"],"musicbrainz_albumid": ["8f52ab13-e3f8-4f6e-8103-1ffbd736acdd"],"musicbrainz_artistid": ["4d2956d1-a3f7-44bb-9a41-67563e1a0c94"],"musicbrainz_recordingid": ["4ce991fd-782e-4799-b55b-63ddecc740ee"],"musicbrainz_releasegroupid": ["d3d9f1bb-8b4b-3bc0-b544-dd3c8b776fec"],"originaldate": ["1979-10-13"],"releasecountry": ["JP"],"releasestatus": ["official"],"releasetype": ["album"],"script": ["Latn"],"title": ["Shayla"],"totaldiscs": ["1"],"totaltracks": ["14"],"tracknumber": ["4"],"tracktotal": ["14"]},"version": {"highlevel": {"essentia": "2.1-beta5-dev","essentia_build_sha": "e74af04b57b164eed312abeef4963962215860f0","essentia_git_sha": "v2.1_beta4-499-g4013ebc","extractor": "music 2.0","gaia": "2.4.5","gaia_git_sha": "v2.4.4-44-g95f4851","models_essentia_git_sha": "v2.1_beta1"},"lowlevel": {"essentia": "2.1-beta2","essentia_build_sha": "70f2e5ece6736b2c40cc944ad0e695b16b925413","essentia_git_sha": "v2.1_beta2","extractor": "music 1.0"}}}}