{"highlevel": {"danceability": {"all": {"danceable": 0.575936555862,"not_danceable": 0.424063444138},"probability": 0.575936555862,"value": "danceable"},"gender": {"all": {"female": 0.746615707874,"male": 0.253384292126},"probability": 0.746615707874,"value": "female"},"genre_dortmund": {"all": {"alternative": 0.000406136940001,"blues": 2.61094755842e-05,"electronic": 0.999457240105,"folkcountry": 2.35611059907e-05,"funksoulrnb": 2.58753601656e-07,"jazz": 6.67004314892e-06,"pop": 1.41458019698e-06,"raphiphop": 1.07093647728e-07,"rock": 7.85117736086e-05},"probability": 0.999457240105,"value": "electronic"},"genre_electronic": {"all": {"ambient": 0.191678136587,"dnb": 0.0180737990886,"house": 0.026881467551,"techno": 0.0241220388561,"trance": 0.739244580269},"probability": 0.739244580269,"value": "trance"},"genre_rosamerica": {"all": {"cla": 0.00174254912417,"dan": 0.107719570398,"hip": 0.00796977523714,"jaz": 0.00441004987806,"pop": 0.0242553092539,"rhy": 0.00904688518494,"roc": 0.841702580452,"spe": 0.00315327639692},"probability": 0.841702580452,"value": "roc"},"genre_tzanetakis": {"all": {"blu": 0.0620671063662,"cla": 0.034474901855,"cou": 0.103433981538,"dis": 0.0620971247554,"hip": 0.15527240932,"jaz": 0.310666948557,"met": 0.044346679002,"pop": 0.0620793737471,"reg": 0.0620816536248,"roc": 0.103479810059},"probability": 0.310666948557,"value": "jaz"},"ismir04_rhythm": {"all": {"ChaChaCha": 0.164483204484,"Jive": 0.192710086703,"Quickstep": 0.0313247740269,"Rumba-American": 0.0547758303583,"Rumba-International": 0.0346889123321,"Rumba-Misc": 0.0294111259282,"Samba": 0.0859302356839,"Tango": 0.136422261596,"VienneseWaltz": 0.248154148459,"Waltz": 0.0220994222909},"probability": 0.248154148459,"value": "VienneseWaltz"},"mood_acoustic": {"all": {"acoustic": 0.0286577045918,"not_acoustic": 0.971342325211},"probability": 0.971342325211,"value": "not_acoustic"},"mood_aggressive": {"all": {"aggressive": 0.104058541358,"not_aggressive": 0.895941436291},"probability": 0.895941436291,"value": "not_aggressive"},"mood_electronic": {"all": {"electronic": 0.40680155158,"not_electronic": 0.593198418617},"probability": 0.593198418617,"value": "not_electronic"},"mood_happy": {"all": {"happy": 0.296139538288,"not_happy": 0.703860461712},"probability": 0.703860461712,"value": "not_happy"},"mood_party": {"all": {"not_party": 0.879639565945,"party": 0.120360448956},"probability": 0.879639565945,"value": "not_party"},"mood_relaxed": {"all": {"not_relaxed": 0.5,"relaxed": 0.5},"probability": 0.5,"value": "not_relaxed"},"mood_sad": {"all": {"not_sad": 0.699946761131,"sad": 0.300053238869},"probability": 0.699946761131,"value": "not_sad"},"moods_mirex": {"all": {"Cluster1": 0.085257306695,"Cluster2": 0.0457094311714,"Cluster3": 0.267730861902,"Cluster4": 0.0659813135862,"Cluster5": 0.535321116447},"probability": 0.535321116447,"value": "Cluster5"},"timbre": {"all": {"bright": 0.0139254378155,"dark": 0.986074566841},"probability": 0.986074566841,"value": "dark"},"tonal_atonal": {"all": {"atonal": 0.726788282394,"tonal": 0.273211717606},"probability": 0.726788282394,"value": "atonal"},"voice_instrumental": {"all": {"instrumental": 0.0021674206946,"voice": 0.997832596302},"probability": 0.997832596302,"value": "voice"}},"metadata": {"audio_properties": {"analysis_sample_rate": 44100,"bit_rate": 128000,"equal_loudness": 0,"length": 365.270202637,"lossless": 0,"replay_gain": -12.9325275421,"sample_rate": 44100,"codec": "mp3","downmix": "mix","md5_encoded": "1c5a9fb0c8c3e32aeba9ba657d4e129c"},"tags": {"file_name": "12 Goatsnake - Mower.mp3","album": ["Stoned Revolution"],"albumartist": ["Various Artists"],"albumartistsort": ["Various Artists"],"artist": ["Goatsnake"],"artistsort": ["Goatsnake"],"date": ["1998-08-03"],"musicbrainz album release country": ["GB"],"musicbrainz album status": ["official"],"musicbrainz album type": ["compilation"],"musicbrainz_albumartistid": ["89ad4ac3-39f7-470e-963a-56509c546377"],"musicbrainz_albumid": ["db424fe8-aead-4c5c-bdb0-b4d93ab41763"],"musicbrainz_artistid": ["ae720a02-629e-4e9b-98e7-d1f637bd5a49"],"musicbrainz_recordingid": ["1b30e078-288c-4f2f-aa9d-e0c89b2586cb"],"musicip_puid": ["3f32981d-524e-6828-e1dd-9a7e5e00023d"],"title": ["Mower"],"tracknumber": ["12\/16"]},"version": {"highlevel": {"essentia": "2.1-beta5-dev","essentia_build_sha": "e74af04b57b164eed312abeef4963962215860f0","essentia_git_sha": "v2.1_beta4-499-g4013ebc","extractor": "music 2.0","gaia": "2.4.5","gaia_git_sha": "v2.4.4-44-g95f4851","models_essentia_git_sha": "v2.1_beta1"},"lowlevel": {"essentia": "2.1-beta2","essentia_build_sha": "70f2e5ece6736b2c40cc944ad0e695b16b925413","essentia_git_sha": "v2.1_beta2","extractor": "music 1.0"}}}}