{"highlevel": {"danceability": {"all": {"danceable": 0.0289976708591,"not_danceable": 0.971002340317},"probability": 0.971002340317,"value": "not_danceable"},"gender": {"all": {"female": 0.5,"male": 0.5},"probability": 0.5,"value": "female"},"genre_dortmund": {"all": {"alternative": 0.0140865072608,"blues": 0.0131914457306,"electronic": 0.851517498493,"folkcountry": 0.0987542644143,"funksoulrnb": 0.000502577109728,"jazz": 0.00873261876404,"pop": 0.00237222807482,"raphiphop": 0.000314528209856,"rock": 0.010528312996},"probability": 0.851517498493,"value": "electronic"},"genre_electronic": {"all": {"ambient": 0.879623413086,"dnb": 0.00185597152449,"house": 0.0866936892271,"techno": 0.00770500907674,"trance": 0.0241219121963},"probability": 0.879623413086,"value": "ambient"},"genre_rosamerica": {"all": {"cla": 0.487062186003,"dan": 0.00350288511254,"hip": 0.00734188314527,"jaz": 0.289367109537,"pop": 0.0388366766274,"rhy": 0.151968032122,"roc": 0.00501591479406,"spe": 0.0169053226709},"probability": 0.487062186003,"value": "cla"},"genre_tzanetakis": {"all": {"blu": 1.6434580476e-14,"cla": 1.05817369705e-14,"cou": 2.80635195258e-14,"dis": 2.15325702418e-14,"hip": 4.29850348837e-14,"jaz": 0.999999940395,"met": 1.42857485841e-08,"pop": 2.0000017642e-08,"reg": 2.0000017642e-08,"roc": 2.50000233848e-08},"probability": 0.999999940395,"value": "jaz"},"ismir04_rhythm": {"all": {"ChaChaCha": 0.0172697808594,"Jive": 0.00169869430829,"Quickstep": 0.00270973774604,"Rumba-American": 0.0169103797525,"Rumba-International": 0.00980567932129,"Rumba-Misc": 0.0105680273846,"Samba": 0.00417669536546,"Tango": 0.539167702198,"VienneseWaltz": 0.355228185654,"Waltz": 0.0424651056528},"probability": 0.539167702198,"value": "Tango"},"mood_acoustic": {"all": {"acoustic": 0.954351067543,"not_acoustic": 0.0456489399076},"probability": 0.954351067543,"value": "acoustic"},"mood_aggressive": {"all": {"aggressive": 4.15254817199e-06,"not_aggressive": 0.999995827675},"probability": 0.999995827675,"value": "not_aggressive"},"mood_electronic": {"all": {"electronic": 0.0341699644923,"not_electronic": 0.965830028057},"probability": 0.965830028057,"value": "not_electronic"},"mood_happy": {"all": {"happy": 0.146331503987,"not_happy": 0.853668510914},"probability": 0.853668510914,"value": "not_happy"},"mood_party": {"all": {"not_party": 0.984104812145,"party": 0.0158951692283},"probability": 0.984104812145,"value": "not_party"},"mood_relaxed": {"all": {"not_relaxed": 0.0785437971354,"relaxed": 0.921456217766},"probability": 0.921456217766,"value": "relaxed"},"mood_sad": {"all": {"not_sad": 0.121626473963,"sad": 0.878373503685},"probability": 0.878373503685,"value": "sad"},"moods_mirex": {"all": {"Cluster1": 0.0576356723905,"Cluster2": 0.276870369911,"Cluster3": 0.405650287867,"Cluster4": 0.203350737691,"Cluster5": 0.0564929246902},"probability": 0.405650287867,"value": "Cluster3"},"timbre": {"all": {"bright": 0.521129786968,"dark": 0.478870183229},"probability": 0.521129786968,"value": "bright"},"tonal_atonal": {"all": {"atonal": 0.603756010532,"tonal": 0.39624401927},"probability": 0.603756010532,"value": "atonal"},"voice_instrumental": {"all": {"instrumental": 0.0207704920322,"voice": 0.97922950983},"probability": 0.97922950983,"value": "voice"}},"metadata": {"audio_properties": {"analysis_sample_rate": 44100,"bit_rate": 0,"equal_loudness": 0,"length": 256.57333374,"lossless": 1,"replay_gain": -9.96668815613,"sample_rate": 44100,"codec": "flac","downmix": "mix","md5_encoded": "8860591fcf21ec6817068a97bfae9dba"},"tags": {"file_name": "02_pieces_of_you.flac","album": ["Pieces of You"],"albumartist": ["Jewel"],"albumartistsort": ["Jewel"],"artist": ["Jewel"],"artistsort": ["Jewel"],"asin": ["B000002J2S"],"barcode": ["075678270024"],"catalognumber": ["82700-2"],"composer": ["Jewel"],"composersort": ["Jewel"],"date": ["1995-02-28"],"discnumber": ["01"],"disctotal": ["01"],"genre": ["Rock"],"label": ["Atlantic"],"language": ["English"],"media": ["CD"],"musicbrainz_albumartistid": ["abae8575-ec8a-4736-abc3-1ad5093a68aa"],"musicbrainz_albumid": ["22a13331-a345-460e-a3fa-a0a3e7b4d97d"],"musicbrainz_artistid": ["abae8575-ec8a-4736-abc3-1ad5093a68aa"],"musicbrainz_discid": ["0QyLE_KxExkJCRZY9FGDLCJ0wLE-", "2ZcNEOccikzjsiVSzdcRYyR1ses-", "8s9kLgWW2nqpGnyBE7ye4HaSKp0-", "WBsu51u9XqZqFGwCTtqCNVyzSvA-", "XoaldOHaaWdP60P1gS68Dcrd_zM-", "Xot5nyUVl3H0h0heKQPY7rOH5VY-", "eHaSuzeQSlrMtXiGUlVIOxz1tYI-", "rOQc4LIaWMmcYMyJu6L5.epR3e4-", "srW4EBsh3Q.JXE0Gi1bnc8rKF1Q-"],"musicbrainz_recordingid": ["395eb543-8e02-4c97-9b20-87917a83cc40"],"musicbrainz_releasegroupid": ["6429018a-ead6-3071-969e-ebc575ac1765"],"musicip_puid": ["40c038f2-fca6-ad36-3463-7733c2a6be65"],"releasecountry": ["United States"],"script": ["Latin"],"title": ["Pieces of You"],"tracknumber": ["02"],"tracktotal": ["14"]},"version": {"highlevel": {"essentia": "2.1-beta5-dev","essentia_build_sha": "e74af04b57b164eed312abeef4963962215860f0","essentia_git_sha": "v2.1_beta4-499-g4013ebc","extractor": "music 2.0","gaia": "2.4.5","gaia_git_sha": "v2.4.4-44-g95f4851","models_essentia_git_sha": "v2.1_beta1"},"lowlevel": {"essentia": "2.1-beta2","essentia_build_sha": "70f2e5ece6736b2c40cc944ad0e695b16b925413","essentia_git_sha": "v2.1_beta2","extractor": "music 1.0"}}}}