{"highlevel": {"danceability": {"all": {"danceable": 0.0445456914604,"not_danceable": 0.955454289913},"probability": 0.955454289913,"value": "not_danceable"},"gender": {"all": {"female": 0.753480553627,"male": 0.246519416571},"probability": 0.753480553627,"value": "female"},"genre_dortmund": {"all": {"alternative": 0.0222993828356,"blues": 0.0078905262053,"electronic": 0.937098145485,"folkcountry": 0.0203841254115,"funksoulrnb": 0.000474033993669,"jazz": 0.00240344600752,"pop": 0.00232303258963,"raphiphop": 0.000379572011298,"rock": 0.00674771238118},"probability": 0.937098145485,"value": "electronic"},"genre_electronic": {"all": {"ambient": 0.373417407274,"dnb": 0.0165571514517,"house": 0.345500797033,"techno": 0.0199018139392,"trance": 0.244622826576},"probability": 0.373417407274,"value": "ambient"},"genre_rosamerica": {"all": {"cla": 0.00472860876471,"dan": 0.0189648345113,"hip": 0.00862901844084,"jaz": 0.0192936733365,"pop": 0.21380572021,"rhy": 0.708653092384,"roc": 0.0219613518566,"spe": 0.00396370049566},"probability": 0.708653092384,"value": "rhy"},"genre_tzanetakis": {"all": {"blu": 0.0871038883924,"cla": 0.0387073345482,"cou": 0.0870901271701,"dis": 0.0580592341721,"hip": 0.174177020788,"jaz": 0.174174755812,"met": 0.0497614778578,"pop": 0.0870834812522,"reg": 0.0696686133742,"roc": 0.174174070358},"probability": 0.174177020788,"value": "hip"},"ismir04_rhythm": {"all": {"ChaChaCha": 0.14238114655,"Jive": 0.169631838799,"Quickstep": 0.0197635535151,"Rumba-American": 0.0386057943106,"Rumba-International": 0.0419054329395,"Rumba-Misc": 0.0984104424715,"Samba": 0.0786885172129,"Tango": 0.0922098010778,"VienneseWaltz": 0.293781638145,"Waltz": 0.0246218200773},"probability": 0.293781638145,"value": "VienneseWaltz"},"mood_acoustic": {"all": {"acoustic": 0.775658428669,"not_acoustic": 0.224341541529},"probability": 0.775658428669,"value": "acoustic"},"mood_aggressive": {"all": {"aggressive": 0.00850792974234,"not_aggressive": 0.991492092609},"probability": 0.991492092609,"value": "not_aggressive"},"mood_electronic": {"all": {"electronic": 0.664653718472,"not_electronic": 0.335346251726},"probability": 0.664653718472,"value": "electronic"},"mood_happy": {"all": {"happy": 0.990564525127,"not_happy": 0.00943548884243},"probability": 0.990564525127,"value": "happy"},"mood_party": {"all": {"not_party": 0.298901289701,"party": 0.701098740101},"probability": 0.701098740101,"value": "party"},"mood_relaxed": {"all": {"not_relaxed": 0.205388262868,"relaxed": 0.794611752033},"probability": 0.794611752033,"value": "relaxed"},"mood_sad": {"all": {"not_sad": 0.287161260843,"sad": 0.712838768959},"probability": 0.712838768959,"value": "sad"},"moods_mirex": {"all": {"Cluster1": 0.10975214839,"Cluster2": 0.0744157508016,"Cluster3": 0.318629592657,"Cluster4": 0.0670953243971,"Cluster5": 0.430107176304},"probability": 0.430107176304,"value": "Cluster5"},"timbre": {"all": {"bright": 0.144637435675,"dark": 0.855362594128},"probability": 0.855362594128,"value": "dark"},"tonal_atonal": {"all": {"atonal": 0.670916616917,"tonal": 0.329083383083},"probability": 0.670916616917,"value": "atonal"},"voice_instrumental": {"all": {"instrumental": 0.0665933638811,"voice": 0.93340665102},"probability": 0.93340665102,"value": "voice"}},"metadata": {"audio_properties": {"analysis_sample_rate": 44100,"bit_rate": 0,"equal_loudness": 0,"length": 187.759994507,"lossless": 1,"replay_gain": -4.39780807495,"sample_rate": 44100,"codec": "flac","downmix": "mix","md5_encoded": "f214880c4ede11dad72eb4add67d75bd"},"tags": {"file_name": "10 - Daydream _ I'm Going Crazy.flac","acoustid_id": ["edb5d59a-ab0d-470b-a52a-c532ad8d1f35"],"album": ["Gish"],"albumartist": ["The Smashing Pumpkins"],"albumartistsort": ["Smashing Pumpkins, The"],"artist": ["The Smashing Pumpkins"],"artistsort": ["Smashing Pumpkins, The"],"date": ["1991"],"musicbrainz_albumartistid": ["ba0d6274-db14-4ef5-b28d-657ebde1a396"],"musicbrainz_albumid": ["33e6bffa-e8f0-3234-9b36-2a5ab6e303c8"],"musicbrainz_artistid": ["ba0d6274-db14-4ef5-b28d-657ebde1a396"],"musicbrainz_recordingid": ["39c23d3b-0e9c-4a78-8017-398d78668c37"],"title": ["Daydream \/ I'm Going Crazy"],"totaltracks": ["10"],"tracknumber": ["10"],"tracktotal": ["10"]},"version": {"highlevel": {"essentia": "2.1-beta5-dev","essentia_build_sha": "e74af04b57b164eed312abeef4963962215860f0","essentia_git_sha": "v2.1_beta4-499-g4013ebc","extractor": "music 2.0","gaia": "2.4.5","gaia_git_sha": "v2.4.4-44-g95f4851","models_essentia_git_sha": "v2.1_beta1"},"lowlevel": {"essentia": "2.1-beta1","essentia_build_sha": "ca57ba49d9b1854bd80e60cf9ccf267278fb7d6b","essentia_git_sha": "v2.1_beta1-28-g21ef5f4-dirty","extractor": "music 1.0"}}}}