{"highlevel": {"danceability": {"all": {"danceable": 0.542699575424,"not_danceable": 0.457300394773},"probability": 0.542699575424,"value": "danceable"},"gender": {"all": {"female": 0.00801706686616,"male": 0.991982936859},"probability": 0.991982936859,"value": "male"},"genre_dortmund": {"all": {"alternative": 0.100371055305,"blues": 0.0249796342105,"electronic": 0.742858588696,"folkcountry": 0.0885124951601,"funksoulrnb": 0.00274748145603,"jazz": 0.00657816557214,"pop": 0.00862283818424,"raphiphop": 0.0022632565815,"rock": 0.023066489026},"probability": 0.742858588696,"value": "electronic"},"genre_electronic": {"all": {"ambient": 0.356554538012,"dnb": 0.043849222362,"house": 0.295759499073,"techno": 0.0301828160882,"trance": 0.273653924465},"probability": 0.356554538012,"value": "ambient"},"genre_rosamerica": {"all": {"cla": 0.0175972692668,"dan": 0.0320631414652,"hip": 0.038115542382,"jaz": 0.0433833040297,"pop": 0.449964672327,"rhy": 0.363134264946,"roc": 0.0498024076223,"spe": 0.00593939702958},"probability": 0.449964672327,"value": "pop"},"genre_tzanetakis": {"all": {"blu": 0.0620671063662,"cla": 0.034474901855,"cou": 0.103433981538,"dis": 0.0620971247554,"hip": 0.15527240932,"jaz": 0.310666948557,"met": 0.044346679002,"pop": 0.0620793737471,"reg": 0.0620816536248,"roc": 0.103479810059},"probability": 0.310666948557,"value": "jaz"},"ismir04_rhythm": {"all": {"ChaChaCha": 0.432569563389,"Jive": 0.0536057651043,"Quickstep": 0.00822305493057,"Rumba-American": 0.0130217932165,"Rumba-International": 0.0281306225806,"Rumba-Misc": 0.0105524826795,"Samba": 0.0413845814764,"Tango": 0.102335944772,"VienneseWaltz": 0.304149925709,"Waltz": 0.00602626428008},"probability": 0.432569563389,"value": "ChaChaCha"},"mood_acoustic": {"all": {"acoustic": 0.684204757214,"not_acoustic": 0.315795242786},"probability": 0.684204757214,"value": "acoustic"},"mood_aggressive": {"all": {"aggressive": 0.0196733660996,"not_aggressive": 0.980326652527},"probability": 0.980326652527,"value": "not_aggressive"},"mood_electronic": {"all": {"electronic": 0.479311674833,"not_electronic": 0.520688354969},"probability": 0.520688354969,"value": "not_electronic"},"mood_happy": {"all": {"happy": 0.842967092991,"not_happy": 0.157032892108},"probability": 0.842967092991,"value": "happy"},"mood_party": {"all": {"not_party": 0.544599473476,"party": 0.455400556326},"probability": 0.544599473476,"value": "not_party"},"mood_relaxed": {"all": {"not_relaxed": 0.678681731224,"relaxed": 0.321318238974},"probability": 0.678681731224,"value": "not_relaxed"},"mood_sad": {"all": {"not_sad": 0.684299528599,"sad": 0.315700471401},"probability": 0.684299528599,"value": "not_sad"},"moods_mirex": {"all": {"Cluster1": 0.0732134282589,"Cluster2": 0.193934291601,"Cluster3": 0.392826557159,"Cluster4": 0.225174069405,"Cluster5": 0.114851638675},"probability": 0.392826557159,"value": "Cluster3"},"timbre": {"all": {"bright": 0.999984502792,"dark": 1.54769677465e-05},"probability": 0.999984502792,"value": "bright"},"tonal_atonal": {"all": {"atonal": 0.0462531708181,"tonal": 0.953746855259},"probability": 0.953746855259,"value": "tonal"},"voice_instrumental": {"all": {"instrumental": 0.000676641589962,"voice": 0.999323368073},"probability": 0.999323368073,"value": "voice"}},"metadata": {"audio_properties": {"analysis_sample_rate": 44100,"bit_rate": 128000,"equal_loudness": 0,"length": 221.413879395,"lossless": 0,"replay_gain": -8.53416252136,"sample_rate": 44100,"codec": "mp3","downmix": "mix","md5_encoded": "acf2ef5acf30c57a0f85bf67607bd80a"},"tags": {"file_name": "Bop - Dan Seals.mp3","album": ["The Best"],"albumartist": ["Dan Seals"],"albumartistsort": ["Seals, Dan"],"artist": ["Dan Seals"],"artistsort": ["Seals, Dan"],"asin": ["B000002UDI"],"barcode": ["077774830829"],"catalognumber": ["CDP 7 48308 2"],"date": ["1987"],"discnumber": ["1\/1"],"genre": ["Country"],"label": ["Capitol Records"],"media": ["CD"],"musicbrainz album release country": ["US"],"musicbrainz album status": ["official"],"musicbrainz album type": ["compilation"],"musicbrainz_albumartistid": ["47ac957d-1078-410a-9b1d-803bf83c1b87"],"musicbrainz_albumid": ["95ecaaad-b152-477e-a545-7a09f4ad976c"],"musicbrainz_artistid": ["47ac957d-1078-410a-9b1d-803bf83c1b87"],"musicbrainz_recordingid": ["d8935336-be93-486d-9439-54cbc758c8e0"],"originaldate": ["1987"],"script": ["Latn"],"title": ["Bop"],"tracknumber": ["5\/11"]},"version": {"highlevel": {"essentia": "2.1-beta5-dev","essentia_build_sha": "e74af04b57b164eed312abeef4963962215860f0","essentia_git_sha": "v2.1_beta4-499-g4013ebc","extractor": "music 2.0","gaia": "2.4.5","gaia_git_sha": "v2.4.4-44-g95f4851","models_essentia_git_sha": "v2.1_beta1"},"lowlevel": {"essentia": "2.1-beta2","essentia_build_sha": "70f2e5ece6736b2c40cc944ad0e695b16b925413","essentia_git_sha": "v2.1_beta2","extractor": "music 1.0"}}}}