{"highlevel": {"danceability": {"all": {"danceable": 0.999748766422,"not_danceable": 0.000251253135502},"probability": 0.999748766422,"value": "danceable"},"gender": {"all": {"female": 0.712503373623,"male": 0.287496656179},"probability": 0.712503373623,"value": "female"},"genre_dortmund": {"all": {"alternative": 0.0576561801136,"blues": 0.01711563766,"electronic": 0.843963265419,"folkcountry": 0.0242713913321,"funksoulrnb": 0.00286362715997,"jazz": 0.0175603311509,"pop": 0.0116502055898,"raphiphop": 0.00289943208918,"rock": 0.0220199208707},"probability": 0.843963265419,"value": "electronic"},"genre_electronic": {"all": {"ambient": 0.155476212502,"dnb": 0.0368806757033,"house": 0.614056766033,"techno": 0.0202454961836,"trance": 0.173340827227},"probability": 0.614056766033,"value": "house"},"genre_rosamerica": {"all": {"cla": 0.00198206701316,"dan": 0.287274062634,"hip": 0.154485106468,"jaz": 0.00605026306584,"pop": 0.377048820257,"rhy": 0.100571356714,"roc": 0.0710171163082,"spe": 0.00157120754011},"probability": 0.377048820257,"value": "pop"},"genre_tzanetakis": {"all": {"blu": 0.0620671063662,"cla": 0.034474901855,"cou": 0.103433981538,"dis": 0.0620971247554,"hip": 0.15527240932,"jaz": 0.310666948557,"met": 0.044346679002,"pop": 0.0620793737471,"reg": 0.0620816536248,"roc": 0.103479810059},"probability": 0.310666948557,"value": "jaz"},"ismir04_rhythm": {"all": {"ChaChaCha": 0.980772554874,"Jive": 0.00196392461658,"Quickstep": 0.000882287800778,"Rumba-American": 0.00817911047488,"Rumba-International": 0.000717508024536,"Rumba-Misc": 0.000526263029315,"Samba": 0.00253936112858,"Tango": 0.00265093031339,"VienneseWaltz": 0.00152671325486,"Waltz": 0.000241354093305},"probability": 0.980772554874,"value": "ChaChaCha"},"mood_acoustic": {"all": {"acoustic": 0.00468067964539,"not_acoustic": 0.99531930685},"probability": 0.99531930685,"value": "not_acoustic"},"mood_aggressive": {"all": {"aggressive": 0.277904629707,"not_aggressive": 0.722095370293},"probability": 0.722095370293,"value": "not_aggressive"},"mood_electronic": {"all": {"electronic": 0.883548080921,"not_electronic": 0.116451896727},"probability": 0.883548080921,"value": "electronic"},"mood_happy": {"all": {"happy": 0.424403697252,"not_happy": 0.575596272945},"probability": 0.575596272945,"value": "not_happy"},"mood_party": {"all": {"not_party": 0.0997237563133,"party": 0.900276243687},"probability": 0.900276243687,"value": "party"},"mood_relaxed": {"all": {"not_relaxed": 0.941150784492,"relaxed": 0.0588492006063},"probability": 0.941150784492,"value": "not_relaxed"},"mood_sad": {"all": {"not_sad": 0.924000918865,"sad": 0.0759991034865},"probability": 0.924000918865,"value": "not_sad"},"moods_mirex": {"all": {"Cluster1": 0.180724620819,"Cluster2": 0.184232667089,"Cluster3": 0.022883778438,"Cluster4": 0.104410454631,"Cluster5": 0.507748484612},"probability": 0.507748484612,"value": "Cluster5"},"timbre": {"all": {"bright": 0.560733556747,"dark": 0.439266473055},"probability": 0.560733556747,"value": "bright"},"tonal_atonal": {"all": {"atonal": 0.232301846147,"tonal": 0.767698168755},"probability": 0.767698168755,"value": "tonal"},"voice_instrumental": {"all": {"instrumental": 0.252042174339,"voice": 0.747957825661},"probability": 0.747957825661,"value": "voice"}},"metadata": {"audio_properties": {"analysis_sample_rate": 44100,"bit_rate": 0,"equal_loudness": 0,"length": 204.279998779,"lossless": 1,"replay_gain": -13.9567909241,"codec": "flac","downmix": "mix","md5_encoded": "c6c42ee2d214e1b1aebeac58a0a073ac"},"tags": {"file_name": "07 - This Is How We Do.flac","acoustid_id": ["3254728b-3849-4099-8fb1-fcd752ad3c33"],"album": ["PRISM"],"albumartist": ["Katy Perry"],"albumartistsort": ["Perry, Katy"],"artist": ["Katy Perry"],"artists": ["Katy Perry"],"artistsort": ["Perry, Katy"],"asin": ["B00ERIUO02"],"barcode": ["602537532339"],"catalognumber": ["B001921502"],"date": ["2013-10-22"],"engineer": ["Peter Carlsson", "Michael Ilbert", "John Hanes", "Cory Bice", "Sam Holland"],"isrc": ["USUM71311297"],"label": ["Capitol Records"],"language": ["eng"],"media": ["CD"],"mixer": ["Serban Ghenea"],"musicbrainz_albumartistid": ["122d63fc-8671-43e4-9752-34e846d62a9c"],"musicbrainz_albumid": ["44071ee8-d80e-4149-83d3-3f1d54189a1f"],"musicbrainz_artistid": ["122d63fc-8671-43e4-9752-34e846d62a9c"],"musicbrainz_recordingid": ["d8961897-a7c8-4e21-8047-cf7b7f7d0314"],"musicbrainz_releasegroupid": ["0d8b973c-fcff-4830-b645-a877b8a9a08f"],"musicbrainz_releasetrackid": ["7d059b14-8a4d-4d88-806a-66d76bc1d241"],"musicbrainz_workid": ["94f23391-af36-4603-a1f5-4415d875dfea"],"originaldate": ["2013"],"performer": ["Katy Perry (vocals)"],"releasecountry": ["US"],"releasestatus": ["official"],"releasetype": ["album"],"script": ["Latn"],"title": ["This Is How We Do"],"totaltracks": ["16"],"tracknumber": ["7"],"tracktotal": ["16"],"work": ["This Is How We Do"],"writer": ["Katy Perry", "Max Martin", "Klas Åhlund"]},"version": {"highlevel": {"essentia": "2.1-beta5-dev","essentia_build_sha": "e74af04b57b164eed312abeef4963962215860f0","essentia_git_sha": "v2.1_beta4-499-g4013ebc","extractor": "music 2.0","gaia": "2.4.5","gaia_git_sha": "v2.4.4-44-g95f4851","models_essentia_git_sha": "v2.1_beta1"},"lowlevel": {"essentia": "2.1-beta1","essentia_build_sha": "85931cb11b241c07ac43bfc3827c398894034a25","essentia_git_sha": "v2.1_beta1-6-g5578087","extractor": "music 1.0"}}}}