{"highlevel": {"danceability": {"all": {"danceable": 0.998885631561,"not_danceable": 0.00111434410792},"probability": 0.998885631561,"value": "danceable"},"gender": {"all": {"female": 0.844764113426,"male": 0.155235856771},"probability": 0.844764113426,"value": "female"},"genre_dortmund": {"all": {"alternative": 0.000923766870983,"blues": 5.22946902493e-05,"electronic": 0.998649656773,"folkcountry": 0.000130103333504,"funksoulrnb": 1.43639135786e-06,"jazz": 0.000130209431518,"pop": 7.68351128499e-06,"raphiphop": 1.070150347e-06,"rock": 0.000103759477497},"probability": 0.998649656773,"value": "electronic"},"genre_electronic": {"all": {"ambient": 0.0844895318151,"dnb": 0.00570828048512,"house": 0.0572812259197,"techno": 0.0124625898898,"trance": 0.840058386326},"probability": 0.840058386326,"value": "trance"},"genre_rosamerica": {"all": {"cla": 0.0247355271131,"dan": 0.304168283939,"hip": 0.147119387984,"jaz": 0.0290546864271,"pop": 0.17166416347,"rhy": 0.0782445445657,"roc": 0.222130924463,"spe": 0.0228824820369},"probability": 0.304168283939,"value": "dan"},"genre_tzanetakis": {"all": {"blu": 0.0626613423228,"cla": 0.0348169617355,"cou": 0.104475811124,"dis": 0.0784321576357,"hip": 0.15692435205,"jaz": 0.313974827528,"met": 0.0448166541755,"pop": 0.0627359300852,"reg": 0.0627360641956,"roc": 0.0784258767962},"probability": 0.313974827528,"value": "jaz"},"ismir04_rhythm": {"all": {"ChaChaCha": 0.157879203558,"Jive": 0.172464191914,"Quickstep": 0.0282293986529,"Rumba-American": 0.048163075,"Rumba-International": 0.0377440862358,"Rumba-Misc": 0.0299496613443,"Samba": 0.0777919963002,"Tango": 0.235364764929,"VienneseWaltz": 0.19452033937,"Waltz": 0.0178932789713},"probability": 0.235364764929,"value": "Tango"},"mood_acoustic": {"all": {"acoustic": 0.0148313883692,"not_acoustic": 0.985168635845},"probability": 0.985168635845,"value": "not_acoustic"},"mood_aggressive": {"all": {"aggressive": 0.338487416506,"not_aggressive": 0.661512553692},"probability": 0.661512553692,"value": "not_aggressive"},"mood_electronic": {"all": {"electronic": 0.721666693687,"not_electronic": 0.27833327651},"probability": 0.721666693687,"value": "electronic"},"mood_happy": {"all": {"happy": 0.139406487346,"not_happy": 0.860593497753},"probability": 0.860593497753,"value": "not_happy"},"mood_party": {"all": {"not_party": 0.140412867069,"party": 0.859587132931},"probability": 0.859587132931,"value": "party"},"mood_relaxed": {"all": {"not_relaxed": 0.180382072926,"relaxed": 0.819617927074},"probability": 0.819617927074,"value": "relaxed"},"mood_sad": {"all": {"not_sad": 0.80985814333,"sad": 0.190141886473},"probability": 0.80985814333,"value": "not_sad"},"moods_mirex": {"all": {"Cluster1": 0.0908098295331,"Cluster2": 0.0815013423562,"Cluster3": 0.128709539771,"Cluster4": 0.0719586461782,"Cluster5": 0.627020657063},"probability": 0.627020657063,"value": "Cluster5"},"timbre": {"all": {"bright": 0.172727376223,"dark": 0.827272593975},"probability": 0.827272593975,"value": "dark"},"tonal_atonal": {"all": {"atonal": 0.882671415806,"tonal": 0.117328599095},"probability": 0.882671415806,"value": "atonal"},"voice_instrumental": {"all": {"instrumental": 0.98385643959,"voice": 0.0161435846239},"probability": 0.98385643959,"value": "instrumental"}},"metadata": {"audio_properties": {"analysis_sample_rate": 44100,"bit_rate": 0,"equal_loudness": 0,"length": 305.226654053,"lossless": 1,"replay_gain": -9.48783111572,"sample_rate": 44100,"codec": "flac","downmix": "mix","md5_encoded": "b6110df315bd51da3604baa728423698"},"tags": {"file_name": "48e4dacd476aafc358f0c5fdbc10.flac","acoustid_id": ["23be48e4-dacd-476a-afc3-58f0c5fdbc10"],"album": ["Metropolis"],"albumartist": ["Sister Machine Gun"],"albumartistsort": ["Sister Machine Gun"],"artist": ["Sister Machine Gun"],"artistsort": ["Sister Machine Gun"],"asin": ["B000003RHJ"],"barcode": ["016581724426"],"catalognumber": ["TVT 7244-2"],"date": ["1997-07-15"],"discnumber": ["1"],"disctotal": ["1"],"label": ["Wax Trax! Records"],"media": ["CD"],"musicbrainz_albumartistid": ["22f7d404-3d61-4b39-a7ce-1a123d0ea934"],"musicbrainz_albumid": ["e44a61ba-dded-447f-9c41-4adc900f4f8c"],"musicbrainz_artistid": ["22f7d404-3d61-4b39-a7ce-1a123d0ea934"],"musicbrainz_recordingid": ["c85ddfc1-ed26-407d-8ee5-58b0255d44ae"],"musicbrainz_releasegroupid": ["3996184a-d7b4-3dad-96e0-38af68d13439"],"musicbrainz_releasetrackid": ["d0dbf98c-a15b-3a3c-837c-356149ae016d"],"originaldate": ["1997-07-15"],"originalyear": ["1997"],"releasecountry": ["US"],"releasestatus": ["official"],"releasetype": ["album"],"script": ["Latn"],"title": ["Admit"],"totaldiscs": ["1"],"totaltracks": ["12"],"tracknumber": ["10"],"tracktotal": ["12"]},"version": {"highlevel": {"essentia": "2.1-beta5-dev","essentia_build_sha": "e74af04b57b164eed312abeef4963962215860f0","essentia_git_sha": "v2.1_beta4-499-g4013ebc","extractor": "music 2.0","gaia": "2.4.5","gaia_git_sha": "v2.4.4-44-g95f4851","models_essentia_git_sha": "v2.1_beta1"},"lowlevel": {"essentia": "2.1-beta2","essentia_build_sha": "2d9f1f26377add8aeb1075a9c2973f962c4f09fd","essentia_git_sha": "v2.1_beta2-1-ge3940c0","extractor": "music 1.0"}}}}