{"highlevel": {"danceability": {"all": {"danceable": 0.998512327671,"not_danceable": 0.00148766883649},"probability": 0.998512327671,"value": "danceable"},"gender": {"all": {"female": 0.988038778305,"male": 0.0119612142444},"probability": 0.988038778305,"value": "female"},"genre_dortmund": {"all": {"alternative": 0.000931876420509,"blues": 9.19582307688e-05,"electronic": 0.998732864857,"folkcountry": 9.13400217541e-05,"funksoulrnb": 1.19539743082e-06,"jazz": 2.69263546215e-05,"pop": 1.6554387912e-05,"raphiphop": 1.44683974668e-06,"rock": 0.000105856997834},"probability": 0.998732864857,"value": "electronic"},"genre_electronic": {"all": {"ambient": 0.324126154184,"dnb": 0.0334818996489,"house": 0.107128351927,"techno": 0.0422771163285,"trance": 0.492986470461},"probability": 0.492986470461,"value": "trance"},"genre_rosamerica": {"all": {"cla": 0.0121947238222,"dan": 0.188283592463,"hip": 0.262623101473,"jaz": 0.0191139411181,"pop": 0.256624668837,"rhy": 0.109968133271,"roc": 0.140106588602,"spe": 0.0110852653161},"probability": 0.262623101473,"value": "hip"},"genre_tzanetakis": {"all": {"blu": 0.0610442385077,"cla": 0.0339068844914,"cou": 0.0610288381577,"dis": 0.0508533753455,"hip": 0.152552962303,"jaz": 0.15253444016,"met": 0.0610075257719,"pop": 0.0610079243779,"reg": 0.0610093250871,"roc": 0.305054485798},"probability": 0.305054485798,"value": "roc"},"ismir04_rhythm": {"all": {"ChaChaCha": 0.79377156496,"Jive": 0.0209730900824,"Quickstep": 0.00554677983746,"Rumba-American": 0.0247645620257,"Rumba-International": 0.0145193208009,"Rumba-Misc": 0.00812597665936,"Samba": 0.0397047810256,"Tango": 0.0455557629466,"VienneseWaltz": 0.0432980544865,"Waltz": 0.0037400838919},"probability": 0.79377156496,"value": "ChaChaCha"},"mood_acoustic": {"all": {"acoustic": 0.00430735666305,"not_acoustic": 0.995692670345},"probability": 0.995692670345,"value": "not_acoustic"},"mood_aggressive": {"all": {"aggressive": 0.122094042599,"not_aggressive": 0.877905964851},"probability": 0.877905964851,"value": "not_aggressive"},"mood_electronic": {"all": {"electronic": 0.945148050785,"not_electronic": 0.0548519603908},"probability": 0.945148050785,"value": "electronic"},"mood_happy": {"all": {"happy": 0.0404880717397,"not_happy": 0.959511935711},"probability": 0.959511935711,"value": "not_happy"},"mood_party": {"all": {"not_party": 0.33769980073,"party": 0.662300229073},"probability": 0.662300229073,"value": "party"},"mood_relaxed": {"all": {"not_relaxed": 0.513968646526,"relaxed": 0.486031383276},"probability": 0.513968646526,"value": "not_relaxed"},"mood_sad": {"all": {"not_sad": 0.831890285015,"sad": 0.168109685183},"probability": 0.831890285015,"value": "not_sad"},"moods_mirex": {"all": {"Cluster1": 0.0789685770869,"Cluster2": 0.0846902653575,"Cluster3": 0.0798939317465,"Cluster4": 0.0605479925871,"Cluster5": 0.695899248123},"probability": 0.695899248123,"value": "Cluster5"},"timbre": {"all": {"bright": 0.000715072033927,"dark": 0.999284923077},"probability": 0.999284923077,"value": "dark"},"tonal_atonal": {"all": {"atonal": 0.853830873966,"tonal": 0.146169126034},"probability": 0.853830873966,"value": "atonal"},"voice_instrumental": {"all": {"instrumental": 0.918277800083,"voice": 0.0817222073674},"probability": 0.918277800083,"value": "instrumental"}},"metadata": {"audio_properties": {"analysis_sample_rate": 44100,"bit_rate": 0,"equal_loudness": 0,"length": 382.106658936,"lossless": 1,"replay_gain": -12.6098384857,"sample_rate": 44100,"codec": "flac","downmix": "mix","md5_encoded": "9b5fa2d28243f74f497abefbcada5aaf"},"tags": {"file_name": "08. Puscifer - Indigo Children.flac","acoustid_id": ["82c4d07b-39d6-4c11-9f9f-62a6a70e0741"],"album": ["\"V\" Is for Vagina"],"album artist": ["Puscifer"],"albumartist": ["Puscifer"],"albumartistsort": ["Puscifer"],"artist": ["Puscifer"],"artistsort": ["Puscifer"],"asin": ["B000W353B6"],"barcode": ["766928880024"],"date": ["2007-10-30"],"disc": ["1"],"discid": ["7B0B780A"],"discnumber": ["1"],"disctotal": ["1"],"ensemble": ["Puscifer"],"genre": ["Industrial"],"label": ["Puscifer Entertainment"],"media": ["CD"],"musicbrainz_albumartistid": ["6e4277d8-7b64-44a3-b823-13bd15114e22"],"musicbrainz_albumid": ["6529af84-0761-4a81-85d4-b288bbc52478"],"musicbrainz_artistid": ["6e4277d8-7b64-44a3-b823-13bd15114e22"],"musicbrainz_recordingid": ["c861be1d-fc21-496b-b585-02aa8b8c0b88"],"originaldate": ["2007-10-30"],"performer": ["Maynard James Keenan (vocal); Devo H. Keenan (cello)"],"releasecountry": ["US"],"releasestatus": ["official"],"releasetype": ["album"],"replaygain_album_gain": ["-8.630000 dB"],"replaygain_track_gain": ["-7.660000 dB"],"replaygain_track_peak": ["1.000000"],"script": ["Latn"],"title": ["Indigo Children"],"totaldiscs": ["1"],"totaltracks": ["10"],"tracknumber": ["8"],"tracktotal": ["10"],"year": ["2007"]},"version": {"highlevel": {"essentia": "2.1-beta5-dev","essentia_build_sha": "e74af04b57b164eed312abeef4963962215860f0","essentia_git_sha": "v2.1_beta4-499-g4013ebc","extractor": "music 2.0","gaia": "2.4.5","gaia_git_sha": "v2.4.4-44-g95f4851","models_essentia_git_sha": "v2.1_beta1"},"lowlevel": {"essentia": "2.1-beta1","essentia_build_sha": "ca57ba49d9b1854bd80e60cf9ccf267278fb7d6b","essentia_git_sha": "v2.1_beta1-28-g21ef5f4-dirty","extractor": "music 1.0"}}}}