{"highlevel": {"danceability": {"all": {"danceable": 0.160435289145,"not_danceable": 0.839564681053},"probability": 0.839564681053,"value": "not_danceable"},"gender": {"all": {"female": 0.824059903622,"male": 0.175940111279},"probability": 0.824059903622,"value": "female"},"genre_dortmund": {"all": {"alternative": 0.00404082611203,"blues": 0.000291679927614,"electronic": 0.994728863239,"folkcountry": 0.000447335187346,"funksoulrnb": 9.05457181943e-06,"jazz": 0.000174197746674,"pop": 2.14725205296e-05,"raphiphop": 4.83500070914e-06,"rock": 0.000281732296571},"probability": 0.994728863239,"value": "electronic"},"genre_electronic": {"all": {"ambient": 0.833836078644,"dnb": 0.00392920384184,"house": 0.0712554901838,"techno": 0.00679400935769,"trance": 0.0841852352023},"probability": 0.833836078644,"value": "ambient"},"genre_rosamerica": {"all": {"cla": 0.0282823760062,"dan": 0.0133501719683,"hip": 0.0195292420685,"jaz": 0.184070378542,"pop": 0.0499083511531,"rhy": 0.598955631256,"roc": 0.0970010012388,"spe": 0.00890284590423},"probability": 0.598955631256,"value": "rhy"},"genre_tzanetakis": {"all": {"blu": 0.0626613423228,"cla": 0.0348169617355,"cou": 0.104475811124,"dis": 0.0784321576357,"hip": 0.15692435205,"jaz": 0.313974827528,"met": 0.0448166541755,"pop": 0.0627359300852,"reg": 0.0627360641956,"roc": 0.0784258767962},"probability": 0.313974827528,"value": "jaz"},"ismir04_rhythm": {"all": {"ChaChaCha": 0.0101736336946,"Jive": 0.0150592150167,"Quickstep": 0.000868986477144,"Rumba-American": 0.00235699606128,"Rumba-International": 0.00185771717224,"Rumba-Misc": 0.00142923835665,"Samba": 0.00305025582202,"Tango": 0.766440093517,"VienneseWaltz": 0.198102936149,"Waltz": 0.000660954858176},"probability": 0.766440093517,"value": "Tango"},"mood_acoustic": {"all": {"acoustic": 0.744886159897,"not_acoustic": 0.255113840103},"probability": 0.744886159897,"value": "acoustic"},"mood_aggressive": {"all": {"aggressive": 0.180855080485,"not_aggressive": 0.819144904613},"probability": 0.819144904613,"value": "not_aggressive"},"mood_electronic": {"all": {"electronic": 0.283197313547,"not_electronic": 0.716802656651},"probability": 0.716802656651,"value": "not_electronic"},"mood_happy": {"all": {"happy": 0.248090803623,"not_happy": 0.751909196377},"probability": 0.751909196377,"value": "not_happy"},"mood_party": {"all": {"not_party": 0.705504834652,"party": 0.294495165348},"probability": 0.705504834652,"value": "not_party"},"mood_relaxed": {"all": {"not_relaxed": 0.215173184872,"relaxed": 0.784826815128},"probability": 0.784826815128,"value": "relaxed"},"mood_sad": {"all": {"not_sad": 0.536396384239,"sad": 0.463603585958},"probability": 0.536396384239,"value": "not_sad"},"moods_mirex": {"all": {"Cluster1": 0.112672239542,"Cluster2": 0.151580601931,"Cluster3": 0.246821850538,"Cluster4": 0.0927183404565,"Cluster5": 0.396206974983},"probability": 0.396206974983,"value": "Cluster5"},"timbre": {"all": {"bright": 0.900318384171,"dark": 0.09968162328},"probability": 0.900318384171,"value": "bright"},"tonal_atonal": {"all": {"atonal": 0.0976995453238,"tonal": 0.902300477028},"probability": 0.902300477028,"value": "tonal"},"voice_instrumental": {"all": {"instrumental": 0.99999666214,"voice": 3.32175727635e-06},"probability": 0.99999666214,"value": "instrumental"}},"metadata": {"audio_properties": {"analysis_sample_rate": 44100,"bit_rate": 0,"equal_loudness": 0,"length": 288.706665039,"lossless": 1,"replay_gain": -9.42128562927,"sample_rate": 44100,"codec": "flac","downmix": "mix","md5_encoded": "5d35681cbcd9aa771cecdf49fc414b62"},"tags": {"file_name": "fd897e9545b6ad9d02260ce55f2a.flac","acoustid_id": ["0cb5fd89-7e95-45b6-ad9d-02260ce55f2a"],"album": ["Six"],"albumartist": ["Soft Machine"],"albumartistsort": ["Soft Machine"],"artist": ["Soft Machine"],"artistsort": ["Soft Machine"],"asin": ["B00C1P3IXS"],"barcode": ["4547366194807"],"catalognumber": ["SICP-30166"],"date": ["2013-06-26"],"discnumber": ["1"],"disctotal": ["1"],"label": ["Sony Music Japan International Inc."],"media": ["Blu-spec CD"],"musicbrainz_albumartistid": ["5193ce6b-a315-4c50-ae49-54e69ffbc988"],"musicbrainz_albumid": ["49ef4dea-00bb-48e0-bbb0-8124f37f9efb"],"musicbrainz_artistid": ["5193ce6b-a315-4c50-ae49-54e69ffbc988"],"musicbrainz_recordingid": ["13faddc9-9b2e-4fe2-b5b7-8f121c626149"],"musicbrainz_releasegroupid": ["bf3f4d13-a65c-3dae-a84c-958430c98452"],"musicbrainz_releasetrackid": ["1ab3f68f-47a7-4031-828c-7208ae160987"],"originaldate": ["1973-02"],"originalyear": ["1973"],"releasecountry": ["JP"],"releasestatus": ["official"],"releasetype": ["album"],"script": ["Latn"],"title": ["All White"],"totaldiscs": ["1"],"totaltracks": ["15"],"tracknumber": ["2"],"tracktotal": ["15"]},"version": {"highlevel": {"essentia": "2.1-beta5-dev","essentia_build_sha": "e74af04b57b164eed312abeef4963962215860f0","essentia_git_sha": "v2.1_beta4-499-g4013ebc","extractor": "music 2.0","gaia": "2.4.5","gaia_git_sha": "v2.4.4-44-g95f4851","models_essentia_git_sha": "v2.1_beta1"},"lowlevel": {"essentia": "2.1-beta2","essentia_build_sha": "2d9f1f26377add8aeb1075a9c2973f962c4f09fd","essentia_git_sha": "v2.1_beta2-1-ge3940c0","extractor": "music 1.0"}}}}