{"highlevel": {"danceability": {"all": {"danceable": 0.99990183115,"not_danceable": 9.81901903288e-05},"probability": 0.99990183115,"value": "danceable"},"gender": {"all": {"female": 0.146152332425,"male": 0.853847682476},"probability": 0.853847682476,"value": "male"},"genre_dortmund": {"all": {"alternative": 0.0117355259135,"blues": 0.00439895037562,"electronic": 0.952742576599,"folkcountry": 0.0119213899598,"funksoulrnb": 0.00149370648433,"jazz": 0.00637615565211,"pop": 0.002752245171,"raphiphop": 0.0045009390451,"rock": 0.00407851068303},"probability": 0.952742576599,"value": "electronic"},"genre_electronic": {"all": {"ambient": 0.203011870384,"dnb": 0.0265057832003,"house": 0.314619243145,"techno": 0.014710702002,"trance": 0.441152393818},"probability": 0.441152393818,"value": "trance"},"genre_rosamerica": {"all": {"cla": 0.000395410839701,"dan": 0.0201196782291,"hip": 0.0514499507844,"jaz": 0.00114527670667,"pop": 0.125207185745,"rhy": 0.795872986317,"roc": 0.00512718874961,"spe": 0.000682352867443},"probability": 0.795872986317,"value": "rhy"},"genre_tzanetakis": {"all": {"blu": 0.063259229064,"cla": 0.0351214334369,"cou": 0.0790196210146,"dis": 0.0526951625943,"hip": 0.158124744892,"jaz": 0.316520601511,"met": 0.0632875487208,"pop": 0.063269995153,"reg": 0.0632629841566,"roc": 0.105438686907},"probability": 0.316520601511,"value": "jaz"},"ismir04_rhythm": {"all": {"ChaChaCha": 0.812654435635,"Jive": 0.014834523201,"Quickstep": 0.0045960759744,"Rumba-American": 0.0430951528251,"Rumba-International": 0.0340595766902,"Rumba-Misc": 0.0107556544244,"Samba": 0.0352894850075,"Tango": 0.011751268059,"VienneseWaltz": 0.0280839260668,"Waltz": 0.00487991515547},"probability": 0.812654435635,"value": "ChaChaCha"},"mood_acoustic": {"all": {"acoustic": 0.0616595000029,"not_acoustic": 0.938340485096},"probability": 0.938340485096,"value": "not_acoustic"},"mood_aggressive": {"all": {"aggressive": 3.32730405717e-06,"not_aggressive": 0.99999666214},"probability": 0.99999666214,"value": "not_aggressive"},"mood_electronic": {"all": {"electronic": 0.78091520071,"not_electronic": 0.219084784389},"probability": 0.78091520071,"value": "electronic"},"mood_happy": {"all": {"happy": 0.228899240494,"not_happy": 0.771100759506},"probability": 0.771100759506,"value": "not_happy"},"mood_party": {"all": {"not_party": 0.627586245537,"party": 0.372413754463},"probability": 0.627586245537,"value": "not_party"},"mood_relaxed": {"all": {"not_relaxed": 0.485908687115,"relaxed": 0.514091312885},"probability": 0.514091312885,"value": "relaxed"},"mood_sad": {"all": {"not_sad": 0.47197830677,"sad": 0.52802169323},"probability": 0.52802169323,"value": "sad"},"moods_mirex": {"all": {"Cluster1": 0.0750305727124,"Cluster2": 0.285623908043,"Cluster3": 0.213386416435,"Cluster4": 0.315290123224,"Cluster5": 0.110668979585},"probability": 0.315290123224,"value": "Cluster4"},"timbre": {"all": {"bright": 0.5,"dark": 0.5},"probability": 0.5,"value": "dark"},"tonal_atonal": {"all": {"atonal": 0.86225515604,"tonal": 0.137744858861},"probability": 0.86225515604,"value": "atonal"},"voice_instrumental": {"all": {"instrumental": 0.0172331035137,"voice": 0.982766926289},"probability": 0.982766926289,"value": "voice"}},"metadata": {"audio_properties": {"analysis_sample_rate": 44100,"bit_rate": 0,"equal_loudness": 0,"length": 249.720001221,"lossless": 1,"replay_gain": -13.6609554291,"codec": "flac","downmix": "mix","md5_encoded": "44de2cdaa861fcb5ad4cd9e7f250e45e"},"tags": {"file_name": "14 - What's a Man to Do.flac","album": ["Here I Stand"],"albumartist": ["Usher"],"albumartistsort": ["Usher"],"artist": ["Usher"],"artistsort": ["Usher"],"asin": ["B0018NIQA4"],"barcode": ["886973255322"],"catalognumber": ["LFC732553.2"],"date": ["2008"],"encoding": ["--best -e -V --replay-gain"],"format": ["CD"],"label": ["LaFace Records"],"language": ["eng"],"musicbrainz_albumartistid": ["3414d446-735a-443c-931f-10634f57e5b9"],"musicbrainz_albumid": ["c9733ceb-8f40-4e5e-9a2b-b826a5aa839d"],"musicbrainz_artistid": ["3414d446-735a-443c-931f-10634f57e5b9"],"musicbrainz_discid": ["PHaxL8dIMrmKIzOPF6wjlHhToT4-"],"musicbrainz_recordingid": ["e669ce31-1235-4a8d-b881-1843b041acbc"],"musicip_puid": ["e2b51caa-be77-5a9a-fe3a-93255a71fddd"],"releasecountry": ["TH"],"releasestatus": ["official"],"releasetype": ["album"],"replaygain_album_gain": ["-8.33 dB"],"replaygain_album_peak": ["1.00000000"],"replaygain_reference_loudness": ["89.0 dB"],"replaygain_track_gain": ["-8.33 dB"],"replaygain_track_peak": ["1.00000000"],"script": ["Latn"],"title": ["What's a Man to Do"],"totaltracks": ["18"],"tracknumber": ["14"],"tracktotal": ["18"]},"version": {"highlevel": {"essentia": "2.1-beta5-dev","essentia_build_sha": "e74af04b57b164eed312abeef4963962215860f0","essentia_git_sha": "v2.1_beta4-499-g4013ebc","extractor": "music 2.0","gaia": "2.4.5","gaia_git_sha": "v2.4.4-44-g95f4851","models_essentia_git_sha": "v2.1_beta1"},"lowlevel": {"essentia": "2.1-beta1","essentia_build_sha": "8c2fd3ff3b9381f962a27951d857ce39398228bf","essentia_git_sha": "v2.1_beta1-7-ge0e83e8","extractor": "music 1.0"}}}}