{"highlevel": {"danceability": {"all": {"danceable": 0.990542769432,"not_danceable": 0.00945720914751},"probability": 0.990542769432,"value": "danceable"},"gender": {"all": {"female": 0.898277521133,"male": 0.101722486317},"probability": 0.898277521133,"value": "female"},"genre_dortmund": {"all": {"alternative": 0.0214515123516,"blues": 0.00254120049067,"electronic": 0.970395863056,"folkcountry": 0.00196428387426,"funksoulrnb": 0.000125414226204,"jazz": 0.000755039218348,"pop": 0.000222852715524,"raphiphop": 4.07347542932e-05,"rock": 0.00250308634713},"probability": 0.970395863056,"value": "electronic"},"genre_electronic": {"all": {"ambient": 0.17705924809,"dnb": 0.0260781403631,"house": 0.0420906916261,"techno": 0.0175199732184,"trance": 0.737251937389},"probability": 0.737251937389,"value": "trance"},"genre_rosamerica": {"all": {"cla": 0.00274255289696,"dan": 0.369731158018,"hip": 0.00628841575235,"jaz": 0.00851357076317,"pop": 0.0777996405959,"rhy": 0.00680851796642,"roc": 0.525768816471,"spe": 0.00234733009711},"probability": 0.525768816471,"value": "roc"},"genre_tzanetakis": {"all": {"blu": 0.0626613423228,"cla": 0.0348169617355,"cou": 0.104475811124,"dis": 0.0784321576357,"hip": 0.15692435205,"jaz": 0.313974827528,"met": 0.0448166541755,"pop": 0.0627359300852,"reg": 0.0627360641956,"roc": 0.0784258767962},"probability": 0.313974827528,"value": "jaz"},"ismir04_rhythm": {"all": {"ChaChaCha": 0.486374109983,"Jive": 0.082985855639,"Quickstep": 0.0179020911455,"Rumba-American": 0.0361269339919,"Rumba-International": 0.0338501445949,"Rumba-Misc": 0.0150721771643,"Samba": 0.0858807787299,"Tango": 0.155296459794,"VienneseWaltz": 0.0767237320542,"Waltz": 0.00978771597147},"probability": 0.486374109983,"value": "ChaChaCha"},"mood_acoustic": {"all": {"acoustic": 0.00393394380808,"not_acoustic": 0.99606603384},"probability": 0.99606603384,"value": "not_acoustic"},"mood_aggressive": {"all": {"aggressive": 0.472483307123,"not_aggressive": 0.527516663074},"probability": 0.527516663074,"value": "not_aggressive"},"mood_electronic": {"all": {"electronic": 0.975283145905,"not_electronic": 0.0247168596834},"probability": 0.975283145905,"value": "electronic"},"mood_happy": {"all": {"happy": 0.561776578426,"not_happy": 0.438223421574},"probability": 0.561776578426,"value": "happy"},"mood_party": {"all": {"not_party": 0.144788920879,"party": 0.855211079121},"probability": 0.855211079121,"value": "party"},"mood_relaxed": {"all": {"not_relaxed": 0.820105373859,"relaxed": 0.179894611239},"probability": 0.820105373859,"value": "not_relaxed"},"mood_sad": {"all": {"not_sad": 0.869265794754,"sad": 0.130734205246},"probability": 0.869265794754,"value": "not_sad"},"moods_mirex": {"all": {"Cluster1": 0.19016097486,"Cluster2": 0.101309493184,"Cluster3": 0.180671647191,"Cluster4": 0.192848369479,"Cluster5": 0.335009515285},"probability": 0.335009515285,"value": "Cluster5"},"timbre": {"all": {"bright": 0.043678957969,"dark": 0.956321060658},"probability": 0.956321060658,"value": "dark"},"tonal_atonal": {"all": {"atonal": 0.976291596889,"tonal": 0.0237083751708},"probability": 0.976291596889,"value": "atonal"},"voice_instrumental": {"all": {"instrumental": 0.203466624022,"voice": 0.796533405781},"probability": 0.796533405781,"value": "voice"}},"metadata": {"audio_properties": {"analysis_sample_rate": 44100,"bit_rate": 198960,"equal_loudness": 0,"length": 232.855514526,"lossless": 0,"replay_gain": -13.9930324554,"sample_rate": 44100,"codec": "mp3","downmix": "mix","md5_encoded": "a6ca3a94e5fdb43a33330aa794dd52c0"},"tags": {"file_name": "Cinema Bizarre - Dysfunctional Family.mp3","album": ["Final Attraction"],"albumartist": ["Cinema Bizarre"],"albumartistsort": ["Cinema Bizarre"],"artist": ["Cinema Bizarre"],"asin": ["B000W34PWY"],"barcode": ["60075307297"],"bpm": ["129"],"contentgroup": ["Pop"],"date": ["2007"],"discnumber": ["1\/1"],"genre": ["Pop; Glam Rock; New Wave; Power Pop; Alternative"],"media": ["CD"],"musicbrainz album release country": ["DE"],"musicbrainz album status": ["official"],"musicbrainz album type": ["album"],"musicbrainz_albumartistid": ["09e126f5-28c2-426c-bc08-6fb44ef8a9c8"],"musicbrainz_albumid": ["e8e6add9-c926-4940-ba88-9803a3399496"],"musicbrainz_artistid": ["09e126f5-28c2-426c-bc08-6fb44ef8a9c8"],"musicbrainz_recordingid": ["41bbc956-fcdb-4011-9f3c-c5eb43e9bca8"],"musicbrainz_releasegroupid": ["0f950568-7321-3f20-ac94-97a1218e9caa"],"originaldate": ["2007"],"originalyear": ["2007"],"script": ["Latn"],"title": ["Dysfunctional Family"],"tracknumber": ["11\/14"]},"version": {"highlevel": {"essentia": "2.1-beta5-dev","essentia_build_sha": "e74af04b57b164eed312abeef4963962215860f0","essentia_git_sha": "v2.1_beta4-499-g4013ebc","extractor": "music 2.0","gaia": "2.4.5","gaia_git_sha": "v2.4.4-44-g95f4851","models_essentia_git_sha": "v2.1_beta1"},"lowlevel": {"essentia": "2.1-beta2","essentia_build_sha": "70f2e5ece6736b2c40cc944ad0e695b16b925413","essentia_git_sha": "v2.1_beta2","extractor": "music 1.0"}}}}