{"highlevel": {"danceability": {"all": {"danceable": 0.0038811233826,"not_danceable": 0.99611890316},"probability": 0.99611890316,"value": "not_danceable"},"gender": {"all": {"female": 0.0363889448345,"male": 0.963611066341},"probability": 0.963611066341,"value": "male"},"genre_dortmund": {"all": {"alternative": 0.0902760326862,"blues": 0.029350778088,"electronic": 0.148046255112,"folkcountry": 0.359282046556,"funksoulrnb": 0.00459633301944,"jazz": 0.310907959938,"pop": 0.0142137268558,"raphiphop": 0.00294756959192,"rock": 0.0403793156147},"probability": 0.359282046556,"value": "folkcountry"},"genre_electronic": {"all": {"ambient": 0.862477242947,"dnb": 0.00656404206529,"house": 0.0965930968523,"techno": 0.0249257069081,"trance": 0.00943988375366},"probability": 0.862477242947,"value": "ambient"},"genre_rosamerica": {"all": {"cla": 0.293801873922,"dan": 0.00191008928232,"hip": 0.00488672824576,"jaz": 0.559745848179,"pop": 0.016248177737,"rhy": 0.0940337702632,"roc": 0.00345184281468,"spe": 0.0259216912091},"probability": 0.559745848179,"value": "jaz"},"genre_tzanetakis": {"all": {"blu": 0.0785248503089,"cla": 0.0347805842757,"cou": 0.1044453457,"dis": 0.0635850280523,"hip": 0.156698465347,"jaz": 0.313560247421,"met": 0.0447614565492,"pop": 0.0626585036516,"reg": 0.062659047544,"roc": 0.0783264562488},"probability": 0.313560247421,"value": "jaz"},"ismir04_rhythm": {"all": {"ChaChaCha": 0.0372758954763,"Jive": 0.00733192404732,"Quickstep": 0.0153699321672,"Rumba-American": 0.042542617768,"Rumba-International": 0.0471124984324,"Rumba-Misc": 0.104433044791,"Samba": 0.0135853420943,"Tango": 0.507624328136,"VienneseWaltz": 0.134616807103,"Waltz": 0.0901076123118},"probability": 0.507624328136,"value": "Tango"},"mood_acoustic": {"all": {"acoustic": 0.928776502609,"not_acoustic": 0.071223475039},"probability": 0.928776502609,"value": "acoustic"},"mood_aggressive": {"all": {"aggressive": 0.0295345038176,"not_aggressive": 0.970465481281},"probability": 0.970465481281,"value": "not_aggressive"},"mood_electronic": {"all": {"electronic": 0.45834544301,"not_electronic": 0.541654527187},"probability": 0.541654527187,"value": "not_electronic"},"mood_happy": {"all": {"happy": 0.141499117017,"not_happy": 0.858500897884},"probability": 0.858500897884,"value": "not_happy"},"mood_party": {"all": {"not_party": 0.987819194794,"party": 0.0121807819232},"probability": 0.987819194794,"value": "not_party"},"mood_relaxed": {"all": {"not_relaxed": 0.0113817220554,"relaxed": 0.988618254662},"probability": 0.988618254662,"value": "relaxed"},"mood_sad": {"all": {"not_sad": 0.13751386106,"sad": 0.862486124039},"probability": 0.862486124039,"value": "sad"},"moods_mirex": {"all": {"Cluster1": 0.114910840988,"Cluster2": 0.121231235564,"Cluster3": 0.591616809368,"Cluster4": 0.145905137062,"Cluster5": 0.0263359639794},"probability": 0.591616809368,"value": "Cluster3"},"timbre": {"all": {"bright": 0.978911161423,"dark": 0.0210888218135},"probability": 0.978911161423,"value": "bright"},"tonal_atonal": {"all": {"atonal": 0.252374976873,"tonal": 0.747625052929},"probability": 0.747625052929,"value": "tonal"},"voice_instrumental": {"all": {"instrumental": 0.902457237244,"voice": 0.0975427776575},"probability": 0.902457237244,"value": "instrumental"}},"metadata": {"audio_properties": {"analysis_sample_rate": 44100,"bit_rate": 160025,"equal_loudness": 0,"length": 166.399993896,"lossless": 0,"replay_gain": -9.01624488831,"sample_rate": 44100,"codec": "mp3","downmix": "mix","md5_encoded": "3bf21f5a307fdee0976d819207919c9f"},"tags": {"file_name": "Elizabeth Cotten - Freight train.mp3","album": ["Freight Train and Other North Carolina Folk Songs and Tunes"],"albumartist": ["Elizabeth Cotten"],"albumartistsort": ["Cotten, Elizabeth"],"artist": ["Elizabeth Cotten"],"artistsort": ["Cotten, Elizabeth"],"asin": ["B000001DGA"],"barcode": ["093074000922"],"catalognumber": ["CD SF 40009"],"date": ["1989"],"discnumber": ["1\/1"],"encoding": ["Lavf56.36.100"],"isrc": ["USSF19606211"],"label": ["Smithsonian Folkways"],"media": ["CD"],"musicbrainz album release country": ["US"],"musicbrainz album status": ["official"],"musicbrainz album type": ["album"],"musicbrainz_albumartistid": ["907f53c2-f7d1-406a-8071-30262ba472ca"],"musicbrainz_albumid": ["24dc0fa5-0487-4e07-bc11-c08e3db7324d"],"musicbrainz_artistid": ["907f53c2-f7d1-406a-8071-30262ba472ca"],"musicbrainz_recordingid": ["41ce7f45-88e1-4f5b-a5fc-fd78d9e2a810"],"musicbrainz_releasegroupid": ["3d360ea7-e0f5-420e-af07-7400dee2aace"],"originaldate": ["1958"],"originalyear": ["1958"],"script": ["Latn"],"title": ["Freight Train"],"tracknumber": ["2\/14"]},"version": {"highlevel": {"essentia": "2.1-beta5-dev","essentia_build_sha": "e74af04b57b164eed312abeef4963962215860f0","essentia_git_sha": "v2.1_beta4-499-g4013ebc","extractor": "music 2.0","gaia": "2.4.5","gaia_git_sha": "v2.4.4-44-g95f4851","models_essentia_git_sha": "v2.1_beta1"},"lowlevel": {"essentia": "2.1-beta2","essentia_build_sha": "70f2e5ece6736b2c40cc944ad0e695b16b925413","essentia_git_sha": "v2.1_beta2","extractor": "music 1.0"}}}}