{"highlevel": {"danceability": {"all": {"danceable": 0.521462857723,"not_danceable": 0.478537172079},"probability": 0.521462857723,"value": "danceable"},"gender": {"all": {"female": 0.00349068688229,"male": 0.996509313583},"probability": 0.996509313583,"value": "male"},"genre_dortmund": {"all": {"alternative": 0.00495030079037,"blues": 0.00110738060903,"electronic": 0.988901972771,"folkcountry": 0.00282118120231,"funksoulrnb": 5.5091077229e-05,"jazz": 0.00142345798668,"pop": 7.41820476833e-05,"raphiphop": 1.91860071936e-05,"rock": 0.0006472619134},"probability": 0.988901972771,"value": "electronic"},"genre_electronic": {"all": {"ambient": 0.817282319069,"dnb": 0.00865186005831,"house": 0.10310125351,"techno": 0.0106102861464,"trance": 0.0603542625904},"probability": 0.817282319069,"value": "ambient"},"genre_rosamerica": {"all": {"cla": 0.0128867505118,"dan": 0.00584881426767,"hip": 0.011998093687,"jaz": 0.617949545383,"pop": 0.112093016505,"rhy": 0.17212843895,"roc": 0.0590023845434,"spe": 0.00809297338128},"probability": 0.617949545383,"value": "jaz"},"genre_tzanetakis": {"all": {"blu": 0.0502170212567,"cla": 0.0334726423025,"cou": 0.0753079727292,"dis": 0.06023818627,"hip": 0.150582894683,"jaz": 0.150557637215,"met": 0.0430128090084,"pop": 0.0752737373114,"reg": 0.0602214261889,"roc": 0.301115691662},"probability": 0.301115691662,"value": "roc"},"ismir04_rhythm": {"all": {"ChaChaCha": 0.100956402719,"Jive": 0.026675850153,"Quickstep": 0.0229796785861,"Rumba-American": 0.0464959926903,"Rumba-International": 0.0240513347089,"Rumba-Misc": 0.0332131758332,"Samba": 0.0350752696395,"Tango": 0.434810549021,"VienneseWaltz": 0.25806593895,"Waltz": 0.0176758114249},"probability": 0.434810549021,"value": "Tango"},"mood_acoustic": {"all": {"acoustic": 0.909199893475,"not_acoustic": 0.0908001363277},"probability": 0.909199893475,"value": "acoustic"},"mood_aggressive": {"all": {"aggressive": 0.126087188721,"not_aggressive": 0.873912811279},"probability": 0.873912811279,"value": "not_aggressive"},"mood_electronic": {"all": {"electronic": 0.199612781405,"not_electronic": 0.800387203693},"probability": 0.800387203693,"value": "not_electronic"},"mood_happy": {"all": {"happy": 0.0827095061541,"not_happy": 0.917290508747},"probability": 0.917290508747,"value": "not_happy"},"mood_party": {"all": {"not_party": 0.774309575558,"party": 0.225690439343},"probability": 0.774309575558,"value": "not_party"},"mood_relaxed": {"all": {"not_relaxed": 0.0854249373078,"relaxed": 0.91457504034},"probability": 0.91457504034,"value": "relaxed"},"mood_sad": {"all": {"not_sad": 0.409225970507,"sad": 0.590774059296},"probability": 0.590774059296,"value": "sad"},"moods_mirex": {"all": {"Cluster1": 0.109093360603,"Cluster2": 0.131606280804,"Cluster3": 0.295394659042,"Cluster4": 0.0990875512362,"Cluster5": 0.364818155766},"probability": 0.364818155766,"value": "Cluster5"},"timbre": {"all": {"bright": 0.977093458176,"dark": 0.0229065604508},"probability": 0.977093458176,"value": "bright"},"tonal_atonal": {"all": {"atonal": 0.110106669366,"tonal": 0.889893352985},"probability": 0.889893352985,"value": "tonal"},"voice_instrumental": {"all": {"instrumental": 0.550941884518,"voice": 0.44905808568},"probability": 0.550941884518,"value": "instrumental"}},"metadata": {"audio_properties": {"analysis_sample_rate": 44100,"bit_rate": 224000,"equal_loudness": 0,"length": 318.458770752,"lossless": 0,"replay_gain": -10.4049968719,"sample_rate": 44100,"codec": "mp3","downmix": "mix","md5_encoded": "15d29ad2534285bac9538ed6fa4c5cdc"},"tags": {"file_name": "199319.mp3","album": ["Tibiri Tabara"],"albumartist": ["Sierra Maestra"],"artist": ["Sierra Maestra"],"date": ["1998"],"encodedby": ["Chevy ---> www.discogs.com\/user\/Chevy"],"encoding": ["Audiograbber 1.83.01, LAME dll 3.96, VBR 3 (Default method), Stereo, Normal quality"],"genre": ["Other"],"musicbrainz_recordingid": ["41e7fb78-c37d-48b0-afb6-9237ca6e88a7"],"title": ["Son para ti"],"tracknumber": ["5"]},"version": {"highlevel": {"essentia": "2.1-beta5-dev","essentia_build_sha": "e74af04b57b164eed312abeef4963962215860f0","essentia_git_sha": "v2.1_beta4-499-g4013ebc","extractor": "music 2.0","gaia": "2.4.5","gaia_git_sha": "v2.4.4-44-g95f4851","models_essentia_git_sha": "v2.1_beta1"},"lowlevel": {"essentia": "2.1-beta2","essentia_build_sha": "70f2e5ece6736b2c40cc944ad0e695b16b925413","essentia_git_sha": "v2.1_beta2","extractor": "music 1.0"}}}}