{"highlevel": {"danceability": {"all": {"danceable": 3.00000096379e-14,"not_danceable": 1},"probability": 1,"value": "not_danceable"},"gender": {"all": {"female": 0.679258942604,"male": 0.320741057396},"probability": 0.679258942604,"value": "female"},"genre_dortmund": {"all": {"alternative": 6.91652743967e-08,"blues": 7.57962368425e-08,"electronic": 0.999965250492,"folkcountry": 5.46282126379e-06,"funksoulrnb": 7.63607829413e-07,"jazz": 2.56944822468e-05,"pop": 1.04735590867e-06,"raphiphop": 1.00291936178e-06,"rock": 6.57677787785e-07},"probability": 0.999965250492,"value": "electronic"},"genre_electronic": {"all": {"ambient": 0.245806291699,"dnb": 0.0237630140036,"house": 0.604717671871,"techno": 0.0492433980107,"trance": 0.0764696449041},"probability": 0.604717671871,"value": "house"},"genre_rosamerica": {"all": {"cla": 0.000520730856806,"dan": 0.00807238556445,"hip": 0.452383816242,"jaz": 0.0146861551329,"pop": 0.0223127454519,"rhy": 0.500455677509,"roc": 0.000695894064847,"spe": 0.000872627831995},"probability": 0.500455677509,"value": "rhy"},"genre_tzanetakis": {"all": {"blu": 0.108663514256,"cla": 0.0651629790664,"cou": 0.054295334965,"dis": 0.0542937032878,"hip": 0.0465381518006,"jaz": 0.108592696488,"met": 0.046544007957,"pop": 0.108606375754,"reg": 0.0814601555467,"roc": 0.325843095779},"probability": 0.325843095779,"value": "roc"},"ismir04_rhythm": {"all": {"ChaChaCha": 0.0704107955098,"Jive": 0.068412438035,"Quickstep": 0.014973198995,"Rumba-American": 0.142646983266,"Rumba-International": 0.0445348247886,"Rumba-Misc": 0.0268243141472,"Samba": 0.0696751400828,"Tango": 0.522098958492,"VienneseWaltz": 0.0296721551567,"Waltz": 0.0107511738315},"probability": 0.522098958492,"value": "Tango"},"mood_acoustic": {"all": {"acoustic": 0.0955903604627,"not_acoustic": 0.904409646988},"probability": 0.904409646988,"value": "not_acoustic"},"mood_aggressive": {"all": {"aggressive": 3.00000096379e-14,"not_aggressive": 1},"probability": 1,"value": "not_aggressive"},"mood_electronic": {"all": {"electronic": 0.979391694069,"not_electronic": 0.0206082761288},"probability": 0.979391694069,"value": "electronic"},"mood_happy": {"all": {"happy": 0.161776125431,"not_happy": 0.838223874569},"probability": 0.838223874569,"value": "not_happy"},"mood_party": {"all": {"not_party": 0.999984204769,"party": 1.57784197654e-05},"probability": 0.999984204769,"value": "not_party"},"mood_relaxed": {"all": {"not_relaxed": 0.191182896495,"relaxed": 0.808817088604},"probability": 0.808817088604,"value": "relaxed"},"mood_sad": {"all": {"not_sad": 0.525916934013,"sad": 0.474083095789},"probability": 0.525916934013,"value": "not_sad"},"moods_mirex": {"all": {"Cluster1": 0.0772226452827,"Cluster2": 0.0444035679102,"Cluster3": 0.227747857571,"Cluster4": 0.0306320842355,"Cluster5": 0.61999386549},"probability": 0.61999386549,"value": "Cluster5"},"timbre": {"all": {"bright": 0.00452864775434,"dark": 0.995471358299},"probability": 0.995471358299,"value": "dark"},"tonal_atonal": {"all": {"atonal": 0.976343154907,"tonal": 0.0236568655819},"probability": 0.976343154907,"value": "atonal"},"voice_instrumental": {"all": {"instrumental": 0.0894954055548,"voice": 0.910504579544},"probability": 0.910504579544,"value": "voice"}},"metadata": {"audio_properties": {"analysis_sample_rate": 44100,"bit_rate": 0,"equal_loudness": 0,"length": 343.413330078,"lossless": 1,"replay_gain": -9.14799880981,"sample_rate": 44100,"codec": "flac","downmix": "mix","md5_encoded": "39b09a20bb4f14a6a699fcb91b4d494f"},"tags": {"file_name": "01-06 Menelec.flac","album": ["Ultravisitor"],"albumartist": ["Squarepusher"],"albumartistsort": ["Squarepusher"],"artist": ["Squarepusher"],"artistsort": ["Squarepusher"],"asin": ["B0001E70C6"],"barcode": ["801061811723"],"catalognumber": ["WARPCD117X"],"date": ["2004-03-08"],"discnumber": ["1"],"disctotal": ["1"],"genre": ["IDM"],"isrc": ["GBBPW0300252"],"label": ["Warp Records"],"media": ["CD"],"musicbrainz_albumartistid": ["4d86ad4e-28d8-4e9f-8cf4-735c57060fdc"],"musicbrainz_albumid": ["bc6a7ed3-e575-3a55-bf06-96c9ba6c1bdb"],"musicbrainz_artistid": ["4d86ad4e-28d8-4e9f-8cf4-735c57060fdc"],"musicbrainz_recordingid": ["d9921b26-9613-4b8b-a936-e3610b1e5c5d"],"musicbrainz_releasegroupid": ["38e75f50-0c0d-305d-b4c6-2bbf3ba72a3f"],"originaldate": ["2004-03-03"],"releasecountry": ["GB"],"releasestatus": ["official"],"releasetype": ["album"],"replaygain_album_gain": ["-5.41 dB"],"replaygain_album_peak": ["1.000000"],"replaygain_track_gain": ["-4.91 dB"],"replaygain_track_peak": ["1.000000"],"script": ["Latn"],"title": ["Menelec"],"totaldiscs": ["1"],"totaltracks": ["15"],"tracknumber": ["6"],"tracktotal": ["15"]},"version": {"highlevel": {"essentia": "2.1-beta5-dev","essentia_build_sha": "e74af04b57b164eed312abeef4963962215860f0","essentia_git_sha": "v2.1_beta4-499-g4013ebc","extractor": "music 2.0","gaia": "2.4.5","gaia_git_sha": "v2.4.4-44-g95f4851","models_essentia_git_sha": "v2.1_beta1"},"lowlevel": {"essentia": "2.1-beta1","essentia_build_sha": "ca57ba49d9b1854bd80e60cf9ccf267278fb7d6b","essentia_git_sha": "v2.1_beta1-28-g21ef5f4-dirty","extractor": "music 1.0"}}}}