{"highlevel": {"danceability": {"all": {"danceable": 0.566277444363,"not_danceable": 0.43372258544},"probability": 0.566277444363,"value": "danceable"},"gender": {"all": {"female": 0.626577973366,"male": 0.373422026634},"probability": 0.626577973366,"value": "female"},"genre_dortmund": {"all": {"alternative": 0.000784101954196,"blues": 4.08105661336e-05,"electronic": 0.998882174492,"folkcountry": 0.000126022976474,"funksoulrnb": 1.88617673302e-06,"jazz": 7.31044638087e-05,"pop": 7.62085710448e-06,"raphiphop": 6.54571351788e-07,"rock": 8.36068866192e-05},"probability": 0.998882174492,"value": "electronic"},"genre_electronic": {"all": {"ambient": 0.525539875031,"dnb": 0.00709155574441,"house": 0.156496480107,"techno": 0.0221823770553,"trance": 0.288689702749},"probability": 0.525539875031,"value": "ambient"},"genre_rosamerica": {"all": {"cla": 0.034079592675,"dan": 0.0442262403667,"hip": 0.135740101337,"jaz": 0.0641587525606,"pop": 0.150554731488,"rhy": 0.520205974579,"roc": 0.0350264757872,"spe": 0.0160081293434},"probability": 0.520205974579,"value": "rhy"},"genre_tzanetakis": {"all": {"blu": 0.0701733529568,"cla": 0.0389460548759,"cou": 0.0876104086637,"dis": 0.0700869336724,"hip": 0.175217926502,"jaz": 0.175225406885,"met": 0.0500283651054,"pop": 0.0875412225723,"reg": 0.0700420811772,"roc": 0.175128251314},"probability": 0.175225406885,"value": "jaz"},"ismir04_rhythm": {"all": {"ChaChaCha": 0.0396137535572,"Jive": 0.0443803146482,"Quickstep": 0.00782146304846,"Rumba-American": 0.0107935005799,"Rumba-International": 0.0146961947903,"Rumba-Misc": 0.00722407968715,"Samba": 0.022775163874,"Tango": 0.74120080471,"VienneseWaltz": 0.106144987047,"Waltz": 0.00534974131733},"probability": 0.74120080471,"value": "Tango"},"mood_acoustic": {"all": {"acoustic": 0.0745655223727,"not_acoustic": 0.925434470177},"probability": 0.925434470177,"value": "not_acoustic"},"mood_aggressive": {"all": {"aggressive": 2.92861790374e-10,"not_aggressive": 1},"probability": 1,"value": "not_aggressive"},"mood_electronic": {"all": {"electronic": 0.479391545057,"not_electronic": 0.52060842514},"probability": 0.52060842514,"value": "not_electronic"},"mood_happy": {"all": {"happy": 0.35300847888,"not_happy": 0.646991491318},"probability": 0.646991491318,"value": "not_happy"},"mood_party": {"all": {"not_party": 0.996578454971,"party": 0.0034215701744},"probability": 0.996578454971,"value": "not_party"},"mood_relaxed": {"all": {"not_relaxed": 0.191192731261,"relaxed": 0.808807253838},"probability": 0.808807253838,"value": "relaxed"},"mood_sad": {"all": {"not_sad": 0.524566352367,"sad": 0.475433677435},"probability": 0.524566352367,"value": "not_sad"},"moods_mirex": {"all": {"Cluster1": 0.0813920944929,"Cluster2": 0.099760606885,"Cluster3": 0.306336730719,"Cluster4": 0.178743362427,"Cluster5": 0.333767205477},"probability": 0.333767205477,"value": "Cluster5"},"timbre": {"all": {"bright": 0.0393274761736,"dark": 0.960672497749},"probability": 0.960672497749,"value": "dark"},"tonal_atonal": {"all": {"atonal": 0.999983131886,"tonal": 1.68815331563e-05},"probability": 0.999983131886,"value": "atonal"},"voice_instrumental": {"all": {"instrumental": 0.455898791552,"voice": 0.544101178646},"probability": 0.544101178646,"value": "voice"}},"metadata": {"audio_properties": {"analysis_sample_rate": 44100,"bit_rate": 0,"equal_loudness": 0,"length": 267.333343506,"lossless": 1,"replay_gain": -15.403213501,"sample_rate": 44100,"codec": "flac","downmix": "mix","md5_encoded": "538067aa6d6c8771d6df3a1b55c6852a"},"tags": {"file_name": "13 - Breaking the Same Old Ground.flac","acoustid_id": ["cf47dbe0-7af7-4f09-ae77-6d50aa9d1f4f"],"album": ["Born Villain"],"albumartist": ["Marilyn Manson"],"albumartistsort": ["Marilyn Manson"],"artist": ["Marilyn Manson"],"artistsort": ["Marilyn Manson"],"asin": ["B007KIZ6IG"],"barcode": ["711297495423"],"catalognumber": ["COOKCD554", "[none]"],"composer": ["Twiggy Ramirez"],"composersort": ["Ramirez, Twiggy"],"date": ["2012-05-01"],"discnumber": ["1"],"disctotal": ["1"],"genre": ["Metal"],"grouping": ["Metal"],"isrc": ["GBCEJ1200128"],"label": ["Cooking Vinyl", "Hell, etc."],"language": ["eng"],"lyricist": ["Marilyn Manson"],"media": ["CD"],"mood": ["Emotional"],"musicbrainz_albumartistid": ["5dfdca28-9ddc-4853-933c-8bc97d87beec"],"musicbrainz_albumid": ["45cf07ba-bd4b-4e7f-a4da-0f53ceb2b48f"],"musicbrainz_artistid": ["5dfdca28-9ddc-4853-933c-8bc97d87beec"],"musicbrainz_recordingid": ["a344df19-3ca8-4dd0-b29e-798c49590e61"],"musicbrainz_releasegroupid": ["f645671e-e21f-49a6-9152-5fc57c5b6bb1"],"musicbrainz_releasetrackid": ["d94e2d10-6951-3266-ba04-0d3d5451655c"],"musicbrainz_workid": ["cc404517-f9ff-429e-a55a-fc5db9b6bebc"],"originaldate": ["2012-04-24"],"originalyear": ["2012"],"producer": ["Chris Vrenna", "Marilyn Manson"],"releasecountry": ["US"],"releasestatus": ["official"],"releasetype": ["album"],"script": ["Latn"],"title": ["Breaking the Same Old Ground"],"totaldiscs": ["1"],"totaltracks": ["14"],"tracknumber": ["13"],"tracktotal": ["14"],"work": ["Breaking the Same Old Ground"],"writer": ["Chris Vrenna"]},"version": {"highlevel": {"essentia": "2.1-beta5-dev","essentia_build_sha": "e74af04b57b164eed312abeef4963962215860f0","essentia_git_sha": "v2.1_beta4-499-g4013ebc","extractor": "music 2.0","gaia": "2.4.5","gaia_git_sha": "v2.4.4-44-g95f4851","models_essentia_git_sha": "v2.1_beta1"},"lowlevel": {"essentia": "2.1-beta2","essentia_build_sha": "2d9f1f26377add8aeb1075a9c2973f962c4f09fd","essentia_git_sha": "v2.1_beta2-1-ge3940c0","extractor": "music 1.0"}}}}