{"highlevel": {"danceability": {"all": {"danceable": 0.187669470906,"not_danceable": 0.812330543995},"probability": 0.812330543995,"value": "not_danceable"},"gender": {"all": {"female": 0.981401979923,"male": 0.0185980014503},"probability": 0.981401979923,"value": "female"},"genre_dortmund": {"all": {"alternative": 0.00101081829052,"blues": 7.41627954994e-05,"electronic": 0.998161673546,"folkcountry": 0.000249194476055,"funksoulrnb": 7.30503597879e-06,"jazz": 0.000334617914632,"pop": 1.20922331917e-05,"raphiphop": 2.30209548135e-06,"rock": 0.000147809289047},"probability": 0.998161673546,"value": "electronic"},"genre_electronic": {"all": {"ambient": 0.724527001381,"dnb": 0.00688917422667,"house": 0.147509381175,"techno": 0.0380580276251,"trance": 0.0830163881183},"probability": 0.724527001381,"value": "ambient"},"genre_rosamerica": {"all": {"cla": 0.130278483033,"dan": 0.0129409991205,"hip": 0.0219633821398,"jaz": 0.111840978265,"pop": 0.129589527845,"rhy": 0.55073839426,"roc": 0.0247279629111,"spe": 0.0179202593863},"probability": 0.55073839426,"value": "rhy"},"genre_tzanetakis": {"all": {"blu": 0.0514595136046,"cla": 0.0342968404293,"cou": 0.102896817029,"dis": 0.0617725774646,"hip": 0.154462322593,"jaz": 0.309064805508,"met": 0.0441226623952,"pop": 0.0772066935897,"reg": 0.0617669522762,"roc": 0.102950803936},"probability": 0.309064805508,"value": "jaz"},"ismir04_rhythm": {"all": {"ChaChaCha": 0.0856849104166,"Jive": 0.0138754565269,"Quickstep": 0.00539480242878,"Rumba-American": 0.0149212609977,"Rumba-International": 0.00826942268759,"Rumba-Misc": 0.021831644699,"Samba": 0.015086164698,"Tango": 0.0712890848517,"VienneseWaltz": 0.755718708038,"Waltz": 0.00792853813618},"probability": 0.755718708038,"value": "VienneseWaltz"},"mood_acoustic": {"all": {"acoustic": 0.834267020226,"not_acoustic": 0.165732949972},"probability": 0.834267020226,"value": "acoustic"},"mood_aggressive": {"all": {"aggressive": 0.0491795241833,"not_aggressive": 0.950820505619},"probability": 0.950820505619,"value": "not_aggressive"},"mood_electronic": {"all": {"electronic": 0.260482013226,"not_electronic": 0.739517986774},"probability": 0.739517986774,"value": "not_electronic"},"mood_happy": {"all": {"happy": 0.111534252763,"not_happy": 0.888465762138},"probability": 0.888465762138,"value": "not_happy"},"mood_party": {"all": {"not_party": 0.938450455666,"party": 0.0615495294333},"probability": 0.938450455666,"value": "not_party"},"mood_relaxed": {"all": {"not_relaxed": 0.0373925566673,"relaxed": 0.962607443333},"probability": 0.962607443333,"value": "relaxed"},"mood_sad": {"all": {"not_sad": 0.5,"sad": 0.5},"probability": 0.5,"value": "not_sad"},"moods_mirex": {"all": {"Cluster1": 0.103885941207,"Cluster2": 0.145354747772,"Cluster3": 0.203108251095,"Cluster4": 0.131986349821,"Cluster5": 0.415664732456},"probability": 0.415664732456,"value": "Cluster5"},"timbre": {"all": {"bright": 0.644055962563,"dark": 0.355944007635},"probability": 0.644055962563,"value": "bright"},"tonal_atonal": {"all": {"atonal": 0.720928072929,"tonal": 0.279071927071},"probability": 0.720928072929,"value": "atonal"},"voice_instrumental": {"all": {"instrumental": 0.574981749058,"voice": 0.425018250942},"probability": 0.574981749058,"value": "instrumental"}},"metadata": {"audio_properties": {"analysis_sample_rate": 44100,"bit_rate": 0,"equal_loudness": 0,"length": 294.893341064,"lossless": 1,"replay_gain": -8.91920471191,"sample_rate": 44100,"codec": "flac","downmix": "mix","md5_encoded": "dfe5fdce5c860a839d97e4160f9d9d24"},"tags": {"file_name": "1-09 Radagast the Brown.flac","acoustid_id": ["b2110f1b-6233-4981-8911-a43c4ac302b4"],"album": ["The Hobbit: An Unexpected Journey"],"albumartist": ["Howard Shore"],"albumartistsort": ["Shore, Howard"],"artist": ["Howard Shore"],"artists": ["Howard Shore"],"artistsort": ["Shore, Howard"],"asin": ["B009O07NBQ"],"barcode": ["794043163883"],"catalognumber": ["WTM39372"],"date": ["2012-11-13"],"discnumber": ["1"],"disctotal": ["2"],"genre": ["Soundtrack"],"label": ["WaterTower Music"],"media": ["CD"],"musicbrainz_albumartistid": ["9b58672a-e68e-4972-956e-a8985a165a1f"],"musicbrainz_albumid": ["7ba7d8e1-3ff1-4c8d-9a04-1ff0bdc22501"],"musicbrainz_artistid": ["9b58672a-e68e-4972-956e-a8985a165a1f"],"musicbrainz_recordingid": ["a37ec7e5-1e9e-4bc0-9b68-2d8b726703bc"],"musicbrainz_releasegroupid": ["d4d7383d-291b-42dc-8256-53ac0d95be7d"],"musicbrainz_releasetrackid": ["c748bd47-c393-4317-ae8c-87dbf730ce7b"],"originaldate": ["2012-11-13"],"releasecountry": ["US"],"releasestatus": ["official"],"releasetype": ["album", "soundtrack"],"script": ["Latn"],"title": ["Radagast the Brown"],"totaldiscs": ["2"],"totaltracks": ["13"],"tracknumber": ["9"],"tracktotal": ["13"]},"version": {"highlevel": {"essentia": "2.1-beta5-dev","essentia_build_sha": "e74af04b57b164eed312abeef4963962215860f0","essentia_git_sha": "v2.1_beta4-499-g4013ebc","extractor": "music 2.0","gaia": "2.4.5","gaia_git_sha": "v2.4.4-44-g95f4851","models_essentia_git_sha": "v2.1_beta1"},"lowlevel": {"essentia": "2.1-beta1","essentia_build_sha": "ca57ba49d9b1854bd80e60cf9ccf267278fb7d6b","essentia_git_sha": "v2.1_beta1-28-g21ef5f4-dirty","extractor": "music 1.0"}}}}