{"highlevel": {"danceability": {"all": {"danceable": 0.116730451584,"not_danceable": 0.883269548416},"probability": 0.883269548416,"value": "not_danceable"},"gender": {"all": {"female": 0.0188823025674,"male": 0.981117725372},"probability": 0.981117725372,"value": "male"},"genre_dortmund": {"all": {"alternative": 0.160409390926,"blues": 0.0582224465907,"electronic": 0.293674468994,"folkcountry": 0.378807008266,"funksoulrnb": 0.00501226773486,"jazz": 0.0156867206097,"pop": 0.0143323456869,"raphiphop": 0.00348983402364,"rock": 0.0703655257821},"probability": 0.378807008266,"value": "folkcountry"},"genre_electronic": {"all": {"ambient": 0.809323251247,"dnb": 0.00594327691942,"house": 0.082168199122,"techno": 0.00471152411774,"trance": 0.0978537201881},"probability": 0.809323251247,"value": "ambient"},"genre_rosamerica": {"all": {"cla": 0.122650802135,"dan": 0.0154408281669,"hip": 0.0063513526693,"jaz": 0.0516692064703,"pop": 0.323096990585,"rhy": 0.134196817875,"roc": 0.329811811447,"spe": 0.0167821850628},"probability": 0.329811811447,"value": "roc"},"genre_tzanetakis": {"all": {"blu": 0.0626613423228,"cla": 0.0348169617355,"cou": 0.104475811124,"dis": 0.0784321576357,"hip": 0.15692435205,"jaz": 0.313974827528,"met": 0.0448166541755,"pop": 0.0627359300852,"reg": 0.0627360641956,"roc": 0.0784258767962},"probability": 0.313974827528,"value": "jaz"},"ismir04_rhythm": {"all": {"ChaChaCha": 0.0113330977038,"Jive": 0.00292602158152,"Quickstep": 0.00134429114405,"Rumba-American": 0.00359504693188,"Rumba-International": 0.011043978855,"Rumba-Misc": 0.00292952638119,"Samba": 0.00200931867585,"Tango": 0.586849272251,"VienneseWaltz": 0.367843657732,"Waltz": 0.0101257786155},"probability": 0.586849272251,"value": "Tango"},"mood_acoustic": {"all": {"acoustic": 0.777622401714,"not_acoustic": 0.222377613187},"probability": 0.777622401714,"value": "acoustic"},"mood_aggressive": {"all": {"aggressive": 0.00432317377999,"not_aggressive": 0.99567681551},"probability": 0.99567681551,"value": "not_aggressive"},"mood_electronic": {"all": {"electronic": 0.0589745305479,"not_electronic": 0.941025495529},"probability": 0.941025495529,"value": "not_electronic"},"mood_happy": {"all": {"happy": 0.460898339748,"not_happy": 0.539101660252},"probability": 0.539101660252,"value": "not_happy"},"mood_party": {"all": {"not_party": 0.929261744022,"party": 0.0707382485271},"probability": 0.929261744022,"value": "not_party"},"mood_relaxed": {"all": {"not_relaxed": 0.377932548523,"relaxed": 0.622067451477},"probability": 0.622067451477,"value": "relaxed"},"mood_sad": {"all": {"not_sad": 0.250763475895,"sad": 0.749236524105},"probability": 0.749236524105,"value": "sad"},"moods_mirex": {"all": {"Cluster1": 0.0837686508894,"Cluster2": 0.285094857216,"Cluster3": 0.323982566595,"Cluster4": 0.292995452881,"Cluster5": 0.0141584696248},"probability": 0.323982566595,"value": "Cluster3"},"timbre": {"all": {"bright": 1,"dark": 1.83236004148e-08},"probability": 1,"value": "bright"},"tonal_atonal": {"all": {"atonal": 0.0017558777472,"tonal": 0.99824410677},"probability": 0.99824410677,"value": "tonal"},"voice_instrumental": {"all": {"instrumental": 0.270929813385,"voice": 0.729070186615},"probability": 0.729070186615,"value": "voice"}},"metadata": {"audio_properties": {"analysis_sample_rate": 44100,"bit_rate": 320000,"equal_loudness": 0,"length": 175.333877563,"lossless": 0,"replay_gain": -8.38230323792,"sample_rate": 44100,"codec": "mp3","downmix": "mix","md5_encoded": "91777577170fcbd9902525db41195b3a"},"tags": {"file_name": "Crying My Heart Out Over You_2-55.mp3","acoustid_fingerprint": ["AQADtJySJFkYCadUvDcuEj_O6qgPhwl-5Ej2HmdwPEtxRTzOo5kUJDuD_MA9PGmK2k4Oc1mOHMmO48E9B-eH5ig1Hn_x40ds7ugphCkVPMGTG2UXR2gud_jxnMN3JIum4z9O9ATu8NCPlYOeKDly4ibxbriSCUwmMcZvbGdOPEOYOkjQLL_QNcbpBNcTKhs8Hhdy6MiX5EOf4CrCZ4F8hDlK4onwp0IppRUaLZOFM7jxHyEpHdsjSOm-HNF3NFP8FD1xvMQTJfga44oeoRcs7UXLBTkP4XiS0Lj0Q9vRfDm-f8iPPNEH_UiP5wpGKw-y5Qr07EHIglqiy_iZoFaeCMcZ_PkxLWKJK0ca6dBw5Dnezbhx3vg3VJk-uNlRcumOP7hEvMeT5bjRI1WR9FEY4qJenCjV4zn6zHCTJUhGHWF_NJGt4aHx4wyWkBkaxojMHjIVHvnxxiiPH-WPBxeSIczxB1_mCOeFvhmaj0cOHU-IJolkzph-PDmSPBEqHx0u5bgyGm-M5h9R3kYcJNW0HP3hHy6TGL2ME_-RZ4Em5UKYrcefIt9yaHq8IL2CoyExkebA5A3-GnsQ_lClCz_qRfGgU2ORTz465krwBzdyJLyOHsffEP-awFp145N23LmQC6_xB_UY6bBx6Xhqo48T6EF04z14Bb_AKEuOh4VzhDx0hGISHs1E_Ji5OMGvdMCr43uCMomPZsyFG6-WI09SqM-RJ_mGZhIexF864Qy0U0Re5bie4suOS9TxLCp6vWjaJBRuIfkRC81P4m-Ci6nRH0-Eh0efIMy_InmMJ8pR-kGjW3iUHBd-lDry7IHYzUPxG_F3PNJjNGFwzdjWHFl-Q6cQUpmChumOi_iF6QijIpl0NM-OM03xo3na47iuCZ6Kx0j2IE-E57iUWBG6XvgOn9mH6UN2JPlxKYuT4rmI_zhKSqguPHrxyOiUfYMRXodOIu_w446PM6SK0FvQKD90nHeG68XNBVrOCuE5_HmwXgan52g5hBmhK8d-5Iip4JVy1ExEId2FPYcZIzdeQ7xWhAd7HNeHPTw8KYsi_MYa6cKdJdiZo2QOL5MyoeeDUM4NZcqR5zlOGv5RMh-eXMF_cEeYD8nLHFM4PMHncOjR5DKeI-ehlTvSLVrxUsWPdIR2Ip60oEdTHWc0DY_ECE025uilD492HGGiuUebH4L-uOhl7DveoNYiqEfe44-GhrFQaXGLb0YtfcEWE03DIz_kdJuQR0vgFE-PP_jRRL-C9g-SUyty9EUzEn-CmZlzLDeaHlXj41uOHCVf_ImP-hLyJUd-4c6hZSXCHviPr8cXPUFT50Go49B5nFki1NkTiO1RbToeM4eOC3mCV0TTHId3VM5EdC2a-XgXHTkartD4Lcgv4cyFSi8aHV-kJ-ilWGgjKfhxHc-CUyxCDrUynVBPQs3lhOhPpJ3QC8eZLAlxKd6MMHwiHhqPPMfN9OjuIMyRnCuDJ8cTpgluH1ZxH18WHveJPMmDWKSFP4cjPMH34cn24ogWGRJLRNQaBoe547nRH815PKrxcAglH-JP5OWKZ1KGPcIj_HD0B31uRDq0NMmQi8H1McdTpUKjieiP3BBP5OY2_PiFPhfRDEe-5EjSHpx47JyFJ6dwlPkHnw78hKioHN2yH_6OvNB-5MeLB1_q4MqHa_Av5FGOK0auLRvxH36Lp9jVBXyw3ciJJGKGJp8T1K8CJo2IVyP-6Giuo7-xJ6j140yO1viOHM-hbgxuhFuOhg9OyccZSbjxJdXx7GgiH10Su3i1HEeYQ_ti5KIy4klSRsLJo3kRfkNyCxe-MZil6DluMKnDBXWyEPuC5Ef4REGj6UF_NGPj4EdSTQj_onGPN9EmPE9w-nC24n3wG6eYo7fg-TCPPkfOHj3RHKqOH3mT4Tf6YlcSJcf-44df9MevhEZ5vEgdQtODnMePa8lz9DQSimEQWjuu46eCaw8-Z5iOME0H6XuO85hk5mgUUsedWcibbMezYzqaB-zxYxSDXIN-hDkmKpFS4coOHscx6wgd8dByHfnxPMGJ8_hxxWh6IbzyQB_y4IloPGtSNP3RB3lO6GSKPD-AN2yEXkfzI9ci6EJ-9EZ_fKkQOtOhG3ngo79x4oxx_Wieo16NHxdyaEeYMhG-EM9y_AmsIw8PPTly6UOdibD0ww-Nn0JzHQ_xLMeP_EIyLlk8XDixXVHxKbrwHdThdUcZJMsRPngXEc8zPPwxMTea_ngu5IV-4_rxKfhTnIGGBs96PMoRsqzQVC6eqagXrfBv_McfbOMhxc_wbA-OXTiP68S3oFsGH-F3QY6P_DjxeXiiJGHQlAhPPAsP_bg94pmYHnpiXwhzVM5S3Eoc7DqegUWenIUm6kGY5sLzDGeOmz7O5OiUFm6O_sIv5DmkH3mOY2224UvsoRapw89QfviPN9JqXFmC_zhx_Ui-E2GVw5GOfkfdy7AjfAyaKHsQ-Uie4zN4Y5YuXE-Fpg56JCdyHdfRx7Ae-EN_1EiWFfmk47GCi07QJ0fz4cGHxC3yHP2NPYxxoyySxwhTSUEfcH_weSifgMkS5NGR9BE-EZ2P3RiPczkeB2lzJDt27Exx5oE95fhxB-zRHGHJQjliJjhRcgmadcePF52yG26eDccjhEfyHMe34AnTKMUXNehDFU2O_HqRnMGTHPXRPCLxRxauH0AQw4AowRgQgBAmgAJCCGGAUEhSgQRCVgBlgRFIAECwAQQiAIiVQBBniCLaCAIAI4QJ4JSYQlgiiGAGMCcJIAgAQYAVoQlipFACHCQEGAAAYhwxgGBGAEBIKIAoAwIIIxiUgBiigEACGACEVAw5gIAixAlnEGOGAUMZglAIQZEpwhADhBBgGSKVMUQCBYBBCgFjgCBCSQcMIIQQhQhRDjgiCDKIUYoYMUQIIJQBSBjiCECAIUAJQgYxjCkTHAgLEBEICKUgEEQEagABwhgCmCBESAEEQQAToagghCBBGGNAHGEsAEoYJoRABAjJFDAAOSCYEAxAKYgBGAhCACPKIMAsME4JBYRkBgEhEAtCESQcEAIIhIVQSDhIFCXACkMcAUYqQBQVAgkCDBHEECWA4QAIUKChQDAhHBEeMweEEo4BBoAwgikBGBFIEQaJAYQ4BgAAgAkDALYKEWcAEUooo6gARBhIBAGAIUMAMEBpBg1CUAHABANMCBAEAExIBggChAjKCABCQSAIAQwgJIAyBBFDBGEgEQOkQ4wIQgBTAgFAhXCIAAGMAUAQ4IxQwDAkCCDSIIEMMQIgZgAwggkABBWICAUINAIYiKhBQgAgAGHAESCMIAYK1BxyjgiAGGDEAIeIEIYIQChSQAAAhDAAGWiUQE4QRpygQCiiERCEWMGUlQAAYQxAjikngERGOCMAEUICCZQwgAEiDAEAGICURcIg5YBFhKumGCBKQeGIM4AoA5wiwiCjABCACCEMEcIAJZAjRAIjGCMKIGaRlYYQghRWQgGhBAFEEMGQIYQwhAkyiiFBlHBEGGAEYEgBx4gQRCghjFKAESEMMAoBkjCBAFkBEBHEIUEQEEgIADBQiAFmAEMMAEIIE8gwhRiRgAECJAICIEEUEcIQYKAhABkHAeXGICWcIABBwQAhAgFCGFFIGEINEsIJg4wzWhBhGHKGEEYFRgAhAKUFxDjmDDcICUOAQMgqAYQAAg"],"acoustid_id": ["737b5cb6-f290-46a3-acdc-b4991f53b42a"],"album": ["Waitin' For The Sun To Shine"],"albumartist": ["Ricky Skaggs"],"albumartistsort": ["Ricky Skaggs"],"artist": ["Ricky Skaggs"],"artistsort": ["Ricky Skaggs"],"catalognumber": ["FE 37193"],"composer": ["Carl Butler, Louise Certain, George Sherry & Gladys Stacey"],"date": ["1981"],"discnumber": ["01\/01"],"encodedby": ["\n\nNashTime rip"],"genre": ["Country", "Country"],"label": ["Epic"],"language": ["eng"],"length": ["175000"],"media": ["Vinyl"],"musicbrainz album release country": ["US"],"musicbrainz album status": ["Official"],"musicbrainz album type": ["Album"],"musicbrainz_albumartistid": ["1a14063c-9dca-48d5-98c3-89748c74562b"],