{"highlevel": {"danceability": {"all": {"danceable": 0.866359949112,"not_danceable": 0.133640050888},"probability": 0.866359949112,"value": "danceable"},"gender": {"all": {"female": 0.5,"male": 0.5},"probability": 0.5,"value": "female"},"genre_dortmund": {"all": {"alternative": 0.116325154901,"blues": 0.0663596391678,"electronic": 0.731907904148,"folkcountry": 0.0241867601871,"funksoulrnb": 0.0049341218546,"jazz": 0.00841827690601,"pop": 0.00574236782268,"raphiphop": 0.0041170665063,"rock": 0.0380087345839},"probability": 0.731907904148,"value": "electronic"},"genre_electronic": {"all": {"ambient": 0.0208210851997,"dnb": 0.00403204746544,"house": 0.0343455821276,"techno": 0.00245677051134,"trance": 0.938344538212},"probability": 0.938344538212,"value": "trance"},"genre_rosamerica": {"all": {"cla": 0.0217723175883,"dan": 0.115538589656,"hip": 0.0886312425137,"jaz": 0.0203691665083,"pop": 0.187370821834,"rhy": 0.124952241778,"roc": 0.435099959373,"spe": 0.00626564770937},"probability": 0.435099959373,"value": "roc"},"genre_tzanetakis": {"all": {"blu": 0.00603493349627,"cla": 0.027929302305,"cou": 0.0208036787808,"dis": 0.0565209947526,"hip": 0.0600335486233,"jaz": 0.0142925800756,"met": 0.00805390160531,"pop": 0.655613303185,"reg": 0.0807496458292,"roc": 0.0699681043625},"probability": 0.655613303185,"value": "pop"},"ismir04_rhythm": {"all": {"ChaChaCha": 0.163351044059,"Jive": 0.163984417915,"Quickstep": 0.0187720693648,"Rumba-American": 0.0326358117163,"Rumba-International": 0.0221649687737,"Rumba-Misc": 0.0174277182668,"Samba": 0.066376157105,"Tango": 0.114319607615,"VienneseWaltz": 0.389099657536,"Waltz": 0.0118685280904},"probability": 0.389099657536,"value": "VienneseWaltz"},"mood_acoustic": {"all": {"acoustic": 0.0241848174483,"not_acoustic": 0.975815176964},"probability": 0.975815176964,"value": "not_acoustic"},"mood_aggressive": {"all": {"aggressive": 0.585729122162,"not_aggressive": 0.414270848036},"probability": 0.585729122162,"value": "aggressive"},"mood_electronic": {"all": {"electronic": 0.751811623573,"not_electronic": 0.248188391328},"probability": 0.751811623573,"value": "electronic"},"mood_happy": {"all": {"happy": 0.578193306923,"not_happy": 0.421806722879},"probability": 0.578193306923,"value": "happy"},"mood_party": {"all": {"not_party": 0.409395843744,"party": 0.590604186058},"probability": 0.590604186058,"value": "party"},"mood_relaxed": {"all": {"not_relaxed": 0.344832390547,"relaxed": 0.655167579651},"probability": 0.655167579651,"value": "relaxed"},"mood_sad": {"all": {"not_sad": 0.887525081635,"sad": 0.112474918365},"probability": 0.887525081635,"value": "not_sad"},"moods_mirex": {"all": {"Cluster1": 0.0927769094706,"Cluster2": 0.159517273307,"Cluster3": 0.0506217181683,"Cluster4": 0.163987889886,"Cluster5": 0.533096194267},"probability": 0.533096194267,"value": "Cluster5"},"timbre": {"all": {"bright": 0.155739828944,"dark": 0.844260156155},"probability": 0.844260156155,"value": "dark"},"tonal_atonal": {"all": {"atonal": 0.799844324589,"tonal": 0.200155690312},"probability": 0.799844324589,"value": "atonal"},"voice_instrumental": {"all": {"instrumental": 0.0621626824141,"voice": 0.937837302685},"probability": 0.937837302685,"value": "voice"}},"metadata": {"audio_properties": {"analysis_sample_rate": 44100,"bit_rate": 64466,"equal_loudness": 0,"length": 180.095993042,"lossless": 0,"replay_gain": -15.1785640717,"sample_rate": 24000,"codec": "mp3","downmix": "mix","md5_encoded": "43136dbfac9914ba065b25ebbbb94382"},"tags": {"file_name": "118362.mp3","musicbrainz_recordingid": ["802796b1-2ad1-40b2-bab7-9fda673e61e5"]},"version": {"highlevel": {"essentia": "2.1-beta5-dev","essentia_build_sha": "e74af04b57b164eed312abeef4963962215860f0","essentia_git_sha": "v2.1_beta4-499-g4013ebc","extractor": "music 2.0","gaia": "2.4.5","gaia_git_sha": "v2.4.4-44-g95f4851","models_essentia_git_sha": "v2.1_beta1"},"lowlevel": {"essentia": "2.1-beta2","essentia_build_sha": "70f2e5ece6736b2c40cc944ad0e695b16b925413","essentia_git_sha": "v2.1_beta2","extractor": "music 1.0"}}}}