{"highlevel": {"danceability": {"all": {"danceable": 0.315774857998,"not_danceable": 0.684225142002},"probability": 0.684225142002,"value": "not_danceable"},"gender": {"all": {"female": 0.342906862497,"male": 0.6570931077},"probability": 0.6570931077,"value": "male"},"genre_dortmund": {"all": {"alternative": 0.303303152323,"blues": 0.063963830471,"electronic": 0.36533331871,"folkcountry": 0.0672408938408,"funksoulrnb": 0.0109118176624,"jazz": 0.0343268066645,"pop": 0.0200360734016,"raphiphop": 0.00712354388088,"rock": 0.127760574222},"probability": 0.36533331871,"value": "electronic"},"genre_electronic": {"all": {"ambient": 0.106532678008,"dnb": 0.0918580815196,"house": 0.548426449299,"techno": 0.0209877658635,"trance": 0.232195019722},"probability": 0.548426449299,"value": "house"},"genre_rosamerica": {"all": {"cla": 0.00693186884746,"dan": 0.218790709972,"hip": 0.144680947065,"jaz": 0.0167704001069,"pop": 0.184075787663,"rhy": 0.0232273004949,"roc": 0.400358051062,"spe": 0.00516492361203},"probability": 0.400358051062,"value": "roc"},"genre_tzanetakis": {"all": {"blu": 0.0626613423228,"cla": 0.0348169617355,"cou": 0.104475811124,"dis": 0.0784321576357,"hip": 0.15692435205,"jaz": 0.313974827528,"met": 0.0448166541755,"pop": 0.0627359300852,"reg": 0.0627360641956,"roc": 0.0784258767962},"probability": 0.313974827528,"value": "jaz"},"ismir04_rhythm": {"all": {"ChaChaCha": 0.98324239254,"Jive": 0.00401870254427,"Quickstep": 0.000445581186796,"Rumba-American": 0.00422637164593,"Rumba-International": 0.00040051213,"Rumba-Misc": 0.000506449607201,"Samba": 0.0014340718044,"Tango": 0.000681198143866,"VienneseWaltz": 0.00490889698267,"Waltz": 0.000135820737341},"probability": 0.98324239254,"value": "ChaChaCha"},"mood_acoustic": {"all": {"acoustic": 0.00435899477452,"not_acoustic": 0.995640993118},"probability": 0.995640993118,"value": "not_acoustic"},"mood_aggressive": {"all": {"aggressive": 0.944119632244,"not_aggressive": 0.0558803863823},"probability": 0.944119632244,"value": "aggressive"},"mood_electronic": {"all": {"electronic": 0.315069556236,"not_electronic": 0.684930443764},"probability": 0.684930443764,"value": "not_electronic"},"mood_happy": {"all": {"happy": 0.637130439281,"not_happy": 0.362869560719},"probability": 0.637130439281,"value": "happy"},"mood_party": {"all": {"not_party": 0.0722741112113,"party": 0.92772591114},"probability": 0.92772591114,"value": "party"},"mood_relaxed": {"all": {"not_relaxed": 0.860370516777,"relaxed": 0.139629498124},"probability": 0.860370516777,"value": "not_relaxed"},"mood_sad": {"all": {"not_sad": 0.987499296665,"sad": 0.0125006884336},"probability": 0.987499296665,"value": "not_sad"},"moods_mirex": {"all": {"Cluster1": 0.0824963822961,"Cluster2": 0.033545140177,"Cluster3": 0.0125402910635,"Cluster4": 0.019596869126,"Cluster5": 0.851821303368},"probability": 0.851821303368,"value": "Cluster5"},"timbre": {"all": {"bright": 0.0949406176805,"dark": 0.905059397221},"probability": 0.905059397221,"value": "dark"},"tonal_atonal": {"all": {"atonal": 0.976083219051,"tonal": 0.0239167716354},"probability": 0.976083219051,"value": "atonal"},"voice_instrumental": {"all": {"instrumental": 0.0086972694844,"voice": 0.991302728653},"probability": 0.991302728653,"value": "voice"}},"metadata": {"audio_properties": {"analysis_sample_rate": 44100,"bit_rate": 320044,"equal_loudness": 0,"length": 190.380401611,"lossless": 0,"replay_gain": -14.3451633453,"sample_rate": 44100,"codec": "mp3","downmix": "mix","md5_encoded": "897bd89fe2052799e66617313f4c9160"},"tags": {"file_name": "01 - Kid Dynamite.mp3","album": ["Skag Heaven"],"albumartist": ["Squirrel Bait"],"albumartistsort": ["Squirrel Bait"],"artist": ["Squirrel Bait"],"artistsort": ["Squirrel Bait"],"catalognumber": ["HMS072"],"contentgroup": ["Punk"],"date": ["1986"],"discnumber": ["1\/1"],"genre": ["Punk", "Hardcore", "Hardcore Punk", "Post Rock"],"label": ["Homestead Records"],"language": ["eng"],"media": ["Vinyl"],"musicbrainz album release country": ["US"],"musicbrainz album status": ["official"],"musicbrainz album type": ["album"],"musicbrainz_albumartistid": ["5dbf117b-c076-4d3b-b7ae-13517c25b2cf"],"musicbrainz_albumid": ["72c1ca74-cc7d-4de5-a0ee-fc2fe1d45470"],"musicbrainz_artistid": ["5dbf117b-c076-4d3b-b7ae-13517c25b2cf"],"musicbrainz_recordingid": ["80d0c14f-2b63-4cf9-8196-5c507f301521"],"musicip_puid": ["48045f31-c570-74a0-6d43-fbdea721b3ff"],"script": ["Latn"],"title": ["Kid Dynamite"],"tracknumber": ["1\/10"]},"version": {"highlevel": {"essentia": "2.1-beta5-dev","essentia_build_sha": "e74af04b57b164eed312abeef4963962215860f0","essentia_git_sha": "v2.1_beta4-499-g4013ebc","extractor": "music 2.0","gaia": "2.4.5","gaia_git_sha": "v2.4.4-44-g95f4851","models_essentia_git_sha": "v2.1_beta1"},"lowlevel": {"essentia": "2.1-beta2","essentia_build_sha": "2d9f1f26377add8aeb1075a9c2973f962c4f09fd","essentia_git_sha": "v2.1_beta2-1-ge3940c0","extractor": "music 1.0"}}}}