{"highlevel": {"danceability": {"all": {"danceable": 0.999414086342,"not_danceable": 0.000585906964261},"probability": 0.999414086342,"value": "danceable"},"gender": {"all": {"female": 0.992081820965,"male": 0.00791819114238},"probability": 0.992081820965,"value": "female"},"genre_dortmund": {"all": {"alternative": 7.10894954015e-11,"blues": 8.35041480407e-11,"electronic": 0.999999403954,"folkcountry": 3.90600298772e-08,"funksoulrnb": 1.62314179875e-08,"jazz": 4.16811786863e-07,"pop": 1.77001471258e-08,"raphiphop": 1.66651243916e-08,"rock": 1.05151485741e-07},"probability": 0.999999403954,"value": "electronic"},"genre_electronic": {"all": {"ambient": 0.123838886619,"dnb": 0.00511555606499,"house": 0.391619622707,"techno": 0.0510500669479,"trance": 0.428375869989},"probability": 0.428375869989,"value": "trance"},"genre_rosamerica": {"all": {"cla": 0.0042091216892,"dan": 0.192965313792,"hip": 0.0505754984915,"jaz": 0.0089897736907,"pop": 0.24011823535,"rhy": 0.421650141478,"roc": 0.0706239715219,"spe": 0.0108679477125},"probability": 0.421650141478,"value": "rhy"},"genre_tzanetakis": {"all": {"blu": 0.0620671063662,"cla": 0.034474901855,"cou": 0.103433981538,"dis": 0.0620971247554,"hip": 0.15527240932,"jaz": 0.310666948557,"met": 0.044346679002,"pop": 0.0620793737471,"reg": 0.0620816536248,"roc": 0.103479810059},"probability": 0.310666948557,"value": "jaz"},"ismir04_rhythm": {"all": {"ChaChaCha": 0.163999184966,"Jive": 0.0623865909874,"Quickstep": 0.0246699787676,"Rumba-American": 0.0417172834277,"Rumba-International": 0.0356151908636,"Rumba-Misc": 0.0382610037923,"Samba": 0.0740312188864,"Tango": 0.358501553535,"VienneseWaltz": 0.177026882768,"Waltz": 0.0237911287695},"probability": 0.358501553535,"value": "Tango"},"mood_acoustic": {"all": {"acoustic": 0.0169294532388,"not_acoustic": 0.983070552349},"probability": 0.983070552349,"value": "not_acoustic"},"mood_aggressive": {"all": {"aggressive": 0.0289769712836,"not_aggressive": 0.971023023129},"probability": 0.971023023129,"value": "not_aggressive"},"mood_electronic": {"all": {"electronic": 0.830419838428,"not_electronic": 0.16958014667},"probability": 0.830419838428,"value": "electronic"},"mood_happy": {"all": {"happy": 0.00315195950679,"not_happy": 0.99684804678},"probability": 0.99684804678,"value": "not_happy"},"mood_party": {"all": {"not_party": 0.459476143122,"party": 0.540523827076},"probability": 0.540523827076,"value": "party"},"mood_relaxed": {"all": {"not_relaxed": 0.582698106766,"relaxed": 0.417301893234},"probability": 0.582698106766,"value": "not_relaxed"},"mood_sad": {"all": {"not_sad": 0.664568483829,"sad": 0.335431516171},"probability": 0.664568483829,"value": "not_sad"},"moods_mirex": {"all": {"Cluster1": 0.0770412310958,"Cluster2": 0.0531576238573,"Cluster3": 0.307628124952,"Cluster4": 0.0493033379316,"Cluster5": 0.512869656086},"probability": 0.512869656086,"value": "Cluster5"},"timbre": {"all": {"bright": 0.00551768951118,"dark": 0.994482338428},"probability": 0.994482338428,"value": "dark"},"tonal_atonal": {"all": {"atonal": 0.999999940395,"tonal": 4.59535627328e-08},"probability": 0.999999940395,"value": "atonal"},"voice_instrumental": {"all": {"instrumental": 0.581745386124,"voice": 0.418254643679},"probability": 0.581745386124,"value": "instrumental"}},"metadata": {"audio_properties": {"analysis_sample_rate": 44100,"bit_rate": 220214,"equal_loudness": 0,"length": 502.961639404,"lossless": 0,"replay_gain": -12.8867321014,"sample_rate": 44100,"codec": "mp3","downmix": "mix","md5_encoded": "cd9607952e8de18a3b269f18fb8d675a"},"tags": {"file_name": "09 - Deadmau5 - Raise Your Weapon (Ft. Greta Svabo Bech).mp3","acoustid_id": ["cf2332e7-836d-4e4c-b0bc-84e721945552"],"album": ["4×4=12"],"albumartist": ["deadmau5"],"albumartistsort": ["deadmau5"],"artist": ["deadmau5"],"artistsort": ["deadmau5"],"asin": ["B004GV76QK"],"barcode": ["5099909512511"],"catalognumber": ["MAU5LPX05"],"date": ["2010"],"discnumber": ["2\/2"],"genre": ["Electronic"],"label": ["mau5trap"],"media": ["12\" Vinyl"],"musicbrainz album release country": ["GB"],"musicbrainz album status": ["official"],"musicbrainz album type": ["album"],"musicbrainz_albumartistid": ["4a00ec9d-c635-463a-8cd4-eb61725f0c60"],"musicbrainz_albumid": ["a6134ca1-fcfb-4a30-a110-543dca5f4dce"],"musicbrainz_artistid": ["4a00ec9d-c635-463a-8cd4-eb61725f0c60"],"musicbrainz_recordingid": ["80efbb04-614a-475a-b91d-a2aa6a8b8210"],"musicbrainz_releasegroupid": ["aa7ffa90-2581-4941-ac54-8f5abfd6cbc2"],"originaldate": ["2010"],"originalyear": ["2010"],"script": ["Latn"],"title": ["Raise Your Weapon"],"tracknumber": ["4\/6"]},"version": {"highlevel": {"essentia": "2.1-beta5-dev","essentia_build_sha": "e74af04b57b164eed312abeef4963962215860f0","essentia_git_sha": "v2.1_beta4-499-g4013ebc","extractor": "music 2.0","gaia": "2.4.5","gaia_git_sha": "v2.4.4-44-g95f4851","models_essentia_git_sha": "v2.1_beta1"},"lowlevel": {"essentia": "2.1-beta2","essentia_build_sha": "9d802f11a06d563db11312c01732e940832f6a11","essentia_git_sha": "v2.1_beta2","extractor": "music 1.0"}}}}