{"highlevel": {"danceability": {"all": {"danceable": 3.00000096379e-14,"not_danceable": 1},"probability": 1,"value": "not_danceable"},"gender": {"all": {"female": 0.622126698494,"male": 0.377873301506},"probability": 0.622126698494,"value": "female"},"genre_dortmund": {"all": {"alternative": 0.0104574225843,"blues": 0.000902290455997,"electronic": 0.985073208809,"folkcountry": 0.0011821197113,"funksoulrnb": 7.84764561104e-05,"jazz": 0.000304223911371,"pop": 0.000161819407367,"raphiphop": 6.4044710598e-05,"rock": 0.0017764052609},"probability": 0.985073208809,"value": "electronic"},"genre_electronic": {"all": {"ambient": 0.195177033544,"dnb": 0.0765634551644,"house": 0.0483096539974,"techno": 0.0301195681095,"trance": 0.649830281734},"probability": 0.649830281734,"value": "trance"},"genre_rosamerica": {"all": {"cla": 0.00128172000404,"dan": 0.00512156635523,"hip": 0.005687515717,"jaz": 0.000784575240687,"pop": 0.0415360890329,"rhy": 0.00285200588405,"roc": 0.942442417145,"spe": 0.00029409583658},"probability": 0.942442417145,"value": "roc"},"genre_tzanetakis": {"all": {"blu": 0.0617713928223,"cla": 0.0343018434942,"cou": 0.102904699743,"dis": 0.0514719486237,"hip": 0.154438391328,"jaz": 0.309046447277,"met": 0.0441263727844,"pop": 0.0772129744291,"reg": 0.0617708563805,"roc": 0.102955065668},"probability": 0.309046447277,"value": "jaz"},"ismir04_rhythm": {"all": {"ChaChaCha": 0.0855347886682,"Jive": 0.0419729985297,"Quickstep": 0.0293392371386,"Rumba-American": 0.426564633846,"Rumba-International": 0.0460406504571,"Rumba-Misc": 0.0214126370847,"Samba": 0.178472757339,"Tango": 0.119673743844,"VienneseWaltz": 0.0305498875678,"Waltz": 0.0204386897385},"probability": 0.426564633846,"value": "Rumba-American"},"mood_acoustic": {"all": {"acoustic": 0.0955903604627,"not_acoustic": 0.904409646988},"probability": 0.904409646988,"value": "not_acoustic"},"mood_aggressive": {"all": {"aggressive": 3.00000096379e-14,"not_aggressive": 1},"probability": 1,"value": "not_aggressive"},"mood_electronic": {"all": {"electronic": 0.979391694069,"not_electronic": 0.0206082761288},"probability": 0.979391694069,"value": "electronic"},"mood_happy": {"all": {"happy": 0.866822838783,"not_happy": 0.133177131414},"probability": 0.866822838783,"value": "happy"},"mood_party": {"all": {"not_party": 0.999984204769,"party": 1.57784197654e-05},"probability": 0.999984204769,"value": "not_party"},"mood_relaxed": {"all": {"not_relaxed": 0.191182896495,"relaxed": 0.808817088604},"probability": 0.808817088604,"value": "relaxed"},"mood_sad": {"all": {"not_sad": 0.939005672932,"sad": 0.0609943456948},"probability": 0.939005672932,"value": "not_sad"},"moods_mirex": {"all": {"Cluster1": 0.0772226452827,"Cluster2": 0.0444035679102,"Cluster3": 0.227747857571,"Cluster4": 0.0306320842355,"Cluster5": 0.61999386549},"probability": 0.61999386549,"value": "Cluster5"},"timbre": {"all": {"bright": 0.0100059267133,"dark": 0.989994049072},"probability": 0.989994049072,"value": "dark"},"tonal_atonal": {"all": {"atonal": 0.999997675419,"tonal": 2.35151424022e-06},"probability": 0.999997675419,"value": "atonal"},"voice_instrumental": {"all": {"instrumental": 0.538393437862,"voice": 0.46160659194},"probability": 0.538393437862,"value": "instrumental"}},"metadata": {"audio_properties": {"analysis_sample_rate": 44100,"bit_rate": 274930,"equal_loudness": 0,"length": 208.066375732,"lossless": 0,"replay_gain": -3.5396938324,"codec": "mp3","downmix": "mix","md5_encoded": "19c8e83ac222c03ec5ee2dd59b3f6800"},"tags": {"file_name": "05. Find My Way Back.mp3","album": ["Enemy of the World"],"albumartist": ["Four Year Strong"],"albumartistsort": ["Four Year Strong"],"artist": ["Four Year Strong"],"artistsort": ["Four Year Strong"],"asin": ["B00369K2UK"],"composer": ["Dan O'Connor"],"conductor": [""],"copyright": ["(C) 2009 Universal Motown Records, a division of UMG Recordings, Inc."],"date": ["2010"],"discnumber": ["1\/1"],"genre": ["Alternative & Punk"],"label": ["Motown Records"],"media": ["CD"],"musicbrainz album release country": ["US"],"musicbrainz album status": ["official"],"musicbrainz album type": ["album"],"musicbrainz_albumartistid": ["c0a138e2-cef7-471b-8fbb-524e1076256a"],"musicbrainz_albumid": ["b4333310-ad10-4036-aacc-7f66c177d840"],"musicbrainz_artistid": ["c0a138e2-cef7-471b-8fbb-524e1076256a"],"musicbrainz_recordingid": ["a8a8cdfc-063a-4760-ab4a-1aa2a5336ed2"],"originaldate": ["2010"],"script": ["Latn"],"title": ["Find My Way Back"],"tracknumber": ["5\/11"]},"version": {"highlevel": {"essentia": "2.1-beta5-dev","essentia_build_sha": "e74af04b57b164eed312abeef4963962215860f0","essentia_git_sha": "v2.1_beta4-499-g4013ebc","extractor": "music 2.0","gaia": "2.4.5","gaia_git_sha": "v2.4.4-44-g95f4851","models_essentia_git_sha": "v2.1_beta1"},"lowlevel": {"essentia": "2.1-beta1","essentia_build_sha": "12879b851c9f4b0d899e1af4e221aa110f283a84","essentia_git_sha": "v2.1_beta1-7-ge0e83e8-dirty","extractor": "music 1.0"}}}}