{"highlevel": {"danceability": {"all": {"danceable": 0.5,"not_danceable": 0.5},"probability": 0.5,"value": "danceable"},"gender": {"all": {"female": 0.916264176369,"male": 0.0837358161807},"probability": 0.916264176369,"value": "female"},"genre_dortmund": {"all": {"alternative": 9.49244047081e-13,"blues": 1.19824571272e-12,"electronic": 0.999999463558,"folkcountry": 2.62500012838e-08,"funksoulrnb": 1.6626417576e-08,"jazz": 3.26418842178e-07,"pop": 1.52241970142e-08,"raphiphop": 1.82040906793e-08,"rock": 1.40586209341e-07},"probability": 0.999999463558,"value": "electronic"},"genre_electronic": {"all": {"ambient": 0.420573443174,"dnb": 0.00424187397584,"house": 0.0990608558059,"techno": 0.0464148670435,"trance": 0.429708957672},"probability": 0.429708957672,"value": "trance"},"genre_rosamerica": {"all": {"cla": 0.0715856775641,"dan": 0.0160678587854,"hip": 0.0926369726658,"jaz": 0.115260638297,"pop": 0.0300819892436,"rhy": 0.635792195797,"roc": 0.029425939545,"spe": 0.00914873275906},"probability": 0.635792195797,"value": "rhy"},"genre_tzanetakis": {"all": {"blu": 0.0627507790923,"cla": 0.0348575115204,"cou": 0.0627431645989,"dis": 0.0448173992336,"hip": 0.104576781392,"jaz": 0.313749134541,"met": 0.0627529844642,"pop": 0.078439347446,"reg": 0.0784381404519,"roc": 0.156874760985},"probability": 0.313749134541,"value": "jaz"},"ismir04_rhythm": {"all": {"ChaChaCha": 0.0666745826602,"Jive": 0.0180500298738,"Quickstep": 0.00502011366189,"Rumba-American": 0.0115457717329,"Rumba-International": 0.0052695912309,"Rumba-Misc": 0.00706170639023,"Samba": 0.0127511844039,"Tango": 0.295889288187,"VienneseWaltz": 0.572654426098,"Waltz": 0.00508327642456},"probability": 0.572654426098,"value": "VienneseWaltz"},"mood_acoustic": {"all": {"acoustic": 0.449003458023,"not_acoustic": 0.550996541977},"probability": 0.550996541977,"value": "not_acoustic"},"mood_aggressive": {"all": {"aggressive": 0.00375055684708,"not_aggressive": 0.996249437332},"probability": 0.996249437332,"value": "not_aggressive"},"mood_electronic": {"all": {"electronic": 0.591670274734,"not_electronic": 0.408329695463},"probability": 0.591670274734,"value": "electronic"},"mood_happy": {"all": {"happy": 0.5,"not_happy": 0.5},"probability": 0.5,"value": "happy"},"mood_party": {"all": {"not_party": 0.789134681225,"party": 0.210865288973},"probability": 0.789134681225,"value": "not_party"},"mood_relaxed": {"all": {"not_relaxed": 0.293697118759,"relaxed": 0.706302881241},"probability": 0.706302881241,"value": "relaxed"},"mood_sad": {"all": {"not_sad": 0.648082435131,"sad": 0.351917594671},"probability": 0.648082435131,"value": "not_sad"},"moods_mirex": {"all": {"Cluster1": 0.0742709413171,"Cluster2": 0.05190359056,"Cluster3": 0.223361000419,"Cluster4": 0.0346368253231,"Cluster5": 0.615827620029},"probability": 0.615827620029,"value": "Cluster5"},"timbre": {"all": {"bright": 0.786635518074,"dark": 0.213364481926},"probability": 0.786635518074,"value": "bright"},"tonal_atonal": {"all": {"atonal": 0.85228061676,"tonal": 0.147719413042},"probability": 0.85228061676,"value": "atonal"},"voice_instrumental": {"all": {"instrumental": 0.999999761581,"voice": 2.11011908391e-07},"probability": 0.999999761581,"value": "instrumental"}},"metadata": {"audio_properties": {"analysis_sample_rate": 44100,"bit_rate": 0,"equal_loudness": 0,"length": 539.866638184,"lossless": 1,"replay_gain": -6.32320213318,"sample_rate": 44100,"codec": "flac","downmix": "mix","md5_encoded": "6a9f37c4a758de3e0837f638585529a1"},"tags": {"file_name": "bf1f7afd4ac6abf065a25272c703.flac","acoustid_id": ["1882bf1f-7afd-4ac6-abf0-65a25272c703"],"album": ["Starring Rosi"],"albumartist": ["Ash Ra Tempel"],"albumartistsort": ["Ash Ra Tempel"],"artist": ["Ash Ra Tempel"],"artistsort": ["Ash Ra Tempel"],"asin": ["B00000768Z"],"catalognumber": ["KM 58.007"],"date": ["1973"],"discnumber": ["1"],"disctotal": ["1"],"label": ["Kosmische Kuriere"],"media": ["12\" Vinyl"],"musicbrainz_albumartistid": ["7e62de5d-1cc6-4779-a588-8923cf9fe09d"],"musicbrainz_albumid": ["a6e38f26-e682-4392-bc7d-8c3f1c96fa6c"],"musicbrainz_artistid": ["7e62de5d-1cc6-4779-a588-8923cf9fe09d"],"musicbrainz_recordingid": ["a8c5a0a8-6e63-4c6b-9a30-d7016a0f8784"],"musicbrainz_releasegroupid": ["d5169ace-c0a6-3a8f-8096-b690285b9b4e"],"musicbrainz_releasetrackid": ["35392d93-1446-33fd-a375-cf0234d36dfb"],"originaldate": ["1973"],"originalyear": ["1973"],"releasecountry": ["DE"],"releasestatus": ["official"],"releasetype": ["album"],"script": ["Latn"],"title": ["Interplay of Forces"],"totaldiscs": ["1"],"totaltracks": ["7"],"tracknumber": ["5"],"tracktotal": ["7"]},"version": {"highlevel": {"essentia": "2.1-beta5-dev","essentia_build_sha": "e74af04b57b164eed312abeef4963962215860f0","essentia_git_sha": "v2.1_beta4-499-g4013ebc","extractor": "music 2.0","gaia": "2.4.5","gaia_git_sha": "v2.4.4-44-g95f4851","models_essentia_git_sha": "v2.1_beta1"},"lowlevel": {"essentia": "2.1-beta2","essentia_build_sha": "2d9f1f26377add8aeb1075a9c2973f962c4f09fd","essentia_git_sha": "v2.1_beta2-1-ge3940c0","extractor": "music 1.0"}}}}