{"highlevel": {"danceability": {"all": {"danceable": 0.289940923452,"not_danceable": 0.71005910635},"probability": 0.71005910635,"value": "not_danceable"},"gender": {"all": {"female": 0.921387255192,"male": 0.0786127522588},"probability": 0.921387255192,"value": "female"},"genre_dortmund": {"all": {"alternative": 0.00733477436006,"blues": 0.0556162931025,"electronic": 0.874050557613,"folkcountry": 0.00937722437084,"funksoulrnb": 0.000546323251911,"jazz": 0.0454510077834,"pop": 0.000987938488834,"raphiphop": 0.00145727326162,"rock": 0.00517863035202},"probability": 0.874050557613,"value": "electronic"},"genre_electronic": {"all": {"ambient": 0.768656432629,"dnb": 0.0119590628892,"house": 0.105606928468,"techno": 0.093705907464,"trance": 0.0200716797262},"probability": 0.768656432629,"value": "ambient"},"genre_rosamerica": {"all": {"cla": 0.0185165051371,"dan": 0.00514816120267,"hip": 0.253219932318,"jaz": 0.472297430038,"pop": 0.00360122648999,"rhy": 0.224916562438,"roc": 0.00162808457389,"spe": 0.0206720810384},"probability": 0.472297430038,"value": "jaz"},"genre_tzanetakis": {"all": {"blu": 0.0536233112216,"cla": 0.0339377559721,"cou": 0.101818263531,"dis": 0.0612762719393,"hip": 0.152832940221,"jaz": 0.310707241297,"met": 0.0436666309834,"pop": 0.0764113217592,"reg": 0.0772682204843,"roc": 0.0884580314159},"probability": 0.310707241297,"value": "jaz"},"ismir04_rhythm": {"all": {"ChaChaCha": 0.00895705912262,"Jive": 0.00498019717634,"Quickstep": 0.00238747289404,"Rumba-American": 0.0156419407576,"Rumba-International": 0.0193618740886,"Rumba-Misc": 0.00307234795764,"Samba": 0.00696401298046,"Tango": 0.93436986208,"VienneseWaltz": 0.00345236482099,"Waltz": 0.000812891754322},"probability": 0.93436986208,"value": "Tango"},"mood_acoustic": {"all": {"acoustic": 0.870944678783,"not_acoustic": 0.129055336118},"probability": 0.870944678783,"value": "acoustic"},"mood_aggressive": {"all": {"aggressive": 0.0898602381349,"not_aggressive": 0.910139739513},"probability": 0.910139739513,"value": "not_aggressive"},"mood_electronic": {"all": {"electronic": 0.641710460186,"not_electronic": 0.358289510012},"probability": 0.641710460186,"value": "electronic"},"mood_happy": {"all": {"happy": 0.140585035086,"not_happy": 0.859414935112},"probability": 0.859414935112,"value": "not_happy"},"mood_party": {"all": {"not_party": 0.66698372364,"party": 0.333016306162},"probability": 0.66698372364,"value": "not_party"},"mood_relaxed": {"all": {"not_relaxed": 0.0378165543079,"relaxed": 0.962183475494},"probability": 0.962183475494,"value": "relaxed"},"mood_sad": {"all": {"not_sad": 0.20105047524,"sad": 0.798949539661},"probability": 0.798949539661,"value": "sad"},"moods_mirex": {"all": {"Cluster1": 0.173678293824,"Cluster2": 0.175951525569,"Cluster3": 0.13908469677,"Cluster4": 0.106928512454,"Cluster5": 0.404356986284},"probability": 0.404356986284,"value": "Cluster5"},"timbre": {"all": {"bright": 0.789295136929,"dark": 0.21070484817},"probability": 0.789295136929,"value": "bright"},"tonal_atonal": {"all": {"atonal": 0.481192171574,"tonal": 0.518807828426},"probability": 0.518807828426,"value": "tonal"},"voice_instrumental": {"all": {"instrumental": 0.997089207172,"voice": 0.00291077373549},"probability": 0.997089207172,"value": "instrumental"}},"metadata": {"audio_properties": {"analysis_sample_rate": 44100,"bit_rate": 0,"equal_loudness": 0,"length": 182.626663208,"lossless": 1,"replay_gain": -4.19781494141,"sample_rate": 44100,"codec": "flac","downmix": "mix","md5_encoded": "f050dd7fd0a44036a93fcbc11d5ab2f9"},"tags": {"file_name": "e0af232f4219bde1b1e5264adb28.flac","acoustid_id": ["1363e0af-232f-4219-bde1-b1e5264adb28"],"album": ["Die Kleinen und die Bösen"],"albumartist": ["Deutsch Amerikanische Freundschaft"],"albumartistsort": ["Deutsch Amerikanische Freundschaft"],"artist": ["Deutsch Amerikanische Freundschaft"],"artistsort": ["Deutsch Amerikanische Freundschaft"],"asin": ["B00000FY87"],"date": ["2003-08-08"],"discnumber": ["1"],"disctotal": ["1"],"musicbrainz_albumartistid": ["1b779267-6629-4a25-bbd6-0fe8f37f32a7"],"musicbrainz_albumid": ["c1d3bbaa-c36c-30b2-ad60-0144546908aa"],"musicbrainz_artistid": ["1b779267-6629-4a25-bbd6-0fe8f37f32a7"],"musicbrainz_recordingid": ["4d36eaf4-d88c-40e4-8488-025f3b68231e"],"musicbrainz_releasegroupid": ["69fbdc09-4304-357f-9134-15f7b9c3ee92"],"musicbrainz_releasetrackid": ["d4d9bffc-2077-3927-880c-bd923dd1f81b"],"originaldate": ["1990"],"originalyear": ["1990"],"releasecountry": ["DE"],"releasestatus": ["official"],"releasetype": ["album"],"script": ["Latn"],"title": ["Kinderfunk"],"totaldiscs": ["1"],"totaltracks": ["19"],"tracknumber": ["4"],"tracktotal": ["19"]},"version": {"highlevel": {"essentia": "2.1-beta5-dev","essentia_build_sha": "e74af04b57b164eed312abeef4963962215860f0","essentia_git_sha": "v2.1_beta4-499-g4013ebc","extractor": "music 2.0","gaia": "2.4.5","gaia_git_sha": "v2.4.4-44-g95f4851","models_essentia_git_sha": "v2.1_beta1"},"lowlevel": {"essentia": "2.1-beta2","essentia_build_sha": "2d9f1f26377add8aeb1075a9c2973f962c4f09fd","essentia_git_sha": "v2.1_beta2-1-ge3940c0","extractor": "music 1.0"}}}}