{"highlevel": {"danceability": {"all": {"danceable": 0.0415251590312,"not_danceable": 0.958474814892},"probability": 0.958474814892,"value": "not_danceable"},"gender": {"all": {"female": 0.608343958855,"male": 0.391656041145},"probability": 0.608343958855,"value": "female"},"genre_dortmund": {"all": {"alternative": 0.0752080827951,"blues": 0.249267399311,"electronic": 0.347058653831,"folkcountry": 0.137981370091,"funksoulrnb": 0.0200582910329,"jazz": 0.018932076171,"pop": 0.0322098657489,"raphiphop": 0.00961608625948,"rock": 0.109668187797},"probability": 0.347058653831,"value": "electronic"},"genre_electronic": {"all": {"ambient": 0.438733011484,"dnb": 0.289398699999,"house": 0.178758352995,"techno": 0.00535960774869,"trance": 0.0877503454685},"probability": 0.438733011484,"value": "ambient"},"genre_rosamerica": {"all": {"cla": 0.102636754513,"dan": 0.0349472723901,"hip": 0.0419230572879,"jaz": 0.101831302047,"pop": 0.2181314677,"rhy": 0.180424273014,"roc": 0.296676307917,"spe": 0.0234295558184},"probability": 0.296676307917,"value": "roc"},"genre_tzanetakis": {"all": {"blu": 0.0626613423228,"cla": 0.0348169617355,"cou": 0.104475811124,"dis": 0.0784321576357,"hip": 0.15692435205,"jaz": 0.313974827528,"met": 0.0448166541755,"pop": 0.0627359300852,"reg": 0.0627360641956,"roc": 0.0784258767962},"probability": 0.313974827528,"value": "jaz"},"ismir04_rhythm": {"all": {"ChaChaCha": 0.0394980274141,"Jive": 0.00266630691476,"Quickstep": 0.00580211821944,"Rumba-American": 0.00325786718167,"Rumba-International": 0.00567333493382,"Rumba-Misc": 0.000714135589078,"Samba": 0.00355860427953,"Tango": 0.00935357715935,"VienneseWaltz": 0.909843862057,"Waltz": 0.0196321513504},"probability": 0.909843862057,"value": "VienneseWaltz"},"mood_acoustic": {"all": {"acoustic": 0.101168885827,"not_acoustic": 0.898831129074},"probability": 0.898831129074,"value": "not_acoustic"},"mood_aggressive": {"all": {"aggressive": 0.203423604369,"not_aggressive": 0.79657638073},"probability": 0.79657638073,"value": "not_aggressive"},"mood_electronic": {"all": {"electronic": 0.195198297501,"not_electronic": 0.804801702499},"probability": 0.804801702499,"value": "not_electronic"},"mood_happy": {"all": {"happy": 0.110589049757,"not_happy": 0.889410972595},"probability": 0.889410972595,"value": "not_happy"},"mood_party": {"all": {"not_party": 0.886320888996,"party": 0.113679125905},"probability": 0.886320888996,"value": "not_party"},"mood_relaxed": {"all": {"not_relaxed": 0.960176050663,"relaxed": 0.0398239344358},"probability": 0.960176050663,"value": "not_relaxed"},"mood_sad": {"all": {"not_sad": 0.79696804285,"sad": 0.203031986952},"probability": 0.79696804285,"value": "not_sad"},"moods_mirex": {"all": {"Cluster1": 0.0736343935132,"Cluster2": 0.203470081091,"Cluster3": 0.394783318043,"Cluster4": 0.281261622906,"Cluster5": 0.0468505583704},"probability": 0.394783318043,"value": "Cluster3"},"timbre": {"all": {"bright": 0.996168076992,"dark": 0.00383190414868},"probability": 0.996168076992,"value": "bright"},"tonal_atonal": {"all": {"atonal": 0.626458823681,"tonal": 0.373541146517},"probability": 0.626458823681,"value": "atonal"},"voice_instrumental": {"all": {"instrumental": 0.261980444193,"voice": 0.738019585609},"probability": 0.738019585609,"value": "voice"}},"metadata": {"audio_properties": {"analysis_sample_rate": 44100,"bit_rate": 128000,"equal_loudness": 0,"length": 256.757537842,"lossless": 0,"replay_gain": -3.48124313354,"sample_rate": 44100,"codec": "mp3","downmix": "mix","md5_encoded": "0a64d4e85f335329171ed1b44c7b4d14"},"tags": {"file_name": "Steeleye Span - Please to See the King - 04 - Prince Charlie Stuart.mp3","album": ["Please to See the King"],"albumartistsort": ["Steeleye Span"],"artist": ["Steeleye Span"],"asin": ["B000000E7Z"],"barcode": ["016351797520"],"catalognumber": ["79075"],"date": ["1990"],"genre": ["Folk"],"label": ["Shanachie"],"length": ["256720"],"musicbrainz album release country": ["US"],"musicbrainz album status": ["official"],"musicbrainz album type": ["album"],"musicbrainz_albumartistid": ["68c6926c-03e0-4afc-9f54-2190b2c8d468"],"musicbrainz_albumid": ["0815ae68-d64e-426a-9b15-3fdb9b7ad4a2"],"musicbrainz_artistid": ["68c6926c-03e0-4afc-9f54-2190b2c8d468"],"musicbrainz_recordingid": ["4d9c7305-99a3-462b-9f9a-2811ece02428"],"title": ["Prince Charlie Stuart"],"tracknumber": ["4\/10"]},"version": {"highlevel": {"essentia": "2.1-beta5-dev","essentia_build_sha": "e74af04b57b164eed312abeef4963962215860f0","essentia_git_sha": "v2.1_beta4-499-g4013ebc","extractor": "music 2.0","gaia": "2.4.5","gaia_git_sha": "v2.4.4-44-g95f4851","models_essentia_git_sha": "v2.1_beta1"},"lowlevel": {"essentia": "2.1-beta2","essentia_build_sha": "2d9f1f26377add8aeb1075a9c2973f962c4f09fd","essentia_git_sha": "v2.1_beta2-1-ge3940c0","extractor": "music 1.0"}}}}