{"highlevel": {"danceability": {"all": {"danceable": 0.995582342148,"not_danceable": 0.00441767228767},"probability": 0.995582342148,"value": "danceable"},"gender": {"all": {"female": 0.963026940823,"male": 0.0369730629027},"probability": 0.963026940823,"value": "female"},"genre_dortmund": {"all": {"alternative": 0.0573350377381,"blues": 0.010950230062,"electronic": 0.89556324482,"folkcountry": 0.00918403547257,"funksoulrnb": 0.00077044358477,"jazz": 0.00462398817763,"pop": 0.00219606654719,"raphiphop": 0.00105760002043,"rock": 0.0183193460107},"probability": 0.89556324482,"value": "electronic"},"genre_electronic": {"all": {"ambient": 0.485405474901,"dnb": 0.0300621148199,"house": 0.133332714438,"techno": 0.0166267994791,"trance": 0.334572911263},"probability": 0.485405474901,"value": "ambient"},"genre_rosamerica": {"all": {"cla": 0.00904182624072,"dan": 0.132816076279,"hip": 0.151115804911,"jaz": 0.0379997752607,"pop": 0.248924732208,"rhy": 0.0630410984159,"roc": 0.337569415569,"spe": 0.0194912850857},"probability": 0.337569415569,"value": "roc"},"genre_tzanetakis": {"all": {"blu": 0.0620671063662,"cla": 0.034474901855,"cou": 0.103433981538,"dis": 0.0620971247554,"hip": 0.15527240932,"jaz": 0.310666948557,"met": 0.044346679002,"pop": 0.0620793737471,"reg": 0.0620816536248,"roc": 0.103479810059},"probability": 0.310666948557,"value": "jaz"},"ismir04_rhythm": {"all": {"ChaChaCha": 0.220049843192,"Jive": 0.132344990969,"Quickstep": 0.0252669341862,"Rumba-American": 0.0665399953723,"Rumba-International": 0.0255323685706,"Rumba-Misc": 0.010795478709,"Samba": 0.0816445574164,"Tango": 0.401824057102,"VienneseWaltz": 0.0265602171421,"Waltz": 0.00944157969207},"probability": 0.401824057102,"value": "Tango"},"mood_acoustic": {"all": {"acoustic": 0.040840473026,"not_acoustic": 0.959159553051},"probability": 0.959159553051,"value": "not_acoustic"},"mood_aggressive": {"all": {"aggressive": 0.152780398726,"not_aggressive": 0.847219586372},"probability": 0.847219586372,"value": "not_aggressive"},"mood_electronic": {"all": {"electronic": 0.687808573246,"not_electronic": 0.312191456556},"probability": 0.687808573246,"value": "electronic"},"mood_happy": {"all": {"happy": 0.212213739753,"not_happy": 0.787786245346},"probability": 0.787786245346,"value": "not_happy"},"mood_party": {"all": {"not_party": 0.386630862951,"party": 0.613369166851},"probability": 0.613369166851,"value": "party"},"mood_relaxed": {"all": {"not_relaxed": 0.634107410908,"relaxed": 0.365892618895},"probability": 0.634107410908,"value": "not_relaxed"},"mood_sad": {"all": {"not_sad": 0.825354158878,"sad": 0.174645841122},"probability": 0.825354158878,"value": "not_sad"},"moods_mirex": {"all": {"Cluster1": 0.180555775762,"Cluster2": 0.14146488905,"Cluster3": 0.154992431402,"Cluster4": 0.211264356971,"Cluster5": 0.311722576618},"probability": 0.311722576618,"value": "Cluster5"},"timbre": {"all": {"bright": 0.0318109579384,"dark": 0.968189060688},"probability": 0.968189060688,"value": "dark"},"tonal_atonal": {"all": {"atonal": 0.294859051704,"tonal": 0.705140948296},"probability": 0.705140948296,"value": "tonal"},"voice_instrumental": {"all": {"instrumental": 0.308160871267,"voice": 0.691839158535},"probability": 0.691839158535,"value": "voice"}},"metadata": {"audio_properties": {"analysis_sample_rate": 44100,"bit_rate": 320000,"equal_loudness": 0,"length": 238.60244751,"lossless": 0,"replay_gain": -12.2043514252,"sample_rate": 44100,"codec": "mp3","downmix": "mix","md5_encoded": "1be74dec3d53aded460bbdb1c5b01e6d"},"tags": {"file_name": "10 1,000 O'Clock.mp3","acoustid_fingerprint": ["AQADtNIaRnKGH81PNP_wmAmuI4eoCr88QZeRH9ETegHNB_oOT-qQH1dwo9LxDN8RWoks6ElyhIeTyDlCTYoOXTqK5pKGOJ02NFGiREbIHVpKhM_xPA2cRIqON0d9ozly0tASpcqGKlOOfGha5IeT5GAk1qh_2ElxG34aMGSCalsg6sf1ID8aRrqH90deNNYS9MOdGueDptJhL0E9HkWTKGoDVatFhKlyhL9wi6iSNGrQxJmhJy9CE83xOGnQJJEyo2qO30gPPbsQJrKyqajSzMKOptlR5o-Re8d2Gt_hhNERE0eJZmGuBHwcJL8QkcYT7EcJX8pxRepRZemRGz-0XDM0K0pe8EOcHJ-SKC9yCRB_3DxCJWGUEJ6E1INm5E8qo0m05SoqaaVQJ0NzZP0ELdkWVAnzgb_QmLgOZ0eXxzhFD82To79wUQ-aJ0W7HBdtSBkcfcgShsdDEW_gL8iLO8UfaNctuAyuXTiq7ULGPUGTaggt6OLxWeHgJEzkCLmO5_DUg_6PJgmXhEe9o2KCMDt0H6FEXmiSJkplnDiRLvFxvYOo_og_w5WO4zQeV0jXx3iO8wa63_ALMdzRF_nBf8V3fLVwBqE7tFUqJJW24z2uHc-Re4OWeBxCpcmHyzEeuceN8EiYNEuHisly48lxK8SFfFAWMRLiKMknXE0q_Aij5EdFEcmnKGiqE2-G5zg1JKXSBVbO4WVy5EfjCNHJQw_SG3eCc8eXFGHKF8wP_fgtpNmPM5fB70hjHReqWQ2aZEpkHNp3hGFaPB2qRFqOJlpy_GiOdlqFSkeYpDn4_Kh9ND90t0GZiHAjHU0s5PglovkT1HOEPCN-6EQ-_DIaN8b-B01E6diJJmmL8IdmEaamBIw1XDy-SRaqEq6OJ4ajE4ySLFFwHVps9A_yC1cmpWiSLJmMHj8Y-si34OoCMZl0lDveo5IO6z0uKTryCDkeizjh57iZQlOO_GC6C81-8JuQM0eYdSnC_vghPT_u4Iy44Zu0CV11NBvl4zZKBg0vPMwyOJZUQb_ALiLCVEN7VInEWHCuGHaOHP8kaOF0XMxRZSbsDRovVPvRKKSNuI2P5witw3sK8ZIDOkM6VI144wj5oJHWBt9nMOIWNH-R5-nR_EZPfMcjEtG1WNAzxCkvXDrK6JhM3QifDGJShHIi1ZgTG9-O0FAW00O-KUlRKcrxY6-AMBE_aJuyGN8l5A2azEe4kIHa6eiPXCThhwgpMXjF4E4eaNFHFE0mftAoMfh0ND_CL8WPL4huE43DGLUWC_ly3D-auDnyDU2aQz_-U4ijfmgeVYlQq8iF5HiOU0wTfKJQKzr8IWR4iEmcHLGZEo-yUpjyBiXz4j_Kpzr8E8-UiET6JNCFWBlTNOtO_KgvYso34kyLL4mOR2BPhDIDLUk-sLxxgs8Soal0qEeqpIoRStrxZEcDKZekgUvIbGgyHlcCLSXyo9pTNIoUvbiWD6cJ80fORIaYeBlORcdHuER7OMmPimKKHo-Jx_BE-XiEbwx-yMfJE2GoHHmMwxZx4jbanAnh57Cj5KgVVBfRSPEDVTtc5fjxRzqaJJnWoKIyCvoRpkR5fJsaWNGONx9CqtPRHHq2D2nyGHcuGTtS83jiQ6OqHmHO48nh3_iR39Cso4mYE93HokkTydAXhOGPPlEsfNMRpqMO7UekH01yH-ciDw9z8AxyJKUenOJxJcItDnlCaEKYZItUfM-IJ8YR3kfCxFKPitIxRxfuEUeobxG0aFssxNqF_dlREWGkFKqWhsgXS-iP7RzKE9GTRJlQiZ6gRZ9Q6Yd9tJMO3crRI8yX4jnegU9C-HrwHR_CBloS5cGXC6GoRDrCHNfToUu6Bk2cNcL1QnMOJsfzRkUzKUfVHN3Q5MIlB02eECWDMcrx-Th_mFvEQG9w6cKzVCitEylzlMtjVIer8LiOIMnzwmNBcyN6Bpilo1eso1mVICd0xB2JbuaCN4SzH8ePH2aOQDxC45koI2xjaD_yFNdnPE9DNPmFKj9ySkey3MLUHH9wZcZM5mh6olyGXBlUh_imIWqOmMqlBHVunBle5Dse1mAac7hyVL6OJml23Djw45FyPAq-HaH2rFATHtEP24XfDvU2fEK9Y3Nz1PuF0-CO5y2mTMp82FFEJDtuC3mMM8dpG_GD7oZTGefx4Dk0VsxwjjHyE-cVPMcTVEeTXHiK5BQRVhmMtsc1FT5TIIeaM8WT4T-0TjA36NkO7TX-GTn2DJc4THkSSTGq43GOPkiWj0fOY-eDRzr2MB1qNNtxbsR_xCqNUzt08QpOkSjC48KX8JgS2qjy4AWu4yc-_LiCh8dVhFq1QVMaOsjyw5MKO0e95bjRw_0DxkmAn-sQ51BMIrSS5LiW4LRQ2zhjPMcfhMqHZlJYHBobC0foyfgUrcJtBd_xC40b1MoW_MF1IWmaHGFajSiXHz_ao5kU4shRZbYCb4mhsjiPHF82uOmR_kOyvnga7DymOhnR5DyeJseNhGOWIfrxpzgzXFkSYkMpwl9wnQiTNNkO5dGC5wpOHf2DI8STMEcb0aCiG1UO8Pjx4zc-nDnYI2xXPCyH5J_hPMXDw2dF9CxuxmBeCk3H4w9-jC-eKVmNL9qRfApO5Ec-Ojhd_NCUnHCcifhU-NBz-DrKJpKgP8gvBTd-nJngJH2KOwuRm0i-oKTQ8OhVNNZSHD-qP7AyBd-RH7cOfUG9Zfgj6Be-_Mhp_CEDx0yMp8mFI4lyDqFz_Cmu4wxTTEUzhTiHH6E-7hBPXHoYpEy0B2dx_MHE6UdTtajyO_gJ4OKDlwb4gI9wZmBTpYgzndD0CTkz4jr4hDV6XD_qG82X4dxxjNmPN4l0eNISBrUOqgQABhFHAEDECkMIIogJQIQSpgFgEEOCAACYgIIgZ5gSCAkDgJBCAUEJMkYA5QwhwhCGBAZCOCAEAIgoKRgSyCKAkACCCiCEAEIYAoAAABEAFIFMACABIcAAQI2yAiHjhFAKGcUEUBIRAAAQCggAkBKAKACcQsRYABwgwDKGgHKAGCAAcIYJQQhABhBHIBcEGCaAoBQQAZSQACiEjGMEIIUMcEAYoAxmwFBAkICQAGKUAgAB4AAShCAkgQBCSCGBEkoaZAyBAljEBAFCGeGMAAaJQ4QBUlAECEAAKAIIEZYACRATxDCgDCEEEAAIcIIJACBQQiABBAIEGSUUAAoBRBAwhAsDEIKCKIMUAAY4hAgh0gmiiAEECIIAAAIgAgBQiBDgEDIACAAIIAYwbBgiwhilKJCGImAIEQIIYBAxAggCBSCKCgasIMAYCR4SQjoJkIKSAGEcAAQwgQAgAAhCCAFCQQOQhIQRgoATRCgFjDEAKAA8EgoQSAyBAgCCCCIIAGMEU0IYQJAAiggCiAKCUKeIARAAxAgogijFjCGKCGQAYsQZqZARSggglGZCOOQUVgoJhZExAAAACANOMUSIMQIwAollBAkAqENWAUYEQAYAcwABDAIkCJGEEEuIcUYhKYgxjBpHiVBANAUAUAI4QQIzHgAljDGEGGEUEIYhIACCiCCPEXIILAAVIQRJ4TRQwCCgEGNIMWJFQAYhYxhwwAilGBOHeASEkM4QRQBAhEFDjADIAGWQEMAgA8FmxkEkFBMAAGGUEMoBxYh1CjACqBfEMCYJEAYQCIRiBjACjGGKGWgEA8wAAZwgzCBgCAAADIYcEwQIAoAhADiIABAEAIeAY0IJp4gSSgHDBFMiAaAM"],"acoustid_id": ["165dd82d-11f9-4cbe-99f3-3e4dec1d3f1e"],"album": ["Skelethon"],"albumartist": ["Aesop Rock"],"albumartistsort": ["Aesop Rock"],"artist": ["Aesop Rock"],"artistsort": ["Aesop Rock"],"date": ["2012"],"discnumber": ["01\/01"],"genre": ["Abstract hip hop"],"language": ["eng"],"musicbrainz album status": ["Official"],"musicbrainz album type": ["Album"],"musicbrainz_albumartistid": ["aba64937-3334-4c65-90a1-4e6b9d4d7ada"],"musicbrainz_albumid": ["3f83e383-9b98-4d6f-a2e7-97db95585b4c"],"musicbrainz_artistid": ["aba64937-3334-4c65-90a1-4e6b9d4d7ada"],"musicbrainz_recordingid": ["4335d5e0-6556-4a05-b898-64d6525ea366"],