{"highlevel": {"danceability": {"all": {"danceable": 0.835793972015,"not_danceable": 0.164206042886},"probability": 0.835793972015,"value": "danceable"},"gender": {"all": {"female": 0.0282093249261,"male": 0.971790671349},"probability": 0.971790671349,"value": "male"},"genre_dortmund": {"all": {"alternative": 0.143661126494,"blues": 0.0294545870274,"electronic": 0.750025808811,"folkcountry": 0.023940782994,"funksoulrnb": 0.00471701100469,"jazz": 0.00740400981158,"pop": 0.007107778918,"raphiphop": 0.00403782632202,"rock": 0.0296510793269},"probability": 0.750025808811,"value": "electronic"},"genre_electronic": {"all": {"ambient": 0.543934524059,"dnb": 0.0422799289227,"house": 0.0613415203989,"techno": 0.013054009527,"trance": 0.339390039444},"probability": 0.543934524059,"value": "ambient"},"genre_rosamerica": {"all": {"cla": 0.00669977208599,"dan": 0.0145805869251,"hip": 0.0148734487593,"jaz": 0.0140572767705,"pop": 0.294405966997,"rhy": 0.0202228892595,"roc": 0.632298886776,"spe": 0.00286119175144},"probability": 0.632298886776,"value": "roc"},"genre_tzanetakis": {"all": {"blu": 0.0620671063662,"cla": 0.034474901855,"cou": 0.103433981538,"dis": 0.0620971247554,"hip": 0.15527240932,"jaz": 0.310666948557,"met": 0.044346679002,"pop": 0.0620793737471,"reg": 0.0620816536248,"roc": 0.103479810059},"probability": 0.310666948557,"value": "jaz"},"ismir04_rhythm": {"all": {"ChaChaCha": 0.213185742497,"Jive": 0.204116135836,"Quickstep": 0.0352791510522,"Rumba-American": 0.0641337707639,"Rumba-International": 0.0351429283619,"Rumba-Misc": 0.0276568904519,"Samba": 0.077622294426,"Tango": 0.228414431214,"VienneseWaltz": 0.0931991934776,"Waltz": 0.0212494563311},"probability": 0.228414431214,"value": "Tango"},"mood_acoustic": {"all": {"acoustic": 0.0281268227845,"not_acoustic": 0.971873164177},"probability": 0.971873164177,"value": "not_acoustic"},"mood_aggressive": {"all": {"aggressive": 0.819151043892,"not_aggressive": 0.180848971009},"probability": 0.819151043892,"value": "aggressive"},"mood_electronic": {"all": {"electronic": 0.310180783272,"not_electronic": 0.689819216728},"probability": 0.689819216728,"value": "not_electronic"},"mood_happy": {"all": {"happy": 0.271953761578,"not_happy": 0.728046238422},"probability": 0.728046238422,"value": "not_happy"},"mood_party": {"all": {"not_party": 0.5,"party": 0.5},"probability": 0.5,"value": "not_party"},"mood_relaxed": {"all": {"not_relaxed": 0.972715139389,"relaxed": 0.0272848568857},"probability": 0.972715139389,"value": "not_relaxed"},"mood_sad": {"all": {"not_sad": 0.870885908604,"sad": 0.129114061594},"probability": 0.870885908604,"value": "not_sad"},"moods_mirex": {"all": {"Cluster1": 0.0927319601178,"Cluster2": 0.0501588732004,"Cluster3": 0.0474660247564,"Cluster4": 0.110813014209,"Cluster5": 0.698830127716},"probability": 0.698830127716,"value": "Cluster5"},"timbre": {"all": {"bright": 0.788903594017,"dark": 0.211096391082},"probability": 0.788903594017,"value": "bright"},"tonal_atonal": {"all": {"atonal": 0.165080085397,"tonal": 0.834919929504},"probability": 0.834919929504,"value": "tonal"},"voice_instrumental": {"all": {"instrumental": 0.0161808412522,"voice": 0.983819186687},"probability": 0.983819186687,"value": "voice"}},"metadata": {"audio_properties": {"analysis_sample_rate": 44100,"bit_rate": 192026,"equal_loudness": 0,"length": 190.850616455,"lossless": 0,"replay_gain": -5.68787193298,"sample_rate": 44100,"codec": "mp3","downmix": "mix","md5_encoded": "c7060e43a75ee47d848986b7adb179b6"},"tags": {"file_name": "Ray Davies - No One Listen.mp3","acoustid_fingerprint": ["AQADtImSSFKyqcEXPDj8QJcC8xYeMT26Bv1x7XC348f9HNHp4kgLyTryG5589A1ursH-oRkloXWCi5jkRCkRhoL8BKG08AX1iyjRjsLXHJcufEeaOOIH1SHSbUqFyYqJdl_gI5l_TD_SuKnw5oKfC3kIWUjNNHBExkGfl_iLVzsazRmPake-Ibku4HiUJRSaiuiPHw_CMxO0dDseG9MJ1znCZ8ckD_9xDnSkw18efD_SL_h1bNohRtuHM4WfGf2Fr0GbF84PCyexK0tFdExyXNApkGkeNFWL-3gyw3s29NuMp4f2BkyqVsGfQ-6Or_LRu8jPgF2yo9YT_EeOhhGqRg_WVaisC7qhNZ9wPRGOKYwY4T4uvjibDdW1EdeH_8TTo2HRsyzyo-ThXtieibgf5LgIXVIY9C-0skes5dj0CD3-BTzKZ0dz5NEIRU-GMD7OI-xvoWG2VPiOpg9ROYfcC6EOlwqPcolCPNNx7DnCvAafS4afRTqqP-iag3Kuo_-xZ8dzPEdoJStq7cQvXFdwVHsKu0duiA-LSw_SXCr60MEuCj-uI3yPSzl0v3gYMFJxHX8yiLWFf0XszIY1p8X_4NJxb8dxJTXRTBcqSyuyXAnUOEf64A_6C1-OMlsuoRmTySEuHm9y9HB_9LRwHln0CVquG69w8UJ-tHfwFzkh5i_K8chTos0JP4fVK3CVXAEzhriW4Dl8Dz_iH8qJhlGWIvzxI0xYocfqQ8-DSr-QK3AP5qKP_ALuXJB7vBnRfDHCVcf3o8G0Y3p2NIyOPFcJXTnCH19C4kaZDyeerGjycEL4DGegHc2wc-jFoSmPM8OlHJrUo_kTvFFSoaKWOWiY8McfaDyak9hD46SMcweT6NDO4S5CNz2ay8JzcNuV4mFwmuitHekJTWKQ38ebE28kY4-C_khXHZqdrpieXUijhSseI-WCPkdpHdYVSPHMBL-K-mjGxYT64yOPLOFI9Hj0o3GDdl-KPPcELX4RnrgSfaieFM0fPMdnIeLTI9lzJfgSBheekGh2NcceHU-Qz9mhL9HRnCHR08JzND96o6lCKOLyY_fRPTnSSjrKJXiaIMx49Md_MNLR8DfOGJ5-nMcXVPqOxktSPF6C_GiWKKOHUj8-J2i01OiLWxuSsQrCMOyBt0fL5XgYOiglbcKO8An0I9Qf45GPK3kwSVKP5iHuRMen_Xg4nA5Kygx8CWyPHxWzybgUFj-eC83-oJZ2PMMDHzlpSKeJhtGC8FlwCuGmHM21gJ-gK0ezv-gPtcqDdkWYFvnxFtpzODzyKfAk6UP7ozmYRoyMh8fRHmHkBecE7S4ipQqOKU-LPtIWHOzR8GqKkn_wPUSj_Yik_4F-5MelDI8q4mcQwaEPeUkW8DZYB9WjdGj4Q0-OR2E7GD_2FLk6nEkOJz_OMcKXI0dzRFcOP0ZvPMPF_Phy4XQahOeEhA8YWiSeJse3DxedoIkRKt-hpypCMmLg_3CP8Dl06kFWamrg7BnOyCKeC6emoP_B5LiQZ5mRXKpRMW7hE_-xW0MtxsKXJMePKx364_eQjMxy5DreS6jewIj0RNAn5LEe0EcT9bgyeAuFfNFTHNKPc8jzEGePs4EnJbIQfUT74NuhKw-aisatILyRc3hz6DnqJEeqLil--CF-uNvRf8iXB5quHGHUBl8iHdeF98SP5kzRb0UsPtBxfJIMLWfQIxd1XEoWnBzCTxBd9IkQvccXTnhUHyULwheOw2uOMw-OTAyE0IqLOu4U-NGD0_BV49nB63B95GmKPuZw0kLnBcpyuOIRSkqyfHiPZj_6KBjzH8ezHLnUDWqk-ggzEYwclXiOS4wmPAqPUzniFM3Do5eRR7gVsImn4NXxzMNDhPkTaA9H5MbT41qNbs7RxDuOM8gp7UgeZRkupTiag3noRPjxJT--HFdi9DTSWUj4BJWPUzmaF8yFnMkJXdWDNJtw5ugD9_iUG8-HHNKXHHdmXD_yD-eD60JOWOJyvNCPU2mQVlFQ3Dry5ngf-MGXCLeRXkCVUTm2TEmOybqCM4qF8DnEkAifo2uu4RK8_HCoFuEajIUuNFXxSPBlaHxGPDuuo6MPH5NcfMd_9DT0KR84L0OOXzeOnIcnIcZpnKEJM9Q2HJ_BL4c3hI0zyOERnimaCvsuXDVaNKM2PDNyXYH4HflxNBoVozrmHCxz7CfC3A2SKcvx5fir4x4uXDniNsfNCk0Wcwh_PAv6o8mO5stGhMcPIXaOH70YEodDMQiLMz8m2-h0vAxCKzuaHD8a50RY4hmN5lQgRc_R8UITHjoj5DCfHudCBR9-5XiyELlKQZekZAh_NDgZcHqORkl2IVQLPdERi-i0KHAeBSV5fKmKXUeoQ55yeMed45-gpznR5xiregh5WA-4JjuuJTlOIUfKMZrgKjtR7sMd7QhTo2egSxKYuEaZ5xvOQTOVI0we48cbPBFxH5UvhLloqKbVIA-L28XENaiXA3-JP2gcnJvhM0ZunDsaioXcHH2MMJmY4ULlDD565MekQwtCU4f5I-RS4TmYQPuO-MbzCw3FCr0SPJfQHJOYpnh2TD_C_NBzxBRdzGuOJumOvtLwF6FfweNXVOuOR1Yx6cNNiLMW4wvuBeeLO6M05Dzo5fjh2qjco2u2DPfxx7jwC58Gj0wRrtGFZFpt-Gi5oqfRVMfRRhW8RkXVHPnRbI0FRot4nFkgJUfI9MGtHHc2Bs2PKiUuZTnKGI0Tb8jz4EVTVM7xx2gviJMljH5gV-ibog-aarhEaD8c8cgzeORwPjiuHK6yCyfxhkJ6HqdMMsAQBRiAyiEAkICAMAEQQlIAQQAjjAijCEFAACOkIEQBBqzFQByJGGECKA4EQAYJIgAQAAAGHGIAKA8AYQIRIYBSglDhAHAMEGaAUIQ4C4QFipAEgREGCUIANEIawYASDgFCgJQUCSYIIQIBCQBxAAkRiMKGACEAMAQJoIAwQEnhhIAGiQANYMAIIaBBAhBFADWWCCaAEAoSwAwjACAFCHICCUAkE8IhA5AkUCHhiBAKMAWAAYgJ4pAghiDiMAEQAMaAEAIQpgAQSFCBBBBMKIKoIIwIZgATiiAAiCDAEQYMEMwpJQgVRAAAAAFEGACEMgJRAByQQAADiHBACCCYQIgQwZAxQgCBGBAAKgCEAIJJhKgAQhAgDGBAEAIAYQ4QYwRgCgPhBCDAGSARMoIIYgxSAAlAFKCSCmIAM0AoJBAhglgliSIAaCEgE1YhYAxWAlGiGAJOCgOUAIYAwIgyhCChCACAKEO0MUA64AzyZBljCABAECCAQUQgYwAwggFAACCIACOA5QIAJoQjAGmogCDIKACQQEBAAwkhQTnhgBEICCIQEUIQwRBkACABkBFAGIIMUAgCAokSAAkhiBTGMCKMYkYYMAAzDBBhjCCgACOAIAQA14gADhECAAFEKAIMoAAJYQRgADZhBOBAECmMQMIJZIBRAgAACLGAGANFAUAAYoASyBgBFEEAAQIUMsgAJIgCwBgABJJEGAOEoAggJQgQRgACFGSESCAIIYIwgwhQThpHjBAIEUAIYQgJIQBTAAprjWJGUQaAE0iBYpgCCAHBgSAICAMIEIIKIKAxyBGLAQGIAQGUAAQgQgUhgBEAADAEEkEIMYIhKgRyACiAlEIKAYsFAIwBYgRwlBHAgCBAIMMAYAQYIIAyQADggHQIIGKAIlIBQJgVQAiCCBEAGAIQsogAiYDgiiiihIICEAEE"],"acoustid_id": ["a150590a-4dc7-4322-b9e2-ac369cd009c4"],"album": ["Working Man's Café"],"artist": ["Ray Davies"],"bpm": ["149.92"],"date": ["2007"],"genre": ["Rock"],"language": ["eng"],"musicbrainz album release country": ["United States"],"musicbrainz album type": ["Album"],"musicbrainz_albumartistid": ["afac07f5-d4aa-43f4-bad3-6bc2bb474cba"],"musicbrainz_albumid": ["dbf7dbb4-2c9f-4c14-8b24-c739936c20e1"],"musicbrainz_artistid": ["afac07f5-d4aa-43f4-bad3-6bc2bb474cba"],"musicbrainz_recordingid": ["f66d4687-11f4-4677-8cf4-dc7d23116ab2"],"musicip_puid": ["db3049fe-788d-5d40-ae1d-85852a7f8636"],"title": ["No One Listen"],"tracknumber": ["07"]},