{"highlevel": {"danceability": {"all": {"danceable": 0.790704488754,"not_danceable": 0.209295541048},"probability": 0.790704488754,"value": "danceable"},"gender": {"all": {"female": 0.162876114249,"male": 0.83712387085},"probability": 0.83712387085,"value": "male"},"genre_dortmund": {"all": {"alternative": 0.0136111574247,"blues": 0.00136348232627,"electronic": 0.981979012489,"folkcountry": 0.00146072730422,"funksoulrnb": 6.01630054007e-05,"jazz": 0.000141685333801,"pop": 0.000118869291327,"raphiphop": 3.78029544663e-05,"rock": 0.00122708058916},"probability": 0.981979012489,"value": "electronic"},"genre_electronic": {"all": {"ambient": 0.446925699711,"dnb": 0.0169457439333,"house": 0.176980286837,"techno": 0.0198248699307,"trance": 0.339323401451},"probability": 0.446925699711,"value": "ambient"},"genre_rosamerica": {"all": {"cla": 0.0170369595289,"dan": 0.0618529841304,"hip": 0.0342247821391,"jaz": 0.0151311224326,"pop": 0.300063878298,"rhy": 0.142882913351,"roc": 0.419195115566,"spe": 0.00961223989725},"probability": 0.419195115566,"value": "roc"},"genre_tzanetakis": {"all": {"blu": 0.0626613423228,"cla": 0.0348169617355,"cou": 0.104475811124,"dis": 0.0784321576357,"hip": 0.15692435205,"jaz": 0.313974827528,"met": 0.0448166541755,"pop": 0.0627359300852,"reg": 0.0627360641956,"roc": 0.0784258767962},"probability": 0.313974827528,"value": "jaz"},"ismir04_rhythm": {"all": {"ChaChaCha": 0.194732502103,"Jive": 0.216206207871,"Quickstep": 0.0321431495249,"Rumba-American": 0.0609294213355,"Rumba-International": 0.0356890521944,"Rumba-Misc": 0.0321999378502,"Samba": 0.0681756958365,"Tango": 0.156816393137,"VienneseWaltz": 0.179820999503,"Waltz": 0.0232866331935},"probability": 0.216206207871,"value": "Jive"},"mood_acoustic": {"all": {"acoustic": 0.00652596307918,"not_acoustic": 0.993474066257},"probability": 0.993474066257,"value": "not_acoustic"},"mood_aggressive": {"all": {"aggressive": 0.472219020128,"not_aggressive": 0.527781009674},"probability": 0.527781009674,"value": "not_aggressive"},"mood_electronic": {"all": {"electronic": 0.837037742138,"not_electronic": 0.162962272763},"probability": 0.837037742138,"value": "electronic"},"mood_happy": {"all": {"happy": 0.281918913126,"not_happy": 0.718081057072},"probability": 0.718081057072,"value": "not_happy"},"mood_party": {"all": {"not_party": 0.263302087784,"party": 0.736697912216},"probability": 0.736697912216,"value": "party"},"mood_relaxed": {"all": {"not_relaxed": 0.138423621655,"relaxed": 0.861576378345},"probability": 0.861576378345,"value": "relaxed"},"mood_sad": {"all": {"not_sad": 0.815063238144,"sad": 0.184936746955},"probability": 0.815063238144,"value": "not_sad"},"moods_mirex": {"all": {"Cluster1": 0.0723955407739,"Cluster2": 0.0957462862134,"Cluster3": 0.0941429883242,"Cluster4": 0.0770263075829,"Cluster5": 0.660688877106},"probability": 0.660688877106,"value": "Cluster5"},"timbre": {"all": {"bright": 0.0602218285203,"dark": 0.939778149128},"probability": 0.939778149128,"value": "dark"},"tonal_atonal": {"all": {"atonal": 0.995042979717,"tonal": 0.00495702028275},"probability": 0.995042979717,"value": "atonal"},"voice_instrumental": {"all": {"instrumental": 0.775705993176,"voice": 0.224294006824},"probability": 0.775705993176,"value": "instrumental"}},"metadata": {"audio_properties": {"analysis_sample_rate": 44100,"bit_rate": 0,"equal_loudness": 0,"length": 293.386657715,"lossless": 1,"replay_gain": -14.2296733856,"sample_rate": 44100,"codec": "flac","downmix": "mix","md5_encoded": "d61dcb393190a79e1d1288ff9cf45f65"},"tags": {"file_name": "10 - Warriors of the Wasteland.flac","album": ["Frankie Say Greatest"],"albumartist": ["Frankie Goes to Hollywood"],"albumartistsort": ["Frankie Goes to Hollywood"],"artist": ["Frankie Goes to Hollywood"],"artists": ["Frankie Goes to Hollywood"],"artistsort": ["Frankie Goes to Hollywood"],"asin": ["B002RA5OLG"],"barcode": ["602527241807"],"catalognumber": ["2724180"],"date": ["2009-11-02"],"discnumber": ["1"],"disctotal": ["2"],"isrc": ["GBAHW9900027"],"label": ["Universal Music TV"],"media": ["CD"],"musicbrainz_albumartistid": ["c09c8263-40ef-4352-8031-e438b1ce68fc"],"musicbrainz_albumid": ["8648ee41-a9ff-4f31-b227-01e33afb722f"],"musicbrainz_artistid": ["c09c8263-40ef-4352-8031-e438b1ce68fc"],"musicbrainz_recordingid": ["43cdc860-bfc7-4539-ab45-5a33c0828b54"],"musicbrainz_releasegroupid": ["46441e05-afb2-4024-b3ca-a37a1ab6e6c0"],"musicbrainz_releasetrackid": ["82508528-b3cb-311d-bcd7-d92a55dd5a27"],"originaldate": ["2009"],"releasecountry": ["GB"],"releasestatus": ["official"],"releasetype": ["album", "compilation"],"script": ["Latn"],"title": ["Warriors of the Wasteland"],"totaldiscs": ["2"],"totaltracks": ["17"],"tracknumber": ["10"],"tracktotal": ["17"]},"version": {"highlevel": {"essentia": "2.1-beta5-dev","essentia_build_sha": "e74af04b57b164eed312abeef4963962215860f0","essentia_git_sha": "v2.1_beta4-499-g4013ebc","extractor": "music 2.0","gaia": "2.4.5","gaia_git_sha": "v2.4.4-44-g95f4851","models_essentia_git_sha": "v2.1_beta1"},"lowlevel": {"essentia": "2.1-beta1","essentia_build_sha": "ca57ba49d9b1854bd80e60cf9ccf267278fb7d6b","essentia_git_sha": "v2.1_beta1-28-g21ef5f4-dirty","extractor": "music 1.0"}}}}