{"highlevel": {"danceability": {"all": {"danceable": 0.138226792216,"not_danceable": 0.861773192883},"probability": 0.861773192883,"value": "not_danceable"},"gender": {"all": {"female": 0.9146925807,"male": 0.0853073894978},"probability": 0.9146925807,"value": "female"},"genre_dortmund": {"all": {"alternative": 0.0619944408536,"blues": 0.255636662245,"electronic": 0.247887536883,"folkcountry": 0.13909612596,"funksoulrnb": 0.0351287424564,"jazz": 0.0283406376839,"pop": 0.0430403240025,"raphiphop": 0.0155783016235,"rock": 0.17329724133},"probability": 0.255636662245,"value": "blues"},"genre_electronic": {"all": {"ambient": 0.488954097033,"dnb": 0.0821834355593,"house": 0.360742360353,"techno": 0.0225415658206,"trance": 0.0455785319209},"probability": 0.488954097033,"value": "ambient"},"genre_rosamerica": {"all": {"cla": 0.00120748125482,"dan": 0.00114570953883,"hip": 0.00200152234174,"jaz": 0.00777993630618,"pop": 0.239491149783,"rhy": 0.73840200901,"roc": 0.00962237268686,"spe": 0.00034983313526},"probability": 0.73840200901,"value": "rhy"},"genre_tzanetakis": {"all": {"blu": 0.0626613423228,"cla": 0.0348169617355,"cou": 0.104475811124,"dis": 0.0784321576357,"hip": 0.15692435205,"jaz": 0.313974827528,"met": 0.0448166541755,"pop": 0.0627359300852,"reg": 0.0627360641956,"roc": 0.0784258767962},"probability": 0.313974827528,"value": "jaz"},"ismir04_rhythm": {"all": {"ChaChaCha": 0.822900831699,"Jive": 0.0599380396307,"Quickstep": 0.00763463694602,"Rumba-American": 0.00808389298618,"Rumba-International": 0.00905953813344,"Rumba-Misc": 0.0196954254061,"Samba": 0.02035199292,"Tango": 0.00595481973141,"VienneseWaltz": 0.0384508743882,"Waltz": 0.00792995747179},"probability": 0.822900831699,"value": "ChaChaCha"},"mood_acoustic": {"all": {"acoustic": 0.402313411236,"not_acoustic": 0.597686588764},"probability": 0.597686588764,"value": "not_acoustic"},"mood_aggressive": {"all": {"aggressive": 0.113450609148,"not_aggressive": 0.886549413204},"probability": 0.886549413204,"value": "not_aggressive"},"mood_electronic": {"all": {"electronic": 0.431283652782,"not_electronic": 0.568716347218},"probability": 0.568716347218,"value": "not_electronic"},"mood_happy": {"all": {"happy": 0.949544131756,"not_happy": 0.0504558607936},"probability": 0.949544131756,"value": "happy"},"mood_party": {"all": {"not_party": 0.28415492177,"party": 0.715845048428},"probability": 0.715845048428,"value": "party"},"mood_relaxed": {"all": {"not_relaxed": 0.558147132397,"relaxed": 0.441852897406},"probability": 0.558147132397,"value": "not_relaxed"},"mood_sad": {"all": {"not_sad": 0.60002964735,"sad": 0.39997035265},"probability": 0.60002964735,"value": "not_sad"},"moods_mirex": {"all": {"Cluster1": 0.167559951544,"Cluster2": 0.432089537382,"Cluster3": 0.0865003317595,"Cluster4": 0.173906981945,"Cluster5": 0.139943212271},"probability": 0.432089537382,"value": "Cluster2"},"timbre": {"all": {"bright": 0.997366607189,"dark": 0.0026333949063},"probability": 0.997366607189,"value": "bright"},"tonal_atonal": {"all": {"atonal": 0.0813078358769,"tonal": 0.918692171574},"probability": 0.918692171574,"value": "tonal"},"voice_instrumental": {"all": {"instrumental": 0.0199269019067,"voice": 0.980073094368},"probability": 0.980073094368,"value": "voice"}},"metadata": {"audio_properties": {"analysis_sample_rate": 44100,"bit_rate": 128019,"equal_loudness": 0,"length": 175.542861938,"lossless": 0,"replay_gain": -7.05034255981,"sample_rate": 44100,"codec": "mp3","downmix": "mix","md5_encoded": "506780e9ab1a1067a9a7cfeb054f1379"},"tags": {"file_name": "2-10 How You Gonna Keep It (After You Get It).mp3","album": ["The Complete Duets"],"albumartist": ["Marvin Gaye & Tammi Terrell"],"albumartistsort": ["Gaye, Marvin & Terrell, Tammi", "Gaye, Marvin & Terrell, Tammi"],"artist": ["Marvin Gaye & Tammi Terrell"],"asin": ["B00005RIK5"],"barcode": ["044001640223"],"catalognumber": ["440 016 402-2"],"date": ["2001"],"discnumber": ["2\/2"],"encoding": ["LAME 32bits version 3.98 (http:\/\/www.mp3dev.org\/)"],"label": ["Motown Records"],"language": ["eng"],"length": ["0"],"media": ["CD"],"musicbrainz album release country": ["US"],"musicbrainz album status": ["official"],"musicbrainz album type": ["compilation"],"musicbrainz_albumartistid": ["afdb7919-059d-43c1-b668-ba1d265e7e42\/ce4582b6-aee7-4da1-b841-3c619d4fb5a5"],"musicbrainz_albumid": ["6b7b95bc-305b-4f93-a3dd-e7af60cb6c54"],"musicbrainz_artistid": ["afdb7919-059d-43c1-b668-ba1d265e7e42\/ce4582b6-aee7-4da1-b841-3c619d4fb5a5"],"musicbrainz_recordingid": ["972f16dd-dd4f-4ed9-bba6-033d1ddb175d"],"musicip_puid": ["2944eaf0-f497-097e-b7bf-be9bf7701c7d"],"script": ["Latn"],"title": ["How You Gonna Keep It (After You Get It)"],"tracknumber": ["10\/25"]},"version": {"highlevel": {"essentia": "2.1-beta5-dev","essentia_build_sha": "e74af04b57b164eed312abeef4963962215860f0","essentia_git_sha": "v2.1_beta4-499-g4013ebc","extractor": "music 2.0","gaia": "2.4.5","gaia_git_sha": "v2.4.4-44-g95f4851","models_essentia_git_sha": "v2.1_beta1"},"lowlevel": {"essentia": "2.1-beta2","essentia_build_sha": "2d9f1f26377add8aeb1075a9c2973f962c4f09fd","essentia_git_sha": "v2.1_beta2-1-ge3940c0","extractor": "music 1.0"}}}}