{"highlevel": {"danceability": {"all": {"danceable": 0.205115050077,"not_danceable": 0.79488492012},"probability": 0.79488492012,"value": "not_danceable"},"gender": {"all": {"female": 0.222184821963,"male": 0.777815163136},"probability": 0.777815163136,"value": "male"},"genre_dortmund": {"all": {"alternative": 0.000530162476934,"blues": 4.13492598454e-05,"electronic": 0.999294340611,"folkcountry": 5.61225206184e-05,"funksoulrnb": 4.90664433528e-07,"jazz": 3.63090875908e-05,"pop": 3.00902934214e-06,"raphiphop": 2.78701918432e-07,"rock": 3.79653210985e-05},"probability": 0.999294340611,"value": "electronic"},"genre_electronic": {"all": {"ambient": 0.747667193413,"dnb": 0.00485924771056,"house": 0.0718759819865,"techno": 0.0160061214119,"trance": 0.15959148109},"probability": 0.747667193413,"value": "ambient"},"genre_rosamerica": {"all": {"cla": 0.0548373498023,"dan": 0.0347612313926,"hip": 0.0826983898878,"jaz": 0.126408398151,"pop": 0.176019787788,"rhy": 0.491841435432,"roc": 0.0167879071087,"spe": 0.0166455004364},"probability": 0.491841435432,"value": "rhy"},"genre_tzanetakis": {"all": {"blu": 0.0523953698575,"cla": 0.0349248126149,"cou": 0.0785924345255,"dis": 0.0786411091685,"hip": 0.157359212637,"jaz": 0.31491458416,"met": 0.0629431828856,"pop": 0.0629253983498,"reg": 0.0524329841137,"roc": 0.104870922863},"probability": 0.31491458416,"value": "jaz"},"ismir04_rhythm": {"all": {"ChaChaCha": 0.0107283815742,"Jive": 0.0138956019655,"Quickstep": 0.000511361227836,"Rumba-American": 0.00360113405623,"Rumba-International": 0.00276857381687,"Rumba-Misc": 0.0014041372342,"Samba": 0.00461224885657,"Tango": 0.0170481298119,"VienneseWaltz": 0.944420337677,"Waltz": 0.0010101016378},"probability": 0.944420337677,"value": "VienneseWaltz"},"mood_acoustic": {"all": {"acoustic": 0.887454390526,"not_acoustic": 0.112545602024},"probability": 0.887454390526,"value": "acoustic"},"mood_aggressive": {"all": {"aggressive": 0.0174311231822,"not_aggressive": 0.982568860054},"probability": 0.982568860054,"value": "not_aggressive"},"mood_electronic": {"all": {"electronic": 0.286020427942,"not_electronic": 0.71397960186},"probability": 0.71397960186,"value": "not_electronic"},"mood_happy": {"all": {"happy": 0.0729369968176,"not_happy": 0.927062988281},"probability": 0.927062988281,"value": "not_happy"},"mood_party": {"all": {"not_party": 0.952866077423,"party": 0.0471339300275},"probability": 0.952866077423,"value": "not_party"},"mood_relaxed": {"all": {"not_relaxed": 0.268985539675,"relaxed": 0.731014430523},"probability": 0.731014430523,"value": "relaxed"},"mood_sad": {"all": {"not_sad": 0.43698656559,"sad": 0.56301343441},"probability": 0.56301343441,"value": "sad"},"moods_mirex": {"all": {"Cluster1": 0.0481131784618,"Cluster2": 0.051444362849,"Cluster3": 0.552871704102,"Cluster4": 0.095874376595,"Cluster5": 0.251696377993},"probability": 0.552871704102,"value": "Cluster3"},"timbre": {"all": {"bright": 0.918460726738,"dark": 0.0815392881632},"probability": 0.918460726738,"value": "bright"},"tonal_atonal": {"all": {"atonal": 0.128318667412,"tonal": 0.871681332588},"probability": 0.871681332588,"value": "tonal"},"voice_instrumental": {"all": {"instrumental": 0.327511310577,"voice": 0.672488689423},"probability": 0.672488689423,"value": "voice"}},"metadata": {"audio_properties": {"analysis_sample_rate": 44100,"bit_rate": 0,"equal_loudness": 0,"length": 303.773345947,"lossless": 1,"replay_gain": -8.65771865845,"codec": "flac","downmix": "mix","md5_encoded": "a5e7fb75d063fd16945eb7eff4c2c9d0"},"tags": {"file_name": "04 - Jonathan.flac","acoustid_id": ["c9eac4f3-6700-4e01-8d24-d2934619891c"],"album": ["The Idler Wheel Is Wiser Than the Driver of the Screw and Whipping Cords Will Serve You More Than Ropes Will Ever Do"],"albumartist": ["Fiona Apple"],"albumartistsort": ["Apple, Fiona"],"artist": ["Fiona Apple"],"artists": ["Fiona Apple"],"artistsort": ["Apple, Fiona"],"asin": ["B007VTVGAQ"],"barcode": ["4547366065367"],"catalognumber": ["EICP 1529"],"composer": ["Fiona Apple"],"composersort": ["Apple, Fiona"],"date": ["2012-07-04"],"isrc": ["USSM11202380"],"label": ["Clean Slate", "Epic"],"language": ["eng"],"lyricist": ["Fiona Apple"],"media": ["CD"],"mixer": ["Dave Way"],"musicbrainz_albumartistid": ["a9ee533f-8871-4f62-a6bb-91eb264abc90"],"musicbrainz_albumid": ["74373576-56a7-476a-869d-514a1de2846a"],"musicbrainz_artistid": ["a9ee533f-8871-4f62-a6bb-91eb264abc90"],"musicbrainz_recordingid": ["97554010-e1a7-4a35-a0fa-2971c617eeac"],"musicbrainz_releasegroupid": ["6086062c-f943-4b85-b1cb-43558425ec1c"],"musicbrainz_releasetrackid": ["20e52d60-fa22-3f06-b763-be37648db8eb"],"musicbrainz_workid": ["e1ad1f33-184b-49f2-885f-f907efdcdfac"],"originaldate": ["2012"],"releasecountry": ["JP"],"releasestatus": ["official"],"releasetype": ["album"],"script": ["Latn"],"title": ["Jonathan"],"totaltracks": ["11"],"tracknumber": ["4"],"tracktotal": ["11"],"work": ["Jonathan"]},"version": {"highlevel": {"essentia": "2.1-beta5-dev","essentia_build_sha": "e74af04b57b164eed312abeef4963962215860f0","essentia_git_sha": "v2.1_beta4-499-g4013ebc","extractor": "music 2.0","gaia": "2.4.5","gaia_git_sha": "v2.4.4-44-g95f4851","models_essentia_git_sha": "v2.1_beta1"},"lowlevel": {"essentia": "2.1-beta1","essentia_build_sha": "85931cb11b241c07ac43bfc3827c398894034a25","essentia_git_sha": "v2.1_beta1-6-g5578087","extractor": "music 1.0"}}}}