{"highlevel": {"danceability": {"all": {"danceable": 0.254256159067,"not_danceable": 0.745743870735},"probability": 0.745743870735,"value": "not_danceable"},"gender": {"all": {"female": 0.134186431766,"male": 0.865813553333},"probability": 0.865813553333,"value": "male"},"genre_dortmund": {"all": {"alternative": 0.00135744409636,"blues": 0.00044144608546,"electronic": 0.995854794979,"folkcountry": 0.000947502965573,"funksoulrnb": 4.16689108533e-05,"jazz": 0.00106576364487,"pop": 4.23131787102e-05,"raphiphop": 1.614807843e-05,"rock": 0.00023292809783},"probability": 0.995854794979,"value": "electronic"},"genre_electronic": {"all": {"ambient": 0.846099197865,"dnb": 0.00912223011255,"house": 0.0728089958429,"techno": 0.022996796295,"trance": 0.0489727668464},"probability": 0.846099197865,"value": "ambient"},"genre_rosamerica": {"all": {"cla": 0.00982748810202,"dan": 0.0146590238437,"hip": 0.204417660832,"jaz": 0.167027190328,"pop": 0.170425325632,"rhy": 0.408860445023,"roc": 0.00934147648513,"spe": 0.0154413981363},"probability": 0.408860445023,"value": "rhy"},"genre_tzanetakis": {"all": {"blu": 0.0620671063662,"cla": 0.034474901855,"cou": 0.103433981538,"dis": 0.0620971247554,"hip": 0.15527240932,"jaz": 0.310666948557,"met": 0.044346679002,"pop": 0.0620793737471,"reg": 0.0620816536248,"roc": 0.103479810059},"probability": 0.310666948557,"value": "jaz"},"ismir04_rhythm": {"all": {"ChaChaCha": 0.00640335399657,"Jive": 0.00285889301449,"Quickstep": 0.000865113455802,"Rumba-American": 0.014371686615,"Rumba-International": 0.00266155740246,"Rumba-Misc": 0.00236124848016,"Samba": 0.00792317464948,"Tango": 0.9518648386,"VienneseWaltz": 0.00974546093494,"Waltz": 0.000944669998717},"probability": 0.9518648386,"value": "Tango"},"mood_acoustic": {"all": {"acoustic": 0.836837470531,"not_acoustic": 0.163162499666},"probability": 0.836837470531,"value": "acoustic"},"mood_aggressive": {"all": {"aggressive": 0.036327123642,"not_aggressive": 0.963672876358},"probability": 0.963672876358,"value": "not_aggressive"},"mood_electronic": {"all": {"electronic": 0.452824473381,"not_electronic": 0.547175526619},"probability": 0.547175526619,"value": "not_electronic"},"mood_happy": {"all": {"happy": 0.155179619789,"not_happy": 0.844820380211},"probability": 0.844820380211,"value": "not_happy"},"mood_party": {"all": {"not_party": 0.779527962208,"party": 0.220472037792},"probability": 0.779527962208,"value": "not_party"},"mood_relaxed": {"all": {"not_relaxed": 0.0104711325839,"relaxed": 0.989528894424},"probability": 0.989528894424,"value": "relaxed"},"mood_sad": {"all": {"not_sad": 0.490700006485,"sad": 0.509299993515},"probability": 0.509299993515,"value": "sad"},"moods_mirex": {"all": {"Cluster1": 0.130606174469,"Cluster2": 0.136547461152,"Cluster3": 0.181947514415,"Cluster4": 0.0945999026299,"Cluster5": 0.456298947334},"probability": 0.456298947334,"value": "Cluster5"},"timbre": {"all": {"bright": 0.927754342556,"dark": 0.0722456648946},"probability": 0.927754342556,"value": "bright"},"tonal_atonal": {"all": {"atonal": 0.66375297308,"tonal": 0.33624702692},"probability": 0.66375297308,"value": "atonal"},"voice_instrumental": {"all": {"instrumental": 0.698434650898,"voice": 0.301565349102},"probability": 0.698434650898,"value": "instrumental"}},"metadata": {"audio_properties": {"analysis_sample_rate": 44100,"bit_rate": 32000,"equal_loudness": 0,"length": 308.688964844,"lossless": 0,"replay_gain": -8.88104438782,"sample_rate": 44100,"codec": "mp3","downmix": "mix","md5_encoded": "f69ecfacd3a30a07a65fa949c2df09d1"},"tags": {"file_name": "03 How Fortunate the Man With None.mp3","album": ["The Church With One Bell"],"albumartist": ["John Martyn"],"albumartistsort": ["Martyn, John", "Martyn, John"],"artist": ["John Martyn"],"asin": ["B000007SPD"],"date": ["1998"],"discnumber": ["1\/1"],"language": ["eng"],"musicbrainz album release country": ["GB"],"musicbrainz album status": ["official"],"musicbrainz album type": ["album"],"musicbrainz_albumartistid": ["e821a756-487f-4931-a02f-27cf11cec7bf"],"musicbrainz_albumid": ["d3c0442d-99a6-4af1-b36e-73d1ecd08e61"],"musicbrainz_artistid": ["e821a756-487f-4931-a02f-27cf11cec7bf"],"musicbrainz_recordingid": ["97d7d5fb-0f4d-4c26-9aa4-4c037ed3704b"],"musicip_puid": ["2f1f9e3c-cb89-056f-6306-37eecb85165b"],"script": ["Latn"],"title": ["How Fortunate the Man With None"],"tracknumber": ["3\/10"]},"version": {"highlevel": {"essentia": "2.1-beta5-dev","essentia_build_sha": "e74af04b57b164eed312abeef4963962215860f0","essentia_git_sha": "v2.1_beta4-499-g4013ebc","extractor": "music 2.0","gaia": "2.4.5","gaia_git_sha": "v2.4.4-44-g95f4851","models_essentia_git_sha": "v2.1_beta1"},"lowlevel": {"essentia": "2.1-beta2","essentia_build_sha": "2d9f1f26377add8aeb1075a9c2973f962c4f09fd","essentia_git_sha": "v2.1_beta2-1-ge3940c0","extractor": "music 1.0"}}}}