{"highlevel": {"danceability": {"all": {"danceable": 0.999997913837,"not_danceable": 2.06885465559e-06},"probability": 0.999997913837,"value": "danceable"},"gender": {"all": {"female": 0.372125774622,"male": 0.62787425518},"probability": 0.62787425518,"value": "male"},"genre_dortmund": {"all": {"alternative": 6.45551737066e-11,"blues": 6.19050574691e-11,"electronic": 0.999996125698,"folkcountry": 9.55600896191e-08,"funksoulrnb": 1.65142949982e-07,"jazz": 2.75733441413e-06,"pop": 3.35061471901e-08,"raphiphop": 5.77561820592e-07,"rock": 2.56080625149e-07},"probability": 0.999996125698,"value": "electronic"},"genre_electronic": {"all": {"ambient": 0.107188418508,"dnb": 0.0108904233202,"house": 0.440793156624,"techno": 0.422594726086,"trance": 0.018533302471},"probability": 0.440793156624,"value": "house"},"genre_rosamerica": {"all": {"cla": 0.000442911667051,"dan": 0.00360794528387,"hip": 0.916880905628,"jaz": 0.00237958994694,"pop": 0.00147826899774,"rhy": 0.0741159245372,"roc": 0.000185595738003,"spe": 0.000908848131076},"probability": 0.916880905628,"value": "hip"},"genre_tzanetakis": {"all": {"blu": 0.0537151731551,"cla": 0.0626607015729,"cou": 0.0751892328262,"dis": 0.0751902237535,"hip": 0.0626621544361,"jaz": 0.187997639179,"met": 0.0752104818821,"pop": 0.188024953008,"reg": 0.0940095037222,"roc": 0.12533994019},"probability": 0.188024953008,"value": "pop"},"ismir04_rhythm": {"all": {"ChaChaCha": 0.924036681652,"Jive": 0.00416295276955,"Quickstep": 0.00194967538118,"Rumba-American": 0.00606458121911,"Rumba-International": 0.00268177245744,"Rumba-Misc": 0.00242187618278,"Samba": 0.0140486806631,"Tango": 0.041735701263,"VienneseWaltz": 0.00196173763834,"Waltz": 0.00093631609343},"probability": 0.924036681652,"value": "ChaChaCha"},"mood_acoustic": {"all": {"acoustic": 3.64135502195e-07,"not_acoustic": 0.999999642372},"probability": 0.999999642372,"value": "not_acoustic"},"mood_aggressive": {"all": {"aggressive": 0.835367202759,"not_aggressive": 0.164632827044},"probability": 0.835367202759,"value": "aggressive"},"mood_electronic": {"all": {"electronic": 0.998736262321,"not_electronic": 0.00126373267267},"probability": 0.998736262321,"value": "electronic"},"mood_happy": {"all": {"happy": 0.082536585629,"not_happy": 0.917463421822},"probability": 0.917463421822,"value": "not_happy"},"mood_party": {"all": {"not_party": 1.34210586111e-05,"party": 0.999986588955},"probability": 0.999986588955,"value": "party"},"mood_relaxed": {"all": {"not_relaxed": 0.188984200358,"relaxed": 0.81101578474},"probability": 0.81101578474,"value": "relaxed"},"mood_sad": {"all": {"not_sad": 0.869935274124,"sad": 0.130064696074},"probability": 0.869935274124,"value": "not_sad"},"moods_mirex": {"all": {"Cluster1": 0.078282572329,"Cluster2": 0.0711672157049,"Cluster3": 0.204267457128,"Cluster4": 0.0618719346821,"Cluster5": 0.584410846233},"probability": 0.584410846233,"value": "Cluster5"},"timbre": {"all": {"bright": 0.000162609489053,"dark": 0.999837398529},"probability": 0.999837398529,"value": "dark"},"tonal_atonal": {"all": {"atonal": 1,"tonal": 4.12408909106e-12},"probability": 1,"value": "atonal"},"voice_instrumental": {"all": {"instrumental": 0.102650776505,"voice": 0.897349238396},"probability": 0.897349238396,"value": "voice"}},"metadata": {"audio_properties": {"analysis_sample_rate": 44100,"bit_rate": 320030,"equal_loudness": 0,"length": 279.301239014,"lossless": 0,"replay_gain": -11.2511920929,"sample_rate": 44100,"codec": "mp3","downmix": "mix","md5_encoded": "d04dac4bc15d4a79c4c11e723e403e41"},"tags": {"file_name": "1850136.mp3","album": ["Invasion EP"],"artist": ["Benga"],"genre": ["Dubstep"],"musicbrainz_recordingid": ["06ba0e1c-19da-4c88-bec9-33d3b3b27464"],"title": ["Middle Man"],"tracknumber": ["05"]},"version": {"highlevel": {"essentia": "2.1-beta5-dev","essentia_build_sha": "e74af04b57b164eed312abeef4963962215860f0","essentia_git_sha": "v2.1_beta4-499-g4013ebc","extractor": "music 2.0","gaia": "2.4.5","gaia_git_sha": "v2.4.4-44-g95f4851","models_essentia_git_sha": "v2.1_beta1"},"lowlevel": {"essentia": "2.1-beta2","essentia_build_sha": "70f2e5ece6736b2c40cc944ad0e695b16b925413","essentia_git_sha": "v2.1_beta2","extractor": "music 1.0"}}}}