{"highlevel": {"danceability": {"all": {"danceable": 3.00000096379e-14,"not_danceable": 1},"probability": 1,"value": "not_danceable"},"gender": {"all": {"female": 0.622130274773,"male": 0.377869725227},"probability": 0.622130274773,"value": "female"},"genre_dortmund": {"all": {"alternative": 0.000832459714729,"blues": 0.000186841629329,"electronic": 0.996620535851,"folkcountry": 0.000332825584337,"funksoulrnb": 5.09821002197e-05,"jazz": 0.00161843118258,"pop": 6.86685671099e-05,"raphiphop": 9.72424531938e-05,"rock": 0.000191992236068},"probability": 0.996620535851,"value": "electronic"},"genre_electronic": {"all": {"ambient": 0.259876549244,"dnb": 0.0399985164404,"house": 0.383072793484,"techno": 0.0757047608495,"trance": 0.241347387433},"probability": 0.383072793484,"value": "house"},"genre_rosamerica": {"all": {"cla": 0.00588653795421,"dan": 0.0696446672082,"hip": 0.558703541756,"jaz": 0.0187292117625,"pop": 0.0443032681942,"rhy": 0.272141367197,"roc": 0.018390359357,"spe": 0.0122010344639},"probability": 0.558703541756,"value": "hip"},"genre_tzanetakis": {"all": {"blu": 0.0617713928223,"cla": 0.0343018434942,"cou": 0.102904699743,"dis": 0.0514719486237,"hip": 0.154438391328,"jaz": 0.309046447277,"met": 0.0441263727844,"pop": 0.0772129744291,"reg": 0.0617708563805,"roc": 0.102955065668},"probability": 0.309046447277,"value": "jaz"},"ismir04_rhythm": {"all": {"ChaChaCha": 0.0867292881012,"Jive": 0.0488230213523,"Quickstep": 0.0164996646345,"Rumba-American": 0.577429294586,"Rumba-International": 0.0324183665216,"Rumba-Misc": 0.0309082325548,"Samba": 0.1412563622,"Tango": 0.0423128567636,"VienneseWaltz": 0.0152704939246,"Waltz": 0.00835243053734},"probability": 0.577429294586,"value": "Rumba-American"},"mood_acoustic": {"all": {"acoustic": 0.0871650651097,"not_acoustic": 0.912834942341},"probability": 0.912834942341,"value": "not_acoustic"},"mood_aggressive": {"all": {"aggressive": 3.00000096379e-14,"not_aggressive": 1},"probability": 1,"value": "not_aggressive"},"mood_electronic": {"all": {"electronic": 0.979391038418,"not_electronic": 0.0206089895219},"probability": 0.979391038418,"value": "electronic"},"mood_happy": {"all": {"happy": 0.151402816176,"not_happy": 0.848597168922},"probability": 0.848597168922,"value": "not_happy"},"mood_party": {"all": {"not_party": 0.999984204769,"party": 1.57784197654e-05},"probability": 0.999984204769,"value": "not_party"},"mood_relaxed": {"all": {"not_relaxed": 0.191182896495,"relaxed": 0.808817088604},"probability": 0.808817088604,"value": "relaxed"},"mood_sad": {"all": {"not_sad": 0.744638979435,"sad": 0.255361020565},"probability": 0.744638979435,"value": "not_sad"},"moods_mirex": {"all": {"Cluster1": 0.0772786438465,"Cluster2": 0.0763115882874,"Cluster3": 0.148503765464,"Cluster4": 0.0452820286155,"Cluster5": 0.652623951435},"probability": 0.652623951435,"value": "Cluster5"},"timbre": {"all": {"bright": 0.00373545056209,"dark": 0.996264576912},"probability": 0.996264576912,"value": "dark"},"tonal_atonal": {"all": {"atonal": 0.934745073318,"tonal": 0.0652549490333},"probability": 0.934745073318,"value": "atonal"},"voice_instrumental": {"all": {"instrumental": 0.983763098717,"voice": 0.0162369199097},"probability": 0.983763098717,"value": "instrumental"}},"metadata": {"audio_properties": {"analysis_sample_rate": 44100,"bit_rate": 128000,"equal_loudness": 0,"length": 282.749389648,"lossless": 0,"replay_gain": -10.0122318268,"sample_rate": 44100,"codec": "mp3","downmix": "mix","md5_encoded": "c0674c84866afc9698a7443ec2df1d86"},"tags": {"file_name": "2 pac - tupac - do for love.mp3","acoustid_id": ["9bafccdc-9cf8-4542-bed7-9a9766a13525"],"album": ["2Pac Special"],"albumartist": ["2Pac"],"albumartistsort": ["2Pac"],"artist": ["2Pac"],"artistsort": ["2Pac"],"discnumber": ["1\/1"],"genre": ["Slow Jam"],"musicbrainz_albumartistid": ["382f1005-e9ab-4684-afd4-0bdae4ee37f2"],"musicbrainz_albumid": ["166482a7-2b6b-4459-abc6-3cadeadd48c0"],"musicbrainz_artistid": ["382f1005-e9ab-4684-afd4-0bdae4ee37f2"],"musicbrainz_recordingid": ["fb0cf63e-1aa0-4757-9f40-7dbd6b080fce"],"musicbrainz_releasegroupid": ["d506178b-dfdc-374f-bf50-33478fc46205"],"script": ["Latn"],"title": ["Do for Love"],"tracknumber": ["4\/15"]},"version": {"highlevel": {"essentia": "2.1-beta5-dev","essentia_build_sha": "e74af04b57b164eed312abeef4963962215860f0","essentia_git_sha": "v2.1_beta4-499-g4013ebc","extractor": "music 2.0","gaia": "2.4.5","gaia_git_sha": "v2.4.4-44-g95f4851","models_essentia_git_sha": "v2.1_beta1"},"lowlevel": {"essentia": "2.1-beta1","essentia_build_sha": "ca57ba49d9b1854bd80e60cf9ccf267278fb7d6b","essentia_git_sha": "v2.1_beta1-28-g21ef5f4-dirty","extractor": "music 1.0"}}}}