{"highlevel": {"danceability": {"all": {"danceable": 0.99694699049,"not_danceable": 0.00305301207118},"probability": 0.99694699049,"value": "danceable"},"gender": {"all": {"female": 0.96362298727,"male": 0.0363770313561},"probability": 0.96362298727,"value": "female"},"genre_dortmund": {"all": {"alternative": 0.0267409458756,"blues": 0.0419923588634,"electronic": 0.458473324776,"folkcountry": 0.0128097515553,"funksoulrnb": 0.019969349727,"jazz": 0.187258452177,"pop": 0.0237947683781,"raphiphop": 0.130964130163,"rock": 0.0979969277978},"probability": 0.458473324776,"value": "electronic"},"genre_electronic": {"all": {"ambient": 0.260538488626,"dnb": 0.289580613375,"house": 0.294426351786,"techno": 0.0428243093193,"trance": 0.112630240619},"probability": 0.294426351786,"value": "house"},"genre_rosamerica": {"all": {"cla": 0.00261489697732,"dan": 0.6485440135,"hip": 0.0310388356447,"jaz": 0.0224823541939,"pop": 0.157544061542,"rhy": 0.103346914053,"roc": 0.0324846208096,"spe": 0.00194430490956},"probability": 0.6485440135,"value": "dan"},"genre_tzanetakis": {"all": {"blu": 0.0626870542765,"cla": 0.0348228886724,"cou": 0.104483813047,"dis": 0.0627374649048,"hip": 0.156886413693,"jaz": 0.313951909542,"met": 0.0448243469,"pop": 0.0784323960543,"reg": 0.0627435147762,"roc": 0.0784302055836},"probability": 0.313951909542,"value": "jaz"},"ismir04_rhythm": {"all": {"ChaChaCha": 0.875324130058,"Jive": 0.0267551261932,"Quickstep": 0.00497246393934,"Rumba-American": 0.0182788502425,"Rumba-International": 0.00756872398779,"Rumba-Misc": 0.00907482113689,"Samba": 0.0166554562747,"Tango": 0.0233517549932,"VienneseWaltz": 0.0145582156256,"Waltz": 0.00346046150662},"probability": 0.875324130058,"value": "ChaChaCha"},"mood_acoustic": {"all": {"acoustic": 0.00540936598554,"not_acoustic": 0.994590640068},"probability": 0.994590640068,"value": "not_acoustic"},"mood_aggressive": {"all": {"aggressive": 0.198474422097,"not_aggressive": 0.801525592804},"probability": 0.801525592804,"value": "not_aggressive"},"mood_electronic": {"all": {"electronic": 0.97589635849,"not_electronic": 0.0241036619991},"probability": 0.97589635849,"value": "electronic"},"mood_happy": {"all": {"happy": 0.0597287416458,"not_happy": 0.940271258354},"probability": 0.940271258354,"value": "not_happy"},"mood_party": {"all": {"not_party": 0.0232749991119,"party": 0.976724982262},"probability": 0.976724982262,"value": "party"},"mood_relaxed": {"all": {"not_relaxed": 0.222229301929,"relaxed": 0.777770698071},"probability": 0.777770698071,"value": "relaxed"},"mood_sad": {"all": {"not_sad": 0.973852515221,"sad": 0.0261474624276},"probability": 0.973852515221,"value": "not_sad"},"moods_mirex": {"all": {"Cluster1": 0.188183426857,"Cluster2": 0.120854951441,"Cluster3": 0.0430898182094,"Cluster4": 0.118069477379,"Cluster5": 0.529802322388},"probability": 0.529802322388,"value": "Cluster5"},"timbre": {"all": {"bright": 0.0160613525659,"dark": 0.983938634396},"probability": 0.983938634396,"value": "dark"},"tonal_atonal": {"all": {"atonal": 0.999981701374,"tonal": 1.83175798156e-05},"probability": 0.999981701374,"value": "atonal"},"voice_instrumental": {"all": {"instrumental": 0.699244320393,"voice": 0.300755679607},"probability": 0.699244320393,"value": "instrumental"}},"metadata": {"audio_properties": {"analysis_sample_rate": 44100,"bit_rate": 320000,"equal_loudness": 0,"length": 47.7779579163,"lossless": 0,"replay_gain": -10.2704143524,"sample_rate": 44100,"codec": "mp3","downmix": "mix","md5_encoded": "4294e5288e909951e11495ff0df37779"},"tags": {"file_name": "01 KA-RI-SU-MA.mp3","album": ["musiQ"],"albumartist": ["ORANGE RANGE"],"albumartistsort": ["Orange Range"],"artist": ["ORANGE RANGE"],"artistsort": ["Orange Range"],"asin": ["B000666PFC"],"barcode": ["4988009024349"],"catalognumber": ["SRCL-5850"],"composer": ["Naoto"],"date": ["2004-12-01"],"genre": ["J-rock"],"label": ["gr8! Records"],"musicbrainz album release country": ["JP"],"musicbrainz album status": ["pseudorelease"],"musicbrainz album type": ["album"],"musicbrainz_albumartistid": ["fee8e811-a2dc-4c09-8484-3c2aca38c3f9"],"musicbrainz_albumid": ["85df95c2-403f-4696-b19a-c56dd2f87961"],"musicbrainz_artistid": ["fee8e811-a2dc-4c09-8484-3c2aca38c3f9"],"musicbrainz_recordingid": ["ad186244-1da7-42a3-b120-f0d52df3fc6c"],"title": ["KA-RI-SU-MA"],"tracknumber": ["1\/19"]},"version": {"highlevel": {"essentia": "2.1-beta5-dev","essentia_build_sha": "e74af04b57b164eed312abeef4963962215860f0","essentia_git_sha": "v2.1_beta4-499-g4013ebc","extractor": "music 2.0","gaia": "2.4.5","gaia_git_sha": "v2.4.4-44-g95f4851","models_essentia_git_sha": "v2.1_beta1"},"lowlevel": {"essentia": "2.1-beta2","essentia_build_sha": "70f2e5ece6736b2c40cc944ad0e695b16b925413","essentia_git_sha": "v2.1_beta2","extractor": "music 1.0"}}}}