{"highlevel": {"danceability": {"all": {"danceable": 0.999676823616,"not_danceable": 0.000323195301462},"probability": 0.999676823616,"value": "danceable"},"gender": {"all": {"female": 0.618238806725,"male": 0.381761193275},"probability": 0.618238806725,"value": "female"},"genre_dortmund": {"all": {"alternative": 0.00154780200683,"blues": 0.000121257311548,"electronic": 0.998023569584,"folkcountry": 5.45100665477e-05,"funksoulrnb": 1.16531498406e-06,"jazz": 6.47611523164e-06,"pop": 5.03981345901e-06,"raphiphop": 1.27860789689e-06,"rock": 0.000238876367803},"probability": 0.998023569584,"value": "electronic"},"genre_electronic": {"all": {"ambient": 0.0822997763753,"dnb": 0.00798191688955,"house": 0.0119263138622,"techno": 0.00927621778101,"trance": 0.888515770435},"probability": 0.888515770435,"value": "trance"},"genre_rosamerica": {"all": {"cla": 0.000167856051121,"dan": 0.00899158976972,"hip": 0.00329499645159,"jaz": 0.000174701213837,"pop": 0.00369759276509,"rhy": 0.000147531842231,"roc": 0.982998728752,"spe": 0.00052700843662},"probability": 0.982998728752,"value": "roc"},"genre_tzanetakis": {"all": {"blu": 0.0626613423228,"cla": 0.0348169617355,"cou": 0.104475811124,"dis": 0.0784321576357,"hip": 0.15692435205,"jaz": 0.313974827528,"met": 0.0448166541755,"pop": 0.0627359300852,"reg": 0.0627360641956,"roc": 0.0784258767962},"probability": 0.313974827528,"value": "jaz"},"ismir04_rhythm": {"all": {"ChaChaCha": 0.159503802657,"Jive": 0.193754762411,"Quickstep": 0.0385348238051,"Rumba-American": 0.0421857088804,"Rumba-International": 0.030408449471,"Rumba-Misc": 0.0346573293209,"Samba": 0.0943791493773,"Tango": 0.136311858892,"VienneseWaltz": 0.244797557592,"Waltz": 0.0254665631801},"probability": 0.244797557592,"value": "VienneseWaltz"},"mood_acoustic": {"all": {"acoustic": 3.18171302638e-08,"not_acoustic": 0.999999940395},"probability": 0.999999940395,"value": "not_acoustic"},"mood_aggressive": {"all": {"aggressive": 0.999995410442,"not_aggressive": 4.60028377347e-06},"probability": 0.999995410442,"value": "aggressive"},"mood_electronic": {"all": {"electronic": 0.389369636774,"not_electronic": 0.610630393028},"probability": 0.610630393028,"value": "not_electronic"},"mood_happy": {"all": {"happy": 4.37731024761e-08,"not_happy": 0.999999940395},"probability": 0.999999940395,"value": "not_happy"},"mood_party": {"all": {"not_party": 0.45324742794,"party": 0.54675257206},"probability": 0.54675257206,"value": "party"},"mood_relaxed": {"all": {"not_relaxed": 0.90103083849,"relaxed": 0.0989691466093},"probability": 0.90103083849,"value": "not_relaxed"},"mood_sad": {"all": {"not_sad": 0.950089037418,"sad": 0.0499109365046},"probability": 0.950089037418,"value": "not_sad"},"moods_mirex": {"all": {"Cluster1": 0.0352670587599,"Cluster2": 0.0145942093804,"Cluster3": 0.0524291098118,"Cluster4": 0.0282045360655,"Cluster5": 0.869505107403},"probability": 0.869505107403,"value": "Cluster5"},"timbre": {"all": {"bright": 0.000148563107359,"dark": 0.999851465225},"probability": 0.999851465225,"value": "dark"},"tonal_atonal": {"all": {"atonal": 0.999999701977,"tonal": 2.8675637509e-07},"probability": 0.999999701977,"value": "atonal"},"voice_instrumental": {"all": {"instrumental": 0.0988781228662,"voice": 0.901121854782},"probability": 0.901121854782,"value": "voice"}},"metadata": {"audio_properties": {"analysis_sample_rate": 44100,"bit_rate": 32000,"equal_loudness": 0,"length": 305.789398193,"lossless": 0,"replay_gain": -13.1480312347,"sample_rate": 44100,"codec": "mp3","downmix": "mix","md5_encoded": "87b16e8363bef8b319229d6e6bbbc81c"},"tags": {"file_name": "2197834.mp3","album": ["Opus Nocturne"],"albumartist": ["Marduk"],"artist": ["Marduk"],"date": ["1994"],"discnumber": ["1"],"genre": ["Metal"],"musicbrainz_recordingid": ["2d931134-4ff0-4a90-8673-2c26aa6bfb49"],"title": ["Deme Quaden Thyrane"],"tracknumber": ["8"]},"version": {"highlevel": {"essentia": "2.1-beta5-dev","essentia_build_sha": "e74af04b57b164eed312abeef4963962215860f0","essentia_git_sha": "v2.1_beta4-499-g4013ebc","extractor": "music 2.0","gaia": "2.4.5","gaia_git_sha": "v2.4.4-44-g95f4851","models_essentia_git_sha": "v2.1_beta1"},"lowlevel": {"essentia": "2.1-beta2","essentia_build_sha": "70f2e5ece6736b2c40cc944ad0e695b16b925413","essentia_git_sha": "v2.1_beta2","extractor": "music 1.0"}}}}