{"highlevel": {"danceability": {"all": {"danceable": 0.714872479439,"not_danceable": 0.285127490759},"probability": 0.714872479439,"value": "danceable"},"gender": {"all": {"female": 0.353754371405,"male": 0.646245598793},"probability": 0.646245598793,"value": "male"},"genre_dortmund": {"all": {"alternative": 0.0125913918018,"blues": 0.00428351713344,"electronic": 0.962990760803,"folkcountry": 0.00714228488505,"funksoulrnb": 0.000233571656281,"jazz": 0.0100357225165,"pop": 0.000500644091517,"raphiphop": 0.000151308486238,"rock": 0.00207077316009},"probability": 0.962990760803,"value": "electronic"},"genre_electronic": {"all": {"ambient": 0.613891541958,"dnb": 0.0480779446661,"house": 0.228527233005,"techno": 0.0318547263741,"trance": 0.0776485651731},"probability": 0.613891541958,"value": "ambient"},"genre_rosamerica": {"all": {"cla": 0.100420497358,"dan": 0.0314401611686,"hip": 0.0981455892324,"jaz": 0.0996291264892,"pop": 0.254891902208,"rhy": 0.175210058689,"roc": 0.226220235229,"spe": 0.0140424249694},"probability": 0.254891902208,"value": "pop"},"genre_tzanetakis": {"all": {"blu": 0.0626613423228,"cla": 0.0348169617355,"cou": 0.104475811124,"dis": 0.0784321576357,"hip": 0.15692435205,"jaz": 0.313974827528,"met": 0.0448166541755,"pop": 0.0627359300852,"reg": 0.0627360641956,"roc": 0.0784258767962},"probability": 0.313974827528,"value": "jaz"},"ismir04_rhythm": {"all": {"ChaChaCha": 0.0625955462456,"Jive": 0.0923296287656,"Quickstep": 0.0211269557476,"Rumba-American": 0.0120859378949,"Rumba-International": 0.0115314368159,"Rumba-Misc": 0.0121584767476,"Samba": 0.0346904806793,"Tango": 0.706988811493,"VienneseWaltz": 0.0308129880577,"Waltz": 0.01567976363},"probability": 0.706988811493,"value": "Tango"},"mood_acoustic": {"all": {"acoustic": 0.0426083058119,"not_acoustic": 0.957391679287},"probability": 0.957391679287,"value": "not_acoustic"},"mood_aggressive": {"all": {"aggressive": 0.53450012207,"not_aggressive": 0.465499907732},"probability": 0.53450012207,"value": "aggressive"},"mood_electronic": {"all": {"electronic": 0.32612106204,"not_electronic": 0.673878908157},"probability": 0.673878908157,"value": "not_electronic"},"mood_happy": {"all": {"happy": 0.563502013683,"not_happy": 0.436497956514},"probability": 0.563502013683,"value": "happy"},"mood_party": {"all": {"not_party": 0.197113722563,"party": 0.80288630724},"probability": 0.80288630724,"value": "party"},"mood_relaxed": {"all": {"not_relaxed": 0.699068248272,"relaxed": 0.300931751728},"probability": 0.699068248272,"value": "not_relaxed"},"mood_sad": {"all": {"not_sad": 0.749821722507,"sad": 0.250178307295},"probability": 0.749821722507,"value": "not_sad"},"moods_mirex": {"all": {"Cluster1": 0.165598556399,"Cluster2": 0.234366282821,"Cluster3": 0.0891478136182,"Cluster4": 0.169865220785,"Cluster5": 0.341022133827},"probability": 0.341022133827,"value": "Cluster5"},"timbre": {"all": {"bright": 0.667365431786,"dark": 0.332634568214},"probability": 0.667365431786,"value": "bright"},"tonal_atonal": {"all": {"atonal": 0.968459784985,"tonal": 0.0315402410924},"probability": 0.968459784985,"value": "atonal"},"voice_instrumental": {"all": {"instrumental": 0.999998807907,"voice": 1.18521279546e-06},"probability": 0.999998807907,"value": "instrumental"}},"metadata": {"audio_properties": {"analysis_sample_rate": 44100,"bit_rate": 0,"equal_loudness": 0,"length": 222.21333313,"lossless": 1,"replay_gain": -10.9373035431,"sample_rate": 44100,"codec": "flac","downmix": "mix","md5_encoded": "e3048b4074ca3c90b3de5e371ed2e898"},"tags": {"file_name": "07 - Corvus Corax - Gaudalier.flac","album": ["Mille anni passi sunt"],"albumartist": ["Corvus Corax"],"albumartistsort": ["Corvus Corax"],"artist": ["Corvus Corax"],"artistsort": ["Corvus Corax"],"asin": ["B000051W74"],"barcode": ["718750774026"],"catalognumber": ["pr 0220-2"],"date": ["2000-11-13"],"format": ["CD"],"genre": ["German", "Instrumental", "Medieval", "Folk Metal", "Mittelalter", "Neofolk", "New Age", "Corvus Corax", "Germany", "Martial", "Folk"],"label": ["Pica Records"],"language": ["mul"],"musicbrainz_albumartistid": ["a0a17e6e-d396-45b5-a141-b4a82ba0bb9a"],"musicbrainz_albumid": ["fb5689e8-41f9-4cb9-9999-525fe6f27d19"],"musicbrainz_artistid": ["a0a17e6e-d396-45b5-a141-b4a82ba0bb9a"],"musicbrainz_recordingid": ["dbd8779e-7063-42c1-8674-1dfc3bd47f4c"],"musicip_puid": ["33597a5c-c2b8-5b8f-c211-e54c6740985c"],"releasecountry": ["DE"],"releasestatus": ["official"],"releasetype": ["album"],"replaygain_album_gain": ["-5.96 dB"],"replaygain_album_peak": ["0.99975586"],"replaygain_reference_loudness": ["89.0 dB"],"replaygain_track_gain": ["-6.01 dB"],"replaygain_track_peak": ["0.99975586"],"script": ["Latn"],"title": ["Gaudalier"],"totaltracks": ["14"],"tracknumber": ["7"]},"version": {"highlevel": {"essentia": "2.1-beta5-dev","essentia_build_sha": "e74af04b57b164eed312abeef4963962215860f0","essentia_git_sha": "v2.1_beta4-499-g4013ebc","extractor": "music 2.0","gaia": "2.4.5","gaia_git_sha": "v2.4.4-44-g95f4851","models_essentia_git_sha": "v2.1_beta1"},"lowlevel": {"essentia": "2.1-beta1","essentia_build_sha": "81dca3489dfd3c4275b86ac4d56d870715677d3f","essentia_git_sha": "v2.1_beta1-28-g21ef5f4","extractor": "music 1.0"}}}}