{"highlevel": {"danceability": {"all": {"danceable": 0.950148463249,"not_danceable": 0.049851551652},"probability": 0.950148463249,"value": "danceable"},"gender": {"all": {"female": 0.267790496349,"male": 0.732209503651},"probability": 0.732209503651,"value": "male"},"genre_dortmund": {"all": {"alternative": 0.0377553962171,"blues": 0.00480028893799,"electronic": 0.946431457996,"folkcountry": 0.00326630962081,"funksoulrnb": 0.000251678371569,"jazz": 0.000495228567161,"pop": 0.000704745587427,"raphiphop": 0.000272609933745,"rock": 0.00602225447074},"probability": 0.946431457996,"value": "electronic"},"genre_electronic": {"all": {"ambient": 0.0728505551815,"dnb": 0.0171984620392,"house": 0.0238280855119,"techno": 0.00995403155684,"trance": 0.876168847084},"probability": 0.876168847084,"value": "trance"},"genre_rosamerica": {"all": {"cla": 0.00128927838523,"dan": 0.217863351107,"hip": 0.00558641878888,"jaz": 0.00145245867316,"pop": 0.252363890409,"rhy": 0.00251671974547,"roc": 0.517732262611,"spe": 0.00119562179316},"probability": 0.517732262611,"value": "roc"},"genre_tzanetakis": {"all": {"blu": 0.0626613423228,"cla": 0.0348169617355,"cou": 0.104475811124,"dis": 0.0784321576357,"hip": 0.15692435205,"jaz": 0.313974827528,"met": 0.0448166541755,"pop": 0.0627359300852,"reg": 0.0627360641956,"roc": 0.0784258767962},"probability": 0.313974827528,"value": "jaz"},"ismir04_rhythm": {"all": {"ChaChaCha": 0.481598645449,"Jive": 0.125916317105,"Quickstep": 0.0162796434015,"Rumba-American": 0.0381489396095,"Rumba-International": 0.0190151687711,"Rumba-Misc": 0.0162835586816,"Samba": 0.0651186555624,"Tango": 0.0564098134637,"VienneseWaltz": 0.171036183834,"Waltz": 0.010193076916},"probability": 0.481598645449,"value": "ChaChaCha"},"mood_acoustic": {"all": {"acoustic": 8.60165755512e-07,"not_acoustic": 0.999999165535},"probability": 0.999999165535,"value": "not_acoustic"},"mood_aggressive": {"all": {"aggressive": 0.967230021954,"not_aggressive": 0.0327699743211},"probability": 0.967230021954,"value": "aggressive"},"mood_electronic": {"all": {"electronic": 0.805544912815,"not_electronic": 0.194455072284},"probability": 0.805544912815,"value": "electronic"},"mood_happy": {"all": {"happy": 0.714752674103,"not_happy": 0.285247325897},"probability": 0.714752674103,"value": "happy"},"mood_party": {"all": {"not_party": 0.0432294458151,"party": 0.956770539284},"probability": 0.956770539284,"value": "party"},"mood_relaxed": {"all": {"not_relaxed": 0.925930440426,"relaxed": 0.0740695521235},"probability": 0.925930440426,"value": "not_relaxed"},"mood_sad": {"all": {"not_sad": 0.974812746048,"sad": 0.0251872781664},"probability": 0.974812746048,"value": "not_sad"},"moods_mirex": {"all": {"Cluster1": 0.0831612274051,"Cluster2": 0.0433177277446,"Cluster3": 0.0303404964507,"Cluster4": 0.0644616261125,"Cluster5": 0.778718948364},"probability": 0.778718948364,"value": "Cluster5"},"timbre": {"all": {"bright": 0.0277524441481,"dark": 0.972247540951},"probability": 0.972247540951,"value": "dark"},"tonal_atonal": {"all": {"atonal": 0.640519201756,"tonal": 0.359480768442},"probability": 0.640519201756,"value": "atonal"},"voice_instrumental": {"all": {"instrumental": 0.125340282917,"voice": 0.874659717083},"probability": 0.874659717083,"value": "voice"}},"metadata": {"audio_properties": {"analysis_sample_rate": 44100,"bit_rate": 238612,"equal_loudness": 0,"length": 193.802444458,"lossless": 0,"replay_gain": -12.0103168488,"sample_rate": 44100,"codec": "mp3","downmix": "mix","md5_encoded": "4080835c6efafbcaea1c60e7475b1ada"},"tags": {"file_name": "06 Home.mp3","acoustid_fingerprint": ["AQADtEkSKWGSJEqyJDi280Z_4xyar8TXDIc_o0sXPIcW5sSzHNsXFrewqQyuHE0eQs9iouzR5DxONB_6l2iVhISoHz_e_fChHbWSIf02_JjyfXieolZy-EfsivBz6H8CMz1OBa6kTHgOx9BOfDr6FrtwKbLw4xphleiP6zmaM6EwUZbxZkdzoU94nDx66Bl-4XdwbclhNcd-iI4Gj0FJKcWXozmP_uhc6Iav4hB_od4x7YfTwmfx-XCg6zh8HT8myk-ISlEOPcevII15lD1xRhZ6pI4UiNWJ6DneObg3wiReBqFoJI-OKw_-wJV-PPgoVC_CqMmh6dkEr9HxHYd2PBz6oxlzIj9OhKKY6GieQ5Yv9GjeCtEVPAjnQ8sd5B_K6ULzFc88dKHkw2QepNOhb_Azoc9unKsE-QjFxYQbtJzx-Djq6AvClJKhHuG0ofnx4nOCNsmSItehHT1lmE6COsclPcaPHlp-6De65hCPk2ji4erxozKai5HxQZeOV0Ozm0OpB2Geo_1xNL8QnvhjvOnRMDr0H06T44fdRiiZG3lE_B-qP2iqBw-z4DtxpUaYXVD0bnhzhEfz0MK1Yz4aLjz648gbFs1vfMN3pD1-XHmFH36GJzOR414MO1FYiD9O5Wid4OTQNYefwvdQLcrxoFfh406OXA0ucULupcd7iDk5hLRM7Bf6FO7RB_nC4juHPjm8ZcmgZ4c8MUFJifiyI8tnnBmug_rRhT3yH0fz5WjPoSMj4zTKI8e7HP2Ipn6QqztGjarQQ8uZ4hfxJkcT6XhnvAm2_dBWBg_WSFmKxoXWKMcv_LGKesOZR9BEk-gRZn2J77ioYHo7OJQro9-Da7iJWkd-QS8cJ0ecoyexx0CbBK6PPlmRT1C-4pJaxNqPz0f8UAnqSzjhTMpRfsUZBrmL48ePo7-QfoScw7cQikqEK6fQw6WCB_mFc8uh4zusbegz4Q-uRWilAPlx4cfzw4xWVEeu4z406i8af-jTBk3VQri2pgjbww6PT9pwHz6Jb4d9VMfR52hKIS89aDGD8ji3Iy-uf8iNWkPJHPrR9_CLzoOK6sd74YXzQz-OXguePcSZC81j9DS0V1D24DuOj8ebSJyR9phWirizI8yDQ3zQjsG3Bv2R98hz9HlwyccXiRLko1cjfDCvoSRRXzp0xrgQLvSCH8-HIywfHNoR0zJOubiNlvDRHz_yR_iCVKKG4xSRo_8OryUeaD9e8bh8REdFHXnkDP80dE10aEhzVLuNWiHMH69xCj8u6wi1Kscv9A9qkdCX4kfDH_2F5_i34Dwu5tB-4EPeouyOEw_CRC_RD9oPVytuOI7gFw95_NB5olRxemjEo0-IMzO0Hc3x5GgqaDx-9OPR7LFwZcfXQMyHXwgPp2EOH12kqEf4QzVzRCNzoeRx45KYBtSDR_JwlNpSI8zJBfW5Qsum4-HAvoYYC2944R-u6OhtwayCkseV5JCXXphevLDyo5eNTmMgTkku1MWz48WPhguNLzHE6sAD8-h31E4O0Tq-7Uj54Do-HXaI0D9eQvsEvxY-4jv0Hikd48qPjmFQSjwc5_hv-ELYrILKEEdXhOFy5McTXNGoY7IDiPJRPjnxH0-yY37hT8iPHzcaLhfuG958fBdiXUVCdUcb482O60czHn0e5D90hKJa-Bd2bF-OtDe0NcQb_ERDSTf64A8aCz10FM2Z4xkUejFOo2-Hj7iPM4ZOEv6FXXg4VbgO_zhjwd_R99APbf7RnMGNuhV85nhyXIcjHn2i5OgPV0K_XLgeo13Q6MHxPYceWgjDOOia40T9UIbT5Mh1EfoQaif-B_dX9IkoNN-xD89yhH_wZYe4hTmu6PDVwGNYYdVI6KGGWlmCL0eNZmSK7_jkQw-poZ6OQzmMLl9xSkSXw9eOU4kJPbHhBz1zRNKxNckRbloo_NDyEOF548OfEE-yHGEYH12PK5Ohh2mOfh4mH50PLRVTxB-eHA2VJegpPEctHw2j7jjeo3kRSlI44T_U_Q4-oSF39ESu4UmO5kEvG7lynMdV4o-g5cuOPojMoVliPB8uWWiuKsMdnsg_PD36HP7RBs2JPnTwQ1fToBdc7RUOv8eXPRBDdEvQK3B29LOA70MfHn-H70ifkWhzvEec6fiNc-HQnEbd48nRRjr8oGRmDqHFI3WDWhf25EGTQ1dzbFEWlMfTBlOeozz0_Kik7UVzvDkuZZA1HH9a_EJ_uIuMUkkF-Sis8kIuZYc9hGKPG72wrUc7XE6KZ2ico89RkodPvBzs1Kg4Hc8nVN8w8xCPjymeHZ5SfDcOXTzalcGTiESsj8InI_zhLTlkbUce8rAT4vuFk0bzHNeJI3oOPcgf_PiPK8rR8XDFHJ1x_MgvXML3IwyP6viR72ie43hz7MeJ8sBDKtA0eclxHlXUQ9_xox9SG7_gY8Uf3BEqjsdvNEfYvfgG7UTz40PRfMaPHb0h3jAVoq-Q77iObSRenLLQ_PiFXIKjQoePXNnxwWbiYHtmhCvaH94SnMYdwxd6POpxplhFzvihsTOaHPnRCz7-wSGeCQ93PMirBw88_vjE9Nh3OK2hUcqH_oFvAAuEIYYQKRQSDACKjDECAEKEIABBAQBSiCkBhBDIAAQEgEAIQpDgBiBJFBMACEKFIMAiJhAQgjjhCACAEWOAMQYgAggSAgIHDEICCGWYMMoAYQQiFhjAiBVGGEIIVUARyAhAwgChiHJCAkqIQkgAYqkgxQjEncFEOCIcUcAAQgAyxBHEBBJCCSMEEUARIRADRAGGECEAGECEMQgKQSVAxCkhSADMOAioEYJRpBQACFAGEDIKASAIAwIRYJByQgAmDCKGGIKUEQARYoQASIBCCADCBKCAgUYIIgJxwChggFEEEIAUFQAaq5wSECBEhDGGCCUMMU4wQogRyijFIAACEqYAJQxiC5QRAiigAEGCSIeAIsg4iYQVDhAljJCQEaAAAwIpYZwAhwBCkCBACWIAgEAgBpBwCBAjEAAMGkKEUBAQBtgxRSGiBFIIIQu8EIAqQQhDUjEEBAcACCSEAsA4oBSDAArBBALMAaIMVMBQQJSxQAhpBHAIEacUIgwRIgQhgAkNkFFACEoBAAwIZIAASBGjBDJMMOGMYYIRKRh1BAAoBHACESAEAcYJxBABwhBBqEWSgEIQEAgwQ4hQiEhgkCAICQMIAcoJQwABA2khBALOKAosAYA5YQRhQBghFAKGCQEgMUYADIQiQiABgCMAAMMQAUYRYIRRjAggiBJOCCOMEQIB5IhyQjAjSIJMAAEEEMApC4AQoBlElEAGEACcIsIJRkBRSBABAHTQIIOMAURBZZAQDDAAgFCGCAUUEEYSIAAARhBBEAEAAQaBBFQ5ZYBSgiAhjDCEIQUIEUARowihREghjATCACoUYUIohw0RBDBsmEJABKGEVQYCAIQwBBCBgEGOCACMEAggAA40TAkAMKDOIANMEdAxpAQTwhmGCDBCKSGYQsgRDBBhAirMGFCEIcEYURADZYAgDEEiCKMAMWURE0xAUgATRgiEnAIU"],"acoustid_id": ["dd80394e-c675-4ab1-9df7-824976165126"],"album": ["Ear Conditioning (Orange)"],"albumartist": ["Various Artists"],"albumartistsort": ["Various Artists"],"artist": ["Econoline Crush"],"artistsort": ["Econoline Crush"],"composer": ["Dan Yaremko"],"date": ["1997"],"discnumber": ["01\/01"],"genre": ["Blues"],"isrc": ["CAE159700054"],"language": ["eng"],"musicbrainz album status": ["Promotion"],"musicbrainz album type": ["Album", "Compilation"],"musicbrainz_albumartistid": ["89ad4ac3-39f7-470e-963a-56509c546377"],"musicbrainz_albumid": ["f978fb03-734e-49c3-9086-292119feab6c"],"musicbrainz_artistid": ["c00a611d-81a4-4062-bd98-ac8f91c1795a"],"musicbrainz_recordingid": ["bb79fb81-bccd-47c2-be1c-338052dcf63d"],"musicbrainz_releasegroupid": ["d8ef44d7-5b37-3bd8-831e-00f528af4b36"],