{"highlevel": {"danceability": {"all": {"danceable": 0.852571487427,"not_danceable": 0.147428527474},"probability": 0.852571487427,"value": "danceable"},"gender": {"all": {"female": 0.023378258571,"male": 0.976621747017},"probability": 0.976621747017,"value": "male"},"genre_dortmund": {"all": {"alternative": 0.192647606134,"blues": 0.0375549681485,"electronic": 0.581139743328,"folkcountry": 0.0755774155259,"funksoulrnb": 0.00591611117125,"jazz": 0.00903028529137,"pop": 0.0101153953001,"raphiphop": 0.00307961902581,"rock": 0.0849388465285},"probability": 0.581139743328,"value": "electronic"},"genre_electronic": {"all": {"ambient": 0.602034389973,"dnb": 0.0473192073405,"house": 0.0428543575108,"techno": 0.00839445833117,"trance": 0.299397587776},"probability": 0.602034389973,"value": "ambient"},"genre_rosamerica": {"all": {"cla": 0.00720548443496,"dan": 0.0161567553878,"hip": 0.0108880186453,"jaz": 0.00951536372304,"pop": 0.280897378922,"rhy": 0.0443021468818,"roc": 0.62602442503,"spe": 0.00501040695235},"probability": 0.62602442503,"value": "roc"},"genre_tzanetakis": {"all": {"blu": 0.0626613423228,"cla": 0.0348169617355,"cou": 0.104475811124,"dis": 0.0784321576357,"hip": 0.15692435205,"jaz": 0.313974827528,"met": 0.0448166541755,"pop": 0.0627359300852,"reg": 0.0627360641956,"roc": 0.0784258767962},"probability": 0.313974827528,"value": "jaz"},"ismir04_rhythm": {"all": {"ChaChaCha": 0.501443564892,"Jive": 0.115099862218,"Quickstep": 0.0199801959097,"Rumba-American": 0.016952322796,"Rumba-International": 0.0166886281222,"Rumba-Misc": 0.0123973283917,"Samba": 0.092866666615,"Tango": 0.0473487339914,"VienneseWaltz": 0.167889401317,"Waltz": 0.00933330319822},"probability": 0.501443564892,"value": "ChaChaCha"},"mood_acoustic": {"all": {"acoustic": 0.062845826149,"not_acoustic": 0.937154173851},"probability": 0.937154173851,"value": "not_acoustic"},"mood_aggressive": {"all": {"aggressive": 0.748672008514,"not_aggressive": 0.251327991486},"probability": 0.748672008514,"value": "aggressive"},"mood_electronic": {"all": {"electronic": 0.295855849981,"not_electronic": 0.704144179821},"probability": 0.704144179821,"value": "not_electronic"},"mood_happy": {"all": {"happy": 0.0994137451053,"not_happy": 0.900586247444},"probability": 0.900586247444,"value": "not_happy"},"mood_party": {"all": {"not_party": 0.411219358444,"party": 0.588780641556},"probability": 0.588780641556,"value": "party"},"mood_relaxed": {"all": {"not_relaxed": 0.924274086952,"relaxed": 0.0757259428501},"probability": 0.924274086952,"value": "not_relaxed"},"mood_sad": {"all": {"not_sad": 0.862969219685,"sad": 0.137030765414},"probability": 0.862969219685,"value": "not_sad"},"moods_mirex": {"all": {"Cluster1": 0.215757697821,"Cluster2": 0.228653103113,"Cluster3": 0.0720977857709,"Cluster4": 0.218430534005,"Cluster5": 0.26506087184},"probability": 0.26506087184,"value": "Cluster5"},"timbre": {"all": {"bright": 0.134535878897,"dark": 0.865464091301},"probability": 0.865464091301,"value": "dark"},"tonal_atonal": {"all": {"atonal": 0.555816888809,"tonal": 0.444183111191},"probability": 0.555816888809,"value": "atonal"},"voice_instrumental": {"all": {"instrumental": 0.00243567186408,"voice": 0.997564315796},"probability": 0.997564315796,"value": "voice"}},"metadata": {"audio_properties": {"analysis_sample_rate": 44100,"bit_rate": 277955,"equal_loudness": 0,"length": 229.355102539,"lossless": 0,"replay_gain": -17.4174022675,"sample_rate": 44100,"codec": "mp3","downmix": "mix","md5_encoded": "ad5a294bc4dfb711393954c26fc00516"},"tags": {"file_name": "2011272.mp3","album": ["Killer Sounds"],"artist": ["Hard-Fi"],"date": ["2011"],"discnumber": ["1"],"encodedby": ["LAME 3.97 V2: Preset Standard"],"genre": ["Alternative"],"language": ["German"],"musicbrainz_recordingid": ["bb83ba44-212b-41fa-8d66-b989ba80e9ac"],"title": ["Good For Nothing"],"tracknumber": ["1"]},"version": {"highlevel": {"essentia": "2.1-beta5-dev","essentia_build_sha": "e74af04b57b164eed312abeef4963962215860f0","essentia_git_sha": "v2.1_beta4-499-g4013ebc","extractor": "music 2.0","gaia": "2.4.5","gaia_git_sha": "v2.4.4-44-g95f4851","models_essentia_git_sha": "v2.1_beta1"},"lowlevel": {"essentia": "2.1-beta2","essentia_build_sha": "70f2e5ece6736b2c40cc944ad0e695b16b925413","essentia_git_sha": "v2.1_beta2","extractor": "music 1.0"}}}}