{"highlevel": {"danceability": {"all": {"danceable": 0.658339142799,"not_danceable": 0.341660857201},"probability": 0.658339142799,"value": "danceable"},"gender": {"all": {"female": 0.207102015615,"male": 0.792897999287},"probability": 0.792897999287,"value": "male"},"genre_dortmund": {"all": {"alternative": 0.0166705157608,"blues": 0.00196624104865,"electronic": 0.977183043957,"folkcountry": 0.00174728420097,"funksoulrnb": 5.1203493058e-05,"jazz": 0.000428520987043,"pop": 0.000132450877572,"raphiphop": 3.0428484024e-05,"rock": 0.00179030071013},"probability": 0.977183043957,"value": "electronic"},"genre_electronic": {"all": {"ambient": 0.421851962805,"dnb": 0.0107232071459,"house": 0.0755048468709,"techno": 0.00855461414903,"trance": 0.483365356922},"probability": 0.483365356922,"value": "trance"},"genre_rosamerica": {"all": {"cla": 0.0553836524487,"dan": 0.0412451997399,"hip": 0.0305217802525,"jaz": 0.0869190245867,"pop": 0.14175376296,"rhy": 0.0351111367345,"roc": 0.596404373646,"spe": 0.0126610873267},"probability": 0.596404373646,"value": "roc"},"genre_tzanetakis": {"all": {"blu": 0.0626541376114,"cla": 0.0348133966327,"cou": 0.0783501937985,"dis": 0.104547761381,"hip": 0.15693578124,"jaz": 0.313987255096,"met": 0.044816005975,"pop": 0.0627349764109,"reg": 0.0627352520823,"roc": 0.0784252434969},"probability": 0.313987255096,"value": "jaz"},"ismir04_rhythm": {"all": {"ChaChaCha": 0.196097537875,"Jive": 0.187949076295,"Quickstep": 0.0283320490271,"Rumba-American": 0.0309005044401,"Rumba-International": 0.0235520731658,"Rumba-Misc": 0.0230094213039,"Samba": 0.0522617660463,"Tango": 0.357362210751,"VienneseWaltz": 0.0837560296059,"Waltz": 0.0167793445289},"probability": 0.357362210751,"value": "Tango"},"mood_acoustic": {"all": {"acoustic": 0.0223010834306,"not_acoustic": 0.977698922157},"probability": 0.977698922157,"value": "not_acoustic"},"mood_aggressive": {"all": {"aggressive": 0.941573917866,"not_aggressive": 0.0584260672331},"probability": 0.941573917866,"value": "aggressive"},"mood_electronic": {"all": {"electronic": 0.700842320919,"not_electronic": 0.299157679081},"probability": 0.700842320919,"value": "electronic"},"mood_happy": {"all": {"happy": 0.154010429978,"not_happy": 0.845989584923},"probability": 0.845989584923,"value": "not_happy"},"mood_party": {"all": {"not_party": 0.218431055546,"party": 0.781568944454},"probability": 0.781568944454,"value": "party"},"mood_relaxed": {"all": {"not_relaxed": 0.8504306674,"relaxed": 0.149569317698},"probability": 0.8504306674,"value": "not_relaxed"},"mood_sad": {"all": {"not_sad": 0.880743741989,"sad": 0.119256258011},"probability": 0.880743741989,"value": "not_sad"},"moods_mirex": {"all": {"Cluster1": 0.164691358805,"Cluster2": 0.0906710252166,"Cluster3": 0.0573814436793,"Cluster4": 0.0795886516571,"Cluster5": 0.607667505741},"probability": 0.607667505741,"value": "Cluster5"},"timbre": {"all": {"bright": 0.732281565666,"dark": 0.267718434334},"probability": 0.732281565666,"value": "bright"},"tonal_atonal": {"all": {"atonal": 0.0293468069285,"tonal": 0.970653176308},"probability": 0.970653176308,"value": "tonal"},"voice_instrumental": {"all": {"instrumental": 0.976665794849,"voice": 0.0233342330903},"probability": 0.976665794849,"value": "instrumental"}},"metadata": {"audio_properties": {"analysis_sample_rate": 44100,"bit_rate": 319754,"equal_loudness": 0,"length": 284.78692627,"lossless": 0,"replay_gain": -8.12064170837,"sample_rate": 44100,"codec": "mp3","downmix": "mix","md5_encoded": "4b2660e2d56228226ac44b76a4f225c2"},"tags": {"file_name": "03 The Colosseum Crash.mp3","acoustid_id": ["27c0c036-c2f6-4cc4-957f-2a675fff48bc"],"album": ["...From the Inside"],"albumartist": ["A Split-Second"],"albumartistsort": ["Split-Second, A"],"artist": ["A Split-Second"],"artistsort": ["Split-Second, A"],"asin": ["B000008L1N"],"barcode": ["017837006228"],"catalognumber": ["WAXCD 062"],"date": ["1988"],"discnumber": ["1\/1"],"genre": ["Ebm\/New Beat\/Old School Ebm"],"label": ["Wax Trax! Records"],"media": ["CD"],"musicbrainz album release country": ["US"],"musicbrainz album status": ["official"],"musicbrainz album type": ["album"],"musicbrainz_albumartistid": ["bf270b87-6da7-485b-8c5b-0d02c9c47f41"],"musicbrainz_albumid": ["99cbd5c4-b5e7-38fa-b8c8-d2ec11b6c954"],"musicbrainz_artistid": ["bf270b87-6da7-485b-8c5b-0d02c9c47f41"],"musicbrainz_recordingid": ["bbfedc1e-c108-4a48-9b3d-5a0e4dd52c6a"],"musicbrainz_releasegroupid": ["7f7440b5-bc32-310a-a68e-dbe8565ac79b"],"originaldate": ["1988"],"script": ["Latn"],"title": ["The Colosseum Crash"],"tracknumber": ["3\/15"]},"version": {"highlevel": {"essentia": "2.1-beta5-dev","essentia_build_sha": "e74af04b57b164eed312abeef4963962215860f0","essentia_git_sha": "v2.1_beta4-499-g4013ebc","extractor": "music 2.0","gaia": "2.4.5","gaia_git_sha": "v2.4.4-44-g95f4851","models_essentia_git_sha": "v2.1_beta1"},"lowlevel": {"essentia": "2.1-beta2","essentia_build_sha": "2d9f1f26377add8aeb1075a9c2973f962c4f09fd","essentia_git_sha": "v2.1_beta2-1-ge3940c0","extractor": "music 1.0"}}}}