{"highlevel": {"danceability": {"all": {"danceable": 0.00523898471147,"not_danceable": 0.994760990143},"probability": 0.994760990143,"value": "not_danceable"},"gender": {"all": {"female": 0.176697641611,"male": 0.823302388191},"probability": 0.823302388191,"value": "male"},"genre_dortmund": {"all": {"alternative": 0.107112400234,"blues": 0.142181172967,"electronic": 0.0487305633724,"folkcountry": 0.589544355869,"funksoulrnb": 0.00495896255597,"jazz": 0.0124334730208,"pop": 0.0337350144982,"raphiphop": 0.00315352948382,"rock": 0.0581505037844},"probability": 0.589544355869,"value": "folkcountry"},"genre_electronic": {"all": {"ambient": 0.913904726505,"dnb": 0.00648949481547,"house": 0.0651462748647,"techno": 0.00666443631053,"trance": 0.00779504701495},"probability": 0.913904726505,"value": "ambient"},"genre_rosamerica": {"all": {"cla": 0.171463698149,"dan": 0.00358983664773,"hip": 0.00473914435133,"jaz": 0.0595066808164,"pop": 0.12888738513,"rhy": 0.589245736599,"roc": 0.00690334895626,"spe": 0.0356641747057},"probability": 0.589245736599,"value": "rhy"},"genre_tzanetakis": {"all": {"blu": 0.0644493177533,"cla": 0.034724932164,"cou": 0.104200877249,"dis": 0.0789282396436,"hip": 0.156507745385,"jaz": 0.313137888908,"met": 0.0446969345212,"pop": 0.0625683963299,"reg": 0.0625690892339,"roc": 0.078216560185},"probability": 0.313137888908,"value": "jaz"},"ismir04_rhythm": {"all": {"ChaChaCha": 0.0677874162793,"Jive": 0.0138765871525,"Quickstep": 0.0159506034106,"Rumba-American": 0.0376983843744,"Rumba-International": 0.0883790999651,"Rumba-Misc": 0.0974569097161,"Samba": 0.0202041510493,"Tango": 0.162384793162,"VienneseWaltz": 0.307870060205,"Waltz": 0.18839199841},"probability": 0.307870060205,"value": "VienneseWaltz"},"mood_acoustic": {"all": {"acoustic": 0.995782315731,"not_acoustic": 0.00421766284853},"probability": 0.995782315731,"value": "acoustic"},"mood_aggressive": {"all": {"aggressive": 5.60979742659e-07,"not_aggressive": 0.999999463558},"probability": 0.999999463558,"value": "not_aggressive"},"mood_electronic": {"all": {"electronic": 0.0676642805338,"not_electronic": 0.932335734367},"probability": 0.932335734367,"value": "not_electronic"},"mood_happy": {"all": {"happy": 0.247127115726,"not_happy": 0.752872884274},"probability": 0.752872884274,"value": "not_happy"},"mood_party": {"all": {"not_party": 0.978424489498,"party": 0.0215754862875},"probability": 0.978424489498,"value": "not_party"},"mood_relaxed": {"all": {"not_relaxed": 0.0923667699099,"relaxed": 0.907633244991},"probability": 0.907633244991,"value": "relaxed"},"mood_sad": {"all": {"not_sad": 0.0547986589372,"sad": 0.945201337337},"probability": 0.945201337337,"value": "sad"},"moods_mirex": {"all": {"Cluster1": 0.0680718421936,"Cluster2": 0.0916411057115,"Cluster3": 0.708336174488,"Cluster4": 0.112979918718,"Cluster5": 0.018970951438},"probability": 0.708336174488,"value": "Cluster3"},"timbre": {"all": {"bright": 0.868265688419,"dark": 0.131734311581},"probability": 0.868265688419,"value": "bright"},"tonal_atonal": {"all": {"atonal": 0.470582127571,"tonal": 0.529417872429},"probability": 0.529417872429,"value": "tonal"},"voice_instrumental": {"all": {"instrumental": 0.0181894954294,"voice": 0.981810510159},"probability": 0.981810510159,"value": "voice"}},"metadata": {"audio_properties": {"analysis_sample_rate": 44100,"bit_rate": 0,"equal_loudness": 0,"length": 163.546661377,"lossless": 1,"replay_gain": -8.83832931519,"sample_rate": 44100,"codec": "flac","downmix": "mix","md5_encoded": "310ef89f5f956963823beeea8ef00a7f"},"tags": {"file_name": "03_The_Body_Breaks.flac","acoustid_id": ["94581c00-462e-4de5-9e3c-3f599f342734"],"album": ["Rejoicing in the Hands"],"albumartist": ["Devendra Banhart"],"albumartistsort": ["Banhart, Devendra"],"artist": ["Devendra Banhart"],"artistsort": ["Banhart, Devendra"],"asin": ["B00020W0ME"],"catalognumber": ["YG24"],"composer": ["Devendra Banhart"],"date": ["2004-05-04"],"discnumber": ["1"],"disctotal": ["1"],"genre": ["Folk; Freak Folk; Male Vocal"],"label": ["Young God Records"],"language": ["eng"],"media": ["CD"],"musicbrainz_albumartistid": ["0110e63e-0a9b-4818-af8e-41e180c20b9a"],"musicbrainz_albumid": ["56bc5f48-6084-3557-a0a1-e8651937b1e2"],"musicbrainz_artistid": ["0110e63e-0a9b-4818-af8e-41e180c20b9a"],"musicbrainz_recordingid": ["a412698b-d183-4f41-89c9-a0a26826e344"],"musicbrainz_releasegroupid": ["964fe50c-8bb3-3086-98ac-88f92cbec56a"],"musicbrainz_releasetrackid": ["4ecf1e11-170b-314c-9da0-95cf391af0f2"],"originaldate": ["2004-05-04"],"releasecountry": ["US"],"releasestatus": ["official"],"releasetype": ["album"],"script": ["Latn"],"title": ["The Body Breaks"],"totaldiscs": ["1"],"totaltracks": ["16"],"tracknumber": ["3"],"tracktotal": ["16"]},"version": {"highlevel": {"essentia": "2.1-beta5-dev","essentia_build_sha": "e74af04b57b164eed312abeef4963962215860f0","essentia_git_sha": "v2.1_beta4-499-g4013ebc","extractor": "music 2.0","gaia": "2.4.5","gaia_git_sha": "v2.4.4-44-g95f4851","models_essentia_git_sha": "v2.1_beta1"},"lowlevel": {"essentia": "2.1-beta2","essentia_build_sha": "70f2e5ece6736b2c40cc944ad0e695b16b925413","essentia_git_sha": "v2.1_beta2","extractor": "music 1.0"}}}}