{"highlevel": {"danceability": {"all": {"danceable": 0.0183181092143,"not_danceable": 0.981681883335},"probability": 0.981681883335,"value": "not_danceable"},"gender": {"all": {"female": 0.108318686485,"male": 0.891681313515},"probability": 0.891681313515,"value": "male"},"genre_dortmund": {"all": {"alternative": 0.0558925420046,"blues": 0.716789662838,"electronic": 0.0305851623416,"folkcountry": 0.0791714265943,"funksoulrnb": 0.00473509123549,"jazz": 0.0599003918469,"pop": 0.00918380916119,"raphiphop": 0.00344352261163,"rock": 0.040298383683},"probability": 0.716789662838,"value": "blues"},"genre_electronic": {"all": {"ambient": 0.820393562317,"dnb": 0.00749117415398,"house": 0.155305087566,"techno": 0.0116995638236,"trance": 0.00511058885604},"probability": 0.820393562317,"value": "ambient"},"genre_rosamerica": {"all": {"cla": 0.375390797853,"dan": 0.00578696187586,"hip": 0.0196476988494,"jaz": 0.432455301285,"pop": 0.0277930740267,"rhy": 0.0867663994431,"roc": 0.00692773004994,"spe": 0.0452320277691},"probability": 0.432455301285,"value": "jaz"},"genre_tzanetakis": {"all": {"blu": 0.0542435608804,"cla": 0.126532226801,"cou": 0.0759005472064,"dis": 0.094872944057,"hip": 0.0474578551948,"jaz": 0.126508161426,"met": 0.0632620230317,"pop": 0.189792245626,"reg": 0.0949015617371,"roc": 0.12652887404},"probability": 0.189792245626,"value": "pop"},"ismir04_rhythm": {"all": {"ChaChaCha": 0.017130734399,"Jive": 0.00292496825568,"Quickstep": 0.00680798524991,"Rumba-American": 0.0679679885507,"Rumba-International": 0.0251465775073,"Rumba-Misc": 0.0218276791275,"Samba": 0.00984568055719,"Tango": 0.792010366917,"VienneseWaltz": 0.0191477816552,"Waltz": 0.0371902137995},"probability": 0.792010366917,"value": "Tango"},"mood_acoustic": {"all": {"acoustic": 0.985945880413,"not_acoustic": 0.0140541261062},"probability": 0.985945880413,"value": "acoustic"},"mood_aggressive": {"all": {"aggressive": 0.131168112159,"not_aggressive": 0.86883187294},"probability": 0.86883187294,"value": "not_aggressive"},"mood_electronic": {"all": {"electronic": 0.208198979497,"not_electronic": 0.791801035404},"probability": 0.791801035404,"value": "not_electronic"},"mood_happy": {"all": {"happy": 0.0272648129612,"not_happy": 0.97273516655},"probability": 0.97273516655,"value": "not_happy"},"mood_party": {"all": {"not_party": 0.993551373482,"party": 0.00644862605259},"probability": 0.993551373482,"value": "not_party"},"mood_relaxed": {"all": {"not_relaxed": 1.28043375298e-05,"relaxed": 0.999987185001},"probability": 0.999987185001,"value": "relaxed"},"mood_sad": {"all": {"not_sad": 0.0193335320801,"sad": 0.980666458607},"probability": 0.980666458607,"value": "sad"},"moods_mirex": {"all": {"Cluster1": 0.0982779338956,"Cluster2": 0.177140951157,"Cluster3": 0.567601978779,"Cluster4": 0.126926586032,"Cluster5": 0.030052555725},"probability": 0.567601978779,"value": "Cluster3"},"timbre": {"all": {"bright": 0.735425233841,"dark": 0.264574766159},"probability": 0.735425233841,"value": "bright"},"tonal_atonal": {"all": {"atonal": 0.684592664242,"tonal": 0.315407305956},"probability": 0.684592664242,"value": "atonal"},"voice_instrumental": {"all": {"instrumental": 0.646801829338,"voice": 0.353198170662},"probability": 0.646801829338,"value": "instrumental"}},"metadata": {"audio_properties": {"analysis_sample_rate": 44100,"bit_rate": 128000,"equal_loudness": 0,"length": 127.32081604,"lossless": 0,"replay_gain": -4.83459281921,"sample_rate": 44100,"codec": "mp3","downmix": "mix","md5_encoded": "70981d62037a050a7ce8d49d5f856d85"},"tags": {"file_name": "John McLaughlin - Hearts and Flowers.mp3","acoustid_fingerprint": ["AQADtJIkKrOwNWFw6cxw5QPpH8lk5vCLWhz-ILtwvEuJUVHRROKqCH2S4Ee6Qw9i6hEaLU2U4F_Q_PiDdIc-I5dCPOTwFD3S5EgYMUPxoxZzOIxwJwkqSwh0frjFIHqM5jN65MrxHz-mPPBDxggtoglzvHnQRBRVHHeQIykVNFKSosIlB_Dx4xmeHOGThYB2KseRD4_2ECfJoUeYH89rKE9w5MfpPMJpoM-OJynCHDpxIcyyHE_gJ0qE0HOg448Q5gy6Bj_6HM2voPbxo7mOBz-eYO6DXEfy6mj65ehJFneO-ziV4HhEhP6h5cil43SLR5qCKdN2dD0eJsePSw9-4uMRMmsNMWrRE3-EEzheRM-FXDzePPhxqG6Ry0PjZ0L9EF1DNEeYi0EoK8eDDz9-oEdT7ki-IFdXfGSSYJ_BCzueGe8CP7jwK3iQK0edQMuVGXmU4jqOOYmugNXx40eP5gpOTjrylNAvCnkdNDrOCB_B_MGVE_lrPPClHI9y4aMSxMyTGN-CUxSaJ0GvHD9Ba9h7B6guNEmLBz2a5sGP5jv8JIdGXsGPr7gUfHqOPvBLVOeI18UpH3qG_7AeYvSC6zsysWqRHPuJJw_65oHD4zq6I3mCHHNwHD-aP9i_oXmm4HqiI36Q8MnwbMep59iP-hkaG7lyqKeQn1j2_OglTkhmLhLyJAt1_HgqrTj84jmuBHl2NEN_PEmOQ0ce6cP1JGg0Sx96_MX_DCMT40gXKE8i5MJT9LnRjHmCZ7Rw9B26Zj2e9Mh_9EGY58cz5RHuYDvxsIF3Yz9OItmZJAjz4iLOHHe440pTHMd5XAl9NFWW43oi3IpyPD6SkT7yPMSe48OTgrCXMnhiJNqRZ0d_uEno4cTVY3tu_ES_BPkC_0mg8xmuPNHhzkSeRcUPP1FwHX8SVBymXAffCye8pfgy42h-9GkT7BeO5AqRPsXsJ_hBnfgH_kbJH83DBs_xUHyQKXiiJNCpB8Zp5MrSIGbwwArTDaM_6E-MJ0mO_COe45mVoiSPvhVO5EqO5DuaHF0e3D6-BM1e9ImCJzx65E-gPUR8C91sTLmC_ymejAUjJQ-8PrCZoCSPUVmOOH-ExorCENqJMGN2lFEYPMe-lPAPrh-OC1ZDKXg-_BzSEvqDXBreZD4eXA9OISfkw79wOib00mgqJgif-DAbRD_0LA3yRzi-RA4LrxqFT8iP5HmKD49y45IVeDnyHMlbfMeT43gOf42O08HzVCNO6fjCIlKSzId6JFLRPE_xUNgVLkFzVAofPHmEpq8G7cHxw2eaJHii4youHM-xJTfOHfyOyYqSJ0hnEeLyBP0RnfiXsKgyeviW4_-QhcygG2Uhcp1w5oKWNI-E7kfz5IV-eMwhUcfFLI2gvZhyPPOhP8iPc-iShoSjRRJxHluP8seP_EHto_EDaVRmTEqVwReaZVkUnPiTBHoquBRiJvNw58ZzEunY4j4SH6MUHl4yBkyC_jnIZyJcRU-E11fxWLh4VEdzI5eP5GCjHM2YFj0TXD9-w4uWD1H7aNC8oXkuhJuOxh9OO0dyMkX6Hccl7XiSJJEYXNfQ6ArCl0h6HI-SHE_QK0dzE2cWNUaeH8ITZQhTJSr67HiW4xkfnMezPHAt_DhyBQkf5cGFLwl3VPwimPvxL8TJDP2JJ0h-5HnQRE6IKj8e0tgpSfiCM0ceUtAyhSLCx8cxZeEDP0X5Ew9OwsnDS_hRK0WzBc2ioHYafIafBH-QH_KiI08wnSv8-fgDJpWU45EwpjocpUd-nOHxTDlcMUfyO8J5FaeCpkefEI8YHMeUUI2OXodcVeCjoD-Mzc1wD0fV48xT5Nk1aDk0pVmOmJlkET8-hvB1XEyMJ0FIskJyNDmeSQp-vBX8HPtxPQgT30jcjDqaeMLXo8orNGmIUznyIOFyEg-xLxaews-HD08wZQ-RpUGSJ7fwkPCJK7iI5jyK73ge1JlS-DseID4KPUf-WJiOHnxCJLV-5DjYlMe74yyaHP3Bw9_xE_kDPRdyKXiOeQ-uH1UOR7oG80LjP7jwD6eL5BJ6PcFfQbuGB00-9MG1HHrxC5HRd3Cu9DC5o2cmPEd2XMRv0EfxIz9-YMqF42rQcEeoQh-LmHvww8Z_nMbbBN8ZnMSPJw2aZwxK_sihkMrx48cv4Rf0f2g-BzvSRwifBNDxRDlyRWieJEH1JPjxItDyIPyP5wmOB0-C4_hyPHZQPhX-w39YhDN0BvlyfEGz6gh_3IJ8RNdxB38C8wmuCzk0PhfCcCx-4gSaPwNjCb92oeQXNEq2iLgS5biDH5kqPUiOZhHKY8_xLA18SUaVa2iWLRmaaUEtpiHeGsff4EfzBCHTIflxhRsmxzyYnOi_hNjkL8Z3I0yd4BOOTzmSiw5-XA-aMkml4smDMktx_NiRX0hYJfnAD5c2NPqL8jhB7FeQ_0iulMQT8kFzdD-OfDuSJzjRJymmnAT7Y04fvD_ODI_R4zF85vAHvyoROoqRXIP_BCexPxhFHV-PXsqIKdaFU4zxInmQH03MoN_x8Xhu_EcWq8qGOw_kHPmRyw7GFjquIT7841ZQao-QWIquIdbRPBVKZsejHEd_-EuNvsePZ7jQxhZx5Et0iIp0hCqT4xT6D_7Q57hEPElyBPoBIoACBAlFICWCOYIMMEA4YIRxyBoKhBAECSQMUAYgjIASAlTqFHAACSEIOkgQKgAwwjEEABMGEkWISAwIAIAFwAgLCIGKEWKMYQAIAIUiEDlAhBPMCOOAIYopR4RQADODBDOGCG4EgAQixBCFRBhjEIkACGSYOIQoxjxQADSriCBMEUYQVMIIA0AwTAhhmTACOSEEtQgJ4gAQRmAgCMAIMEQMIAASgDAihAFAmcSMEZAkEhAgJIAFBBABtFAGWOAEAEIAYplYzBFCjXEEsQGAEMIhBABRjgFjCBBCMSUEAUQQAAATlFCmELACAMsMIwIwAhQwQghBtAdKCWEIMoBAJYwgQACAjEAAGYUIAQAaAowgiBECHFPICCQA8AIIAiAzBDDgmAEIMsGIMkYoBIABAjmtkKBEECGVYEIAhUBAiFCBlQAKAAMESIoMjBgwQjiBFEDCSACAYoI54BACiFCKBAAAEGKAEUIqAIADABEHmCAKOWEAEQYoYRwABBgFMBEAICKsQgwAwABhUgGHAHFEKCUQIU5AgRggBDIhDBEAEOIANcIapYCABhgkFAQACMaIMgAxgqBhSApABBBIIYYIIIwpZLUSAggghCHKKYKIEQBQajRxhABTkEAIAQCwA9AYR7UShAqAJBEEMACBAAogCYxYB0BEjCCPEGGwcIYRgggCQFEEjADKGEGAQEoBKhAijDkhGOVAOAEZAcghwISwCgGgCRICKYG5IEgJx4wyEiEFjEDCIIIIIgIBwBAFFDrCgADCCIkcEcIYBogFSRHCHAKGOQMgkgYIwaIgADmiFAFAiGEAIRoBAQAQRihDHVSOKCOAM0CAQBEwAmHikEMMKC4QUWYBAAxADjCFFFGGIQBkEswR4BBAQgBjlFSMOMIMMoQ6pBQQAAHJEDDIAAEQUcA4AoVSRiAAABCkCQoIAQQAIoAggHABihBIKUAAAJZAI4k0SCABESEKDCSAY8oEWQQWiBitACGQMQ"],"acoustid_id": ["07f192dd-0151-4d64-a994-c4b00ca71a8e"],"album": ["My Goal's Beyond"],"artist": ["John McLaughlin"],"bpm": ["113.79"],"date": ["1971"],"genre": ["Jazz"],"musicbrainz album release country": ["United States"],"musicbrainz album type": ["Album"],"musicbrainz_albumartistid": ["fcbc2086-5863-4659-b03d-44be704697d2"],"musicbrainz_albumid": ["35ffe942-03d8-40f7-b8e9-d27719cd93a5"],"musicbrainz_artistid": ["fcbc2086-5863-4659-b03d-44be704697d2"],"musicbrainz_recordingid": ["a42eb331-559b-425a-b5c1-7757bf0031ea"],"musicip_puid": ["0e8aaa86-f2ef-c236-53e5-cf902c7dcc7f"],"title": ["Hearts and Flowers"],"tracknumber": ["05"]},"version": {"highlevel": {"essentia": "2.1-beta5-dev",