{"highlevel": {"danceability": {"all": {"danceable": 0.753794252872,"not_danceable": 0.246205747128},"probability": 0.753794252872,"value": "danceable"},"gender": {"all": {"female": 0.93364828825,"male": 0.0663517266512},"probability": 0.93364828825,"value": "female"},"genre_dortmund": {"all": {"alternative": 0.0468963682652,"blues": 0.0071784844622,"electronic": 0.925278604031,"folkcountry": 0.00984449964017,"funksoulrnb": 0.000627291854471,"jazz": 0.00189365353435,"pop": 0.00136001780629,"raphiphop": 0.000465638004243,"rock": 0.00645541772246},"probability": 0.925278604031,"value": "electronic"},"genre_electronic": {"all": {"ambient": 0.730789422989,"dnb": 0.0261928979307,"house": 0.114474542439,"techno": 0.0154546564445,"trance": 0.113088473678},"probability": 0.730789422989,"value": "ambient"},"genre_rosamerica": {"all": {"cla": 0.0451962426305,"dan": 0.0171343423426,"hip": 0.0180296115577,"jaz": 0.04114927724,"pop": 0.538415193558,"rhy": 0.0769095569849,"roc": 0.257456451654,"spe": 0.00570928305387},"probability": 0.538415193558,"value": "pop"},"genre_tzanetakis": {"all": {"blu": 0.0626613423228,"cla": 0.0348169617355,"cou": 0.104475811124,"dis": 0.0784321576357,"hip": 0.15692435205,"jaz": 0.313974827528,"met": 0.0448166541755,"pop": 0.0627359300852,"reg": 0.0627360641956,"roc": 0.0784258767962},"probability": 0.313974827528,"value": "jaz"},"ismir04_rhythm": {"all": {"ChaChaCha": 0.657628536224,"Jive": 0.06390863657,"Quickstep": 0.00876495614648,"Rumba-American": 0.0435223206878,"Rumba-International": 0.0134730059654,"Rumba-Misc": 0.00785537716001,"Samba": 0.0270299017429,"Tango": 0.139889076352,"VienneseWaltz": 0.0321379341185,"Waltz": 0.0057902559638},"probability": 0.657628536224,"value": "ChaChaCha"},"mood_acoustic": {"all": {"acoustic": 0.0207795649767,"not_acoustic": 0.979220449924},"probability": 0.979220449924,"value": "not_acoustic"},"mood_aggressive": {"all": {"aggressive": 0.0394769012928,"not_aggressive": 0.96052312851},"probability": 0.96052312851,"value": "not_aggressive"},"mood_electronic": {"all": {"electronic": 0.817217409611,"not_electronic": 0.182782575488},"probability": 0.817217409611,"value": "electronic"},"mood_happy": {"all": {"happy": 0.0521205626428,"not_happy": 0.947879433632},"probability": 0.947879433632,"value": "not_happy"},"mood_party": {"all": {"not_party": 0.552102804184,"party": 0.447897166014},"probability": 0.552102804184,"value": "not_party"},"mood_relaxed": {"all": {"not_relaxed": 0.665243029594,"relaxed": 0.334757000208},"probability": 0.665243029594,"value": "not_relaxed"},"mood_sad": {"all": {"not_sad": 0.832822084427,"sad": 0.167177945375},"probability": 0.832822084427,"value": "not_sad"},"moods_mirex": {"all": {"Cluster1": 0.165353000164,"Cluster2": 0.213681846857,"Cluster3": 0.138426959515,"Cluster4": 0.169753059745,"Cluster5": 0.312785148621},"probability": 0.312785148621,"value": "Cluster5"},"timbre": {"all": {"bright": 0.203439995646,"dark": 0.796559989452},"probability": 0.796559989452,"value": "dark"},"tonal_atonal": {"all": {"atonal": 0.938117861748,"tonal": 0.0618821308017},"probability": 0.938117861748,"value": "atonal"},"voice_instrumental": {"all": {"instrumental": 0.91731351614,"voice": 0.0826864764094},"probability": 0.91731351614,"value": "instrumental"}},"metadata": {"audio_properties": {"analysis_sample_rate": 44100,"bit_rate": 0,"equal_loudness": 0,"length": 214.559997559,"lossless": 1,"replay_gain": -14.9463024139,"sample_rate": 44100,"codec": "flac","downmix": "mix","md5_encoded": "1fc01122891a114b3cad631b1235f856"},"tags": {"file_name": "04 Let Me Break.flac","album": ["Emigrate"],"albumartist": ["Emigrate"],"albumartistsort": ["Emigrate"],"analysis": ["MusicMagic DataAgEB41gVvpqfTv7IiJG5PVH6pQ+DRoZU6PSZvVEVowEIV4ABi8f1J6vElvKp3ZLUhIiAARQ0vz8S1uPH0unMVvcZAwLDBek7gAKAAb0Wo1PNHoPDFx5EWIkkg3SKrObGnJJX4LtBCvGWg5E26U6umNKGunmz84QYgAEoo589LQTpEdwk1XPt9\/vQukH0ubrNgAE="],"artist": ["Emigrate"],"artistsort": ["Emigrate"],"asin": ["B000SNUMXY"],"barcode": ["4260085870622"],"catalognumber": ["MOT06252"],"composer": ["Richard Z. Kruspe"],"date": ["2007-08-31"],"discid": ["c60c1b0d"],"fingerprint": ["MusicMagic FingerprintARTKLkpAqCpkIDod7iLGG1AQZhCgFjoPXAqHDKgJmRCoCoEJEQqFCv8XkxDTDYUOXgpbBxYHQQYoBTAEWwQUAzkDOgMMAp4ClQJFAjcB7QHH0Nyp\/QFFDSUtgAbTLBsQMBHkETr96wehBmb9vgO\/9mkHZPw1Anj+6+ez+mUIZxEyCYUJBgl7BkwDiALQAzgCZAIeAl8B4wJFAe8BbAFeAVke\/A6qNkACogXa1qwbjQLu\/qYH29Yk5ev9YfOz+CfPSPSz878EcvUpx+znyPNh+Er3x\/mr9\/f5l\/v4\/Dj8xv2l\/aj9kf2r\/br+r\/4T\/ob+tPTc50dGcOu+EEohS6ow6awHePJl9BUK2\/7s+Sb98v0LBq\/3FQAA\/x70jgO\/BSsD7QNZBWQEuwI5AX8ENAS2A70C8AKGAc4CfQIKAjACDQGUJuD+X+fq\/lA+x7R73hn5uB4\/DoDxtQ8xEeH+DQW9FFMLsPcLChwMvhCaCEoIKgfwA+8D2AhSBBICUQMiAyoCOQH8AfABiQGxAXoBRQFPAQfznOdsLNfp5gcI3+UkXL684NoHhg007oz6oQchAh8VeAXoBWgBH\/mQNcAMSvPC5\/P0lvXi8Dz5if4s\/6r92\/8M\/wP\/MP+Q\/xv+tP+9\/\/L\/kAAxItzf\/\/4NOf8g5wWfujX63wG3HP4H2AOUDPcKc9JaBiwOTffU9NHglP0v\/Yb9EAC8\/l77\/wCZAk4BCQHqAYEBawFZAKkBSwCRAHUAlwDZREEsIA=="],"format": ["CD"],"genre": ["Alternative Rock"],"label": ["Motor Music"],"language": ["eng"],"lyricist": ["Caron Bernstein", "Richard Z. Kruspe"],"mixer": ["Stefan Glaumann"],"musicbrainz_albumartistid": ["1945e27b-5b00-4dc7-bd0a-7c653cb68f45"],"musicbrainz_albumid": ["fa59613e-4dbe-480f-ab6c-c3156b42ba70"],"musicbrainz_artistid": ["1945e27b-5b00-4dc7-bd0a-7c653cb68f45"],"musicbrainz_discid": ["dTyvQS0EiFE8inemeiedzHjBUcQ-"],"musicbrainz_recordingid": ["a4604aed-9562-49a5-a86d-f94f0955eee7"],"musicip_puid": ["740693d3-3fd7-b751-5eb0-fb47b737ed34"],"originaldate": ["2007-08-31"],"performer": ["Henka Johansson (drums)", "Olsen Involtini (additional electric guitar)", "Richard Z. Kruspe (lead vocal)", "Arnaud Giroux (electric bass guitar)", "Richard Z. Kruspe (electric guitar)"],"producer": ["Arnaud Giroux", "Richard Z. Kruspe", "Jacob Hellner", "Olsen Involtini"],"releasecountry": ["DE"],"releasestatus": ["official"],"releasetype": ["album"],"replaygain_album_gain": ["-9.30 dB"],"replaygain_album_peak": ["0.99993896"],"replaygain_reference_loudness": ["89.0 dB"],"replaygain_track_gain": ["-10.10 dB"],"replaygain_track_peak": ["0.99902344"],"script": ["Latn"],"title": ["Let Me Break"],"totaltracks": ["13"],"tracknumber": ["4"],"tracktotal": ["13"]},"version": {"highlevel": {"essentia": "2.1-beta5-dev","essentia_build_sha": "e74af04b57b164eed312abeef4963962215860f0","essentia_git_sha": "v2.1_beta4-499-g4013ebc","extractor": "music 2.0","gaia": "2.4.5","gaia_git_sha": "v2.4.4-44-g95f4851","models_essentia_git_sha": "v2.1_beta1"},"lowlevel": {"essentia": "2.1-beta1","essentia_build_sha": "ca57ba49d9b1854bd80e60cf9ccf267278fb7d6b","essentia_git_sha": "v2.1_beta1-28-g21ef5f4-dirty","extractor": "music 1.0"}}}}