{"highlevel": {"danceability": {"all": {"danceable": 0.906131088734,"not_danceable": 0.0938689187169},"probability": 0.906131088734,"value": "danceable"},"gender": {"all": {"female": 0.559060811996,"male": 0.440939217806},"probability": 0.559060811996,"value": "female"},"genre_dortmund": {"all": {"alternative": 0.4730938375,"blues": 0.0300710126758,"electronic": 0.156943589449,"folkcountry": 0.0846140086651,"funksoulrnb": 0.00458968570456,"jazz": 0.00689124595374,"pop": 0.0235658548772,"raphiphop": 0.00255672214553,"rock": 0.217674046755},"probability": 0.4730938375,"value": "alternative"},"genre_electronic": {"all": {"ambient": 0.714505910873,"dnb": 0.0516212433577,"house": 0.0334362462163,"techno": 0.00803904794157,"trance": 0.192397549748},"probability": 0.714505910873,"value": "ambient"},"genre_rosamerica": {"all": {"cla": 0.00586277479306,"dan": 0.0242785960436,"hip": 0.00959586445242,"jaz": 0.0068370718509,"pop": 0.125141695142,"rhy": 0.033915836364,"roc": 0.79256439209,"spe": 0.0018037497066},"probability": 0.79256439209,"value": "roc"},"genre_tzanetakis": {"all": {"blu": 0.0626613423228,"cla": 0.0348169617355,"cou": 0.104475811124,"dis": 0.0784321576357,"hip": 0.15692435205,"jaz": 0.313974827528,"met": 0.0448166541755,"pop": 0.0627359300852,"reg": 0.0627360641956,"roc": 0.0784258767962},"probability": 0.313974827528,"value": "jaz"},"ismir04_rhythm": {"all": {"ChaChaCha": 0.151855185628,"Jive": 0.154564127326,"Quickstep": 0.0164201967418,"Rumba-American": 0.0152562819421,"Rumba-International": 0.0205131173134,"Rumba-Misc": 0.0143239051104,"Samba": 0.0456743389368,"Tango": 0.0588137321174,"VienneseWaltz": 0.507256686687,"Waltz": 0.0153224198148},"probability": 0.507256686687,"value": "VienneseWaltz"},"mood_acoustic": {"all": {"acoustic": 0.0257102288306,"not_acoustic": 0.974289774895},"probability": 0.974289774895,"value": "not_acoustic"},"mood_aggressive": {"all": {"aggressive": 0.5,"not_aggressive": 0.5},"probability": 0.5,"value": "aggressive"},"mood_electronic": {"all": {"electronic": 0.186901137233,"not_electronic": 0.813098847866},"probability": 0.813098847866,"value": "not_electronic"},"mood_happy": {"all": {"happy": 0.639082849026,"not_happy": 0.360917121172},"probability": 0.639082849026,"value": "happy"},"mood_party": {"all": {"not_party": 0.595096766949,"party": 0.404903203249},"probability": 0.595096766949,"value": "not_party"},"mood_relaxed": {"all": {"not_relaxed": 0.936769723892,"relaxed": 0.063230253756},"probability": 0.936769723892,"value": "not_relaxed"},"mood_sad": {"all": {"not_sad": 0.619656741619,"sad": 0.380343228579},"probability": 0.619656741619,"value": "not_sad"},"moods_mirex": {"all": {"Cluster1": 0.187072739005,"Cluster2": 0.24318087101,"Cluster3": 0.247304722667,"Cluster4": 0.130361452699,"Cluster5": 0.192080199718},"probability": 0.247304722667,"value": "Cluster3"},"timbre": {"all": {"bright": 0.125012516975,"dark": 0.874987483025},"probability": 0.874987483025,"value": "dark"},"tonal_atonal": {"all": {"atonal": 0.0400168225169,"tonal": 0.959983170033},"probability": 0.959983170033,"value": "tonal"},"voice_instrumental": {"all": {"instrumental": 0.0106678977609,"voice": 0.989332079887},"probability": 0.989332079887,"value": "voice"}},"metadata": {"audio_properties": {"analysis_sample_rate": 44100,"bit_rate": 0,"equal_loudness": 0,"length": 150.666671753,"lossless": 1,"replay_gain": -14.0406322479,"codec": "flac","downmix": "mix","md5_encoded": "a9ecd6022c2a172e06c2bc0c814c87ac"},"tags": {"file_name": "04 - Beatsteaks - Soothe Me.flac","acoustid_id": ["bd27e3e3-f89e-41eb-bbb3-42a3a9d5accf"],"album": ["Living Targets"],"albumartist": ["Beatsteaks"],"artist": ["Beatsteaks"],"date": ["2002-01-28"],"discnumber": ["1"],"disctotal": ["1"],"musicbrainz_albumartistid": ["a9b88ebb-83aa-4ef7-b674-fabeb572c14e"],"musicbrainz_albumid": ["bce798b3-0189-4b5e-80f7-b6eef583cf09"],"musicbrainz_artistid": ["a9b88ebb-83aa-4ef7-b674-fabeb572c14e"],"musicbrainz_recordingid": ["df81613a-9732-4507-8170-4d7a6c0c131a"],"musicbrainz_releasegroupid": ["2e753ab7-a2f8-3a5d-a6e3-86a2d92d024a"],"replaygain_album_gain": ["-10.05 dB"],"replaygain_album_peak": ["1.000000"],"replaygain_track_gain": ["-9.27 dB"],"replaygain_track_peak": ["0.988617"],"title": ["Soothe Me"],"tracknumber": ["4"],"tracktotal": ["12"]},"version": {"highlevel": {"essentia": "2.1-beta5-dev","essentia_build_sha": "e74af04b57b164eed312abeef4963962215860f0","essentia_git_sha": "v2.1_beta4-499-g4013ebc","extractor": "music 2.0","gaia": "2.4.5","gaia_git_sha": "v2.4.4-44-g95f4851","models_essentia_git_sha": "v2.1_beta1"},"lowlevel": {"essentia": "2.1-beta1","essentia_build_sha": "46c2b6830b139c2e69ed9f3e0d9145e1b8fbae31","essentia_git_sha": "v2.1_beta1-6-g5578087","extractor": "music 1.0"}}}}