{"highlevel": {"danceability": {"all": {"danceable": 0.655569672585,"not_danceable": 0.344430297613},"probability": 0.655569672585,"value": "danceable"},"gender": {"all": {"female": 0.359581798315,"male": 0.640418231487},"probability": 0.640418231487,"value": "male"},"genre_dortmund": {"all": {"alternative": 0.056850720197,"blues": 0.00756881199777,"electronic": 0.909233510494,"folkcountry": 0.0113659668714,"funksoulrnb": 0.000902272760868,"jazz": 0.00137033814099,"pop": 0.00218625995331,"raphiphop": 0.000742332718801,"rock": 0.00977977178991},"probability": 0.909233510494,"value": "electronic"},"genre_electronic": {"all": {"ambient": 0.311550825834,"dnb": 0.0382558815181,"house": 0.245585009456,"techno": 0.0194516479969,"trance": 0.38515663147},"probability": 0.38515663147,"value": "trance"},"genre_rosamerica": {"all": {"cla": 0.00209371489473,"dan": 0.0161001179367,"hip": 0.00258655869402,"jaz": 0.00427259597927,"pop": 0.193778201938,"rhy": 0.0311087127775,"roc": 0.747757613659,"spe": 0.00230249995366},"probability": 0.747757613659,"value": "roc"},"genre_tzanetakis": {"all": {"blu": 0.0626613423228,"cla": 0.0348169617355,"cou": 0.104475811124,"dis": 0.0784321576357,"hip": 0.15692435205,"jaz": 0.313974827528,"met": 0.0448166541755,"pop": 0.0627359300852,"reg": 0.0627360641956,"roc": 0.0784258767962},"probability": 0.313974827528,"value": "jaz"},"ismir04_rhythm": {"all": {"ChaChaCha": 0.245816037059,"Jive": 0.186704561114,"Quickstep": 0.0328765511513,"Rumba-American": 0.0801436007023,"Rumba-International": 0.0411288291216,"Rumba-Misc": 0.0308469031006,"Samba": 0.0864413902164,"Tango": 0.157241672277,"VienneseWaltz": 0.117054864764,"Waltz": 0.0217455793172},"probability": 0.245816037059,"value": "ChaChaCha"},"mood_acoustic": {"all": {"acoustic": 0.0462706834078,"not_acoustic": 0.953729331493},"probability": 0.953729331493,"value": "not_acoustic"},"mood_aggressive": {"all": {"aggressive": 0.136635348201,"not_aggressive": 0.863364636898},"probability": 0.863364636898,"value": "not_aggressive"},"mood_electronic": {"all": {"electronic": 0.139009937644,"not_electronic": 0.860990047455},"probability": 0.860990047455,"value": "not_electronic"},"mood_happy": {"all": {"happy": 0.486464560032,"not_happy": 0.513535439968},"probability": 0.513535439968,"value": "not_happy"},"mood_party": {"all": {"not_party": 0.573698699474,"party": 0.426301300526},"probability": 0.573698699474,"value": "not_party"},"mood_relaxed": {"all": {"not_relaxed": 0.323131740093,"relaxed": 0.676868259907},"probability": 0.676868259907,"value": "relaxed"},"mood_sad": {"all": {"not_sad": 0.743791162968,"sad": 0.256208866835},"probability": 0.743791162968,"value": "not_sad"},"moods_mirex": {"all": {"Cluster1": 0.101747237146,"Cluster2": 0.148538395762,"Cluster3": 0.154365584254,"Cluster4": 0.140223354101,"Cluster5": 0.455125421286},"probability": 0.455125421286,"value": "Cluster5"},"timbre": {"all": {"bright": 0.98399502039,"dark": 0.0160049758852},"probability": 0.98399502039,"value": "bright"},"tonal_atonal": {"all": {"atonal": 0.811663150787,"tonal": 0.188336864114},"probability": 0.811663150787,"value": "atonal"},"voice_instrumental": {"all": {"instrumental": 0.0142903365195,"voice": 0.985709667206},"probability": 0.985709667206,"value": "voice"}},"metadata": {"audio_properties": {"analysis_sample_rate": 44100,"bit_rate": 160016,"equal_loudness": 0,"length": 257.802459717,"lossless": 0,"replay_gain": -15.2252674103,"sample_rate": 44100,"codec": "mp3","downmix": "mix","md5_encoded": "17f0affaecec3f1eb96cfa4955d43333"},"tags": {"file_name": "Great Northern - Houses.mp3","album": ["Remind Me Where the Light Is"],"albumartist": ["Great Northern"],"albumartistsort": ["Great Northern"],"artist": ["Great Northern"],"artistsort": ["Great Northern"],"asin": ["B001UW596W"],"barcode": ["692560003623"],"catalognumber": ["em036-2"],"date": ["2009"],"discnumber": ["1\/1"],"encoding": ["Lavf56.36.100"],"label": ["Eenie Meenie Records"],"media": ["CD"],"musicbrainz album release country": ["US"],"musicbrainz album status": ["official"],"musicbrainz album type": ["album"],"musicbrainz_albumartistid": ["744a5a80-fb84-4a49-b4a2-d514ca905b66"],"musicbrainz_albumid": ["5b7d0866-26ca-406e-bd9c-eba1c5295f8f"],"musicbrainz_artistid": ["744a5a80-fb84-4a49-b4a2-d514ca905b66"],"musicbrainz_recordingid": ["e205666a-46cf-489c-a827-e1c86781333a"],"musicbrainz_releasegroupid": ["2ae6e77c-b560-360c-b2ab-dfb2f44bce96"],"originaldate": ["2009"],"originalyear": ["2009"],"script": ["Latn"],"title": ["Houses"],"tracknumber": ["2\/11"]},"version": {"highlevel": {"essentia": "2.1-beta5-dev","essentia_build_sha": "e74af04b57b164eed312abeef4963962215860f0","essentia_git_sha": "v2.1_beta4-499-g4013ebc","extractor": "music 2.0","gaia": "2.4.5","gaia_git_sha": "v2.4.4-44-g95f4851","models_essentia_git_sha": "v2.1_beta1"},"lowlevel": {"essentia": "2.1-beta2","essentia_build_sha": "70f2e5ece6736b2c40cc944ad0e695b16b925413","essentia_git_sha": "v2.1_beta2","extractor": "music 1.0"}}}}