{"highlevel": {"danceability": {"all": {"danceable": 0.923527181149,"not_danceable": 0.0764728412032},"probability": 0.923527181149,"value": "danceable"},"gender": {"all": {"female": 0.971788048744,"male": 0.028211960569},"probability": 0.971788048744,"value": "female"},"genre_dortmund": {"all": {"alternative": 0.000748397840653,"blues": 5.23374110344e-05,"electronic": 0.99884647131,"folkcountry": 0.000204659969313,"funksoulrnb": 7.40340601624e-06,"jazz": 5.67381939618e-05,"pop": 1.39386584124e-05,"raphiphop": 1.07359448975e-06,"rock": 6.90029046382e-05},"probability": 0.99884647131,"value": "electronic"},"genre_electronic": {"all": {"ambient": 0.336274147034,"dnb": 0.00793774053454,"house": 0.216486394405,"techno": 0.0238165389746,"trance": 0.415485173464},"probability": 0.415485173464,"value": "trance"},"genre_rosamerica": {"all": {"cla": 0.0101137375459,"dan": 0.0243911109865,"hip": 0.00398408528417,"jaz": 0.019971260801,"pop": 0.668208956718,"rhy": 0.193091094494,"roc": 0.0781707167625,"spe": 0.00206903135404},"probability": 0.668208956718,"value": "pop"},"genre_tzanetakis": {"all": {"blu": 0.0519577711821,"cla": 0.0346381738782,"cou": 0.103935204446,"dis": 0.0780208408833,"hip": 0.15609832108,"jaz": 0.312322646379,"met": 0.0445828437805,"pop": 0.0624094121158,"reg": 0.0780136138201,"roc": 0.0780211687088},"probability": 0.312322646379,"value": "jaz"},"ismir04_rhythm": {"all": {"ChaChaCha": 0.00352837587707,"Jive": 0.00409412849694,"Quickstep": 0.000233533632127,"Rumba-American": 0.000571268203203,"Rumba-International": 0.000566022936255,"Rumba-Misc": 0.000417719624238,"Samba": 0.000997442170046,"Tango": 0.948831677437,"VienneseWaltz": 0.0405708402395,"Waltz": 0.000188981997781},"probability": 0.948831677437,"value": "Tango"},"mood_acoustic": {"all": {"acoustic": 0.366997599602,"not_acoustic": 0.633002400398},"probability": 0.633002400398,"value": "not_acoustic"},"mood_aggressive": {"all": {"aggressive": 0.0562503561378,"not_aggressive": 0.943749666214},"probability": 0.943749666214,"value": "not_aggressive"},"mood_electronic": {"all": {"electronic": 0.785139381886,"not_electronic": 0.214860647917},"probability": 0.785139381886,"value": "electronic"},"mood_happy": {"all": {"happy": 0.774269759655,"not_happy": 0.225730240345},"probability": 0.774269759655,"value": "happy"},"mood_party": {"all": {"not_party": 0.867441952229,"party": 0.132558017969},"probability": 0.867441952229,"value": "not_party"},"mood_relaxed": {"all": {"not_relaxed": 0.105071410537,"relaxed": 0.894928574562},"probability": 0.894928574562,"value": "relaxed"},"mood_sad": {"all": {"not_sad": 0.665173649788,"sad": 0.334826350212},"probability": 0.665173649788,"value": "not_sad"},"moods_mirex": {"all": {"Cluster1": 0.109602980316,"Cluster2": 0.223982900381,"Cluster3": 0.206529781222,"Cluster4": 0.267596006393,"Cluster5": 0.192288354039},"probability": 0.267596006393,"value": "Cluster4"},"timbre": {"all": {"bright": 0.999999940395,"dark": 8.60761133481e-08},"probability": 0.999999940395,"value": "bright"},"tonal_atonal": {"all": {"atonal": 0.969077587128,"tonal": 0.03092238307},"probability": 0.969077587128,"value": "atonal"},"voice_instrumental": {"all": {"instrumental": 0.957569539547,"voice": 0.0424304753542},"probability": 0.957569539547,"value": "instrumental"}},"metadata": {"audio_properties": {"analysis_sample_rate": 44100,"bit_rate": 0,"equal_loudness": 0,"length": 269.42666626,"lossless": 1,"replay_gain": -11.7662811279,"sample_rate": 44100,"codec": "flac","downmix": "mix","md5_encoded": "59e3d33feaa1a3fe65d239431af2ec0a"},"tags": {"file_name": "02 - Lose It.flac","acoustid_id": ["8c01b121-af36-4cce-8b73-8a4a9b4eb81a"],"album": ["Feel It Break"],"albumartist": ["Austra"],"albumartistsort": ["Austra"],"artist": ["Austra"],"artistsort": ["Austra"],"asin": ["B004SU1B2E"],"barcode": ["5034202027027"],"catalognumber": ["WIGCD270"],"date": ["2011-05-16"],"discnumber": ["1"],"disctotal": ["1"],"isrc": ["GBCEL1001067"],"label": ["Domino"],"language": ["eng"],"media": ["CD"],"musicbrainz_albumartistid": ["af9e8d94-d471-4f91-82c7-250c22545162"],"musicbrainz_albumid": ["26ffc3a6-b1f7-4e79-b770-709a71503414"],"musicbrainz_artistid": ["af9e8d94-d471-4f91-82c7-250c22545162"],"musicbrainz_recordingid": ["849a2562-2fa3-4e59-af30-4f5880030d45"],"originaldate": ["2011-05-16"],"releasecountry": ["GB"],"releasestatus": ["official"],"releasetype": ["album"],"script": ["Latn"],"title": ["Lose It"],"totaldiscs": ["1"],"totaltracks": ["11"],"tracknumber": ["2"],"tracktotal": ["11"]},"version": {"highlevel": {"essentia": "2.1-beta5-dev","essentia_build_sha": "e74af04b57b164eed312abeef4963962215860f0","essentia_git_sha": "v2.1_beta4-499-g4013ebc","extractor": "music 2.0","gaia": "2.4.5","gaia_git_sha": "v2.4.4-44-g95f4851","models_essentia_git_sha": "v2.1_beta1"},"lowlevel": {"essentia": "2.1-beta2","essentia_build_sha": "70f2e5ece6736b2c40cc944ad0e695b16b925413","essentia_git_sha": "v2.1_beta2","extractor": "music 1.0"}}}}