{"highlevel": {"danceability": {"all": {"danceable": 0.0658459737897,"not_danceable": 0.934154033661},"probability": 0.934154033661,"value": "not_danceable"},"gender": {"all": {"female": 0.968726217747,"male": 0.0312737934291},"probability": 0.968726217747,"value": "female"},"genre_dortmund": {"all": {"alternative": 0.156544685364,"blues": 0.0808499827981,"electronic": 0.228909432888,"folkcountry": 0.0658938214183,"funksoulrnb": 0.0145244915038,"jazz": 0.0302672404796,"pop": 0.0310511346906,"raphiphop": 0.0081752827391,"rock": 0.383783936501},"probability": 0.383783936501,"value": "rock"},"genre_electronic": {"all": {"ambient": 0.249254763126,"dnb": 0.163717284799,"house": 0.119514383376,"techno": 0.034341134131,"trance": 0.433172434568},"probability": 0.433172434568,"value": "trance"},"genre_rosamerica": {"all": {"cla": 0.00641961023211,"dan": 0.0101842572913,"hip": 0.0574202612042,"jaz": 0.00194361584727,"pop": 0.0164680909365,"rhy": 0.00793487299234,"roc": 0.899299681187,"spe": 0.000329586444423},"probability": 0.899299681187,"value": "roc"},"genre_tzanetakis": {"all": {"blu": 0.0626541376114,"cla": 0.0348133966327,"cou": 0.0783501937985,"dis": 0.104547761381,"hip": 0.15693578124,"jaz": 0.313987255096,"met": 0.044816005975,"pop": 0.0627349764109,"reg": 0.0627352520823,"roc": 0.0784252434969},"probability": 0.313987255096,"value": "jaz"},"ismir04_rhythm": {"all": {"ChaChaCha": 0.415593504906,"Jive": 0.52228564024,"Quickstep": 0.00218363804743,"Rumba-American": 0.000915439042728,"Rumba-International": 0.00161745666992,"Rumba-Misc": 0.000690315093379,"Samba": 0.018510080874,"Tango": 0.003733957652,"VienneseWaltz": 0.0339524187148,"Waltz": 0.000517549458891},"probability": 0.52228564024,"value": "Jive"},"mood_acoustic": {"all": {"acoustic": 0.00405804254115,"not_acoustic": 0.99594193697},"probability": 0.99594193697,"value": "not_acoustic"},"mood_aggressive": {"all": {"aggressive": 0.991135299206,"not_aggressive": 0.0088646709919},"probability": 0.991135299206,"value": "aggressive"},"mood_electronic": {"all": {"electronic": 0.230820804834,"not_electronic": 0.769179165363},"probability": 0.769179165363,"value": "not_electronic"},"mood_happy": {"all": {"happy": 0.515212893486,"not_happy": 0.484787076712},"probability": 0.515212893486,"value": "happy"},"mood_party": {"all": {"not_party": 0.181888386607,"party": 0.818111598492},"probability": 0.818111598492,"value": "party"},"mood_relaxed": {"all": {"not_relaxed": 0.997184276581,"relaxed": 0.00281571946107},"probability": 0.997184276581,"value": "not_relaxed"},"mood_sad": {"all": {"not_sad": 0.984420657158,"sad": 0.0155793363228},"probability": 0.984420657158,"value": "not_sad"},"moods_mirex": {"all": {"Cluster1": 0.215862154961,"Cluster2": 0.173837333918,"Cluster3": 0.0273078922182,"Cluster4": 0.06920568645,"Cluster5": 0.513786911964},"probability": 0.513786911964,"value": "Cluster5"},"timbre": {"all": {"bright": 0.222787678242,"dark": 0.777212321758},"probability": 0.777212321758,"value": "dark"},"tonal_atonal": {"all": {"atonal": 0.688133180141,"tonal": 0.311866790056},"probability": 0.688133180141,"value": "atonal"},"voice_instrumental": {"all": {"instrumental": 0.0353595651686,"voice": 0.964640438557},"probability": 0.964640438557,"value": "voice"}},"metadata": {"audio_properties": {"analysis_sample_rate": 44100,"bit_rate": 128000,"equal_loudness": 0,"length": 116.480003357,"lossless": 0,"replay_gain": -5.16306877136,"sample_rate": 44100,"codec": "mp3","downmix": "mix","md5_encoded": "ac4d2adfaceafa190df7042c487077bc"},"tags": {"file_name": "Germs - Our Way.mp3","acoustid_fingerprint": ["AQADk0miJEmUTEySCK2O99C55Ph6NKosASGaSTXyCzeavGhv4WoOPXuAhj8qKouD_Gi2yUfJ4lFG3CSu40ftFM54fL7QhwxiM8Nz6EMT3gjbWmieUeiTI89xHg8hPg_4Q2CeCo0mSseVC8V_oRmZ4w4OjZbRcMyHK8fPCUwqHn2WCvdxBZVhscEz4vZxkkRvQV9xZUfv4x_aMbhyXNAkabHQPMqKQ__Qoon-4EzxMAeVHT9-PInx6IPuwHWOXB-qB82kzDiDH83RlcSjLBV-nGiPJtbxEaFuQQuzkchLlAYrhcSNdtGHbr7gS0H4o0dTx4Ss0WDy6OjxoT9-Gt-LxsazH2GH5lKGa-CPPnBVFSeRHs8eOB-hdeh8uD_6oM8FH5ou4Tqy93g-9GjOoHI8WJMUnApx40e6D3qu4Ca2H_3x8KgsodRmIZeT4z76_aiPIje87hB5RFujo2pz_A4uRuCPhiPRL3g469hRWkcYp8ejKoF-NBQTDdOzBhe6H1q-4WMefI-G6-h7NHyE53h39EKT-th3_CLRH01fyFpeXFcwoekrHGdyVD4aVnFwZjekB-fRnEeX58GPS0F_aBkZXEqOf7hb2FKCvxme5ah-aHmO73iEUGgu4VbyELzxHS_C6EW77Hh3HK-K5lI0aOyD6fTQKBJzqM7R-nDFo3o6XI_wHO3R2Eyh83hjwr_wH1ePe9CyXaj0FFeyYj_CHNUV4z--HXmO7UqP_fhlHL4V_Dm-C3rQG01uPDnI4kN_iL_Q5-j0C5KqLAND2rigHW6T4u-IkDu4MUafo9mHvAcTtF3wQCMP7snx48dzG7mRfgfz4iL6CVqoMDj6DGHOBJeOS8jRciF8Qzw6E_dRqVfQ_Lh1nCHu4DoaN0L14Q-aZw80NchDXBHR5CN6nHLQKy9cG87HIXzDFPqFxwizhQ_x4ZKRykV5YSeLk4eO8sehH1ZLVMbM7PjxGF-KH1pykUP7HI8uND8qZ2ORj8GlH9XRfMlxScRzfM8RPgu0nEUuol9CoVHRP7hCZQj_4vqgH82vohZP6EdzhIvEB_9X9Eezz0Q-CYc6ItzRfBIeJccvWE0n_EmFu8SPXrPg46Tx73j6BjmzRYVDx8YPnfHAJGaQH5x44dHRkhHS7-il485RH42u4g0zCT9E9TjyZgse4UeTvWCeRcRTsgjDH32OHn4OH_1i1Aou-DK-89ilC_5RHuXUQR_MQ1u0I7pi4XKN6zB_XMqJxqGFylIQPmCiE9cSHQ1fFbp2HNl79BqO7xI-BVO08egRH_qi4hHC_nDfILWhH2lIo9OyY-SF37iOPvNxdkWy7sh7_McdVWB54T8uhTvCxCEUNY3xD8fehIRWaXDE4cd_9Fl86AeD5smDM42hZ2gmMR1CKeqIz8IV9EJzvMmDSx6qTD3yLA_E_QjPoUd6KcW5E41KsDnOOUfjHF2lInaWo5mNMsvR5_DBXOGHUI8FTw9EIT92xg4e44mKR8zh7R3qzcGDiVLQOEceiYb25fB1fIelI99xLcSlwL9QNTTeKS-Y_HiPMNyi4ssF7UEm_fBZvDl--FLg6MePR8d1Y1o89An8o2R4IdK0w-OFLU2WQ8MvvHnQvEIb7Xh-9GhiBnt2aGh64lNycJl--CG-o_Sh_8h18D9-Ez0T-MF8Hfmh_wglhkct5vhbfDr6JUdzjKKOa1mF-B0OLR56XNBlXHzQPKic4xdEPsfPEgf145VwORXUKceVC-ms48yiaPhhJsen44-Po4nB_MZHnDpeFeF6QXyO6kG7TkirHH3BR0d8XIlE_NA7NOdRdC-0VEyI_mj-4hXu4EqO99COMNn648lRHo2lLMMdXAbzHFaJ9ilO1EbLGzlLQc_RcjvCVIzRHL2KB_lxstCeFM2PPEJ_NHqOPMrR_OjxxDgPnR8qCw2dOMR3MDyaD3roI7fQC2Z03ELJFvt0nB-eI5dOQztsTQ3SM8deC9dw9NI25Dt-oVEJ7SQqGlq42kHzCP3x44TGLvjxwPlK5B-so89eMPfh2jiRykuBH35y9EctHeZ69PhRQeQN7TsuWcJxhHkLpkse1EFzGt8ydD1cH48exIuyw4eOpwNnHg9SCenJ4-HxCh_OQkcOP8afoP-C68EvITxErjvCeWvwJ8GO5jraMQ9ylExIaNnKBdfT4c6PH-mf404e5MFz9IcWPseXVDX-oHGh8Tm-M_iHcoGWPc5xHl9y6LCb4xauPcRzNC9aNXhz_NiPMGdI9DKuGzlnNPzRB5_ww8cZjtALTZ8xZV0lXM2xoxkR_riXPHiPXBGuQ9lTPFuL80N7OA0LbQ_wlPguaPmCLxP-45eIRk8e4cSV3PBj_BZ-lTHUw_9xNpMyHIf2Gs2zJcOb40SXk2i8_bgUfCnxQ3yCj8eT4w_C_EZfnDuOMDExPVIcXDxO_EITPTnaH58eVD60PBWeZTnULReaozyJp8NzXMzhQ9bj4of1IO-Dvgl8_EO_4AryAWUP8cd_vIej9fiOE3_QBm_wQieaPugVILeOXrlwBUYJAAgwACxABAFAlCEMGkoJEEwwIwBARgmELDDEKIKMAQAAMhAkAAiCDEPAMIgAAFAYhQVBRAAmJEHKAmWAAIhQRqQ2XmjIHAKUEECIEEwYIwAwggkAFJHIIIaEAoAAAAADAhqjgAHQOCQYYkIxAQBBRACAGAIACSAJEUJA4BAWCBBkABKMAAWYE8IaYAAQDBAGgBGEECCAAkIAw4gCAhHKiDAIEAQcMEAAaAw1QABtgBGACGGMYc4BIwwgRAjjjDDGgCEIMVIZQgBwQCRggBEIIyY8E0AICIAXgiCAiEBMEcWIU4IYIQQiTAAlkMICEQcYEQwIBSQBgArAmAEACMQASAAAIgoCyjAqqGFGAMEAEIQIYQVAwhkCBDJEISGAA1AQAARQAAAirKAUKYOYAQRBChRRBgAgDAMSGIeAEQIQRAAAFCQHyBEACAEhMEpwBAQQRAFohEAMOCGIEQQAAJAMRjFCgFFAeEAEMkopR5gAxAgDEBAGGSEEE2wgJggSABkAGHKQUGAYEIIohQEAkgjEFECAAIMYMZIZgKghggDjmDMEMIEEEIwgYhhAAiCkgCDMMIgAAEAgo5ggRBhAgDYAAGQAskAQwJABQAAhAFAACACAYEABwaQRiAvHEEDUEcCIcMBQQhABhCmEGDCCGuEAtgQoCgxRCBnHBSCEAkWREcJhABiSCAgEzAIGAYKME0wJRJQgihDgLGVAQEckQkJoRhECRjACODAAkUGUE1AIZSxjUAHBiADAMScMIBABAqggEAkJCEDQKeCwZ4QCxIBBAi0hBDCMGKIEI5oIAAUQBgiIADAAMaAAAIQh4YxwSABGjPGGCsUIIkZYgoBSRACgiKCWGWIAUgAAggiAiBHjiDMGOIaEQQIwQ5ABAEgEhCAPIIEIBIAbhpEBCgmKgDACAGEIM0AAQQRCghArqFKAIOAAAQgAAIUTCDAgjCBQCUoAsYhZowwAAQ"],"acoustid_id": ["34797eaf-05f9-4673-81f8-3547da65b4d9"],"album": ["(GI)"],"artist": ["Germs"],"bpm": ["116.35"],"catalognumber": ["SR-103"],"date": ["1979"],"genre": ["Punk Rock"],"label": ["Slash Records"],"language": ["eng"],"musicbrainz album release country": ["US"],"musicbrainz album type": ["Album"],"musicbrainz_albumartistid": ["42c4b58d-2e28-41d4-bfe5-4edee68386cf"],"musicbrainz_albumid": ["ea019f4f-0e6a-4714-a94f-20b50f1ec2f3"],"musicbrainz_artistid": ["42c4b58d-2e28-41d4-bfe5-4edee68386cf"],"musicbrainz_recordingid": ["84e839e3-c6fe-4cfa-9305-07031c555425"],"musicbrainz_releasegroupid": ["1f66bd0f-4bbe-3eeb-8271-3a43972473ff"],"musicip_puid": ["23033958-1b8e-63f3-cb63-c975df91dd11"],"title": ["Our Way"],"tracknumber": ["09"]},"version": {"highlevel": {"essentia": "2.1-beta5-dev","essentia_build_sha": "e74af04b57b164eed312abeef4963962215860f0",