{"highlevel": {"danceability": {"all": {"danceable": 0.0688989683986,"not_danceable": 0.931101024151},"probability": 0.931101024151,"value": "not_danceable"},"gender": {"all": {"female": 0.935103774071,"male": 0.0648962035775},"probability": 0.935103774071,"value": "female"},"genre_dortmund": {"all": {"alternative": 7.25832394188e-10,"blues": 7.62677865307e-10,"electronic": 0.999996721745,"folkcountry": 5.81641700137e-07,"funksoulrnb": 4.0968366477e-08,"jazz": 2.49542586062e-06,"pop": 4.57071571702e-08,"raphiphop": 1.55310893035e-08,"rock": 9.64604680576e-08},"probability": 0.999996721745,"value": "electronic"},"genre_electronic": {"all": {"ambient": 0.925243318081,"dnb": 0.000789276091382,"house": 0.0244379267097,"techno": 0.0113893831149,"trance": 0.0381401032209},"probability": 0.925243318081,"value": "ambient"},"genre_rosamerica": {"all": {"cla": 0.310812562704,"dan": 0.0128710111603,"hip": 0.0214194040745,"jaz": 0.493371367455,"pop": 0.0652889609337,"rhy": 0.0746242329478,"roc": 0.00962471496314,"spe": 0.0119877597317},"probability": 0.493371367455,"value": "jaz"},"genre_tzanetakis": {"all": {"blu": 0.0776171460748,"cla": 0.0430819652975,"cou": 0.0969252064824,"dis": 0.0775639340281,"hip": 0.129305377603,"jaz": 0.19403719902,"met": 0.0776076763868,"pop": 0.0969849601388,"reg": 0.0775794237852,"roc": 0.129297107458},"probability": 0.19403719902,"value": "jaz"},"ismir04_rhythm": {"all": {"ChaChaCha": 0.0102140884846,"Jive": 0.000330109352944,"Quickstep": 0.000192993189557,"Rumba-American": 0.00602405425161,"Rumba-International": 0.000771597609855,"Rumba-Misc": 0.000836464518216,"Samba": 0.00109606643673,"Tango": 0.410534530878,"VienneseWaltz": 0.568565964699,"Waltz": 0.00143413152546},"probability": 0.568565964699,"value": "VienneseWaltz"},"mood_acoustic": {"all": {"acoustic": 0.924284756184,"not_acoustic": 0.0757152438164},"probability": 0.924284756184,"value": "acoustic"},"mood_aggressive": {"all": {"aggressive": 0.130197584629,"not_aggressive": 0.869802415371},"probability": 0.869802415371,"value": "not_aggressive"},"mood_electronic": {"all": {"electronic": 0.624768733978,"not_electronic": 0.375231266022},"probability": 0.624768733978,"value": "electronic"},"mood_happy": {"all": {"happy": 0.00358428340405,"not_happy": 0.996415734291},"probability": 0.996415734291,"value": "not_happy"},"mood_party": {"all": {"not_party": 0.98271125555,"party": 0.0172887388617},"probability": 0.98271125555,"value": "not_party"},"mood_relaxed": {"all": {"not_relaxed": 0.0124612897635,"relaxed": 0.987538695335},"probability": 0.987538695335,"value": "relaxed"},"mood_sad": {"all": {"not_sad": 0.435120522976,"sad": 0.564879477024},"probability": 0.564879477024,"value": "sad"},"moods_mirex": {"all": {"Cluster1": 0.0654402971268,"Cluster2": 0.0783774480224,"Cluster3": 0.469029098749,"Cluster4": 0.094086445868,"Cluster5": 0.293066710234},"probability": 0.469029098749,"value": "Cluster3"},"timbre": {"all": {"bright": 0.0144954221323,"dark": 0.985504567623},"probability": 0.985504567623,"value": "dark"},"tonal_atonal": {"all": {"atonal": 0.892928183079,"tonal": 0.10707180202},"probability": 0.892928183079,"value": "atonal"},"voice_instrumental": {"all": {"instrumental": 0.508427023888,"voice": 0.491572976112},"probability": 0.508427023888,"value": "instrumental"}},"metadata": {"audio_properties": {"analysis_sample_rate": 44100,"bit_rate": 0,"equal_loudness": 0,"length": 427.600006104,"lossless": 1,"replay_gain": -12.263584137,"sample_rate": 44100,"codec": "flac","downmix": "mix","md5_encoded": "da3bfdbd6b63f6a577c8acf8a2209f09"},"tags": {"file_name": "08. Juno Reactor - Angels and Men.flac","acoustid_fingerprint": ["AQADtJmWSAkTKQv6fnCFHmeO5tAaHT9eHc3xFd8hnsUDvfiF4zp-_IR54Dh-HIeP3ziLm8h_XAecF5eOHz6HXzj-w06OoyeuHccXNEuEcsezGD3ho04WPMKJStmD5jnwMMFF4SgfhHksBY_W4dXwQ8vSoz9-CfqKc7jG4kdLNPxxnMtxNKeHUsqC9vCY40uK5jzeBHoCjdsTNNXxB4-CZkSZ6Kijo_koBS8HLU-ioS9u4Tn-Bd3cwE5XfNBynGisow8-McVh5sW740FzoY8SXELXo1kW5E_QHIe7JDl6RXjw4Lvg9Au-G8nlI68CL5OC53ge_MdRq3iPaw98ZQ2OH03D5PiRH4k1KYdzPPmED81Y9C-eGc9RbP0QPrlw6YJ-4TvORMrROoevI2qzwCOPH8dTEj584z3aCcmllMjPwGnwhD-ufPBpnMEJH7eQR4fWI30I78aZfJjlFH6GcBr2I2aaKsOl4zxKMmhO48rxHz_uIj-uoxE1oqZy5EZlBk3FE7-O5JGIMGq3oDra52i2Hv9RO4U_HK4--EdIPoKuL4gfvIyFag58Hc-CJ8QHHyfx4EiuI-Wko_qHH79we2h5NNWDF2h-tEYOLb_wh4hvePoQPWGKk5CbQ-SPSGKaKrh0fDn6oBl5XMEv_MQ7HPWJfIoouOMBX8kjtDvkSUZcLahFND9O9DyayQ_qaCmaH2j-od6I8HkCRRmPP3gWtHEspNfxZthGpsYP3BZsD8e1B2aP5A7yBw6q7Ee5Dw2zGV-O7_BxCz-SlYcfDuk0xXiSD39SeCS6Bj-ebB2uPPi2w8ejHMeJ42OOnBmF5KHwe6jNw1XxRjAV_IVDykIf_MfFo1Y4mOPxZIen4xt6vKPwC9EFrVmOe8mN64jM481ynDij4_CPp_DQ8rgU6JuOpn5Q-ccT5jjM0Thz7Gh4o5eFXIeisD_yDv9Sw40-XDTMMcd7_Eb_4Mnx7fCJB8-Rj3iCv0M_ET-248Xh48d1-Dt6Qe4ReoPzoD_Oo9YPf8EPPCOP2uHxB3kD3UceHj_6yHg64zh9_PB7JPmOXMePH69kVDuH50fTo_-x52ge9DlyaI-OnAsuU8el6PCZCueDO0HpHPvxBPUwZTy-w2MufHgYDrcR0uIUmIYOHDp0HBCCE89vHF_h54cf9MRznFmGQOjh-dCdGGdQq-iFRoe-5Pgicoh89PjhKQeuVfio4NGOGidO4c5khDmSqDpKBn6IvseVoGdgRzpCOUJy-3hC9EWTZwqS68gVYffxK3iWpQm68BaaF-fwo9-hSUtYzNmC_0rwJ_hwwHs6PDn-4OGL08GJJuOOnli1HHUueDr64Dyewi_yJEHNQ4saHZV1NH9xBflQK0ezHz-P60f1w8yDcjmOWkez7niKKz6cHDhTI_nmIE-CBz_6ofmTqMKdKcJPRCSP5Idv_PhP7LgQPkLDp8OPoIf7D8n0IRe6w3Ft_GhI4jtuEo17fMV-NEP4zILoa0coSsfqHd-WGD386LgYPB98_IIfBj2Sf0FeHX2O3_BP2Am-B42m4zd-NEePayOSyIj34JfxZ3gyw3WOvMG343MqRKqyPBnOvTjKx2hq48J1XM_R80g1ZUfvDidqpA_q7Yh_JA_Rw9US9EbLHU2pnHiPvpHhw5gHfw5yxUKv41M49MyhMBXSfIdH5riO49tx_MbRMkdyJkSsPrA8XPvxHc1ztAuPH1PYI_yH5DL6w3wHk0tx9StOEWnFQOkUhDnyXPgiB-KYXMhxFc2YGyd8oVcoCy8-Cj-N6yjXBz_8o0f4QPwQ7h9G6mi2ZEe70MFJ42iqDH3BXBuaKjOu2CpygTm0xsafIt_RaC-mSkcl-Me3oT1exUL4HTryBz-q5KiIxrqEZ8SP5pguC0d4HfrDIe-M_4ObMD0uEY-OP-iV4zQePAmap-gzTCe-Bxc7tEXuivjRPTh6nPiRLN2CHvjwB48fNJF3_HA1IbVQGvGULMOPIxe05wivOXgUaqglBRbRH__wEoF2IfVhrseDc0eT73i0Hw-a4zB79PiO8BdEvkijp-jxLBR6KYejHv2NH9fxCDeaRxP6BBeeL_jxWWhzfPBx-GuQ2CzSpUmO_rieoM5l-CH643zQ8mh24ulxLTual5geCW8Q-kPDhDnOQHuCKSqPnFkOVNSHn7gDf0WpCw_ySCeS_3B8PFOC50dTkUPPHEfJw0yEXDzE44fjJUSfQ0-uJGjaozt0XEmSI0yPK8V_nDpKHs9xHheZ4Md3hKHKQrODW16MZkf5ELlIvIlyNOWO5w3a4TlK-YWt4yMO40OpHdFzHrqS45JQPRZy7NHxB29uPMd5-IF3tMeRS1JGJGeOZnIqVJaOpzkOP8cPX7iOHLqCvvBj_PgN8VkQdvjxx0JISTq0_MiPLzt63Bb-4yfsoz_-E81Rhkf4IaHDA2GYIYABIIg2iAGJAGCIWAEAEhZghC5ABgmBLALIWIKZcAgoCgFDyCEmiCNICESMEwgRIQRiQiFFHACWAAWYYYAIIIwQzhjBgCCEOYAQIkYQQAgoAjHhKEPAgAQMQogIRpBCCphAiCCUKoIsA8IggYRiFEAACEECESAAIAoAhBQigggFDEEAMHKiAhAJIIATiBgCkFEIIAcAI0h4AYAwBgjmjBCMCUCIAAIQhpClFBkECIBGEECQJUIJYoAxglggEDFQAaQQggwgQYSQgFGiABKIACIAUIAIABAlwgCGFCEOGGkiwwQhAAg0BhkAkGMEEAMEBEYQArAwDCCiAACDIGQFEBAggRgACAkqEBDCEABEA2YKZgSRAACkCGWGAaQEAZQBoIhgRiqBLIKSCCCYIYYwIwQlDAAgRQFKQGCEAswhBQQiBimIJABAOGAAAIQIVQEhBBjABIAQIQMcQAohwRQ6ggAHCSCUEE6IEMRQoABhCCoGgFIIWYsA4cIBIZRBwigBJBEAMAOIAIIZZJ1gyCkBiFKCMMWAUEQQAgQSSDiAgAAOSCQpJoQBxghh2BAAkGJSIoAcAQYaApBVQABFpHGOKEuEAMIQIARASggqkFWAIAMYQwJYA5CBzCAgCFKKAAMFAAQMhSgQQBgFGDKMGJAJIQSAQQRAQgCAkFBIWCK8IQggggwggEmEACIEAMCIVEwQRAQgDBIhHEMAOEUAcIoQJQTQhiEGDEGCKAIQkcBJAQyTQDACBBAAAEIYMdAwZhASCiFEmKJUIQWVUMwAxgxCcgsrmDAAMOkQRAAoYIiolkoGCAECKwGUUEYggwARggkqLCAAESIMYQgISwyRiBBmBDWACSAAUwQJpQgCgGCgDBDALCEgVYIQQQAAhEEihDEKIWSAAYgCQQxQABAqAECmCyKAQMhABIgQBBHgkFBOGAKBAQlRAZDwRCEmgAESEKEEksAhghBwhBqCiBDUWAc"],"acoustid_id": ["9c905cf3-7b02-4513-aaf9-73f22d48f822"],"album": ["Labyrinth"],"albumartist": ["Juno Reactor"],"albumartistsort": ["Juno Reactor"],"artist": ["Juno Reactor"],"artistsort": ["Juno Reactor"],"asin": ["B00031TXCC"],"barcode": ["782388034623"],"bpm": ["124"],"catalognumber": ["MET 346"],"compilation": ["0"],"date": ["2004-10-26"],"discnumber": ["1"],"disctotal": ["1"],"genre": ["Trance, Electronic"],"label": ["Metropolis Records"],"language": ["mul"],"media": ["CD"],"musicbrainz_albumartistid": ["16231a34-9ccd-410e-8690-f74e98fe16a4"],"musicbrainz_albumid": ["8f46f90f-b5e5-443d-bb0f-40151764a950"],"musicbrainz_artistid": ["16231a34-9ccd-410e-8690-f74e98fe16a4"],"musicbrainz_recordingid": ["84eacbcb-e9c6-47be-bb43-33fb8efa3adb"],"musicbrainz_releasegroupid": ["6046992a-fe50-3ee5-9b52-59d147142d0f"],"originaldate": ["2004-09-29"],"releasecountry": ["US"],"releasestatus": ["official"],