{"highlevel": {"danceability": {"all": {"danceable": 0.87466520071,"not_danceable": 0.125334814191},"probability": 0.87466520071,"value": "danceable"},"gender": {"all": {"female": 0.412686020136,"male": 0.587314009666},"probability": 0.587314009666,"value": "male"},"genre_dortmund": {"all": {"alternative": 0.00269557232969,"blues": 0.000190572987776,"electronic": 0.996400952339,"folkcountry": 0.000294683384709,"funksoulrnb": 4.30860245615e-06,"jazz": 0.00014711728727,"pop": 1.53795117512e-05,"raphiphop": 2.62104094872e-06,"rock": 0.000248802680289},"probability": 0.996400952339,"value": "electronic"},"genre_electronic": {"all": {"ambient": 0.337343305349,"dnb": 0.023604946211,"house": 0.215693429112,"techno": 0.0365311354399,"trance": 0.386827170849},"probability": 0.386827170849,"value": "trance"},"genre_rosamerica": {"all": {"cla": 0.0110384402797,"dan": 0.125323593616,"hip": 0.190268784761,"jaz": 0.0268017500639,"pop": 0.063106238842,"rhy": 0.0322528854012,"roc": 0.540670871735,"spe": 0.0105374520645},"probability": 0.540670871735,"value": "roc"},"genre_tzanetakis": {"all": {"blu": 0.0626870542765,"cla": 0.0348228886724,"cou": 0.104483813047,"dis": 0.0627374649048,"hip": 0.156886413693,"jaz": 0.313951909542,"met": 0.0448243469,"pop": 0.0784323960543,"reg": 0.0627435147762,"roc": 0.0784302055836},"probability": 0.313951909542,"value": "jaz"},"ismir04_rhythm": {"all": {"ChaChaCha": 0.179392725229,"Jive": 0.203034758568,"Quickstep": 0.0314368158579,"Rumba-American": 0.0495606027544,"Rumba-International": 0.0313075259328,"Rumba-Misc": 0.0267059616745,"Samba": 0.0927471294999,"Tango": 0.271296828985,"VienneseWaltz": 0.0941564813256,"Waltz": 0.0203611589968},"probability": 0.271296828985,"value": "Tango"},"mood_acoustic": {"all": {"acoustic": 0.0259979404509,"not_acoustic": 0.974002063274},"probability": 0.974002063274,"value": "not_acoustic"},"mood_aggressive": {"all": {"aggressive": 0.945851743221,"not_aggressive": 0.0541482828557},"probability": 0.945851743221,"value": "aggressive"},"mood_electronic": {"all": {"electronic": 0.357366383076,"not_electronic": 0.642633616924},"probability": 0.642633616924,"value": "not_electronic"},"mood_happy": {"all": {"happy": 0.153498277068,"not_happy": 0.846501708031},"probability": 0.846501708031,"value": "not_happy"},"mood_party": {"all": {"not_party": 0.278782576323,"party": 0.721217393875},"probability": 0.721217393875,"value": "party"},"mood_relaxed": {"all": {"not_relaxed": 0.964669525623,"relaxed": 0.0353304632008},"probability": 0.964669525623,"value": "not_relaxed"},"mood_sad": {"all": {"not_sad": 0.8624792099,"sad": 0.1375207901},"probability": 0.8624792099,"value": "not_sad"},"moods_mirex": {"all": {"Cluster1": 0.0867268666625,"Cluster2": 0.0574558973312,"Cluster3": 0.101364649832,"Cluster4": 0.0783462300897,"Cluster5": 0.676106333733},"probability": 0.676106333733,"value": "Cluster5"},"timbre": {"all": {"bright": 0.447220444679,"dark": 0.552779555321},"probability": 0.552779555321,"value": "dark"},"tonal_atonal": {"all": {"atonal": 0.766971051693,"tonal": 0.233028948307},"probability": 0.766971051693,"value": "atonal"},"voice_instrumental": {"all": {"instrumental": 0.557514429092,"voice": 0.442485570908},"probability": 0.557514429092,"value": "instrumental"}},"metadata": {"audio_properties": {"analysis_sample_rate": 44100,"bit_rate": 320000,"equal_loudness": 0,"length": 249.12979126,"lossless": 0,"replay_gain": -12.5986270905,"sample_rate": 44100,"codec": "mp3","downmix": "mix","md5_encoded": "9bc6df0c04d4f7e78f909b8ca506dca5"},"tags": {"file_name": "01-07 Manchasm.mp3","acoustid_fingerprint": ["AQADtEmUSFmyKcTxAPhxUMSH78DhGdVwHefRHz7044OXDL_hE515nDp6iFuyF7GP72BmXMYPJn_Rt-gVIXF55ELF43aR8zipQ--RH98T3CdCp4FPaNqC_McPHnePLzb2DD-anUI4KVfwohaPKXFDaB7ygKHE4_xxwXuwzj7iKRJx9cZPqDqaCtPY47tQ7SjJ4-nRTB-YQ8eLMM9M9Dmu4if6MEijJcMViNJ0OCITQjseGb-hVeWgp4RHCvqiHA_eHbVy_BmabTJ0Hc6PkhmuZ_iPK4ly6GKRz-g_mBHHoZzoGBfR6BVyMlKQ8GgqSXgbXIouNL_QM8zx4w7O2Qgt5sV1OP6hizL6psMn4ejQvID8DGE-lDv-o6mDDx6zUcOvaMK7B0mlBeaYILxr_MePXvCTo37xBf0lPNHh7cGFmCrEZwjxHx-eREGuIdkPP-nRf8WPRsmPa9CFo8cbtJSToNkz4dmNB3_wnIh0CVayfPiJG0-o4B-PPbngH_2Eu-giZTkihTmOW0NT7fCzoSvz4NsSDTkdaObRPMEVPsL8IOfRBD3x5UYl6Wj4Fd9RSzrSE5q-I1fwPPjy4w2R5AiXb4O9oy_O7eg2GtGOZMWPfzga60G9JGHwTCt-Gkf2VEGu7ODz4xIP0zseJsfNIPtDHM2h6xO8UIemH111gnpy9EYu9MnRjN8Rbznx8RCPE8_RH802PMlxMxv0rEHzo1yO5wjTPQgP_qivQO-NPgly_LLQBxbD41vGw3WCMOszQrOPMGeOfyjRPBNxSj_-hDKqZDXC8BN0PcijOKjVHEzy49mPP0OTRxriL4ZvdNDksGh-5Df-4DHhRw-Dh3iOckmPhtODSx9CazmYgHcgXz6aKDnKEzlj3D765PCEqRceDeFhklDkB_qPa8nASwpyH92P5rhf1AoRVukGfT_CHNV-_GhWhTJqIf-hXwnyG420IjzOvJD2pUd4fmgqRsH5CCWz3Oik8rhk8EqF5tlRcknxHP3h9UH14_iTTuiTI-H2HVmzw0efUPiNnvCCLlaGZw-qhvDIEK2S4WQaDcl-pH3R5wl44UuiEPkPVWoQmtZgMSilHN-R89CeI8x-4sOswZ6F6zKuP4ijDvqN0EezKbqCP_h-pD9GHVp6IdRI5ij3Do3YHDc31MrRvHhwXbhyWM3xVugDJltSasHnIyRpNBd04fdwbT_CcBbB8McRPnrg60Ype2jzBFp25MSJ5xFyQqOR-sSf4UuGhuvxnHjoQEsktfh4ND_QO2gWJknxPDhn5LugJcqL7sEdTrDz48YFLaNRTTkahUQP7YdDtfh3hD_-40n8gOeJh0TtFD5y5tARNvhCoTYPP8SHF-dgKjpyDZaHDzhyHDg-BP5xL_h8ODde4z7ESuBT8Dv6o1XC4oe4A89iNA11qLJk_PCW49wcnEF5MOGg5wMfygGaosqH4z96_LjxH8cvOMsP7YqE8wKaPC_6MEXJzIMWPrh0oqIywyoDR9PRZjP6E_5R_Ljwxfiiwy_kXLjR1MieIcyPM6glwW-hXDz845NiuM4MK83RH2V-NN2D0-h5uERn5biR8xLKLid8Hq4t9AjXHFqOPJOOd8QZbfhS49JVoXnQa0T4Q1GWEz9p5NrB59HgD7mUE0_2QEvMoy926XiN8mjYQtVsPGhOozsR5kEXY5y-onn2EDja8cePG36Iq7iOrmyE7zgfPMcXfUG-tIZXyPtRjQ9qg73Qh9BFnEUexUKTfARj7-gzhHFjnDv6Q8sXXPiOXoN-CZcyxLvw4l7gbEcpJZvQI20F_cUsZ0J7zNOMH03Oox-Uejk0ktiPk9GCVOkOpuOO6whfB9vxSOGNRydsHv_QXxGO7if8fFBP4RHyFSdFwc-DPh9KKbMFx-jKGH2UF2FuVE8HLZ9YhNdh6oJHHb0uoR91bFUR8ihzaPlxJ-CcHaeUo2EUiMrCSBF-HX5mXDieLIee4zeiPTmqG-_wyWh2fD-8Hyt3_MQXI_dDouFxMrhxNNaOyj-uQ__R50j5HD-cHmeLE6eO3Ba0C3kWGVc_PERv4T7OEEd-6EIj0siPe2iHMJuOO4POBbUUyfDDHGG2Hs_xJ4O7SHiNXzh_IRklKUMY6salJ8LpB82X4zrK6EGpG8nyIyuz4DvO49OCC3nUIplJNM6Ffzke1UFOI5mVonmOE4cj58Lb7Xgb5LqgMTmamV1xR0lxaUcjNjqKUhckKTme7WjC4zn0QstDVLqRf8KPktEHJpbR_UFzpsOno9qHMJOIl9Ar9OmFMCElglESeMc5JQ2uMkSd48xy5FkeQbskIT2JWlkafD8eBjn0ZAzCXAajBsyPRslCnDUSPrMQ_mi2MDceo8-OLDnjgmehH_E7obnRb0e-Qw-P3Pzgx_h2PGzEoc949A9OSvgrNFdi9Diq5WjkB5_6ofrBZGTCGcmPf0OY5TmqbrjxPGicHyEvPBEDfRVug_nR7DYe5QoYksEPP6iV4VE06DqDPhYaxCTCKEsW1ELl0NAy0ghzBvV28DmaZd1Q-sfNBieTCzn0XPjDBJdy_ESPZhf-SAweZmjik-gn6HKEZhqLsBV-_EF_NFd2VM-HRqGJ88gm7tBSX-iP18LJYyIvWMlRPT6-o3F-lPKDSMwR5sHxBU-GP8MjRTku40dNEk0a6FKKKUqOPIfjC16iopyOC1NuoZ-M_8ijAuaUs0Q4UJwCBlkoCDAEAMMBMA45g4QgiCplBDGAemAQEkAIACQIDhEIDCICQSMAcIAQiJxBRgBGFCAQKEGoAZKASgQkjhKlDCMMAcGQEoYQaAQiQgACCBEEGCSEU8IAAYgiFAJgHBBCASIANRZQ4wgiBkGAGDBKIgIAQEQCYA1QRDBCAaFEEAKpAkAYZwAAiEFFgAHKIEOcEcIJgwgiAghDGDFCKIAgE5QYqhAhRABmhBAACCEIYMAUYAAjAhCFkADEEMBAFQoABxAUjBHCDDEIAAgEI8AQB5hTiAAACAVIMYOEUEYRQAEigAgFgAMGCAKMAIArhQAQDGwFnACAECAQYIQIBQg0gABjhERECKAAQEIABICxABlAqBDACOKwogAwRogAggBCgEAACCQIAQYARIRwAgAoAEAIKEIAMIoAhwwBCggFBgFEEOIAIAJpBgpjBggChGHGCaiYQIJQCIiB5gCBACBCECcAAEpZYSExiBPgDAQkYiQUEEoxQ4QRCiBLnDDQAEaVAIAEoBRyCgHkDAMCEEMEAAQoAYwxgjmAMBEEKAKIQIIAoYQwjChDCBEACEYQIoYgARAjgggDCCECCAKYEcgxYBACwAJBnATAQagAYAoIoQQxADAFgABKEYGMAYAQJAYCiDkEgFAIMEIAUcAJYIxAQBBzAACGEQKIAgJgI4wQBBBhOABGOiKAAEBCBQAlAhAjoDRGCCAAYEIAgs0ThDjBhDDCIKMIIBQgAoRiADghIRIOEkCAQUYRB4QAxABCGBAAOaSQMAg4AoEBQBiFEHNAAOAAAggI5ZyAUiAgiGEIEASIMZYAJRwiBAhiAUGCiEeUI0AR4AAARAKCATEAEgMUYEAgA6gRwiJFCDBIGQYAocAYoYhCwAkjKJAEGASUMAQAAUhgRCgkAHoGCAEcoY4YIYQRxgDBnAIEIQMQIYAwSp1HiBAiEZDKCISKIIwI"],"acoustid_id": ["55ca658c-fb20-44e4-b1c3-de342f4446ac"],"album": ["Last Night I Saved Her From Vampires"],"albumartist": ["Future of the Left"],"albumartistsort": ["Future of the Left"],"artist": ["Future of the Left"],"artistsort": ["Future of the Left"],"artistwebpage": ["http:\/\/www.futureoftheleft.net\/"],"asin": ["B001M5S5YU"],"barcode": ["652637283129"],"bpm": ["71"],"catalognumber": ["CAD 2831 CD"],"contentgroup": ["Rock", "Punk"],"date": ["2008"],"discnumber": ["01\/01"],"encoding": ["Lame3.98"],"genre": ["Rock", "Indie", "Rock"],"initialkey": ["A"],"label": ["4AD"],"language": ["eng"],"media": ["(CD)"],"mood": ["Playful"],"musicbrainz album release country": ["GB"],"musicbrainz album status": ["Official"],