{"highlevel": {"danceability": {"all": {"danceable": 0.186967998743,"not_danceable": 0.813032031059},"probability": 0.813032031059,"value": "not_danceable"},"gender": {"all": {"female": 0.140917018056,"male": 0.859082996845},"probability": 0.859082996845,"value": "male"},"genre_dortmund": {"all": {"alternative": 0.126131296158,"blues": 0.102888472378,"electronic": 0.0105945868418,"folkcountry": 0.165869057178,"funksoulrnb": 0.00945735536516,"jazz": 0.0637543350458,"pop": 0.0493363328278,"raphiphop": 0.00213715201244,"rock": 0.46983140707},"probability": 0.46983140707,"value": "rock"},"genre_electronic": {"all": {"ambient": 0.922376573086,"dnb": 0.0397795028985,"house": 0.0191207267344,"techno": 0.00510252732784,"trance": 0.0136206997558},"probability": 0.922376573086,"value": "ambient"},"genre_rosamerica": {"all": {"cla": 0.298773318529,"dan": 0.0279799308628,"hip": 0.0432923473418,"jaz": 0.114629812539,"pop": 0.0731792151928,"rhy": 0.165115833282,"roc": 0.210838779807,"spe": 0.0661907419562},"probability": 0.298773318529,"value": "cla"},"genre_tzanetakis": {"all": {"blu": 0.0689665675163,"cla": 0.0382774211466,"cou": 0.114807605743,"dis": 0.0573986619711,"hip": 0.172186940908,"jaz": 0.172201260924,"met": 0.0491683483124,"pop": 0.0860371664166,"reg": 0.0688384696841,"roc": 0.172117561102},"probability": 0.172201260924,"value": "jaz"},"ismir04_rhythm": {"all": {"ChaChaCha": 0.16260714829,"Jive": 0.255732774734,"Quickstep": 0.127623796463,"Rumba-American": 0.0349900685251,"Rumba-International": 0.066537566483,"Rumba-Misc": 0.0178907886147,"Samba": 0.0482744798064,"Tango": 0.0933191850781,"VienneseWaltz": 0.14850653708,"Waltz": 0.0445176698267},"probability": 0.255732774734,"value": "Jive"},"mood_acoustic": {"all": {"acoustic": 0.740490615368,"not_acoustic": 0.259509384632},"probability": 0.740490615368,"value": "acoustic"},"mood_aggressive": {"all": {"aggressive": 0.113038159907,"not_aggressive": 0.886961817741},"probability": 0.886961817741,"value": "not_aggressive"},"mood_electronic": {"all": {"electronic": 0.0817429572344,"not_electronic": 0.918257057667},"probability": 0.918257057667,"value": "not_electronic"},"mood_happy": {"all": {"happy": 0.148584321141,"not_happy": 0.85141569376},"probability": 0.85141569376,"value": "not_happy"},"mood_party": {"all": {"not_party": 0.841420412064,"party": 0.158579573035},"probability": 0.841420412064,"value": "not_party"},"mood_relaxed": {"all": {"not_relaxed": 0.725302517414,"relaxed": 0.274697482586},"probability": 0.725302517414,"value": "not_relaxed"},"mood_sad": {"all": {"not_sad": 0.5,"sad": 0.5},"probability": 0.5,"value": "not_sad"},"moods_mirex": {"all": {"Cluster1": 0.278846025467,"Cluster2": 0.157343119383,"Cluster3": 0.312454789877,"Cluster4": 0.148375988007,"Cluster5": 0.102980084717},"probability": 0.312454789877,"value": "Cluster3"},"timbre": {"all": {"bright": 0.997002720833,"dark": 0.00299728591926},"probability": 0.997002720833,"value": "bright"},"tonal_atonal": {"all": {"atonal": 0.0052169659175,"tonal": 0.994783043861},"probability": 0.994783043861,"value": "tonal"},"voice_instrumental": {"all": {"instrumental": 0.0937856808305,"voice": 0.906214296818},"probability": 0.906214296818,"value": "voice"}},"metadata": {"audio_properties": {"analysis_sample_rate": 44100,"bit_rate": 0,"equal_loudness": 0,"length": 44.4399986267,"lossless": 1,"replay_gain": -9.55561637878,"sample_rate": 44100,"codec": "flac","downmix": "mix","md5_encoded": "5b5dfd707398466c69e3136afdf8dff6"},"tags": {"file_name": "1-12 Straight Line.flac","album": ["Pink Flag"],"albumartist": ["Wire"],"albumartistsort": ["Wire"],"artist": ["Wire"],"artistsort": ["Wire"],"asin": ["B000003BGK"],"barcode": ["018777236027"],"catalognumber": ["7 72360-2"],"composer": ["Robert Gotobed", "Colin Newman", "Bruce Gilbert"],"date": ["1989"],"discnumber": ["1"],"disctotal": ["1"],"genre": ["Punk"],"grouping": ["Rock"],"label": ["Restless Retro"],"language": ["eng"],"media": ["CD"],"musicbrainz_albumartistid": ["7f2a8098-50e3-451c-8696-c5d9f64f4762"],"musicbrainz_albumid": ["7fa9a051-daaa-337b-bce3-f26ed7058990"],"musicbrainz_artistid": ["7f2a8098-50e3-451c-8696-c5d9f64f4762"],"musicbrainz_discid": ["HlXhuAZ2MqCEpMxPSFGyq8Egbmo-"],"musicbrainz_recordingid": ["17061c9f-e56e-4f70-84a5-16f1040b3448"],"musicbrainz_releasegroupid": ["9facb8b5-4b02-3f28-9f4a-61cb9b8fd7aa"],"musicbrainz_releasetrackid": ["06653f04-2e64-3bc2-a74c-641be9103407"],"musicbrainz_workid": ["88bb1cd6-d541-317c-851d-9000c3d77e0a"],"originaldate": ["1977-11"],"releasecountry": ["US"],"releasestatus": ["official"],"releasetype": ["album"],"script": ["Latn"],"title": ["Straight Line"],"totaldiscs": ["1"],"tracknumber": ["12"],"tracktotal": ["22"],"work": ["Straight Line"],"writer": ["Robert Gotobed", "Colin Newman", "Bruce Gilbert", "Graham Lewis"]},"version": {"highlevel": {"essentia": "2.1-beta5-dev","essentia_build_sha": "e74af04b57b164eed312abeef4963962215860f0","essentia_git_sha": "v2.1_beta4-499-g4013ebc","extractor": "music 2.0","gaia": "2.4.5","gaia_git_sha": "v2.4.4-44-g95f4851","models_essentia_git_sha": "v2.1_beta1"},"lowlevel": {"essentia": "2.1-beta2","essentia_build_sha": "70f2e5ece6736b2c40cc944ad0e695b16b925413","essentia_git_sha": "v2.1_beta2","extractor": "music 1.0"}}}}