{"highlevel": {"danceability": {"all": {"danceable": 0.510488986969,"not_danceable": 0.489511013031},"probability": 0.510488986969,"value": "danceable"},"gender": {"all": {"female": 0.760085582733,"male": 0.239914402366},"probability": 0.760085582733,"value": "female"},"genre_dortmund": {"all": {"alternative": 0.314004331827,"blues": 0.0351129174232,"electronic": 0.544584333897,"folkcountry": 0.0362805724144,"funksoulrnb": 0.00285524828359,"jazz": 0.00424860836938,"pop": 0.00681267259642,"raphiphop": 0.00235815998167,"rock": 0.0537431798875},"probability": 0.544584333897,"value": "electronic"},"genre_electronic": {"all": {"ambient": 0.0918871760368,"dnb": 0.0235987585038,"house": 0.0280911289155,"techno": 0.00957349780947,"trance": 0.846849441528},"probability": 0.846849441528,"value": "trance"},"genre_rosamerica": {"all": {"cla": 0.000165643417859,"dan": 0.0197532176971,"hip": 0.00298587232828,"jaz": 0.000468485814054,"pop": 0.0292847957462,"rhy": 0.000995187088847,"roc": 0.945871829987,"spe": 0.000474978995044},"probability": 0.945871829987,"value": "roc"},"genre_tzanetakis": {"all": {"blu": 0.0620671063662,"cla": 0.034474901855,"cou": 0.103433981538,"dis": 0.0620971247554,"hip": 0.15527240932,"jaz": 0.310666948557,"met": 0.044346679002,"pop": 0.0620793737471,"reg": 0.0620816536248,"roc": 0.103479810059},"probability": 0.310666948557,"value": "jaz"},"ismir04_rhythm": {"all": {"ChaChaCha": 0.442061185837,"Jive": 0.11027020216,"Quickstep": 0.01866001077,"Rumba-American": 0.0285380426794,"Rumba-International": 0.0172564014792,"Rumba-Misc": 0.0144716026261,"Samba": 0.105134926736,"Tango": 0.0767060667276,"VienneseWaltz": 0.175313219428,"Waltz": 0.0115883490071},"probability": 0.442061185837,"value": "ChaChaCha"},"mood_acoustic": {"all": {"acoustic": 2.10015696211e-06,"not_acoustic": 0.999997913837},"probability": 0.999997913837,"value": "not_acoustic"},"mood_aggressive": {"all": {"aggressive": 0.865697920322,"not_aggressive": 0.134302094579},"probability": 0.865697920322,"value": "aggressive"},"mood_electronic": {"all": {"electronic": 0.410843253136,"not_electronic": 0.589156746864},"probability": 0.589156746864,"value": "not_electronic"},"mood_happy": {"all": {"happy": 0.038417275995,"not_happy": 0.96158272028},"probability": 0.96158272028,"value": "not_happy"},"mood_party": {"all": {"not_party": 0.162886545062,"party": 0.837113440037},"probability": 0.837113440037,"value": "party"},"mood_relaxed": {"all": {"not_relaxed": 0.905575573444,"relaxed": 0.0944244414568},"probability": 0.905575573444,"value": "not_relaxed"},"mood_sad": {"all": {"not_sad": 0.946849942207,"sad": 0.0531500689685},"probability": 0.946849942207,"value": "not_sad"},"moods_mirex": {"all": {"Cluster1": 0.065394602716,"Cluster2": 0.0207171700895,"Cluster3": 0.0406019538641,"Cluster4": 0.0490966141224,"Cluster5": 0.824189662933},"probability": 0.824189662933,"value": "Cluster5"},"timbre": {"all": {"bright": 0.00402976712212,"dark": 0.995970249176},"probability": 0.995970249176,"value": "dark"},"tonal_atonal": {"all": {"atonal": 0.864624083042,"tonal": 0.135375902057},"probability": 0.864624083042,"value": "atonal"},"voice_instrumental": {"all": {"instrumental": 0.000988023122773,"voice": 0.999011993408},"probability": 0.999011993408,"value": "voice"}},"metadata": {"audio_properties": {"analysis_sample_rate": 44100,"bit_rate": 203432,"equal_loudness": 0,"length": 200.385299683,"lossless": 0,"replay_gain": -15.7166776657,"sample_rate": 44100,"codec": "mp3","downmix": "mix","md5_encoded": "d925fac6d85820240662e81272b0b876"},"tags": {"file_name": "241757.mp3","album": ["Lipstick on the Mirror"],"albumartist": ["Pop Evil"],"artist": ["Pop Evil"],"date": ["2008"],"genre": ["Alternative"],"musicbrainz_recordingid": ["17cf078e-3be1-4a81-ac20-11a6161bc8cc"],"title": ["3 Seconds To Freedom"],"tracknumber": ["6"]},"version": {"highlevel": {"essentia": "2.1-beta5-dev","essentia_build_sha": "e74af04b57b164eed312abeef4963962215860f0","essentia_git_sha": "v2.1_beta4-499-g4013ebc","extractor": "music 2.0","gaia": "2.4.5","gaia_git_sha": "v2.4.4-44-g95f4851","models_essentia_git_sha": "v2.1_beta1"},"lowlevel": {"essentia": "2.1-beta2","essentia_build_sha": "70f2e5ece6736b2c40cc944ad0e695b16b925413","essentia_git_sha": "v2.1_beta2","extractor": "music 1.0"}}}}