{"highlevel": {"danceability": {"all": {"danceable": 0.235600739717,"not_danceable": 0.76439923048},"probability": 0.76439923048,"value": "not_danceable"},"gender": {"all": {"female": 0.784420847893,"male": 0.215579137206},"probability": 0.784420847893,"value": "female"},"genre_dortmund": {"all": {"alternative": 0.090194888413,"blues": 0.0568424984813,"electronic": 0.522922873497,"folkcountry": 0.142671257257,"funksoulrnb": 0.00751084601507,"jazz": 0.100153535604,"pop": 0.0209865253419,"raphiphop": 0.00489295227453,"rock": 0.0538246408105},"probability": 0.522922873497,"value": "electronic"},"genre_electronic": {"all": {"ambient": 0.761146485806,"dnb": 0.0409395620227,"house": 0.135499551892,"techno": 0.0295136459172,"trance": 0.0329007618129},"probability": 0.761146485806,"value": "ambient"},"genre_rosamerica": {"all": {"cla": 0.00743469642475,"dan": 0.0206751972437,"hip": 0.0216379556805,"jaz": 0.517355918884,"pop": 0.0899942964315,"rhy": 0.324901103973,"roc": 0.0129200294614,"spe": 0.00508082471788},"probability": 0.517355918884,"value": "jaz"},"genre_tzanetakis": {"all": {"blu": 0.0753556638956,"cla": 0.0334462746978,"cou": 0.0601904690266,"dis": 0.0429936237633,"hip": 0.150502428412,"jaz": 0.3012573421,"met": 0.0602425709367,"pop": 0.0752838551998,"reg": 0.0501821376383,"roc": 0.150545626879},"probability": 0.3012573421,"value": "jaz"},"ismir04_rhythm": {"all": {"ChaChaCha": 0.0869897603989,"Jive": 0.0247253067791,"Quickstep": 0.0196970235556,"Rumba-American": 0.0876098573208,"Rumba-International": 0.148736312985,"Rumba-Misc": 0.0287394914776,"Samba": 0.0665573775768,"Tango": 0.411946594715,"VienneseWaltz": 0.107213236392,"Waltz": 0.017785044387},"probability": 0.411946594715,"value": "Tango"},"mood_acoustic": {"all": {"acoustic": 0.877059042454,"not_acoustic": 0.122940972447},"probability": 0.877059042454,"value": "acoustic"},"mood_aggressive": {"all": {"aggressive": 0.0648805946112,"not_aggressive": 0.935119390488},"probability": 0.935119390488,"value": "not_aggressive"},"mood_electronic": {"all": {"electronic": 0.389977127314,"not_electronic": 0.610022842884},"probability": 0.610022842884,"value": "not_electronic"},"mood_happy": {"all": {"happy": 0.0377190001309,"not_happy": 0.962280988693},"probability": 0.962280988693,"value": "not_happy"},"mood_party": {"all": {"not_party": 0.833374261856,"party": 0.166625738144},"probability": 0.833374261856,"value": "not_party"},"mood_relaxed": {"all": {"not_relaxed": 0.130424261093,"relaxed": 0.869575738907},"probability": 0.869575738907,"value": "relaxed"},"mood_sad": {"all": {"not_sad": 0.326051920652,"sad": 0.673948049545},"probability": 0.673948049545,"value": "sad"},"moods_mirex": {"all": {"Cluster1": 0.175660550594,"Cluster2": 0.167764410377,"Cluster3": 0.450315803289,"Cluster4": 0.147756442428,"Cluster5": 0.0585027895868},"probability": 0.450315803289,"value": "Cluster3"},"timbre": {"all": {"bright": 0.126645743847,"dark": 0.873354256153},"probability": 0.873354256153,"value": "dark"},"tonal_atonal": {"all": {"atonal": 0.699691236019,"tonal": 0.300308763981},"probability": 0.699691236019,"value": "atonal"},"voice_instrumental": {"all": {"instrumental": 0.116066366434,"voice": 0.883933663368},"probability": 0.883933663368,"value": "voice"}},"metadata": {"audio_properties": {"analysis_sample_rate": 44100,"bit_rate": 0,"equal_loudness": 0,"length": 184.893325806,"lossless": 1,"replay_gain": -12.2458992004,"sample_rate": 44100,"codec": "flac","downmix": "mix","md5_encoded": "2e24b41a88847ef15ad63308b0d21629"},"tags": {"file_name": "06 - Independence Day.flac","acoustid_id": ["ed7e87e7-5023-4553-8832-51a636901563"],"album": ["XO"],"albumartist": ["Elliott Smith"],"albumartistsort": ["Smith, Elliott"],"artist": ["Elliott Smith"],"artistsort": ["Smith, Elliott"],"date": ["1998"],"musicbrainz_albumartistid": ["03ad1736-b7c9-412a-b442-82536d63a5c4"],"musicbrainz_albumid": ["d806429e-1dbe-4e7e-8c43-f92f9f5ebd7c"],"musicbrainz_artistid": ["03ad1736-b7c9-412a-b442-82536d63a5c4"],"musicbrainz_recordingid": ["c19d12bc-b807-4d75-9ad6-de067a4562e5"],"title": ["Independence Day"],"totaltracks": ["15"],"tracknumber": ["6"],"tracktotal": ["15"]},"version": {"highlevel": {"essentia": "2.1-beta5-dev","essentia_build_sha": "e74af04b57b164eed312abeef4963962215860f0","essentia_git_sha": "v2.1_beta4-499-g4013ebc","extractor": "music 2.0","gaia": "2.4.5","gaia_git_sha": "v2.4.4-44-g95f4851","models_essentia_git_sha": "v2.1_beta1"},"lowlevel": {"essentia": "2.1-beta1","essentia_build_sha": "ca57ba49d9b1854bd80e60cf9ccf267278fb7d6b","essentia_git_sha": "v2.1_beta1-28-g21ef5f4-dirty","extractor": "music 1.0"}}}}