{"highlevel": {"danceability": {"all": {"danceable": 0.877708852291,"not_danceable": 0.12229116261},"probability": 0.877708852291,"value": "danceable"},"gender": {"all": {"female": 0.630128979683,"male": 0.369870990515},"probability": 0.630128979683,"value": "female"},"genre_dortmund": {"all": {"alternative": 0.000353551440639,"blues": 1.96954151761e-05,"electronic": 0.99950671196,"folkcountry": 4.02484038204e-05,"funksoulrnb": 1.8530355419e-06,"jazz": 4.52878994111e-05,"pop": 3.55165138899e-06,"raphiphop": 6.10416975633e-07,"rock": 2.84846573777e-05},"probability": 0.99950671196,"value": "electronic"},"genre_electronic": {"all": {"ambient": 0.33875054121,"dnb": 0.00958688091487,"house": 0.490484565496,"techno": 0.0350824072957,"trance": 0.126095592976},"probability": 0.490484565496,"value": "house"},"genre_rosamerica": {"all": {"cla": 0.0160569921136,"dan": 0.0463749654591,"hip": 0.11684808135,"jaz": 0.0278740320355,"pop": 0.0758786275983,"rhy": 0.663575649261,"roc": 0.0268650334328,"spe": 0.0265265982598},"probability": 0.663575649261,"value": "rhy"},"genre_tzanetakis": {"all": {"blu": 0.0536248125136,"cla": 0.0402137003839,"cou": 0.0804244577885,"dis": 0.0536149553955,"hip": 0.0643390268087,"jaz": 0.3217048347,"met": 0.0643490701914,"pop": 0.080434165895,"reg": 0.0804325267673,"roc": 0.160862460732},"probability": 0.3217048347,"value": "jaz"},"ismir04_rhythm": {"all": {"ChaChaCha": 0.188811153173,"Jive": 0.0775297880173,"Quickstep": 0.0340037569404,"Rumba-American": 0.0415135286748,"Rumba-International": 0.0558029450476,"Rumba-Misc": 0.0361337214708,"Samba": 0.13683091104,"Tango": 0.352729201317,"VienneseWaltz": 0.0568583980203,"Waltz": 0.0197865962982},"probability": 0.352729201317,"value": "Tango"},"mood_acoustic": {"all": {"acoustic": 0.0817581117153,"not_acoustic": 0.918241858482},"probability": 0.918241858482,"value": "not_acoustic"},"mood_aggressive": {"all": {"aggressive": 9.36606193136e-06,"not_aggressive": 0.999990642071},"probability": 0.999990642071,"value": "not_aggressive"},"mood_electronic": {"all": {"electronic": 0.85646378994,"not_electronic": 0.14353621006},"probability": 0.85646378994,"value": "electronic"},"mood_happy": {"all": {"happy": 1.80830720637e-05,"not_happy": 0.999981939793},"probability": 0.999981939793,"value": "not_happy"},"mood_party": {"all": {"not_party": 0.882127821445,"party": 0.117872156203},"probability": 0.882127821445,"value": "not_party"},"mood_relaxed": {"all": {"not_relaxed": 0.131558522582,"relaxed": 0.868441462517},"probability": 0.868441462517,"value": "relaxed"},"mood_sad": {"all": {"not_sad": 0.648538172245,"sad": 0.351461827755},"probability": 0.648538172245,"value": "not_sad"},"moods_mirex": {"all": {"Cluster1": 0.127669617534,"Cluster2": 0.124413475394,"Cluster3": 0.276761114597,"Cluster4": 0.134329244494,"Cluster5": 0.336826562881},"probability": 0.336826562881,"value": "Cluster5"},"timbre": {"all": {"bright": 0.0125473402441,"dark": 0.987452685833},"probability": 0.987452685833,"value": "dark"},"tonal_atonal": {"all": {"atonal": 0.997037410736,"tonal": 0.00296260835603},"probability": 0.997037410736,"value": "atonal"},"voice_instrumental": {"all": {"instrumental": 0.879233777523,"voice": 0.120766244829},"probability": 0.879233777523,"value": "instrumental"}},"metadata": {"audio_properties": {"analysis_sample_rate": 44100,"bit_rate": 181921,"equal_loudness": 0,"length": 430.889801025,"lossless": 0,"replay_gain": -12.9713783264,"sample_rate": 44100,"codec": "mp3","downmix": "mix","md5_encoded": "346ec6125e53e01f254ce21c00d07c68"},"tags": {"file_name": "Chris Zippel - Genuine Horizon - 01. Around, Arrived.mp3","album": ["Genuine Horizon"],"albumartist": ["Chris Zippel"],"albumartistsort": ["Zippel, Chris"],"artist": ["Chris Zippel"],"artistsort": ["Zippel, Chris"],"asin": ["B000TQCTU4"],"barcode": ["4042564020823"],"catalognumber": ["E10011100CD"],"date": ["2007-08-30"],"label": ["Elektrolux"],"musicbrainz album release country": ["DE"],"musicbrainz album status": ["official"],"musicbrainz album type": ["album"],"musicbrainz_albumartistid": ["f834975a-3bcf-455e-82af-764d02fb1329"],"musicbrainz_albumid": ["c669692e-f74e-4371-8135-f7bf1a147e54"],"musicbrainz_artistid": ["f834975a-3bcf-455e-82af-764d02fb1329"],"musicbrainz_recordingid": ["e8cc7b54-8f56-4ca4-b2d1-c4f3ff739265"],"title": ["Around, Arrived"],"tracknumber": ["1\/10"]},"version": {"highlevel": {"essentia": "2.1-beta5-dev","essentia_build_sha": "e74af04b57b164eed312abeef4963962215860f0","essentia_git_sha": "v2.1_beta4-499-g4013ebc","extractor": "music 2.0","gaia": "2.4.5","gaia_git_sha": "v2.4.4-44-g95f4851","models_essentia_git_sha": "v2.1_beta1"},"lowlevel": {"essentia": "2.1-beta2","essentia_build_sha": "9d802f11a06d563db11312c01732e940832f6a11","essentia_git_sha": "v2.1_beta2","extractor": "music 1.0"}}}}