{"highlevel": {"danceability": {"all": {"danceable": 0.234600424767,"not_danceable": 0.765399575233},"probability": 0.765399575233,"value": "not_danceable"},"gender": {"all": {"female": 0.123626671731,"male": 0.87637335062},"probability": 0.87637335062,"value": "male"},"genre_dortmund": {"all": {"alternative": 0.0290420018137,"blues": 0.00452733878046,"electronic": 0.950296759605,"folkcountry": 0.00862338021398,"funksoulrnb": 0.000356530887075,"jazz": 0.00296799675561,"pop": 0.000675744144246,"raphiphop": 0.000304817804135,"rock": 0.00320545677096},"probability": 0.950296759605,"value": "electronic"},"genre_electronic": {"all": {"ambient": 0.678742349148,"dnb": 0.0215942189097,"house": 0.123514138162,"techno": 0.0180105753243,"trance": 0.158138737082},"probability": 0.678742349148,"value": "ambient"},"genre_rosamerica": {"all": {"cla": 0.0283096190542,"dan": 0.0545492693782,"hip": 0.114195533097,"jaz": 0.206482678652,"pop": 0.338080793619,"rhy": 0.187294110656,"roc": 0.0526230931282,"spe": 0.0184649117291},"probability": 0.338080793619,"value": "pop"},"genre_tzanetakis": {"all": {"blu": 0.0626613423228,"cla": 0.0348169617355,"cou": 0.104475811124,"dis": 0.0784321576357,"hip": 0.15692435205,"jaz": 0.313974827528,"met": 0.0448166541755,"pop": 0.0627359300852,"reg": 0.0627360641956,"roc": 0.0784258767962},"probability": 0.313974827528,"value": "jaz"},"ismir04_rhythm": {"all": {"ChaChaCha": 0.030032036826,"Jive": 0.0433153547347,"Quickstep": 0.00707365013659,"Rumba-American": 0.0301781352609,"Rumba-International": 0.0111600607634,"Rumba-Misc": 0.00579707557335,"Samba": 0.0190013032407,"Tango": 0.741155326366,"VienneseWaltz": 0.106499053538,"Waltz": 0.00578803056851},"probability": 0.741155326366,"value": "Tango"},"mood_acoustic": {"all": {"acoustic": 0.923831582069,"not_acoustic": 0.0761684328318},"probability": 0.923831582069,"value": "acoustic"},"mood_aggressive": {"all": {"aggressive": 0.0664386376739,"not_aggressive": 0.933561384678},"probability": 0.933561384678,"value": "not_aggressive"},"mood_electronic": {"all": {"electronic": 0.202078998089,"not_electronic": 0.797921001911},"probability": 0.797921001911,"value": "not_electronic"},"mood_happy": {"all": {"happy": 0.655806899071,"not_happy": 0.344193100929},"probability": 0.655806899071,"value": "happy"},"mood_party": {"all": {"not_party": 0.848012566566,"party": 0.151987448335},"probability": 0.848012566566,"value": "not_party"},"mood_relaxed": {"all": {"not_relaxed": 0.0168753061444,"relaxed": 0.983124673367},"probability": 0.983124673367,"value": "relaxed"},"mood_sad": {"all": {"not_sad": 0.47377127409,"sad": 0.52622872591},"probability": 0.52622872591,"value": "sad"},"moods_mirex": {"all": {"Cluster1": 0.124046005309,"Cluster2": 0.253856778145,"Cluster3": 0.171766892076,"Cluster4": 0.132329180837,"Cluster5": 0.318001151085},"probability": 0.318001151085,"value": "Cluster5"},"timbre": {"all": {"bright": 0.534789919853,"dark": 0.465210050344},"probability": 0.534789919853,"value": "bright"},"tonal_atonal": {"all": {"atonal": 0.848318457603,"tonal": 0.151681512594},"probability": 0.848318457603,"value": "atonal"},"voice_instrumental": {"all": {"instrumental": 0.0173479020596,"voice": 0.982652127743},"probability": 0.982652127743,"value": "voice"}},"metadata": {"audio_properties": {"analysis_sample_rate": 44100,"bit_rate": 0,"equal_loudness": 0,"length": 256.893341064,"lossless": 1,"replay_gain": -9.8558177948,"sample_rate": 44100,"codec": "flac","downmix": "mix","md5_encoded": "d3f0be41711de339b08c83a199fcf36e"},"tags": {"file_name": "02 - Wishful Thinking.flac","acoustid_id": ["5a4a44a5-56c9-4b55-bf89-d72a5fd747c6"],"album": ["It"],"albumartist": ["Pulp"],"albumartistsort": ["Pulp"],"artist": ["Pulp"],"artists": ["Pulp"],"artistsort": ["Pulp"],"asin": ["B006TXDP4U"],"barcode": ["809236122322"],"catalognumber": ["FIRECD223E"],"date": ["2012"],"isrc": ["GBCKK1122302"],"label": ["Fire Records"],"media": ["CD"],"musicbrainz_albumartistid": ["76b2e842-5e85-4c97-ab62-d5bc315595b5"],"musicbrainz_albumid": ["0983937f-0bcd-4d4f-a5f2-e424e6ae3359"],"musicbrainz_artistid": ["76b2e842-5e85-4c97-ab62-d5bc315595b5"],"musicbrainz_recordingid": ["4b966c36-3e5d-4851-9597-0865966bb2f1"],"musicbrainz_releasegroupid": ["4752e66e-5670-3d95-b9f7-1c0664788eb8"],"musicbrainz_releasetrackid": ["873570ee-2985-3aed-a146-d683ca7472a0"],"originaldate": ["1983"],"releasecountry": ["GB"],"releasestatus": ["official"],"releasetype": ["album"],"script": ["Latn"],"title": ["Wishful Thinking"],"totaltracks": ["12"],"tracknumber": ["2"],"tracktotal": ["12"]},"version": {"highlevel": {"essentia": "2.1-beta5-dev","essentia_build_sha": "e74af04b57b164eed312abeef4963962215860f0","essentia_git_sha": "v2.1_beta4-499-g4013ebc","extractor": "music 2.0","gaia": "2.4.5","gaia_git_sha": "v2.4.4-44-g95f4851","models_essentia_git_sha": "v2.1_beta1"},"lowlevel": {"essentia": "2.1-beta1","essentia_build_sha": "65e368e5454dd45657e4cc002e00185f437e13e1","essentia_git_sha": "v2.1_beta1-28-g21ef5f4","extractor": "music 1.0"}}}}