{"highlevel": {"danceability": {"all": {"danceable": 0.482336252928,"not_danceable": 0.517663776875},"probability": 0.517663776875,"value": "not_danceable"},"gender": {"all": {"female": 0.392860859632,"male": 0.60713917017},"probability": 0.60713917017,"value": "male"},"genre_dortmund": {"all": {"alternative": 0.0997620746493,"blues": 0.380964159966,"electronic": 0.235527828336,"folkcountry": 0.083247743547,"funksoulrnb": 0.014950029552,"jazz": 0.0317810773849,"pop": 0.0242290031165,"raphiphop": 0.0125369038433,"rock": 0.11700117588},"probability": 0.380964159966,"value": "blues"},"genre_electronic": {"all": {"ambient": 0.939045667648,"dnb": 0.010211687535,"house": 0.0220315251499,"techno": 0.00648279627785,"trance": 0.0222283173352},"probability": 0.939045667648,"value": "ambient"},"genre_rosamerica": {"all": {"cla": 0.144320398569,"dan": 0.0210306756198,"hip": 0.054773952812,"jaz": 0.117606423795,"pop": 0.348950952291,"rhy": 0.180207386613,"roc": 0.0813188627362,"spe": 0.0517913401127},"probability": 0.348950952291,"value": "pop"},"genre_tzanetakis": {"all": {"blu": 0.0610374100506,"cla": 0.0338855311275,"cou": 0.0609888806939,"dis": 0.0609990991652,"hip": 0.152535051107,"jaz": 0.305239975452,"met": 0.0610094219446,"pop": 0.0609939731658,"reg": 0.0508251339197,"roc": 0.15248554945},"probability": 0.305239975452,"value": "jaz"},"ismir04_rhythm": {"all": {"ChaChaCha": 0.118083924055,"Jive": 0.0599693693221,"Quickstep": 0.0209174472839,"Rumba-American": 0.0570094175637,"Rumba-International": 0.0189040489495,"Rumba-Misc": 0.0126414373517,"Samba": 0.0306679606438,"Tango": 0.366372019053,"VienneseWaltz": 0.300287038088,"Waltz": 0.0151473274454},"probability": 0.366372019053,"value": "Tango"},"mood_acoustic": {"all": {"acoustic": 0.442553460598,"not_acoustic": 0.557446539402},"probability": 0.557446539402,"value": "not_acoustic"},"mood_aggressive": {"all": {"aggressive": 0.342242866755,"not_aggressive": 0.657757103443},"probability": 0.657757103443,"value": "not_aggressive"},"mood_electronic": {"all": {"electronic": 0.0873438790441,"not_electronic": 0.912656128407},"probability": 0.912656128407,"value": "not_electronic"},"mood_happy": {"all": {"happy": 0.382389366627,"not_happy": 0.617610633373},"probability": 0.617610633373,"value": "not_happy"},"mood_party": {"all": {"not_party": 0.511987328529,"party": 0.488012671471},"probability": 0.511987328529,"value": "not_party"},"mood_relaxed": {"all": {"not_relaxed": 0.704550564289,"relaxed": 0.295449435711},"probability": 0.704550564289,"value": "not_relaxed"},"mood_sad": {"all": {"not_sad": 0.473998576403,"sad": 0.5260014534},"probability": 0.5260014534,"value": "sad"},"moods_mirex": {"all": {"Cluster1": 0.101017706096,"Cluster2": 0.237898647785,"Cluster3": 0.139933660626,"Cluster4": 0.297743290663,"Cluster5": 0.223406687379},"probability": 0.297743290663,"value": "Cluster4"},"timbre": {"all": {"bright": 0.590610384941,"dark": 0.409389615059},"probability": 0.590610384941,"value": "bright"},"tonal_atonal": {"all": {"atonal": 0.906344056129,"tonal": 0.0936559662223},"probability": 0.906344056129,"value": "atonal"},"voice_instrumental": {"all": {"instrumental": 0.0554157085717,"voice": 0.944584310055},"probability": 0.944584310055,"value": "voice"}},"metadata": {"audio_properties": {"analysis_sample_rate": 44100,"bit_rate": 128000,"equal_loudness": 0,"length": 156.577957153,"lossless": 0,"replay_gain": -11.8842449188,"sample_rate": 44100,"codec": "mp3","downmix": "mix","md5_encoded": "59cee2be94d1e38321eb6f3a888e9556"},"tags": {"file_name": "1-12 Put on a Happy Face.mp3","album": ["The Essential Tony Bennett"],"albumartist": ["Tony Bennett"],"albumartistsort": ["Bennett, Tony"],"artist": ["Tony Bennett"],"artistsort": ["Bennett, Tony"],"asin": ["B000069JIL"],"barcode": ["6007689605735"],"catalognumber": ["CTV2K 86634"],"contentgroup": ["Jazz"],"date": ["2002"],"discnumber": ["1\/2"],"genre": ["Jazz; Easy Listening; Lounge; Jazz Vocal; Standards"],"label": ["Columbia"],"media": ["CD"],"mood": ["Retro; Smooth; Relaxed"],"musicbrainz album release country": ["US"],"musicbrainz album status": ["official"],"musicbrainz album type": ["album"],"musicbrainz_albumartistid": ["8be0594f-8c13-46bb-ab06-f93ffba5c776"],"musicbrainz_albumid": ["44d2ca7d-7170-4920-ae0a-f3217168d849"],"musicbrainz_artistid": ["8be0594f-8c13-46bb-ab06-f93ffba5c776"],"musicbrainz_recordingid": ["754f7be0-2c02-4f86-b6e1-73c1c610cb75"],"musicbrainz_releasegroupid": ["dab7c409-a803-3def-8d2c-d3e9c923b1ee"],"originaldate": ["2002"],"originalyear": ["2002"],"script": ["Latn"],"title": ["Put on a Happy Face"],"tracknumber": ["12\/21"]},"version": {"highlevel": {"essentia": "2.1-beta5-dev","essentia_build_sha": "e74af04b57b164eed312abeef4963962215860f0","essentia_git_sha": "v2.1_beta4-499-g4013ebc","extractor": "music 2.0","gaia": "2.4.5","gaia_git_sha": "v2.4.4-44-g95f4851","models_essentia_git_sha": "v2.1_beta1"},"lowlevel": {"essentia": "2.1-beta2","essentia_build_sha": "26c37b627ab5a2028d412893e0969599b764ad4d","essentia_git_sha": "v2.1_beta2","extractor": "music 1.0"}}}}