{"highlevel": {"danceability": {"all": {"danceable": 0.905878186226,"not_danceable": 0.0941218137741},"probability": 0.905878186226,"value": "danceable"},"gender": {"all": {"female": 0.535786509514,"male": 0.464213460684},"probability": 0.535786509514,"value": "female"},"genre_dortmund": {"all": {"alternative": 4.27787909263e-11,"blues": 5.40383571224e-11,"electronic": 0.999998986721,"folkcountry": 2.86069727906e-08,"funksoulrnb": 1.65472240354e-08,"jazz": 7.98155781467e-07,"pop": 1.53917838475e-08,"raphiphop": 1.66163527382e-08,"rock": 1.56934973461e-07},"probability": 0.999998986721,"value": "electronic"},"genre_electronic": {"all": {"ambient": 0.450700134039,"dnb": 0.00350555451587,"house": 0.0758528187871,"techno": 0.0151001699269,"trance": 0.454841315746},"probability": 0.454841315746,"value": "trance"},"genre_rosamerica": {"all": {"cla": 0.00869240052998,"dan": 0.0145512595773,"hip": 0.105286978185,"jaz": 0.797029733658,"pop": 0.0186778847128,"rhy": 0.0216770470142,"roc": 0.0257406383753,"spe": 0.00834404956549},"probability": 0.797029733658,"value": "jaz"},"genre_tzanetakis": {"all": {"blu": 0.0626541376114,"cla": 0.0348133966327,"cou": 0.0783501937985,"dis": 0.104547761381,"hip": 0.15693578124,"jaz": 0.313987255096,"met": 0.044816005975,"pop": 0.0627349764109,"reg": 0.0627352520823,"roc": 0.0784252434969},"probability": 0.313987255096,"value": "jaz"},"ismir04_rhythm": {"all": {"ChaChaCha": 0.0892587453127,"Jive": 0.104049652815,"Quickstep": 0.0209301151335,"Rumba-American": 0.038389865309,"Rumba-International": 0.02024875395,"Rumba-Misc": 0.021588511765,"Samba": 0.0442656204104,"Tango": 0.510322809219,"VienneseWaltz": 0.135853603482,"Waltz": 0.0150922983885},"probability": 0.510322809219,"value": "Tango"},"mood_acoustic": {"all": {"acoustic": 0.1634426862,"not_acoustic": 0.836557328701},"probability": 0.836557328701,"value": "not_acoustic"},"mood_aggressive": {"all": {"aggressive": 0.586549758911,"not_aggressive": 0.413450241089},"probability": 0.586549758911,"value": "aggressive"},"mood_electronic": {"all": {"electronic": 0.808124244213,"not_electronic": 0.191875770688},"probability": 0.808124244213,"value": "electronic"},"mood_happy": {"all": {"happy": 0.207236170769,"not_happy": 0.792763829231},"probability": 0.792763829231,"value": "not_happy"},"mood_party": {"all": {"not_party": 0.463499844074,"party": 0.536500155926},"probability": 0.536500155926,"value": "party"},"mood_relaxed": {"all": {"not_relaxed": 0.433266550303,"relaxed": 0.566733419895},"probability": 0.566733419895,"value": "relaxed"},"mood_sad": {"all": {"not_sad": 0.667057394981,"sad": 0.332942634821},"probability": 0.667057394981,"value": "not_sad"},"moods_mirex": {"all": {"Cluster1": 0.0701867938042,"Cluster2": 0.0493342094123,"Cluster3": 0.213064670563,"Cluster4": 0.0372829437256,"Cluster5": 0.630131363869},"probability": 0.630131363869,"value": "Cluster5"},"timbre": {"all": {"bright": 0.913241863251,"dark": 0.0867581367493},"probability": 0.913241863251,"value": "bright"},"tonal_atonal": {"all": {"atonal": 0.764827668667,"tonal": 0.235172361135},"probability": 0.764827668667,"value": "atonal"},"voice_instrumental": {"all": {"instrumental": 0.793915808201,"voice": 0.206084176898},"probability": 0.793915808201,"value": "instrumental"}},"metadata": {"audio_properties": {"analysis_sample_rate": 44100,"bit_rate": 0,"equal_loudness": 0,"length": 497,"lossless": 1,"replay_gain": -15.0641784668,"sample_rate": 44100,"codec": "flac","downmix": "mix","md5_encoded": "db194cc0f29d9210461047be0aa39ebd"},"tags": {"file_name": "05 - Hand Jive [second alternate take].flac","acoustid_id": ["7d9d0196-3a54-48e2-bbb9-074034df8eaa"],"album": ["The Complete Columbia Studio Recordings 1965-1968 (Disc3)"],"albumartist": ["Miles Davis Quintet"],"albumartistsort": ["Davis, Miles, Quintet"],"artist": ["Miles Davis Quintet"],"artistsort": ["Davis, Miles, Quintet"],"asin": ["B0000062G5"],"date": ["1998"],"discnumber": ["3"],"disctotal": ["6"],"genre": ["Jazz"],"musicbrainz_albumartistid": ["fe7245e7-d734-4ca1-8e26-691883f58201"],"musicbrainz_albumid": ["20106bf8-d701-49e6-8c80-84ade7eadd2d"],"musicbrainz_artistid": ["fe7245e7-d734-4ca1-8e26-691883f58201"],"musicbrainz_recordingid": ["035eb34d-f20e-40ff-ae6d-04afd08c4bd3"],"musicbrainz_releasegroupid": ["1bcecc61-e5bb-3de4-af0f-2ce5ca03497a"],"originaldate": ["1998"],"releasecountry": ["US"],"releasestatus": ["official"],"releasetype": ["album", "compilation"],"script": ["Latn"],"title": ["Hand Jive [Second Alternate Take]"],"tracknumber": ["5"],"tracktotal": ["11"]},"version": {"highlevel": {"essentia": "2.1-beta5-dev","essentia_build_sha": "e74af04b57b164eed312abeef4963962215860f0","essentia_git_sha": "v2.1_beta4-499-g4013ebc","extractor": "music 2.0","gaia": "2.4.5","gaia_git_sha": "v2.4.4-44-g95f4851","models_essentia_git_sha": "v2.1_beta1"},"lowlevel": {"essentia": "2.1-beta2","essentia_build_sha": "2d9f1f26377add8aeb1075a9c2973f962c4f09fd","essentia_git_sha": "v2.1_beta2-1-ge3940c0","extractor": "music 1.0"}}}}