{"highlevel": {"danceability": {"all": {"danceable": 3.00000096379e-14,"not_danceable": 1},"probability": 1,"value": "not_danceable"},"gender": {"all": {"female": 0.622126698494,"male": 0.377873301506},"probability": 0.622126698494,"value": "female"},"genre_dortmund": {"all": {"alternative": 4.88166094215e-08,"blues": 4.59672655495e-08,"electronic": 0.999926507473,"folkcountry": 5.64043830309e-06,"funksoulrnb": 1.88297360637e-06,"jazz": 5.93858130742e-05,"pop": 2.6104241897e-06,"raphiphop": 7.31416662347e-07,"rock": 3.16551791002e-06},"probability": 0.999926507473,"value": "electronic"},"genre_electronic": {"all": {"ambient": 0.145364224911,"dnb": 0.125847905874,"house": 0.121064595878,"techno": 0.473996043205,"trance": 0.13372720778},"probability": 0.473996043205,"value": "techno"},"genre_rosamerica": {"all": {"cla": 0.00107097800355,"dan": 0.787707746029,"hip": 0.106063038111,"jaz": 0.00203460338525,"pop": 0.0210662838072,"rhy": 0.010055183433,"roc": 0.0698678195477,"spe": 0.00213432312012},"probability": 0.787707746029,"value": "dan"},"genre_tzanetakis": {"all": {"blu": 0.0617713928223,"cla": 0.0343018434942,"cou": 0.102904699743,"dis": 0.0514719486237,"hip": 0.154438391328,"jaz": 0.309046447277,"met": 0.0441263727844,"pop": 0.0772129744291,"reg": 0.0617708563805,"roc": 0.102955065668},"probability": 0.309046447277,"value": "jaz"},"ismir04_rhythm": {"all": {"ChaChaCha": 0.891596853733,"Jive": 0.0125331515446,"Quickstep": 0.00161631579977,"Rumba-American": 0.0033693483565,"Rumba-International": 0.030221041292,"Rumba-Misc": 0.00528227631003,"Samba": 0.0106460526586,"Tango": 0.0116695836186,"VienneseWaltz": 0.0302723925561,"Waltz": 0.00279299239628},"probability": 0.891596853733,"value": "ChaChaCha"},"mood_acoustic": {"all": {"acoustic": 0.0955903604627,"not_acoustic": 0.904409646988},"probability": 0.904409646988,"value": "not_acoustic"},"mood_aggressive": {"all": {"aggressive": 3.00000096379e-14,"not_aggressive": 1},"probability": 1,"value": "not_aggressive"},"mood_electronic": {"all": {"electronic": 0.979391694069,"not_electronic": 0.0206082761288},"probability": 0.979391694069,"value": "electronic"},"mood_happy": {"all": {"happy": 0.203730508685,"not_happy": 0.796269476414},"probability": 0.796269476414,"value": "not_happy"},"mood_party": {"all": {"not_party": 0.999984204769,"party": 1.57784197654e-05},"probability": 0.999984204769,"value": "not_party"},"mood_relaxed": {"all": {"not_relaxed": 0.191182896495,"relaxed": 0.808817088604},"probability": 0.808817088604,"value": "relaxed"},"mood_sad": {"all": {"not_sad": 0.853034973145,"sad": 0.146965026855},"probability": 0.853034973145,"value": "not_sad"},"moods_mirex": {"all": {"Cluster1": 0.0772226452827,"Cluster2": 0.0444035679102,"Cluster3": 0.227747857571,"Cluster4": 0.0306320842355,"Cluster5": 0.61999386549},"probability": 0.61999386549,"value": "Cluster5"},"timbre": {"all": {"bright": 0.000565473164897,"dark": 0.999434530735},"probability": 0.999434530735,"value": "dark"},"tonal_atonal": {"all": {"atonal": 0.999999821186,"tonal": 1.61216121342e-07},"probability": 0.999999821186,"value": "atonal"},"voice_instrumental": {"all": {"instrumental": 0.997457563877,"voice": 0.00254245754331},"probability": 0.997457563877,"value": "instrumental"}},"metadata": {"audio_properties": {"analysis_sample_rate": 44100,"bit_rate": 173391,"equal_loudness": 0,"length": 310.20513916,"lossless": 0,"replay_gain": 3.74700737,"sample_rate": 44100,"codec": "mp3","downmix": "mix","md5_encoded": "7b3d7ed4ce8bb6f614ca2f7068000cd5"},"tags": {"file_name": "08 - Black Box II.mp3","acoustid_id": ["eb5f9670-343b-41fb-9f6a-d73109a66550"],"album": ["Logghi Barogghi"],"albumartist": ["Scorn"],"albumartistsort": ["Scorn"],"artist": ["Scorn"],"artists": ["Scorn"],"artistsort": ["Scorn"],"asin": ["B000024N17"],"barcode": ["5018615115823"],"catalognumber": ["MOSH 158 CD"],"date": ["1996"],"label": ["Earache Records"],"media": ["CD"],"musicbrainz album release country": ["GB"],"musicbrainz album status": ["official"],"musicbrainz album type": ["album"],"musicbrainz release track id": ["3ad29ff3-b0c7-352f-9d7c-165f9b71ffa7"],"musicbrainz_albumartistid": ["b55479cc-e078-49e2-9ff5-52ace46802d9"],"musicbrainz_albumid": ["89c0cb2a-d809-345e-9708-034f5d4807f8"],"musicbrainz_artistid": ["b55479cc-e078-49e2-9ff5-52ace46802d9"],"musicbrainz_recordingid": ["c6409623-7291-4990-a452-69088bcdbf6c"],"musicbrainz_releasegroupid": ["395fde1a-4d44-38c2-94bb-73b9a1b4384c"],"originaldate": ["1996"],"script": ["Latn"],"title": ["Black Box II"],"tracknumber": ["8\/14"]},"version": {"highlevel": {"essentia": "2.1-beta5-dev","essentia_build_sha": "e74af04b57b164eed312abeef4963962215860f0","essentia_git_sha": "v2.1_beta4-499-g4013ebc","extractor": "music 2.0","gaia": "2.4.5","gaia_git_sha": "v2.4.4-44-g95f4851","models_essentia_git_sha": "v2.1_beta1"},"lowlevel": {"essentia": "2.1-beta1","essentia_build_sha": "ca57ba49d9b1854bd80e60cf9ccf267278fb7d6b","essentia_git_sha": "v2.1_beta1-28-g21ef5f4-dirty","extractor": "music 1.0"}}}}