{"highlevel": {"danceability": {"all": {"danceable": 0.997641384602,"not_danceable": 0.00235861469992},"probability": 0.997641384602,"value": "danceable"},"gender": {"all": {"female": 0.924311816692,"male": 0.0756881833076},"probability": 0.924311816692,"value": "female"},"genre_dortmund": {"all": {"alternative": 0.00629755994305,"blues": 0.008783406578,"electronic": 0.975470125675,"folkcountry": 0.00241016736254,"funksoulrnb": 0.000136912232847,"jazz": 0.00379551877268,"pop": 0.000233400671277,"raphiphop": 0.000481008202769,"rock": 0.00239187246189},"probability": 0.975470125675,"value": "electronic"},"genre_electronic": {"all": {"ambient": 0.13415363431,"dnb": 0.0188359152526,"house": 0.728575587273,"techno": 0.0552596971393,"trance": 0.063175149262},"probability": 0.728575587273,"value": "house"},"genre_rosamerica": {"all": {"cla": 0.00103650952224,"dan": 0.0182468220592,"hip": 0.950779020786,"jaz": 0.00251600076444,"pop": 0.00120699463878,"rhy": 0.0221037343144,"roc": 0.00119836011436,"spe": 0.00291254324839},"probability": 0.950779020786,"value": "hip"},"genre_tzanetakis": {"all": {"blu": 0.0626613423228,"cla": 0.0348169580102,"cou": 0.104475818574,"dis": 0.0784321725368,"hip": 0.15692435205,"jaz": 0.313974827528,"met": 0.0448166541755,"pop": 0.0627359300852,"reg": 0.0627360641956,"roc": 0.0784258767962},"probability": 0.313974827528,"value": "jaz"},"ismir04_rhythm": {"all": {"ChaChaCha": 0.691978335381,"Jive": 0.0379479527473,"Quickstep": 0.00622200919315,"Rumba-American": 0.0319829471409,"Rumba-International": 0.0126155950129,"Rumba-Misc": 0.00701063964516,"Samba": 0.0324434377253,"Tango": 0.158107638359,"VienneseWaltz": 0.0177241172642,"Waltz": 0.00396734988317},"probability": 0.691978335381,"value": "ChaChaCha"},"mood_acoustic": {"all": {"acoustic": 0.0991618558764,"not_acoustic": 0.900838136673},"probability": 0.900838136673,"value": "not_acoustic"},"mood_aggressive": {"all": {"aggressive": 0.456363856792,"not_aggressive": 0.543636143208},"probability": 0.543636143208,"value": "not_aggressive"},"mood_electronic": {"all": {"electronic": 0.873154938221,"not_electronic": 0.126845091581},"probability": 0.873154938221,"value": "electronic"},"mood_happy": {"all": {"happy": 0.172634065151,"not_happy": 0.827365934849},"probability": 0.827365934849,"value": "not_happy"},"mood_party": {"all": {"not_party": 0.116772010922,"party": 0.883228003979},"probability": 0.883228003979,"value": "party"},"mood_relaxed": {"all": {"not_relaxed": 0.68655705452,"relaxed": 0.313442915678},"probability": 0.68655705452,"value": "not_relaxed"},"mood_sad": {"all": {"not_sad": 0.83255469799,"sad": 0.167445316911},"probability": 0.83255469799,"value": "not_sad"},"moods_mirex": {"all": {"Cluster1": 0.150695040822,"Cluster2": 0.116249933839,"Cluster3": 0.150912567973,"Cluster4": 0.0665657147765,"Cluster5": 0.515576720238},"probability": 0.515576720238,"value": "Cluster5"},"timbre": {"all": {"bright": 0.596402049065,"dark": 0.403597950935},"probability": 0.596402049065,"value": "bright"},"tonal_atonal": {"all": {"atonal": 0.708437860012,"tonal": 0.291562110186},"probability": 0.708437860012,"value": "atonal"},"voice_instrumental": {"all": {"instrumental": 0.987368702888,"voice": 0.0126312905923},"probability": 0.987368702888,"value": "instrumental"}},"metadata": {"audio_properties": {"analysis_sample_rate": 44100,"bit_rate": 256022,"equal_loudness": 0,"length": 300.538787842,"lossless": 0,"replay_gain": -6.5163269043,"sample_rate": 44100,"codec": "mp3","downmix": "mix","md5_encoded": "a4c7e7d2d4194a2657d971507570f409"},"tags": {"file_name": "2049062.mp3","album": ["Dah Shinin'"],"artist": ["Smif-n-Wessun"],"date": ["1995"],"discnumber": ["1"],"genre": ["Rap\/Hip Hop"],"length": ["300"],"musicbrainz_recordingid": ["c772cac1-2d09-4fa0-addd-b5b9dc54f650"],"title": ["Wipe Ya Mouf"],"tracknumber": ["13"]},"version": {"highlevel": {"essentia": "2.1-beta5-dev","essentia_build_sha": "e74af04b57b164eed312abeef4963962215860f0","essentia_git_sha": "v2.1_beta4-499-g4013ebc","extractor": "music 2.0","gaia": "2.4.5","gaia_git_sha": "v2.4.4-44-g95f4851","models_essentia_git_sha": "v2.1_beta1"},"lowlevel": {"essentia": "2.1-beta2","essentia_build_sha": "70f2e5ece6736b2c40cc944ad0e695b16b925413","essentia_git_sha": "v2.1_beta2","extractor": "music 1.0"}}}}