{"highlevel": {"danceability": {"all": {"danceable": 0.956390917301,"not_danceable": 0.0436090640724},"probability": 0.956390917301,"value": "danceable"},"gender": {"all": {"female": 0.439049214125,"male": 0.560950756073},"probability": 0.560950756073,"value": "male"},"genre_dortmund": {"all": {"alternative": 0.0178937166929,"blues": 0.00138744234573,"electronic": 0.975715637207,"folkcountry": 0.00194162025582,"funksoulrnb": 7.37034279155e-05,"jazz": 0.00110619654879,"pop": 0.000319850136293,"raphiphop": 6.19513375568e-05,"rock": 0.00149989395868},"probability": 0.975715637207,"value": "electronic"},"genre_electronic": {"all": {"ambient": 0.565569460392,"dnb": 0.0180593971163,"house": 0.273563325405,"techno": 0.029828177765,"trance": 0.112979613245},"probability": 0.565569460392,"value": "ambient"},"genre_rosamerica": {"all": {"cla": 0.0122595950961,"dan": 0.0532931126654,"hip": 0.0682684928179,"jaz": 0.0252023208886,"pop": 0.185583531857,"rhy": 0.488240897655,"roc": 0.140104666352,"spe": 0.0270473789424},"probability": 0.488240897655,"value": "rhy"},"genre_tzanetakis": {"all": {"blu": 0.0617713928223,"cla": 0.0343018434942,"cou": 0.102904699743,"dis": 0.0514719486237,"hip": 0.154438391328,"jaz": 0.309046447277,"met": 0.0441263727844,"pop": 0.0772129744291,"reg": 0.0617708563805,"roc": 0.102955065668},"probability": 0.309046447277,"value": "jaz"},"ismir04_rhythm": {"all": {"ChaChaCha": 0.242471173406,"Jive": 0.0703829675913,"Quickstep": 0.0110251260921,"Rumba-American": 0.0198579393327,"Rumba-International": 0.0910466834903,"Rumba-Misc": 0.0394928492606,"Samba": 0.0753645896912,"Tango": 0.250909090042,"VienneseWaltz": 0.184975594282,"Waltz": 0.0144739709795},"probability": 0.250909090042,"value": "Tango"},"mood_acoustic": {"all": {"acoustic": 0.130212515593,"not_acoustic": 0.869787454605},"probability": 0.869787454605,"value": "not_acoustic"},"mood_aggressive": {"all": {"aggressive": 2.10927782973e-06,"not_aggressive": 0.999997913837},"probability": 0.999997913837,"value": "not_aggressive"},"mood_electronic": {"all": {"electronic": 0.8010622859,"not_electronic": 0.198937729001},"probability": 0.8010622859,"value": "electronic"},"mood_happy": {"all": {"happy": 2.36698923572e-07,"not_happy": 0.999999761581},"probability": 0.999999761581,"value": "not_happy"},"mood_party": {"all": {"not_party": 0.986471712589,"party": 0.0135283004493},"probability": 0.986471712589,"value": "not_party"},"mood_relaxed": {"all": {"not_relaxed": 0.165964484215,"relaxed": 0.834035515785},"probability": 0.834035515785,"value": "relaxed"},"mood_sad": {"all": {"not_sad": 0.58997631073,"sad": 0.410023719072},"probability": 0.58997631073,"value": "not_sad"},"moods_mirex": {"all": {"Cluster1": 0.121827490628,"Cluster2": 0.196286827326,"Cluster3": 0.435607731342,"Cluster4": 0.0795937106013,"Cluster5": 0.166684255004},"probability": 0.435607731342,"value": "Cluster3"},"timbre": {"all": {"bright": 0.00336182373576,"dark": 0.996638178825},"probability": 0.996638178825,"value": "dark"},"tonal_atonal": {"all": {"atonal": 0.999992847443,"tonal": 7.13184726919e-06},"probability": 0.999992847443,"value": "atonal"},"voice_instrumental": {"all": {"instrumental": 0.94420582056,"voice": 0.0557942017913},"probability": 0.94420582056,"value": "instrumental"}},"metadata": {"audio_properties": {"analysis_sample_rate": 44100,"bit_rate": 320000,"equal_loudness": 0,"length": 304.301849365,"lossless": 0,"replay_gain": -8.82616043091,"sample_rate": 44100,"codec": "vorbis","downmix": "mix","md5_encoded": "4823ef100044e8dcda1aa2ad9fd385df"},"tags": {"file_name": "05 Ghost.ogg","album": ["Of Faith, Power and Glory"],"albumartist": ["VNV Nation"],"albumartistsort": ["VNV Nation"],"artist": ["VNV Nation"],"artistsort": ["VNV Nation"],"asin": ["B0028R1M32"],"barcode": ["828136030223"],"catalognumber": ["ARC-2"],"date": ["2009-06-23"],"discnumber": ["1"],"disctotal": ["1"],"label": ["Anachron America"],"media": ["CD"],"musicbrainz_albumartistid": ["8385f26a-f374-4a04-9aad-4442ce24db2b"],"musicbrainz_albumid": ["7081ee56-2fb1-32d7-b26c-c4d584fc3ef8"],"musicbrainz_artistid": ["8385f26a-f374-4a04-9aad-4442ce24db2b"],"musicbrainz_recordingid": ["1c022465-dd9a-4314-bbf4-dc03ab55bc45"],"musicbrainz_releasegroupid": ["46d40a11-844b-4e8e-b729-c3221bd2026f"],"originaldate": ["2009-06-19"],"releasecountry": ["US"],"releasestatus": ["official"],"releasetype": ["album"],"script": ["Latn"],"title": ["Ghost"],"totaldiscs": ["1"],"totaltracks": ["10"],"tracknumber": ["5"],"tracktotal": ["10"]},"version": {"highlevel": {"essentia": "2.1-beta5-dev","essentia_build_sha": "e74af04b57b164eed312abeef4963962215860f0","essentia_git_sha": "v2.1_beta4-499-g4013ebc","extractor": "music 2.0","gaia": "2.4.5","gaia_git_sha": "v2.4.4-44-g95f4851","models_essentia_git_sha": "v2.1_beta1"},"lowlevel": {"essentia": "2.1-beta2","essentia_build_sha": "cead25079874084f62182a551b7393616cd33d87","essentia_git_sha": "v2.1_beta2-1-ge3940c0","extractor": "music 1.0"}}}}