{"highlevel": {"danceability": {"all": {"danceable": 0.833165287971,"not_danceable": 0.166834712029},"probability": 0.833165287971,"value": "danceable"},"gender": {"all": {"female": 0.0278459452093,"male": 0.972154080868},"probability": 0.972154080868,"value": "male"},"genre_dortmund": {"all": {"alternative": 0.00484209414572,"blues": 0.000408039661124,"electronic": 0.993735790253,"folkcountry": 0.000364773557521,"funksoulrnb": 6.23929417998e-06,"jazz": 0.000125652222778,"pop": 2.08609380934e-05,"raphiphop": 5.43065243619e-06,"rock": 0.000491094135214},"probability": 0.993735790253,"value": "electronic"},"genre_electronic": {"all": {"ambient": 0.28924882412,"dnb": 0.0130166141316,"house": 0.313510626554,"techno": 0.0220696255565,"trance": 0.362154304981},"probability": 0.362154304981,"value": "trance"},"genre_rosamerica": {"all": {"cla": 0.0124405231327,"dan": 0.173696577549,"hip": 0.0926671028137,"jaz": 0.0401127152145,"pop": 0.171060055494,"rhy": 0.0377629213035,"roc": 0.460073828697,"spe": 0.0121862664819},"probability": 0.460073828697,"value": "roc"},"genre_tzanetakis": {"all": {"blu": 0.0626613423228,"cla": 0.0348169617355,"cou": 0.104475811124,"dis": 0.0784321576357,"hip": 0.15692435205,"jaz": 0.313974827528,"met": 0.0448166541755,"pop": 0.0627359300852,"reg": 0.0627360641956,"roc": 0.0784258767962},"probability": 0.313974827528,"value": "jaz"},"ismir04_rhythm": {"all": {"ChaChaCha": 0.0846294984221,"Jive": 0.134871512651,"Quickstep": 0.0173537973315,"Rumba-American": 0.0547018907964,"Rumba-International": 0.0233694110066,"Rumba-Misc": 0.0191538147628,"Samba": 0.0428560562432,"Tango": 0.459494709969,"VienneseWaltz": 0.146834492683,"Waltz": 0.0167348049581},"probability": 0.459494709969,"value": "Tango"},"mood_acoustic": {"all": {"acoustic": 0.0374518893659,"not_acoustic": 0.962548136711},"probability": 0.962548136711,"value": "not_acoustic"},"mood_aggressive": {"all": {"aggressive": 0.553949832916,"not_aggressive": 0.446050137281},"probability": 0.553949832916,"value": "aggressive"},"mood_electronic": {"all": {"electronic": 0.355324178934,"not_electronic": 0.644675791264},"probability": 0.644675791264,"value": "not_electronic"},"mood_happy": {"all": {"happy": 0.433879762888,"not_happy": 0.566120266914},"probability": 0.566120266914,"value": "not_happy"},"mood_party": {"all": {"not_party": 0.558713078499,"party": 0.441286921501},"probability": 0.558713078499,"value": "not_party"},"mood_relaxed": {"all": {"not_relaxed": 0.305907458067,"relaxed": 0.694092571735},"probability": 0.694092571735,"value": "relaxed"},"mood_sad": {"all": {"not_sad": 0.689753115177,"sad": 0.310246855021},"probability": 0.689753115177,"value": "not_sad"},"moods_mirex": {"all": {"Cluster1": 0.0846107155085,"Cluster2": 0.0853479802608,"Cluster3": 0.127923846245,"Cluster4": 0.055163256824,"Cluster5": 0.64695417881},"probability": 0.64695417881,"value": "Cluster5"},"timbre": {"all": {"bright": 0.0664522573352,"dark": 0.933547735214},"probability": 0.933547735214,"value": "dark"},"tonal_atonal": {"all": {"atonal": 0.725325703621,"tonal": 0.274674266577},"probability": 0.725325703621,"value": "atonal"},"voice_instrumental": {"all": {"instrumental": 0.87867128849,"voice": 0.121328696609},"probability": 0.87867128849,"value": "instrumental"}},"metadata": {"audio_properties": {"analysis_sample_rate": 44100,"bit_rate": 0,"equal_loudness": 0,"length": 268.119995117,"lossless": 1,"replay_gain": -13.4557037354,"sample_rate": 44100,"codec": "flac","downmix": "mix","md5_encoded": "4680c92cef095cbc9e67848f6c8f2d57"},"tags": {"file_name": "03 We Are but Falling Leaves.flac","album": ["The Funeral Album"],"albumartist": ["Sentenced"],"albumartistsort": ["Sentenced"],"analysis": ["MusicMagic DataAgEAUAIRzX6pyd+ThKvSYkhLk6+DYYQS7YCdL1JMso0Ij7M0iNXwXa\/35Se2N50xhriAARDzp+rnxwOwnvP4xgDJ+W2sc+VHgAKAAcvBpW\/EgoNhzKRHloIxgvaI49+ImpFWtcU8EB+QQozC4OCvMrx9q2GeooPUgAEsI7WEJIbrk8Ki6UL0hgHWrzv+8oACgAE="],"artist": ["Sentenced"],"artistsort": ["Sentenced"],"asin": ["B0007Y08VK"],"barcode": ["7277017754681"],"catalognumber": ["77546-8"],"composer": ["Sentenced", "Miika Tenkula"],"date": ["2005-05-30"],"discid": ["ae0bb10d"],"engineer": ["Kai \"Hiili\" Hiilesmaa"],"fingerprint": ["MusicMagic FingerprintAQ86K8hfkymXH2wPEw+nDIoRfgqeCWcLlwdoDwUHigcsBUMJCQPTBBgLjwnQB9AHbAbGBVcE0wUGA8kD2wOtA+EDcANVAzICfgJBAecBrwG95dirS06o5Z7sxfIi8sz1nfPk+OD3u\/hG+tf2Y\/jF\/Yf9mflQ\/V\/+BvpX+TT6ufti+\/z8Ef1m\/AD9svy9\/cb9y\/3F\/Vf+Qv6y\/nb+zv7j\/tQbuUfAHx\/axMuw72\/rd+911fTsofl48Cv1I+I7+Pr5TfpL9sn85vuB7772Evea9Zj2o\/my+838Xf2+\/+H+zP5m\/i\/+sP50\/v3\/Fv84\/yf\/Qfqg\/p\/+9Ci5JMwMcfwkEfkPJ\/wR7XnzheNbpOnrvOuo9iPtAvUB+PXiDukJ\/7kC5\/1x+n\/9of2C\/Nf75\/2K\/df+Lf8D\/db\/MP+b\/2D\/aP+IDUEOfgXHyqArJvIy4VzSzU4ZDtnuZel6CtQLffZ27zYAwf3n\/Tf4+fb49838x\/sM\/Qn8APzv\/iP+I\/zP\/ef9q\/9h\/rn+af67\/pL+4f72\/n7sQQeAAe4RI63w+rsAsSF\/UkP6bgCLDE8MevME+44G0gJOBtz8WQNrCEH6Cf5O9MP8Svwv\/Qv9tP10\/bL9Qfz9\/RT93v0w\/fT95\/6R\/zz\/jRAh+zMBvQSk7afmk0j2C6oB7zOXB3C+f\/M\/FZD4dOJO+7Lt3AQP+2foVfkLBP7\/uf+v\/Wz9rP1r\/mD\/AP9N\/h3+T\/5V\/sP\/T\/+l\/3L\/1\/\/LNTApHQ=="],"format": ["CD"],"genre": ["Gothic Metal, Dark Metal"],"label": ["Century Media"],"language": ["eng"],"lyricist": ["Sami Lopakka"],"mixer": ["Kai \"Hiili\" Hiilesmaa"],"musicbrainz_albumartistid": ["82a5b152-ee60-4447-939a-dd5a91cd7c38"],"musicbrainz_albumid": ["20753bf5-5370-43d6-9082-2905f5199c58"],"musicbrainz_artistid": ["82a5b152-ee60-4447-939a-dd5a91cd7c38"],"musicbrainz_discid": ["_qAwJEQ2d_tZjvWqcsqN9fMD7Ls-"],"musicbrainz_recordingid": ["1c13ddcb-0864-45d8-b8d9-c359613d87f7"],"musicip_puid": ["4c3bdc2c-2967-22eb-613e-f28b54bbb91e"],"originaldate": ["2005-05-25"],"performer": ["Sami Kukkohovi (bass guitar)", "Kimmo Härmä (guest additional vocal)", "Vesa Ranta (drums)", "Sami Lopakka (guitar)", "Miika Tenkula (guitar)", "Ville Laihiala (lead vocal)"],"producer": ["Kai \"Hiili\" Hiilesmaa"],"releasecountry": ["DE"],"releasestatus": ["official"],"releasetype": ["album"],"replaygain_album_gain": ["-8.93 dB"],"replaygain_album_peak": ["0.97726440"],"replaygain_reference_loudness": ["89.0 dB"],"replaygain_track_gain": ["-8.78 dB"],"replaygain_track_peak": ["0.97723389"],"script": ["Latn"],"title": ["We Are but Falling Leaves"],"totaltracks": ["13"],"tracknumber": ["3"],"tracktotal": ["13"]},"version": {"highlevel": {"essentia": "2.1-beta5-dev","essentia_build_sha": "e74af04b57b164eed312abeef4963962215860f0","essentia_git_sha": "v2.1_beta4-499-g4013ebc","extractor": "music 2.0","gaia": "2.4.5","gaia_git_sha": "v2.4.4-44-g95f4851","models_essentia_git_sha": "v2.1_beta1"},"lowlevel": {"essentia": "2.1-beta1","essentia_build_sha": "ca57ba49d9b1854bd80e60cf9ccf267278fb7d6b","essentia_git_sha": "v2.1_beta1-28-g21ef5f4-dirty","extractor": "music 1.0"}}}}