{"highlevel": {"danceability": {"all": {"danceable": 0.507992506027,"not_danceable": 0.492007493973},"probability": 0.507992506027,"value": "danceable"},"gender": {"all": {"female": 0.634074687958,"male": 0.365925312042},"probability": 0.634074687958,"value": "female"},"genre_dortmund": {"all": {"alternative": 0.0662510171533,"blues": 0.0138825504109,"electronic": 0.864014148712,"folkcountry": 0.0312123540789,"funksoulrnb": 0.00152932782657,"jazz": 0.00255498569459,"pop": 0.0046005314216,"raphiphop": 0.000700061675161,"rock": 0.0152549985796},"probability": 0.864014148712,"value": "electronic"},"genre_electronic": {"all": {"ambient": 0.483128637075,"dnb": 0.094819329679,"house": 0.179036140442,"techno": 0.0250619575381,"trance": 0.217953935266},"probability": 0.483128637075,"value": "ambient"},"genre_rosamerica": {"all": {"cla": 0.00263972068205,"dan": 0.0197671018541,"hip": 0.00341950450093,"jaz": 0.0273035503924,"pop": 0.132379919291,"rhy": 0.0495503880084,"roc": 0.762236595154,"spe": 0.00270320149139},"probability": 0.762236595154,"value": "roc"},"genre_tzanetakis": {"all": {"blu": 0.0626613423228,"cla": 0.0348169617355,"cou": 0.104475811124,"dis": 0.0784321576357,"hip": 0.15692435205,"jaz": 0.313974827528,"met": 0.0448166541755,"pop": 0.0627359300852,"reg": 0.0627360641956,"roc": 0.0784258767962},"probability": 0.313974827528,"value": "jaz"},"ismir04_rhythm": {"all": {"ChaChaCha": 0.217119187117,"Jive": 0.071535140276,"Quickstep": 0.024393837899,"Rumba-American": 0.0389244183898,"Rumba-International": 0.076661773026,"Rumba-Misc": 0.0277076102793,"Samba": 0.0930504798889,"Tango": 0.20580920577,"VienneseWaltz": 0.201714292169,"Waltz": 0.0430840551853},"probability": 0.217119187117,"value": "ChaChaCha"},"mood_acoustic": {"all": {"acoustic": 0.0564138926566,"not_acoustic": 0.943586111069},"probability": 0.943586111069,"value": "not_acoustic"},"mood_aggressive": {"all": {"aggressive": 0.0972668230534,"not_aggressive": 0.902733147144},"probability": 0.902733147144,"value": "not_aggressive"},"mood_electronic": {"all": {"electronic": 0.216275662184,"not_electronic": 0.783724367619},"probability": 0.783724367619,"value": "not_electronic"},"mood_happy": {"all": {"happy": 0.0635036826134,"not_happy": 0.936496317387},"probability": 0.936496317387,"value": "not_happy"},"mood_party": {"all": {"not_party": 0.856494009495,"party": 0.143505990505},"probability": 0.856494009495,"value": "not_party"},"mood_relaxed": {"all": {"not_relaxed": 0.108656615019,"relaxed": 0.891343414783},"probability": 0.891343414783,"value": "relaxed"},"mood_sad": {"all": {"not_sad": 0.75147664547,"sad": 0.248523384333},"probability": 0.75147664547,"value": "not_sad"},"moods_mirex": {"all": {"Cluster1": 0.148182153702,"Cluster2": 0.305925667286,"Cluster3": 0.260926246643,"Cluster4": 0.111600466073,"Cluster5": 0.173365473747},"probability": 0.305925667286,"value": "Cluster2"},"timbre": {"all": {"bright": 0.111732564867,"dark": 0.888267457485},"probability": 0.888267457485,"value": "dark"},"tonal_atonal": {"all": {"atonal": 0.823727667332,"tonal": 0.176272302866},"probability": 0.823727667332,"value": "atonal"},"voice_instrumental": {"all": {"instrumental": 0.83646696806,"voice": 0.163533017039},"probability": 0.83646696806,"value": "instrumental"}},"metadata": {"audio_properties": {"analysis_sample_rate": 44100,"bit_rate": 0,"equal_loudness": 0,"length": 244.066665649,"lossless": 1,"replay_gain": -5.41868209839,"sample_rate": 44100,"codec": "flac","downmix": "mix","md5_encoded": "458167707e2752734cc5809f03cb5aae"},"tags": {"file_name": "1.06. Neutral Milk Hotel - Where You'll Find Me Now.flac","acoustid_fingerprint": ["AQADtIkSTfEq6Dsq5YjDxkK95GiOJ8pwhDwe5YM6hZRgVUOfI9yi4UfYPsJ1aBaLpkmCm5nwHfqRRye-CGeI5iJ6BXmgK0GeKEczJUd_BjmJK9Bf5D-eXOgmFl6VHP3xP_iHE-cW5MqhaLORRkdtPKfw5Lg5TDfuXLCOR4dHoo2KnHqhS0fzCyGZsfjxHWbG4zl-oiu7oDnxH8cl8pguiQhtjjgFHa7xPEeYRUfozcHODA98HHpQL8GVC4-O-pB54wh_NBmeGQ_qfPBOBEl_WEE1aU7wf2iOnsezoNkRNklynHg6dB581Gah4w_CHH2F_8EV4RlyBv8DvYjpF5EYFU2hF--PnHiEME-EWtDz4lfwBxczNEd_SDl8_Ohz6FEO9MgPSz_YBz3Oo0-OT4erHL9gHiElhgv449AHZlWCJk4U7Mxx8tCYKEevBG-OyrzQPMdxPFGS4zy0PTHUH97xQHueQhcpVA-a63gY4Tfq4z384Tihnzj-Icdr4T9ch0Fn_CrKF82RXAxyDU11Bd6DPsPHBFWjF99REvkVVDqa_1D6DNJ9NA5efDqkE76gJ8dPvB9qB-FKD97x8PDb4k2E_NgOPbFxHg_8FGXu4tKJa0atCeLUo73xPKj1o4kz_DnaB1r248KFKzuu5Ti0p0Rz4vjxLHlQUTvK58SHwkMnCv_wwz-OknD14LgM54ffCtdRKxce5tAuOA3q7cInooN_aF2OH4-Px0fzB33w4-NRNdNwfAvCcBfxXPhZ_A8mi8Ez4ZkzhPwhTzxyXMKxZXxwXBLqJDSs40d6I9nK4BcelDL8LA76F9iLboO3HM-JO3kI5_BthNC7HGVuNH3A4SnwQMeLUy1-FbyJ6jjewMfV48L24zsu4dKFXR_g44d-3NBfPNmC3seT48SlcCzaHseP4-MM__hxBf5JeMBbwPLxxGh6HI-UKIGeY8eJlh98HB904YeP_Hh0fPgGH9E7zBfhy1DWoz_-ET8O_i90HSWj4y_4w8f5Gf_gEx4eEC_BURkuoT9-XEyGiyYuVDB_HHBV7HiOl9jx5fhxCN6ht_g12Cqa-tCLXCOP_cF5obfh49Lx43lwHQlfpN10dMVTND3RP7iyFWfxCj3CkLOhBwe67oV-HCGeHF8uHA165CGOQjyK47hRwzz6Qd6O-3hQeD_6Hfdxoz7SHeeD__jRSkRIHYZ2PNgPW8HBHz_KHwIPq8c_vMRxnDD8SDt0ARsvHEEeCYcOH1ElHT6M78KP4NWJBzv-4B2sD9_xw69R63iWAaiIL4f_4NmOwz86HEcPU8LxAz98HMKP5nh-9DheHIeW40Tu40ej4-jxET_CQ6zRGQeaEL2O0TpqHzr8djh-CfiCT8bx4xde_DheGj6Pkgv643_gkR-O4yysZjh-4R_86LhKpD_8Y8_xTMjxQy9e9NlxHD1c6YF-eN2BHzVyo4eLehdO5MZ3CD2aEx8O7fARXsSHC92RHvUk6LiE5j1648MD7Ya7GTJ64EKDyQq-Ez96iNWJY_jxwyew44VxCi16fBJ8vPiO57AOHB9h_Ibx9DhcDfvxFj6e7OjQ3_hxDj2BGlZ2tJGOKxc6NPiOB1fRoykuAd0qmDyK34WOujjcG-4BN-iJoztcQruO58ch4sT1IyfqzTAKIBIFLdaRVwfvo3ly9McvMFYW2Dny44Ve7MRxZcdx6MOPVMV-XMTn4Tj44xRy_Lgnw_PBf5DO4Tz-wxF5_IZq4zpqE0_xEA-PRyJY6fgf9Fj14ccJSwlxnTi2LjueUgkOHz9eQ8dJfEfP4T7OrPikvOi2efBK49BxG9-Nw8dBR_BH_PDwsDj-wUd_8Mmgh8ePo49yiFyJw9WKHz-sm9h35DPh4i52GOa1ITKP_YGYo-dxnMePR0oOplsnQDr84xN-_PiJLzgLHCdxGUd_PIlxMjl-fDl6pDiPH4d_HD9yDjqO49rh4y--F5fRzcKD_Dz258HFPCma4zq8KDzh8MS5I9UF7QtiCg_6XAm8W3jUCPhx5uiXFDl-_Kilw-tg4T5-44V29IKJ4ugpfId29HCPPsePwsabw8VZHLrQf7hy_NDoo-mLfDoAwABAzDsDDAFSOAIMEgwYwYhQWBAliITICCAMMUICAYhigFCiDDMIAWOcAAYQBZgyUCFEFAJCiCIA4UIQZJhEBjAHAEKEOIMIIQQAIATTBlCrCBRMEKGoAUAAgIUBEgIAiRMQIYI4IQ4RBRQFgECCBAKKIKIcE6AYRAyRSgiAhCKAIICEIIIQA4AwAAgGHRWKIaAMEYQRRQkyTgmAAEFOCEAAI8Jo4oAzRkClgEAUAYIYAgQpAwQ0gAjDAGBAQGDEElQRAgQQligEAHPICUAAVEIJAxghihGEDEBCMCIEMoIJ4AQRyBEhELDGJAIFMg4BBIwxjAiLgAEKUOgIEgwxYZBQgAiAjBEEMgQgI0AJowQjQjrlBBBWISAYQMQLYwQTyiKBoDFIGQEUIkwxAgCTFACAEBAOEWAAE9gzCoQCAAkgOFIMGGSMcFYhgAAQEBDDBEEKEWEFEGAAhohxUBABpFGAAWKQIElBoxQwBBCFiLLCIEEAwsxSIRlQQgvhoQNMJA8AcVwxAoAlxBoClDKOMWIBAIYRQ4xRUhhkgjNCCK2QtQYIopAxAyGAmHEXEQEoIEpIwIgyjDRBgRCEEUAIMEIATglFTBGAEDGAACY0UogJhkAwSgEjEDIOIYWFUFwB5Iw1CACMBFCQICoksRw4Yy3yGGlmCDOOIUYUccowSQhQSDmBjANIKcQMFEYqAIk4wBgAjCNAAQIUEMYQIoCRwCCChhJPMiWQYtwUJYyBABFniDJIAEGsYIoRZQBASjBmkeBAIWsQAxgBwQwxgCgjABRPCskYEg4AYgxxSAjrjCICIAQQAQIpoRxjFghBCRNOMIoAKeAhDYgiAikjlEGMIMCkBYY8JqAgRgDFhBAAAEAQAUAwgIgHRBhtCCEKeOSQgEYggBxAChNAkKKEOAkAElYKA4QE"],"album": ["On Avery Island"],"albumartist": ["Neutral Milk Hotel"],"albumartistsort": ["Neutral Milk Hotel"],"artist": ["Neutral Milk Hotel"],"artistsort": ["Neutral Milk Hotel"],"asin": ["B0000019OD"],"barcode": ["036172940325"],"bpm": ["0"],"catalognumber": ["MRG103CD"],"compilation": ["0"],"date": ["1996-03-26"],"discnumber": ["1"],"disctotal": ["1"],"genre": ["Indie Rock, Alternative Rock, Rock"],"label": ["Merge Records"],"language": ["eng"],"media": ["CD"],"musicbrainz_albumartistid": ["a506f761-2c22-4b2f-8a94-bd748c2c8f75"],"musicbrainz_albumid": ["5b85df1f-61f6-459e-bbfa-277a48014617"],"musicbrainz_artistid": ["a506f761-2c22-4b2f-8a94-bd748c2c8f75"],"musicbrainz_recordingid": ["fae056b4-aac3-49a5-93f1-2fa85de38926"],"musicbrainz_releasegroupid": ["32fc6059-148d-3bd6-991f-70c47653fb8c"],"originaldate": ["1996-03-26"],"performer": ["Rick Benjamin (guest trombone)", "Lisa Janssen (guest bass)", "Robert Schneider (guest xylophone)"],"producer": ["Robert Schneider"],"releasecountry": ["US"],"releasestatus": ["official"],"releasetype": ["album"],"script": ["Latn"],"title": ["Where You'll Find Me Now"],"totaldiscs": ["1"],"totaltracks": ["12"],"tracknumber": ["6"],"tracktotal": ["12"]},"version": {"highlevel": {"essentia": "2.1-beta5-dev","essentia_build_sha": "e74af04b57b164eed312abeef4963962215860f0",