{"highlevel": {"danceability": {"all": {"danceable": 0.538171052933,"not_danceable": 0.461828947067},"probability": 0.538171052933,"value": "danceable"},"gender": {"all": {"female": 0.951266884804,"male": 0.0487331300974},"probability": 0.951266884804,"value": "female"},"genre_dortmund": {"all": {"alternative": 0.0854368805885,"blues": 0.100345388055,"electronic": 0.567146480083,"folkcountry": 0.100344024599,"funksoulrnb": 0.0069787367247,"jazz": 0.0701127871871,"pop": 0.014569632709,"raphiphop": 0.00474388943985,"rock": 0.050322201103},"probability": 0.567146480083,"value": "electronic"},"genre_electronic": {"all": {"ambient": 0.516703009605,"dnb": 0.148530200124,"house": 0.225288525224,"techno": 0.0360830128193,"trance": 0.073395229876},"probability": 0.516703009605,"value": "ambient"},"genre_rosamerica": {"all": {"cla": 0.0632981806993,"dan": 0.0557006374002,"hip": 0.423082530499,"jaz": 0.100829288363,"pop": 0.105479046702,"rhy": 0.185515522957,"roc": 0.0447389408946,"spe": 0.0213558394462},"probability": 0.423082530499,"value": "hip"},"genre_tzanetakis": {"all": {"blu": 2.14496795976e-14,"cla": 1.17827458334e-14,"cou": 1.89000731569e-14,"dis": 1.53026276682e-14,"hip": 4.30095209122e-14,"jaz": 0.999999880791,"met": 2.0000017642e-08,"pop": 2.0000017642e-08,"reg": 1.66666822565e-08,"roc": 5.00000432169e-08},"probability": 0.999999880791,"value": "jaz"},"ismir04_rhythm": {"all": {"ChaChaCha": 0.752116441727,"Jive": 0.185879662633,"Quickstep": 0.00404170854017,"Rumba-American": 0.013867681846,"Rumba-International": 0.00320171634667,"Rumba-Misc": 0.00138606189284,"Samba": 0.00906703434885,"Tango": 0.0125541742891,"VienneseWaltz": 0.017034901306,"Waltz": 0.000850635115057},"probability": 0.752116441727,"value": "ChaChaCha"},"mood_acoustic": {"all": {"acoustic": 0.239104256034,"not_acoustic": 0.760895729065},"probability": 0.760895729065,"value": "not_acoustic"},"mood_aggressive": {"all": {"aggressive": 0.113955318928,"not_aggressive": 0.886044681072},"probability": 0.886044681072,"value": "not_aggressive"},"mood_electronic": {"all": {"electronic": 0.314944624901,"not_electronic": 0.685055375099},"probability": 0.685055375099,"value": "not_electronic"},"mood_happy": {"all": {"happy": 0.158687263727,"not_happy": 0.841312766075},"probability": 0.841312766075,"value": "not_happy"},"mood_party": {"all": {"not_party": 0.296598672867,"party": 0.703401327133},"probability": 0.703401327133,"value": "party"},"mood_relaxed": {"all": {"not_relaxed": 0.747602343559,"relaxed": 0.252397686243},"probability": 0.747602343559,"value": "not_relaxed"},"mood_sad": {"all": {"not_sad": 0.576474070549,"sad": 0.423525959253},"probability": 0.576474070549,"value": "not_sad"},"moods_mirex": {"all": {"Cluster1": 0.0935838147998,"Cluster2": 0.0932364985347,"Cluster3": 0.311981707811,"Cluster4": 0.156578481197,"Cluster5": 0.344619482756},"probability": 0.344619482756,"value": "Cluster5"},"timbre": {"all": {"bright": 0.472389370203,"dark": 0.527610659599},"probability": 0.527610659599,"value": "dark"},"tonal_atonal": {"all": {"atonal": 0.0978935211897,"tonal": 0.902106463909},"probability": 0.902106463909,"value": "tonal"},"voice_instrumental": {"all": {"instrumental": 0.939525365829,"voice": 0.0604746416211},"probability": 0.939525365829,"value": "instrumental"}},"metadata": {"audio_properties": {"analysis_sample_rate": 44100,"bit_rate": 192000,"equal_loudness": 0,"length": 229.851425171,"lossless": 0,"replay_gain": -5.10657119751,"sample_rate": 44100,"codec": "mp3","downmix": "mix","md5_encoded": "ce08a9617ac0349dbc2dff64604d3407"},"tags": {"file_name": "Beat - What's Your Best Thing.mp3","acoustid_fingerprint": ["AQADtI2YKJEUBb2j4jzOCE604MdfXIcf48txJhHGC2HUDz_kC49ywZdwxuBx-MOT44dfPDH2Fw-eQfex5vgztIyIXceHKXmgscrRFxaHPPCzAzeoR4EZ_IDVCXmT4njxHD_EMx8eHLI2WdDhB_2OHz0sRT364GgeCfrRRkvQ7zhzPD0evejRX3DF4EH6HG-GE96N5zL-IT0zQbtx8sjb4T-a0ke7DGF-o_zR39B3QdTGHPpxwdcRPnLAN2iUJmjVCJUMX0kNV88RSxSSZzmsHkdIMo3AeNvRXNCDME-Uo4t-5Pyh80H4wMqLXMmR7_ArZFIZaKLQLlFUpOMnXGngoxLeZETYQ8vxQ2-K8Eaj5rh7XI8wZVKEW2mKo2sWJM9ehPoDP6E41JIcvJkkdBXSqITW8fj2aKh7iD8iycnxvjCuJ8gvoSe0iEkUEjl6Hv6D7KIO6gz6D1qofChZVM4FJsZ71NILR0WP1zgOfch1vEJD5uiP_6jFDLm2pML3QAdZGh_cHn_wj7BS5lAZHbrh9Zh6B2eyDuMTaCsuJdbQI39wHpnkBVfwC-dXKLJs_PAVTIuUET_6xofIKDuuE4-2HOmRH1S4CBduxoH_oXMOlpB8nB-aekSPR8Wn4yd0PeiD9FlyfMKPnuHxDKH2w3vwCyq1Q3zwa0jjRME_NDv-42iiG11zcC-D0HrwGSKuI-yOPhGa9Al4ZsWPMEcfGueDfdegHf7xFrN6mDx6nEUvMCGJI_yO_sGPVUdPnDUczcNx-A6c6sOJ_MWZHeKHu3hC44ePNirKY09m5LuFo_Li42lR8jAV5ojVQ-yNcJeHG-6Pp0Os5UE1Fc2ZjNAV8EfXHWYkwQ4DTciJ_kOTJpOFK5-GXjrMRR6cD_WRKxakPUGq4zpOFX2eoHkmCbm14z2arEerHk2eSegV3GisCyET6fjBfDrujBqe_iDT4z_yHhon5Nnxo-vRfB--VPiDfjiVhMiFV9vgD-2R58J546mL5srR50P_CX-DVjxeFuEzaImZFTkenHk0dK9gXDrOB_kPjQy1oad1-JAiZjkeifi4jDivgF9kuIceubimhEc-SYYj5sL7I7x-aOmWoxxDIQxfPJSOt2h-9N5y3MeFLFHBv9D4HBfy4LByPLTwozr2B32Oa0POFFrkCeGPp8J_NPxxpIJ6Ijq-FleKH9WP87hiC3644myNiyg7Fc0VC710pNyR7AzOyHi5DJWZ4sQz2E2Hk8eVScgPXQsqNQsi58ePX7gHH898IfehR9Jw5DtyHrWW2Ni-F62CEzqPfkKjC7x2_PgyB_3gI-yP-MK1HL_QHWEO9sc__MKTY0f3EE0lxYiORwraLZjyB_oi5XgzVBL8HBdz9DGeXGgq5Th9aFnwMDk-MUGT5qi3kDh-wf-gilqFejqmiFOO5xCP87gSpWjEnKi1470IJk9E9IeuKwitJIe3ZmgYIyeNkwKTXoH2KRzy4kdzUQivGLJRN6mCxhoa5kKvIh9tNC_6Iw_BRD0K6UfzCKGdojl6PEdPozmuKsWDsHmg46mSIz_-wES5KTKObgfboWUU5ERTB_qChzlStBU-_BrhHw8Yb_iNH92OPhLSLYKGhxpyEpVzmHFs9HiGlj_SPOi2dMejHOKP63B34Qn4VPDxBY-FZlKiEMwvXEHXHe-Qp0lxFdEf48lwHHd2vNyhw1cu1FSOk9gWBe8avIwWiA7-Dc_R7zKaCD-0w-TwB3dw3YXjvtihnZgZ4hH05Ki8g0kzPdDl7PCyHPea4CnERnnwZsV9_PD4gZcs404OsfGRa4eXWg8eBxfDIdUSPfiho5F_9HgeeGJ06EdD9EHWadGCLhKP5scv7MmxTVqMiwgzoSeuCOV28CLEPLjDBuXxEccflFo6QRSXp-j2oSSYSNlzvGlQykdz_MEjopl0SHnRSzl8yM_xJsKP59i4RMeLPfiPLg-u5NCvwN_w5TD5Q19Y4U_hC-8NPmHQ55CS6zihPTmuwM-OD_-MZ1GO4WZEiOvRM3hylNwLLeWOcQqaE5G8PLi0NDKa1MdkST1-hNHRB9KPZsqSHN2Mlh-aH7rSFE0T3tA8HVePC-YyC6eDLymhPRKLtGLQSDz-JPhT2MXxrUPZRDWaH-SpoT_OI14ciMhz4ZqF5heuovoCTzq6Cz-6ykzQdEd-Hc9IOD6eCyeaKMw6lMeDQ8-CG3n2CE8Pxwye6MFF-mi4yQg3fXigHU1G5TibjGjEo_qhXGi4RAh_9PCLflzR5OiQZ4fGHo0-xD-aW-h5nMdTlNiYBeVT5D2qX2gcPXgkpoaO_mhIljhyOcUbB72OJyiZ49GHH3lBPYdcxqg3I92YwXWOGz3yaCrBXHAP8cKjH4cfHt9wMfCHw69SHNoPHZpV-FHRH50WwpVwF4_g5zgDx_EhuBW6xtTQD36Nb_gCP4uFHz66vnjQBn6PPjq0H1ZD_AIj4snQG-JRXS364zwe3fgOHdQHy8NhBk8OPRF--HhywYd1BVd2XIKf4MRz4QW-4Tmcow_65IOrDP_xBA-s5_Az6AJ8o_PRH65aHHqKK4ePHJaP98UPVwz65Agf-NkhufgNU4kARQyAjDFHDEFKEwKNMYAZRJQRAjBCDAMEACAYMUASAIRgFsDGjAFAMKgQEUxBIUhAiiiBlGACKcOQEIgwAgxwgCgCCAJGACMQAQoiIIgQRiABwAIOOCAIAcAoYSABiEAqkHMEWQAEAwQAYgQCggigBBAAEeGEAoQIBgAhiFhhkOCIK2ilQIII4QAiwDgoFCIIEEIAcYwZKIiRgjABgKBAAIuEBAAYRoShRDEnFALCCCkIA0JAYJBAiEjDBCNAKEaYEcgxJQBBAmgiHFGYK1EcQUw54RxYhBtAAEiMIW0MAIo4CggAEgCHAEEGeAIEEMwAZgkgSBgkEEICGCuCpEYAQIAwCABgBLDMCOCIBMYIAZUBDhEgoDBIACRMMsIYCQgBQgDCBCBAGkMAAQIJIQgggjBBACACAQCEaEwwAzBwAAGlFCWCCECAZ5ApQAgSgCACgBJGkEYMVIAAISBiVBAhDKIGCSYEU0AaIYBBVgHhCJHAIgcEoIAZIZASBiiBADCKCSOAEExBR4AwwBjKAFKGEKAAEkQ4BQzhxChiHHAEESawlYIAJBkUDDEiHBNIGCOABZQhI50QCAgHiBGKKIEU8AIgqQAEhACDmOsACKMAEJQIABwQgAIhiEAAIEWRIAIYKqhBBBgmiDBASCCRcYIbYJ0BRlABmDEGKiEIMI4AagABQiihKYNGAICIAIhQAbQDAAhEHCBEEQEEAQQpYYxgAkEAGDAGACCYIAIKIohD0CIjBDBMGAFYQ4AiRIRLihBjKEKGCWKAcVQZ4QChjDABOaLCCMYIAIgKAogBDDAFiCGCAEiQAEgoYQQgRigMvBBGSGMMUQoQIgQB2jABBBAGCQacQAIYBZgxDAkgGGBWIQaYMIYYpwwChghhgAOKMMkQs4oRAJBChjHDBEVGIAGMkowIQJRBxkEHDFUCUSWIAgAB"],"acoustid_id": ["d139ed70-4ac2-4344-ad84-e412715b9284"],"album": ["What Is Beat?"],"artist": ["Beat"],"bpm": ["83.75"],"date": ["1983"],"genre": ["Rock"],"musicbrainz album release country": ["United States"],"musicbrainz album type": ["Compilation"],"musicbrainz_albumid": ["0cbc400f-5b91-48aa-ab71-767cfa005a73"],"musicbrainz_recordingid": ["adbe85fc-d1c4-426a-ae0f-bd1b513b4945"],"musicip_puid": ["39b97471-1926-9020-1022-a774e997de44"],"title": ["What's Your Best Thing"],"tracknumber": ["06"]},"version": {"highlevel": {"essentia": "2.1-beta5-dev","essentia_build_sha": "e74af04b57b164eed312abeef4963962215860f0","essentia_git_sha": "v2.1_beta4-499-g4013ebc","extractor": "music 2.0","gaia": "2.4.5","gaia_git_sha": "v2.4.4-44-g95f4851","models_essentia_git_sha": "v2.1_beta1"},"lowlevel": {"essentia": "2.1-beta2",