{"highlevel": {"danceability": {"all": {"danceable": 0.971448302269,"not_danceable": 0.0285517144948},"probability": 0.971448302269,"value": "danceable"},"gender": {"all": {"female": 0.622446835041,"male": 0.377553194761},"probability": 0.622446835041,"value": "female"},"genre_dortmund": {"all": {"alternative": 1.523146409e-07,"blues": 1.53651257051e-07,"electronic": 0.999898731709,"folkcountry": 1.13860023703e-05,"funksoulrnb": 1.60980209785e-06,"jazz": 8.33433659864e-05,"pop": 7.76039598804e-07,"raphiphop": 9.42356734868e-08,"rock": 3.74080923393e-06},"probability": 0.999898731709,"value": "electronic"},"genre_electronic": {"all": {"ambient": 0.926518142223,"dnb": 0.00302199739963,"house": 0.0214592553675,"techno": 0.0183193106204,"trance": 0.0306813158095},"probability": 0.926518142223,"value": "ambient"},"genre_rosamerica": {"all": {"cla": 0.0289007406682,"dan": 0.00262160366401,"hip": 0.016056612134,"jaz": 0.829077661037,"pop": 0.0205172263086,"rhy": 0.0774673223495,"roc": 0.00962170865387,"spe": 0.015737099573},"probability": 0.829077661037,"value": "jaz"},"genre_tzanetakis": {"all": {"blu": 0.0617713928223,"cla": 0.0343018434942,"cou": 0.102904699743,"dis": 0.0514719486237,"hip": 0.154438391328,"jaz": 0.309046447277,"met": 0.0441263727844,"pop": 0.0772129744291,"reg": 0.0617708563805,"roc": 0.102955065668},"probability": 0.309046447277,"value": "jaz"},"ismir04_rhythm": {"all": {"ChaChaCha": 0.0325651466846,"Jive": 0.0393804684281,"Quickstep": 0.00568790035322,"Rumba-American": 0.0249760746956,"Rumba-International": 0.0117587968707,"Rumba-Misc": 0.006348378025,"Samba": 0.0260062012821,"Tango": 0.768610775471,"VienneseWaltz": 0.0803753137589,"Waltz": 0.00429095001891},"probability": 0.768610775471,"value": "Tango"},"mood_acoustic": {"all": {"acoustic": 0.0976350679994,"not_acoustic": 0.902364909649},"probability": 0.902364909649,"value": "not_acoustic"},"mood_aggressive": {"all": {"aggressive": 7.99578458999e-11,"not_aggressive": 1},"probability": 1,"value": "not_aggressive"},"mood_electronic": {"all": {"electronic": 0.92034047842,"not_electronic": 0.0796595439315},"probability": 0.92034047842,"value": "electronic"},"mood_happy": {"all": {"happy": 0.0193872787058,"not_happy": 0.980612695217},"probability": 0.980612695217,"value": "not_happy"},"mood_party": {"all": {"not_party": 0.998855292797,"party": 0.00114471826237},"probability": 0.998855292797,"value": "not_party"},"mood_relaxed": {"all": {"not_relaxed": 0.189104691148,"relaxed": 0.810895323753},"probability": 0.810895323753,"value": "relaxed"},"mood_sad": {"all": {"not_sad": 0.578231811523,"sad": 0.421768188477},"probability": 0.578231811523,"value": "not_sad"},"moods_mirex": {"all": {"Cluster1": 0.0793223232031,"Cluster2": 0.0976144745946,"Cluster3": 0.216360569,"Cluster4": 0.074932962656,"Cluster5": 0.531769692898},"probability": 0.531769692898,"value": "Cluster5"},"timbre": {"all": {"bright": 0.00312950043008,"dark": 0.996870517731},"probability": 0.996870517731,"value": "dark"},"tonal_atonal": {"all": {"atonal": 0.982996165752,"tonal": 0.0170038286597},"probability": 0.982996165752,"value": "atonal"},"voice_instrumental": {"all": {"instrumental": 0.996489167213,"voice": 0.00351084209979},"probability": 0.996489167213,"value": "instrumental"}},"metadata": {"audio_properties": {"analysis_sample_rate": 44100,"bit_rate": 160000,"equal_loudness": 0,"length": 377.600006104,"lossless": 0,"replay_gain": -3.2194442749,"sample_rate": 44100,"codec": "mp3","downmix": "mix","md5_encoded": "7f3d3e710b206e1674b675d973c1c3f6"},"tags": {"file_name": "12 - Buddy Guy - I Found a True Love.mp3","album": ["The Complete Chess Studio Recordings"],"album artist credit": ["Buddy Guy"],"albumartist": ["Buddy Guy"],"albumartistsort": ["Guy, Buddy"],"artist": ["Buddy Guy"],"artist credit": ["Buddy Guy"],"artistsort": ["Guy, Buddy"],"asin": ["B000002OBS"],"bpm": ["0"],"catalognumber": ["CHD2-9337"],"composer": ["Buddy Guy"],"date": ["1992-03-10"],"discnumber": ["1\/2"],"encodedby": ["iTunes v4.8.0.32"],"genre": ["Blues - Urban Blues"],"label": ["MCA Records"],"language": ["eng"],"media": ["CD"],"musicbrainz album release country": ["US"],"musicbrainz album status": ["Official"],"musicbrainz album type": ["compilation"],"musicbrainz_albumartistid": ["4336a134-d091-4e54-9967-c7c433db6d4e"],"musicbrainz_albumid": ["a04f350a-4121-46e1-9f8a-9eba1aa53e51"],"musicbrainz_artistid": ["4336a134-d091-4e54-9967-c7c433db6d4e"],"musicbrainz_recordingid": ["add66b18-902b-4b25-9179-8af924998bfc"],"musicbrainz_releasegroupid": ["61f0078d-1f85-3916-9c46-e6946444546e"],"originaldate": ["1992-03-10"],"replaygain_album_gain": ["0.00 dB"],"replaygain_album_peak": ["0.000000"],"replaygain_track_gain": ["-0.59 dB"],"replaygain_track_peak": ["0.634705"],"script": ["Latn"],"title": ["I Found a True Love"],"tracknumber": ["12\/47"]},"version": {"highlevel": {"essentia": "2.1-beta5-dev","essentia_build_sha": "e74af04b57b164eed312abeef4963962215860f0","essentia_git_sha": "v2.1_beta4-499-g4013ebc","extractor": "music 2.0","gaia": "2.4.5","gaia_git_sha": "v2.4.4-44-g95f4851","models_essentia_git_sha": "v2.1_beta1"},"lowlevel": {"essentia": "2.1-beta1","essentia_build_sha": "ca57ba49d9b1854bd80e60cf9ccf267278fb7d6b","essentia_git_sha": "v2.1_beta1-28-g21ef5f4-dirty","extractor": "music 1.0"}}}}