{"highlevel": {"danceability": {"all": {"danceable": 1.07381603609e-10,"not_danceable": 1},"probability": 1,"value": "not_danceable"},"gender": {"all": {"female": 0.0481347255409,"male": 0.951865255833},"probability": 0.951865255833,"value": "male"},"genre_dortmund": {"all": {"alternative": 0.0831019803882,"blues": 0.0661778971553,"electronic": 0.2237380445,"folkcountry": 0.51122713089,"funksoulrnb": 0.00586566515267,"jazz": 0.0148168029264,"pop": 0.0235652215779,"raphiphop": 0.00348488078453,"rock": 0.0680223628879},"probability": 0.51122713089,"value": "folkcountry"},"genre_electronic": {"all": {"ambient": 0.745364367962,"dnb": 0.0055492031388,"house": 0.112311549485,"techno": 0.00608076667413,"trance": 0.13069409132},"probability": 0.745364367962,"value": "ambient"},"genre_rosamerica": {"all": {"cla": 0.0452744849026,"dan": 0.0257792957127,"hip": 0.0100160939619,"jaz": 0.0276645999402,"pop": 0.460870116949,"rhy": 0.335061520338,"roc": 0.0768018215895,"spe": 0.018532063812},"probability": 0.460870116949,"value": "pop"},"genre_tzanetakis": {"all": {"blu": 0.0701733529568,"cla": 0.0389460548759,"cou": 0.0876104086637,"dis": 0.0700869336724,"hip": 0.175217926502,"jaz": 0.175225406885,"met": 0.0500283651054,"pop": 0.0875412225723,"reg": 0.0700420811772,"roc": 0.175128251314},"probability": 0.175225406885,"value": "jaz"},"ismir04_rhythm": {"all": {"ChaChaCha": 0.141356900334,"Jive": 0.0886904448271,"Quickstep": 0.0219395998865,"Rumba-American": 0.078869715333,"Rumba-International": 0.14096596837,"Rumba-Misc": 0.0493043139577,"Samba": 0.049603484571,"Tango": 0.20208735764,"VienneseWaltz": 0.201061815023,"Waltz": 0.0261204112321},"probability": 0.20208735764,"value": "Tango"},"mood_acoustic": {"all": {"acoustic": 0.494799911976,"not_acoustic": 0.505200088024},"probability": 0.505200088024,"value": "not_acoustic"},"mood_aggressive": {"all": {"aggressive": 3.00000096379e-14,"not_aggressive": 1},"probability": 1,"value": "not_aggressive"},"mood_electronic": {"all": {"electronic": 0.233268812299,"not_electronic": 0.766731202602},"probability": 0.766731202602,"value": "not_electronic"},"mood_happy": {"all": {"happy": 0.5,"not_happy": 0.5},"probability": 0.5,"value": "happy"},"mood_party": {"all": {"not_party": 0.999975442886,"party": 2.45665341936e-05},"probability": 0.999975442886,"value": "not_party"},"mood_relaxed": {"all": {"not_relaxed": 0.191182732582,"relaxed": 0.808817267418},"probability": 0.808817267418,"value": "relaxed"},"mood_sad": {"all": {"not_sad": 0.317694455385,"sad": 0.682305574417},"probability": 0.682305574417,"value": "sad"},"moods_mirex": {"all": {"Cluster1": 0.0526949092746,"Cluster2": 0.314441055059,"Cluster3": 0.311648398638,"Cluster4": 0.306975722313,"Cluster5": 0.0142399342731},"probability": 0.314441055059,"value": "Cluster2"},"timbre": {"all": {"bright": 1,"dark": 1.08549711442e-08},"probability": 1,"value": "bright"},"tonal_atonal": {"all": {"atonal": 0.021170925349,"tonal": 0.978829085827},"probability": 0.978829085827,"value": "tonal"},"voice_instrumental": {"all": {"instrumental": 0.0436267033219,"voice": 0.956373274326},"probability": 0.956373274326,"value": "voice"}},"metadata": {"audio_properties": {"analysis_sample_rate": 44100,"bit_rate": 192031,"equal_loudness": 0,"length": 159.921630859,"lossless": 0,"replay_gain": -5.87441444397,"sample_rate": 44100,"codec": "mp3","downmix": "mix","md5_encoded": "d08cb2e1fa29cf2fd8e60a2e0adfd12a"},"tags": {"file_name": "James Taylor - Why Baby Why.mp3","acoustid_fingerprint": ["AQADtFKSLGQmLcgXjRMxzdCzCyyRH5HWLBmuzfhh8YPWB080NPFa9BueQ_Up_EeTTUoROsSD8wi7LNNwmcG1T5D3407gK8efw5qhJXrwSBOJKx3E4iSejMQ5hRKe6ah4NNzxQzjmKg6aXnhSCQ9vPJB-fGM8odv2BM-POyHK82CiZi1uJcGv4xf0hLPQI3dw-A84UR0uLkV2B44UqCoepDz6XPiSI5Z6XD_8DxePvLizBPUr_PB4vIJv4msS5NCRbzmaLK_xPInxWWLwFd8-JFtupOcGRt6Ffzg-FVQU_nimb7id4CSqo9kR_cS35YJKhRz84AcqiCeRH438JLiJd8f0ICeaJwd_6Ecz5kerMOgfNLWPSWmWwaHQ56h37EzwB0dz4lmObMuJ5yPChA56EkdzhkVP_MajCJU2SnAHPcZ9hH9w5cSp5LicFI4T4QVP4kPIlZpBBT1kJmNxSQo6bSPC5Cd-Dfl66CmNNJKSFtdtoVcUOOzhRc5Ry0zQL5ORQtMX6KmFLtryII2yHD9eJ0GtsEIOLT9CBvOLK7MyVE-MMLGgzwhz9ESfodkV_ErxKCORPygU5Qk-_An6fKAmH5d3OFQO_4F2UYIe8XgSGvMplGikEbEY7H6GR0cfe2jm5ASfHa2CMFWg_QjDK8flLPiLJ1wiNO7R4yfeI-cVNH0MzRHCH0z2DedzZM-Fpgse_lDxzzhjIe-F_sN0NMvx1cF9NNcRbof640J-nIrQiM0k9NJRackOc1kQibpwqNfxdBqypLyIvkWpoflx51gjnBn8IA8N_ZiR58e_oemHPmF1PLh0_EoR6goeKGOSILSOW9jjwKMe45GOR0UYaPjwgzeHK4_QvhATHb2P84Hib8SJw6oePC3k5Ggihkd_PLiOp_gFcTueKJELXTt8432wZ0fIo1lG406L3wr-w8eVo9YJP0IzLjnw48rxykOo5EdzqM6QS8cTXMk1tFxn5Mt28EbzPND94UqWCRc0PUFz4YwSXFCv4MmDPDF-k3jApGkq1P7wP8dz5C_8gw8_PHqOMCfa4UH-4ZkOLUR4_PiRg-cHLU7QKpSKZ8e_gDkrQvyOPEP94meM0zzCLpiiiMR7vPmhJxyHC472B3nWBt9GDbWOKX5xpyA9NEeJnffQB00VHnnZBX9SQl82hCbRjNkxs8WNU6D1COUPp-GQ5Q0e4ZcJPUdooTGTYd_Qizwajjm-4zmO8NDyRDjyJ0b-Da2kw_M4vD-hWZdx5gn0Z7gcHTlDwZXkBt9z7EGYSeHR58JPXMfD4QOVThd03CJuH55MfDicn_hzISavoMfdw1up4w98ikKP5mAaBXkHnYmOMPHQxXiOO8cR6ksx5TyuExfhSDqOqmhOCZeOR9lHdDn0Y9MUhR4qz8h5PByLPMWzGM0PTT-6ZAzSSJuPH7kNfcilwqeMahce6jiJWgzCPA9-6BQY_TKsR8KzHX5mdMdR7ZWgD-fxH-mYoJsWF1fiBX2P_vjxtSGuNAhzoX-EV0nRKgsPR4e3PsiusBb-IvKh6SJ-5LmCpkyiCGEV4tAR5sHLKCLRaGKTBGe048vC4hYR5kLJDLot5B_2R6iPl3C38Ki8EkfeSB0a5oa0Hu4RXjLxIuUa4mKgXxPeC5WSzfCXH-fhQ8qF8MTl4A2Riwenozn0h_h65OqRF5WXBVp-PCfyXviF_2iuoJR4fLERLk8GLbfxSNIInUeudMGjViJmRjl6ockjh_gpPEkSHSF5I8mC3sT_BJeyB8yTI0wc6BcRya2Ck_AQCjqzdMPLDmlW43QRWcoMrUmDMLiO5lmqoH_wZDLe5CDSJ9CH41R04YkuyLeQZ-jRNMqFa1fwCx_8IrtwxoWWcOCHlMzBSsO34zxq4TiPhlFihNI-6OIRD0fzOWgjpvhwKgdZHaEOV6IEKTzCaxWOYyeFqj2eJjj6A_1RGamaLoGYHf2D-3iGhynCw0yE8PiP41ewJ_igrA4eHj8u6CdyYteDC-3hKjn64A6DHx8CzeKN_UKvNrigMwjVB-YjUShP5EJdVdDyI--x6rg8o1aEpomO8wifpcN__AipnMOdo0rJY8qj4ypO5BmuZEcfND-HOzl0xcSL2DkaVTIq44kwH7-CnA80H-wY5EqUwz9CnKnxRSCzpgtOo7lROjhZzC8O7S1-ChdM7sS0_PiD51BFwVTyQs8V5D_uDE3F4k_Q6sEu6Wgf-ERY6MNfPOFH7MktPDfqHEzmyfgTPEUzBhX140qoMIjFoLmP4kSeGzqzB_nQ7AvB6Bquqnhy-PiYVPgkHXfQHH0VXGqJnD-0-EWbd6ikJ3DCFdeCME9k8OLhdcQTXFfww6Zq8DTiHHcGjWSOMM0NOjvuHdSVKzgeHZ7ENKBP5Id-PElp_BsYLnoCP9C-UPh-4TwuJQ_0XJh-TNnx4ynRTEHf48xxHftx7cNpTFL-CI2PfhGaDrehMU2K5jiuO4hzDw2PHj-O_3jwJCHxBz9Oggk_o0N-qHyQB5d-ND_6ZsQXnDqLP0f4G36igPFzfEnyBPpRztODysdRbx6avtCealHR7BXaMeQwZdrxHOrHIa-SYAt54wqOnseUV_iGD20Q5kugexGP3CV6PTilFE92Ic3SREF3Hc-hj07wFvqC64ddS3jENMeLHe4rvDiHpwoaPihvHeeh54eP_Hh5NNm0ohxTFi8P28N5fGERBlI6iULOJMdlXMzxhcdj4eeRVnlwH7yyxgAhlFOEIQQYYMgIAhwTCDgAAGDAOEE4ZUAYZojAyjAhiQFACYCEAcQQZoAw1AgBKCBCMAKEA0AYAZxyCiABTDOACUIAcQIoJBoQgiBnHEIACGaAUQQYgAQwSBBGhCICMGQo8oA5I5xCQRAAIAVCEQKAwAxRIghRjBABGAGEEQCRVVJQhIhSRChmjBCAMSOIMEYAZYRDQghFhGDICgQYYEBZAowTBghDDAAIAAAMYAIJKSwBhhjiEFgOCIeUGAQYADAwgChkhACOGAAUcAIAkYgzCBgnAVAAGQAMEcwJZR2gJCmGjCJIIQQE4EAQABAk1AiHJGGGAKQQKMIIggARBkFCmERIEMEIAAYAJggxABgEhFhGASmBMx4AAAAjCCigAAAAIAEQIkAIwhABBAEACAQIIwmEAAIZYYBASBmkkHPCEAOAEIQwI5ggSAAHlLDEESEQVcIQgIQgwCkgnEGcKUCMAsYEQJAQFkLCjCAGCEUkQ0AKQQUiAjiAGDBGImCEYcI6QYgAjBgBDDKQQCgQMQ4AA6x0CjAkgADCEIOUQUYpQoFAQIhAlEACAOIIMgQAAilSRBhCiDBOGIWUUEQYhxgiwgBrkCDACAEEEcogY4EgVAGBDCJAQAAQIVIIJKAwCggmFGEOFIKAZIIAZogEGAQHpKFOMMCQsEYIYIwAUhuFkGKKaKEMoBYxIQUQBEkEFCJIIAoEUcIAhxgASBAHAQDEIoGAQYQZCYhRhgBJACDGgoIMEIRRAAlAQgmDnFECKqQQQMAII6Qj1BABBDIMEIIcUpAQAQBZRAgkgELACaIEBAABAQhxAJBEgGBIMKQEUEAgIYlgQClnHBUOAQiMJIYJwAhRDgiCFLJGIUIZUwoBwZDzhgikgAGECCAUQIAAAYFjQBDkBQCGmEEUUgAAAwhRAkDmBFMIECOIcQoJIwBgSgCuDAFCEAiEAEkQYwgxRAkA"],"acoustid_id": ["f1705810-8598-44c4-9ab0-aa9e525d918d"],"album": ["Covers"],"artist": ["James Taylor"],"bpm": ["137.08"],"date": ["2008"],"genre": ["Rock"],"musicbrainz album release country": ["United States"],"musicbrainz album type": ["Album"],"musicbrainz_albumartistid": ["107d0c22-d051-4d98-8206-4e14de02132a"],"musicbrainz_albumid": ["b58e1df2-0e08-45e4-82e9-3300b7d3db29"],"musicbrainz_artistid": ["107d0c22-d051-4d98-8206-4e14de02132a"],"musicbrainz_recordingid": ["e65650a7-ed24-4588-a5b4-a49e89e70d0c"],"musicip_puid": ["23f23270-15c5-e9ff-3dd3-a848223e322e"],"title": ["Why Baby Why"],"tracknumber": ["04"]},"version": {"highlevel": {"essentia": "2.1-beta5-dev","essentia_build_sha": "e74af04b57b164eed312abeef4963962215860f0","essentia_git_sha": "v2.1_beta4-499-g4013ebc",