{"highlevel": {"danceability": {"all": {"danceable": 0.812686502934,"not_danceable": 0.187313482165},"probability": 0.812686502934,"value": "danceable"},"gender": {"all": {"female": 0.217428296804,"male": 0.782571673393},"probability": 0.782571673393,"value": "male"},"genre_dortmund": {"all": {"alternative": 0.0436173193157,"blues": 0.00610526883975,"electronic": 0.933348119259,"folkcountry": 0.00739852385595,"funksoulrnb": 0.000542620429769,"jazz": 0.00211161887273,"pop": 0.000811185280327,"raphiphop": 0.000239173939917,"rock": 0.00582615612075},"probability": 0.933348119259,"value": "electronic"},"genre_electronic": {"all": {"ambient": 0.395378947258,"dnb": 0.0301865767688,"house": 0.157892897725,"techno": 0.0479144155979,"trance": 0.368627160788},"probability": 0.395378947258,"value": "ambient"},"genre_rosamerica": {"all": {"cla": 0.0214718300849,"dan": 0.290045440197,"hip": 0.0295423101634,"jaz": 0.0389227308333,"pop": 0.220043495297,"rhy": 0.12506352365,"roc": 0.244958251715,"spe": 0.0299524199218},"probability": 0.290045440197,"value": "dan"},"genre_tzanetakis": {"all": {"blu": 0.0626613423228,"cla": 0.0348169617355,"cou": 0.104475811124,"dis": 0.0784321576357,"hip": 0.15692435205,"jaz": 0.313974827528,"met": 0.0448166541755,"pop": 0.0627359300852,"reg": 0.0627360641956,"roc": 0.0784258767962},"probability": 0.313974827528,"value": "jaz"},"ismir04_rhythm": {"all": {"ChaChaCha": 0.31622543931,"Jive": 0.127205610275,"Quickstep": 0.0190569385886,"Rumba-American": 0.0329848118126,"Rumba-International": 0.0582479387522,"Rumba-Misc": 0.0255720485002,"Samba": 0.10268496722,"Tango": 0.0837435722351,"VienneseWaltz": 0.221056506038,"Waltz": 0.0132221542299},"probability": 0.31622543931,"value": "ChaChaCha"},"mood_acoustic": {"all": {"acoustic": 0.132799699903,"not_acoustic": 0.867200314999},"probability": 0.867200314999,"value": "not_acoustic"},"mood_aggressive": {"all": {"aggressive": 0.0852645710111,"not_aggressive": 0.91473543644},"probability": 0.91473543644,"value": "not_aggressive"},"mood_electronic": {"all": {"electronic": 0.864707231522,"not_electronic": 0.135292753577},"probability": 0.864707231522,"value": "electronic"},"mood_happy": {"all": {"happy": 0.577029526234,"not_happy": 0.422970503569},"probability": 0.577029526234,"value": "happy"},"mood_party": {"all": {"not_party": 0.712058663368,"party": 0.287941366434},"probability": 0.712058663368,"value": "not_party"},"mood_relaxed": {"all": {"not_relaxed": 0.174075230956,"relaxed": 0.825924754143},"probability": 0.825924754143,"value": "relaxed"},"mood_sad": {"all": {"not_sad": 0.74932974577,"sad": 0.25067025423},"probability": 0.74932974577,"value": "not_sad"},"moods_mirex": {"all": {"Cluster1": 0.113909251988,"Cluster2": 0.0910739675164,"Cluster3": 0.254799544811,"Cluster4": 0.155526533723,"Cluster5": 0.384690701962},"probability": 0.384690701962,"value": "Cluster5"},"timbre": {"all": {"bright": 0.379856795073,"dark": 0.620143175125},"probability": 0.620143175125,"value": "dark"},"tonal_atonal": {"all": {"atonal": 0.991433680058,"tonal": 0.0085663003847},"probability": 0.991433680058,"value": "atonal"},"voice_instrumental": {"all": {"instrumental": 0.483699083328,"voice": 0.516300916672},"probability": 0.516300916672,"value": "voice"}},"metadata": {"audio_properties": {"analysis_sample_rate": 44100,"bit_rate": 0,"equal_loudness": 0,"length": 215.479995728,"lossless": 1,"replay_gain": -14.0210323334,"sample_rate": 44100,"codec": "flac","downmix": "mix","md5_encoded": "679a404df89697a18d3b587edce1bb97"},"tags": {"file_name": "923a09bb4a17808a7714da26a157.flac","acoustid_id": ["0e00923a-09bb-4a17-808a-7714da26a157"],"album": ["John the Revelator \/ Lilian"],"albumartist": ["Depeche Mode"],"albumartistsort": ["Depeche Mode"],"artist": ["Depeche Mode"],"artistsort": ["Depeche Mode"],"date": ["2006-06-02"],"discnumber": ["1"],"disctotal": ["1"],"genre": ["Tech House", "Synthpop", "Rock", "Progressive House", "Pop Rock"],"musicbrainz_albumartistid": ["8538e728-ca0b-4321-b7e5-cff6565dd4c0"],"musicbrainz_albumid": ["7629063c-a906-3a1b-a155-f34a230032f7"],"musicbrainz_artistid": ["8538e728-ca0b-4321-b7e5-cff6565dd4c0"],"musicbrainz_recordingid": ["853e3477-d206-41eb-bd78-c58265b1662a"],"musicbrainz_releasegroupid": ["30c86ed8-e595-3d6a-a1d7-27fccde67bd5"],"musicbrainz_releasetrackid": ["67500e57-cce5-3646-b919-0331318b8614"],"originaldate": ["2006-05"],"originalyear": ["2006"],"releasecountry": ["DE"],"releasestatus": ["official"],"releasetype": ["single"],"script": ["Latn"],"title": ["Lilian (single version)"],"totaldiscs": ["1"],"totaltracks": ["2"],"tracknumber": ["2"],"tracktotal": ["2"]},"version": {"highlevel": {"essentia": "2.1-beta5-dev","essentia_build_sha": "e74af04b57b164eed312abeef4963962215860f0","essentia_git_sha": "v2.1_beta4-499-g4013ebc","extractor": "music 2.0","gaia": "2.4.5","gaia_git_sha": "v2.4.4-44-g95f4851","models_essentia_git_sha": "v2.1_beta1"},"lowlevel": {"essentia": "2.1-beta2","essentia_build_sha": "2d9f1f26377add8aeb1075a9c2973f962c4f09fd","essentia_git_sha": "v2.1_beta2-1-ge3940c0","extractor": "music 1.0"}}}}