{"highlevel": {"danceability": {"all": {"danceable": 0.061644859612,"not_danceable": 0.938355147839},"probability": 0.938355147839,"value": "not_danceable"},"gender": {"all": {"female": 0.274145931005,"male": 0.725854039192},"probability": 0.725854039192,"value": "male"},"genre_dortmund": {"all": {"alternative": 0.0502674020827,"blues": 0.00926228519529,"electronic": 0.888097524643,"folkcountry": 0.0283190086484,"funksoulrnb": 0.000631389324553,"jazz": 0.0140962619334,"pop": 0.00146313745063,"raphiphop": 0.000457716232631,"rock": 0.00740528199822},"probability": 0.888097524643,"value": "electronic"},"genre_electronic": {"all": {"ambient": 0.893121778965,"dnb": 0.00349036324769,"house": 0.0625769942999,"techno": 0.00328391441144,"trance": 0.0375269539654},"probability": 0.893121778965,"value": "ambient"},"genre_rosamerica": {"all": {"cla": 0.178532704711,"dan": 0.00757317664102,"hip": 0.0124485511333,"jaz": 0.18267570436,"pop": 0.238994076848,"rhy": 0.346323639154,"roc": 0.0175345931202,"spe": 0.0159175451845},"probability": 0.346323639154,"value": "rhy"},"genre_tzanetakis": {"all": {"blu": 0.0549773685634,"cla": 0.0303785055876,"cou": 0.0683483928442,"dis": 0.0455619618297,"hip": 0.0911207720637,"jaz": 0.273347467184,"met": 0.039044868201,"pop": 0.0683294162154,"reg": 0.0555603951216,"roc": 0.27333086729},"probability": 0.273347467184,"value": "jaz"},"ismir04_rhythm": {"all": {"ChaChaCha": 0.0527089387178,"Jive": 0.00479845469818,"Quickstep": 0.00608803611249,"Rumba-American": 0.0270588528365,"Rumba-International": 0.031279284507,"Rumba-Misc": 0.0218683406711,"Samba": 0.00899331644177,"Tango": 0.47285091877,"VienneseWaltz": 0.327103585005,"Waltz": 0.0472502708435},"probability": 0.47285091877,"value": "Tango"},"mood_acoustic": {"all": {"acoustic": 0.925271451473,"not_acoustic": 0.074728526175},"probability": 0.925271451473,"value": "acoustic"},"mood_aggressive": {"all": {"aggressive": 0.0163593906909,"not_aggressive": 0.983640611172},"probability": 0.983640611172,"value": "not_aggressive"},"mood_electronic": {"all": {"electronic": 0.315245449543,"not_electronic": 0.684754550457},"probability": 0.684754550457,"value": "not_electronic"},"mood_happy": {"all": {"happy": 0.219111561775,"not_happy": 0.780888438225},"probability": 0.780888438225,"value": "not_happy"},"mood_party": {"all": {"not_party": 0.977859675884,"party": 0.0221403036267},"probability": 0.977859675884,"value": "not_party"},"mood_relaxed": {"all": {"not_relaxed": 0.0157263465226,"relaxed": 0.984273672104},"probability": 0.984273672104,"value": "relaxed"},"mood_sad": {"all": {"not_sad": 0.0780817717314,"sad": 0.921918213367},"probability": 0.921918213367,"value": "sad"},"moods_mirex": {"all": {"Cluster1": 0.0757322832942,"Cluster2": 0.122701868415,"Cluster3": 0.386313557625,"Cluster4": 0.323576539755,"Cluster5": 0.0916757583618},"probability": 0.386313557625,"value": "Cluster3"},"timbre": {"all": {"bright": 0.550413906574,"dark": 0.449586093426},"probability": 0.550413906574,"value": "bright"},"tonal_atonal": {"all": {"atonal": 0.372691810131,"tonal": 0.627308189869},"probability": 0.627308189869,"value": "tonal"},"voice_instrumental": {"all": {"instrumental": 0.724329411983,"voice": 0.275670588017},"probability": 0.724329411983,"value": "instrumental"}},"metadata": {"audio_properties": {"analysis_sample_rate": 44100,"bit_rate": 128000,"equal_loudness": 0,"length": 226.951843262,"lossless": 0,"replay_gain": -5.79164123535,"sample_rate": 44100,"codec": "mp3","downmix": "mix","md5_encoded": "455e05928e7f0b1699e5dfc4540ac524"},"tags": {"file_name": "Aqualung - Strange and Beautiful (I'll Put a Spell on You).mp3","acoustid_fingerprint": ["AQADtFIypVIiJcOVjsEzw4-CHwnlKEfIF1eiXKiTzAHwHZcPU7GO5NKO9IuDH_2JB10UBw3n4tKOHz2uHx-8JTRq48lRchFhrkdy5Dkc9XgfnHzxRHmGH39yjNONdPyQfMcbouJ7BB8hJT9CljtMfgdyJPuKn3jU41uP4w_-4CXSIdnxBz-OaurhZA-O_BB_5Djhow_-yLgkPEeYq9AenFqR_fhxDQ1vxXh5wscPV-jMI7gkaKqEE3mPX2Cf4DNqdcdRfXha5Eeyh8ERPkfy6Pjz4BEtBd-KH5-NkwRSJLuCcw9-XELFTIfV3qj0IOwhjj9y4If_oz9YTUc-GeU1aPlwEw_yHxUXOFMfDh87eM9x5WgavMyRZ-ChmagYIs90nDf6K3gmgSGu5Eetk2iO-GiSNuh15PNQSnnQLH7wnbgc_EbzdMKvI9OhSV2a4P9w9dAuUPOR54EV_PiD7EjuwBv-40_Q8SKOS0c_NA8-KclxhJC69Pj4EUzGB-_xB5aDndARvwymuxHCLM_BVofOI0yTo3-Cew--w_mxzjlejcFpY7qO5Ia_qETOFcx5PDPyB9eFkqcRZ5fQt4ifbNAe-AKDkMcZONGOHrnQQ0up4BFC-RL-BqePtxncxklwH1XCAGF6aBx15MfpBeU-okl2ZHOC5Bzx43vwTexg54ilHYlf_IaficP5Brci4mt0sEmmHL-RHOmYHY8O9vhF5EoO8UeeBdcWVDE14TqH6RnxYPLhI3tyBerOIE4J78KHd4rRNMmOH8gfJD-akEdJJTWeHI-KfwqSG9l7nIetHtdxfkWvSGip8HjyID_xH0wU5phwtdCPXEmGp9KCGz3R5DOek8aXXRGe5EG1H_mP60S05-iPy5nwNwF7ZD_0I3-CS7SChh3KSTqa-rgfZBsS7vjhD8eP5vgTnAmZ4GiezMiJZMdx7WDE9KAmlYFz9CUuoZZgLQkSLtRxpRF8QZOUGnqPH6fRnkEzeknwRMqEWoJRXTURkgR1WIrSGw8z8LCmos_BbcQRJMfzDZUvOHlyMN4OpkjohghtC2eEZkePK8Ft5LmgZTpa6kE245ESicLTNAr-Hi2aFfmoINEefKvx_LjyED7-HEkeHfkiVNsNc3RwBv2CH7URKU5xZc5R3WgeqNGCy8QdxaiRJ2VxwTk6VcF_HMfxJcfNhEKaHDc-KOI8HOGDa8PJ4HhUXEOY66i-VFD-PMUnQuMS_GmG9sZjXA-q0xT0FKUoB6cg7YGfKTlWVZKKa8h_NPXRS7kQ_mguHIqPMMsu1EnmMDiP5kcv4RnyhccligGTaDzyyHjQ48_xAw9OPHTQL0OYcsebGNeh7XBuxQh5ojf8Mka93UIfS3DhKpiet0iuHaGUBtaJHj-ehQme49mhSJqOpviFN0qEa0qWZXguXEd1ZLygWkqaDD9YokyOviO01CkIMQ9e6cQZHbmeKQlq5Sae1PgpoIkp4Qvx4cKD_Oh3aPmEbFeHx8dXhD7eIT2DEz_8UrgyH7dwpM-Dq3UCL3jhS-hzPDF0HWWm4-IDveOCO6UHH5Fk5niGD0fOHJMPcQWnPAnSSwidCv8EVURfFo3aId6SJA_2XEgu5AwuZkan3Gi2WVxwNiuuHXvxE_-KXGMh5qJy_Dm4C7rxsYjNLTjeoPKP5sBFI1e2DbqCXDKOh8fpI6cufDuaQ-OcQg9-hEz-g8ke9JhyKRd-40lWnMyOZqgfvMfx5kdopUrRiNGRazpe4Ukn5EayXvjRjseUpkGp3biVhMSJyn1QR79w9QgvI1mqd-DjBR-eJCFy6C7yF_RyXDr-oEfz4EI-Q-dk5GnRH4z-4PfxJji8Hz8eNHUeo-fRzJnAdMmPnIc-HeOf4bngZckj6LrxpMRdDT2DtDqqKsc8IpeU4Q2S8cfx-WCTNHDEPCF-oT_e40rY4HygZSlKXsSVJ8eFPuDMDx5zVEmO50GtzFzgF2WIkxaeRDjcbMR1VPHh-PjjDTtenDXhHz_GI98hrQnOsRPCh8IPTsfVG4ykF3Zc1ESfyPAPHs2x_7j8YGLkSYFPgsN53IiQ8PhwZTk80sFT4iL8HN-PH-F16DqqI98G60d94sE8oj9S_Ba09ngO5U1qVD_yYztx3GDFhcGJH6Fy6EcuBTlXhYN-xFcjPLqGaj884sfhLiTSIzlR9viWNHjw8GC0g8t89EFy5MdzNGeKHucsfI9x4ggfoglNSE-Q83iONj685xv8XHjxKUdznMiha0HoKGAkPDz6JMPRL8NFvC3CFQlPOMYT_EieHHHiC6dZfD2Oaw9-_PChXfiN7wGLs0dHOPKRrDlC4jR8UMedo3yQP_hy4U2h6Wh-fEY-cESfKMelPQcjvcNz9EdTIc9w7ZC3JKhzPESlBx8-HnlY5MkRWqQK__iH5sZ3fHpQJ9FhoTf-C-dc0BeSn0HM7MfjkEFPNE8ePDp-JLeI8MWU3MGVHDnxozmhycgzHU1XVD_xTFjLGPlxQ9KDl0K-6MXF4ztS7ofSbzGe40PaHEeeFz2hiFaOE6cRpspSME6k4x8Bf0KeQz-D80M1JdXxCeKPH-GDk3hfHGcuBd8eVCeaB_k-AMIIAEABAgEhBAABAAEMKUIFAQIwA5gUSBgglICGCEWAAgIQBIwBQADghAEAKYQAUcxAgRwwggDjokKOEIKIAoZAQgABylGFkJCGQSeUAgwAOIARgAABkCKIEGAYEYAAIyQCCAiDABEKOAEAQAIgKpQiQhBECCUEGAUMhAgoQQwARBEkgCAEGOKYAZIRAAhDCBZAsABQAWKUAYYQoAAwxBhCiGBGMQCQEAoYYRhxSBBDhAAUIPQQMkIhBICSwkkjAIDOGKQUtQAwQYRwjpACrEBGEGAEBcI4joEhVjOEhIEGUkERAtAIwAnBBhiDlHFGEOI0EIYwJAQgCBgAAAVAEGGIASAYBBghTBDjGELiMiQoUUcRKAwQgwIIiHCEIAQoUJgwyBkwBAgshUNIOCIQQQAQwogwhgBkDATGCSgRMIhJhAwAzENwCCDaUQ2JRIgAAAAQRADhiIDGIkAQUEIIRACpBgDFFGMGEUIJMIYJz5gDABFqkAIAAAEEUEgzZQgEIECiJAEEOiOAEYYQAAQSxBlsECJACaCosw4UB5CAjggAkiJMAYkEAJAxlAC0jCJggEBAAQaYQNYQJgQQABmDjAAEIqGUZQAQQIC1BgoAgFQAIYMIcYAhAYARxCCjBGQIQAEIEsoQpRQRzBAKmAiKAUQQAoIIgAhiBgEhgBDCOAKEM0QgIYAzVAkgnGFGGQYUQwIJgZVSRBlAQEcCKgK8IYIyg4BBiCEpkCPAEHGMIAAIADhBhiIAiBEGCWEMAQZAcQgRSEhhgHDEUAUEAZYIA4UwAiCmyCKGJAKEpspIJ5BBiHBFhGFGCAEIExQ5RwixpCAgKBhKCGCAI0QhBAghwhhAjGKMIgedMQAhIJwSyABAGAJYMWWJA09IYxQDAEAnFBEAAMKIEQQoAxBCBAhDjGFAGGEEEwgBgQRDiBlAqEFWKyOAgUAIoigSACGBEECCGUACEcQgIwA"],"acoustid_id": ["38af486c-4ddb-435e-a169-dd5c5c9b0064"],"album": ["Aqualung"],"artist": ["Aqualung"],"bpm": ["109.96"],"date": ["2002"],"genre": ["Soft Rock"],"musicbrainz album release country": ["United Kingdom"],"musicbrainz album type": ["Album"],"musicbrainz_albumid": ["c4ddbd2a-b2bb-409f-b326-a2e844e105a0"],"musicbrainz_recordingid": ["2f7bea37-90b8-4dfa-9254-a37b72e121b8"],"musicip_puid": ["cb274388-c2e6-526a-4419-360bcdbc2950"],"title": ["Strange and Beautiful (I'll Put a Spell on You)"],"tracknumber": ["01\/11"]},"version": {"highlevel": {"essentia": "2.1-beta5-dev","essentia_build_sha": "e74af04b57b164eed312abeef4963962215860f0","essentia_git_sha": "v2.1_beta4-499-g4013ebc","extractor": "music 2.0","gaia": "2.4.5","gaia_git_sha": "v2.4.4-44-g95f4851",