{"highlevel": {"danceability": {"all": {"danceable": 0.266317754984,"not_danceable": 0.733682274818},"probability": 0.733682274818,"value": "not_danceable"},"gender": {"all": {"female": 0.00522222928703,"male": 0.994777798653},"probability": 0.994777798653,"value": "male"},"genre_dortmund": {"all": {"alternative": 0.324637383223,"blues": 0.0859518647194,"electronic": 0.150897219777,"folkcountry": 0.166128277779,"funksoulrnb": 0.00745363486931,"jazz": 0.0260268356651,"pop": 0.024836005643,"raphiphop": 0.00699268607423,"rock": 0.207076087594},"probability": 0.324637383223,"value": "alternative"},"genre_electronic": {"all": {"ambient": 0.800394654274,"dnb": 0.0371300987899,"house": 0.0606157295406,"techno": 0.00784637313336,"trance": 0.0940131619573},"probability": 0.800394654274,"value": "ambient"},"genre_rosamerica": {"all": {"cla": 0.205358281732,"dan": 0.0446298755705,"hip": 0.0697875320911,"jaz": 0.133700430393,"pop": 0.141237527132,"rhy": 0.236055344343,"roc": 0.118363745511,"spe": 0.0508672520518},"probability": 0.236055344343,"value": "rhy"},"genre_tzanetakis": {"all": {"blu": 0.0514595136046,"cla": 0.0342968404293,"cou": 0.102896817029,"dis": 0.0617725774646,"hip": 0.154462322593,"jaz": 0.309064805508,"met": 0.0441226623952,"pop": 0.0772066935897,"reg": 0.0617669522762,"roc": 0.102950803936},"probability": 0.309064805508,"value": "jaz"},"ismir04_rhythm": {"all": {"ChaChaCha": 0.113057538867,"Jive": 0.076626226306,"Quickstep": 0.021757511422,"Rumba-American": 0.0232409480959,"Rumba-International": 0.0130827873945,"Rumba-Misc": 0.00326442136429,"Samba": 0.0191553458571,"Tango": 0.654750585556,"VienneseWaltz": 0.0691829100251,"Waltz": 0.00588173046708},"probability": 0.654750585556,"value": "Tango"},"mood_acoustic": {"all": {"acoustic": 0.416894882917,"not_acoustic": 0.58310508728},"probability": 0.58310508728,"value": "not_acoustic"},"mood_aggressive": {"all": {"aggressive": 0.106459215283,"not_aggressive": 0.893540799618},"probability": 0.893540799618,"value": "not_aggressive"},"mood_electronic": {"all": {"electronic": 0.353820472956,"not_electronic": 0.646179497242},"probability": 0.646179497242,"value": "not_electronic"},"mood_happy": {"all": {"happy": 0.167615413666,"not_happy": 0.832384586334},"probability": 0.832384586334,"value": "not_happy"},"mood_party": {"all": {"not_party": 0.669805526733,"party": 0.330194503069},"probability": 0.669805526733,"value": "not_party"},"mood_relaxed": {"all": {"not_relaxed": 0.486261159182,"relaxed": 0.513738870621},"probability": 0.513738870621,"value": "relaxed"},"mood_sad": {"all": {"not_sad": 0.748567759991,"sad": 0.251432240009},"probability": 0.748567759991,"value": "not_sad"},"moods_mirex": {"all": {"Cluster1": 0.217138439417,"Cluster2": 0.187584787607,"Cluster3": 0.229509174824,"Cluster4": 0.197246566415,"Cluster5": 0.168521046638},"probability": 0.229509174824,"value": "Cluster3"},"timbre": {"all": {"bright": 0.484381854534,"dark": 0.515618145466},"probability": 0.515618145466,"value": "dark"},"tonal_atonal": {"all": {"atonal": 0.0866898596287,"tonal": 0.913310110569},"probability": 0.913310110569,"value": "tonal"},"voice_instrumental": {"all": {"instrumental": 0.00548774888739,"voice": 0.99451225996},"probability": 0.99451225996,"value": "voice"}},"metadata": {"audio_properties": {"analysis_sample_rate": 44100,"bit_rate": 0,"equal_loudness": 0,"length": 103.533332825,"lossless": 1,"replay_gain": -7.3608379364,"sample_rate": 44100,"codec": "flac","downmix": "mix","md5_encoded": "af1e460ab6192ea4a7e3cede8fceb096"},"tags": {"file_name": "15 - Wild Child.flac","acoustid_fingerprint": ["AQADKp-kjUnw4zfqI2GaXPj8GOnCwivCq7gmQucQSVQdXEkdZD_EHzl9-IHHF22iC6we3FSJTrvgMTv6Iw_zQdeLkBmTCs2347h08GkiNEclJkcckR309cipeHiKoyGXyugf3LgSPEfExBk0jTzCzMePJ8fDosxTBc3-4z2eHL1iwoGTMIsTIc8lJEt1PMbxPCgvNByxJ8txC2SI6ULzROlxhE4oIlkeXCmePPiJ8If2H7GPo9zkwQuvEH2EF_nc4YTOoyEvTD_xz2jODOWN3Lh2lFeFZgnxregPOyQiUU6hbmYQ8oS7RQ2qUDne41lQHs1pfMelI54a4ZGPHm5jhKuUEXdQ3kPD48xx2M1x9Eg45ogn_MPJo52Oo1KBfkEO_bjR39CyRsdo5Xh06AjzwZ_A43VQjyUeDSWD5sKPI38hR8sVME0uwvgCHemPmsd7hB6cI9lzTIfX4h8auzI-VCIaHWfR_OiRHOFTwXyCcjp-NEePM4c5PMeke0JTMbiqHJHyqBxuQfuRYxfaRPCOg3oCHmmMpImOK08Cz-iTYpcBW0ess5Cnoz-ewTc0P_jxH_rCwKmCnDFx4tsGv8cvPOTwbEcVHXZJY9KJ_TgTNI4SozoeMse3C7-EN1lhzcdPHKOYJIH4DKwkPHkS7LmEHg2XKEjOCfmLJ8enKZjkjJqC5AijgDv-GU_K4MzhesWlPMRjJM8RkomQJTEzvJHxHaqkC0_w48shnjn26MQXnciFh2geVDx-4fPRbjHCrDn0B9GOh8YbgnvlwMqSaxgpHmi4VIfjaunQlpLwVXg1oqaCH3-OMYooaqi05kgeIruSHT5D3FTwC38aXM6IPpmOJhRTJFruFNGDZlSOmkcuaJ-RHuGL5PjxxKj9oEnyxMHRhz6sG6d42EatzDiSH_GPrx9eWXh0_PhdPFxkNDHloz5CJbaRMMrYoFcyPHmEX_hxfDmuIDwzQUt6CnGa7LgWHUdvPESY53igL5KFfO3xUMRvAp8CO9kRexee5kH1w05uuJyQo_mPM8Fj4h-a9ESo5EiuKTOuJ3iw_3iiFJcPJpmSC-EiLYf6_cg7EdNXNA_KJGEVeHJ2HFPOFHd2hPtjaMlz5KlxHc9RPjCfo1b240qOZ0aY3Ui-C3cORlHS41IWXA9-NHVO9JEe5Ap0_siPKrkJKj7c-Kipo8ePKw_qJJON6wh7JLzQzyKex8IX5RKuREZfNI-Mix_aJGGowOPxH3HKHMozOfARUvHRBv4DHy15PDlOpehxpWuCvLmChPHRNziPM2VGPIebE5d2PLnxY1MfXE-QPMmRJRWFfjme4_2KK9ozfFKKH6EEUX6SItQuDVemHryD5xmeXRE89cGzDQ-KJj-e8Ap-lIprJCyF_OiDM1lJPAmPi2txJFNCWkGe5UrQ3PgG_iHuPChzoZl-4Umu4NmRRV8JLVeE_Dou5XgW4zHaEVO-FFfW4zt2hMofiFGvBCHzFE-JizkeVeiVDM2eEVdoBX9QmUfzHIl7xA_q5IW74z--fMNL1NGPM_iDKo2SSUY6PkEy0cTT4MLzEI4sSsGTNEqGr7hb-EGe5VGg_8jCJIY7BX2Cr8SlLMWX4Mwk_EcTkUX4PAkSOSkllPrRU3jxaNVR7lIkODSl4IV1SXDUI9kfI2zi6PAkos_RwxWfFHVEFWcu3JPRI2G-JkmIcM8kfMlxYl8-3EwIz6IUPEyk4sctoZllEsmU5smQ38I8JuhznDqa84mCJ1rwpcNJXEejnkQybXkU5ApDBXfwHT-of7jSKRKetjiafagclnjKIxkVHilj42TA5KMoXEezJPlQyseDypskhFGYJ8mgriJyxcdFPCXYK0PDVkMdr7gU4WiOypeESMp46Itk5AvxBd8aNM6VGM-O_BCPfA72S0FTdziTKToaNaOC_8Q1NE0zBm2UI3toaBeF9DN-EV8SHVy2DwfF6Ljy4sYT4cF2JKOS6IoQK3mE9ZlwR3HR_KhPXHnxk2Ay9qj-4RGSaEhDs_CUVEQ_7L7w5XDD4NlxpiDC5JwERVN4JcgVTzjuRBv2w_VHXHmE_8YORw9yjw2S8OgbnDx63GowpWJQJx-eZRiTV0bDcwpCqY-gI8-UGV-VYGZCDqYa4jTR5_DpIT3jINkmvEcbeviDWsNDB58e1M5UJMsQcevxXERlHs2zTMQPHs2DfglxHeeJ_0OYH92N04YeHdeCp0HLXEH740l6XEKWL0dzfogv6FPiBLlm9Ki0hJJwUcPQvAtKUka7HE2YF-cT4m2R8Ivw4ooy6vgVYi-JanmCE8yM6kezLsj34OKGH1kvPMR7NPGhKSUlNJMyFVmq_fh11GrQrJGRR5ehH3mOr8f0YcoRKyQkhnQ05KIwOSlRUxR-XOGJZjT6M8iT44JHBs9y4cc6B81ZSO8KHzkDZvpxHxUD18cD73h4Dc0PXTW-HM2ZEmIQEYwIISQzgALCBAAGEQOEMQooJBxSACkEDGJCIcIsQMgh44AQACFkjEAOMUYUcYQAIRJYhjjHACBKGcgAAhIAAQAwkgmACFMAMUuII8gI4IAQxIDgGIFGGIOIJIwC4AyQBCnPkAOiMSGAo4YgBYAiCkEEAFHCKEeYJIsApYwQACgDhrAEOYOQMkYp4hAxThABFEMAEEENYQAAYoUAjgkADGMAGUMcMhIZxxBSigGClFDCCWYoYE4AIQDQAiilCBAIWMUMIUgAqqAQwgoBEFGGEKCIJwIRBSgYCggqBAGGQAQQAkowAYkhwBJmFLKIGcKVA0ghq4whgQhGhIJAGOOIEMBQhhQQghhyFGAEECIAUAQLEAAEhgiDsBMSAACIY0IgQAxhQgIAhAFGEGAYAIg4CJADiAACCBGAAAEoAAYhoDBBCCEAiABMEcIIEo4Ay4ADiCBnECDAEEQQAYARAghiRgBjHCSaGECsAEYRAwQBABEGhABMAGbEIAg5IwhQCDEGhSECAGYtgkQQBxARzECCGCNEAKsAUAZTAohgQhBgBDFCMKgEAgI6QIBRgACKgGMIGWAIEIQYAAwiQAghEFOOAEEMCQAQYpwAiAphEFMEbkEAYU4YYoliAAEAhNCEGCEJQMAxIiijGBgCgCDEGCAMYAQYBwxgAAgVjACEGCCYABAQoAlkBAhoGBASAGCJYEowIQBgBAEBHREAECQMMApRIQAiiDhgJCEOISAQEYAJAgRxBDiCCDPAEMYEIYAQBAgyCBHlhARECIQgIYAigARwxBgKCSHIMAEA"],"acoustid_id": ["e70b2478-328a-4ce0-b924-488426025a46"],"album": ["Live In New York"],"albumartist": ["The Doors"],"albumartistsort": ["Doors, The"],"artist": ["The Doors"],"artistsort": ["Doors, The"],"asin": ["B002N3GD2Q"],"barcode": ["081227983802"],"catalognumber": ["R2 521457"],"date": ["2009-11-17"],"discnumber": ["2"],"discsubtitle": ["Sat. Eve. Jan. 17 1970 Second Show"],"disctotal": ["6"],"genre": ["Psychedelic Rock"],"label": ["Rhino"],"language": ["English"],"media": ["CD"],"musicbrainz_albumartistid": ["9efff43b-3b29-4082-824e-bc82f646f93d"],"musicbrainz_albumid": ["2c0428ef-cfee-3dcb-8618-942eaf2cd72c"],"musicbrainz_artistid": ["9efff43b-3b29-4082-824e-bc82f646f93d"],"musicbrainz_recordingid": ["2f802c0e-952a-4f6d-826d-8300bbe9065f"],"musicbrainz_releasegroupid": ["c3bfdfc5-7cec-46dd-afed-66d3c66f0800"],"musicbrainz_releasetrackid": ["421e5713-b697-3ecf-a1e0-cc1048060ad5"],"originaldate": ["2009-11-17"],"originalyear": ["2009"],"releasecountry": ["US"],"releasestatus": ["official"],"releasetype": ["album", "live"],"script": ["Latn"],"title": ["Wild Child"],"totaldiscs": ["6"],"totaltracks": ["17"],