{"highlevel": {"danceability": {"all": {"danceable": 0.724804103374,"not_danceable": 0.275195896626},"probability": 0.724804103374,"value": "danceable"},"gender": {"all": {"female": 0.0590759031475,"male": 0.940924108028},"probability": 0.940924108028,"value": "male"},"genre_dortmund": {"all": {"alternative": 0.254375964403,"blues": 0.0479514077306,"electronic": 0.54497897625,"folkcountry": 0.034057661891,"funksoulrnb": 0.00593584775925,"jazz": 0.012099721469,"pop": 0.00728865992278,"raphiphop": 0.00339129497297,"rock": 0.089920476079},"probability": 0.54497897625,"value": "electronic"},"genre_electronic": {"all": {"ambient": 0.668006718159,"dnb": 0.0754312202334,"house": 0.0467115677893,"techno": 0.0169408433139,"trance": 0.192909643054},"probability": 0.668006718159,"value": "ambient"},"genre_rosamerica": {"all": {"cla": 0.0118430051953,"dan": 0.0176679305732,"hip": 0.00709328381345,"jaz": 0.00567451305687,"pop": 0.0384262353182,"rhy": 0.00905323028564,"roc": 0.90700930357,"spe": 0.00323247211054},"probability": 0.90700930357,"value": "roc"},"genre_tzanetakis": {"all": {"blu": 0.0626613423228,"cla": 0.0348169617355,"cou": 0.104475811124,"dis": 0.0784321576357,"hip": 0.15692435205,"jaz": 0.313974827528,"met": 0.0448166541755,"pop": 0.0627359300852,"reg": 0.0627360641956,"roc": 0.0784258767962},"probability": 0.313974827528,"value": "jaz"},"ismir04_rhythm": {"all": {"ChaChaCha": 0.317490726709,"Jive": 0.138619437814,"Quickstep": 0.0219531152397,"Rumba-American": 0.0220307912678,"Rumba-International": 0.012812063098,"Rumba-Misc": 0.0104316677898,"Samba": 0.0483822673559,"Tango": 0.302498430014,"VienneseWaltz": 0.116991810501,"Waltz": 0.00878969486803},"probability": 0.317490726709,"value": "ChaChaCha"},"mood_acoustic": {"all": {"acoustic": 0.0248982068151,"not_acoustic": 0.97510176897},"probability": 0.97510176897,"value": "not_acoustic"},"mood_aggressive": {"all": {"aggressive": 0.910599827766,"not_aggressive": 0.0894001722336},"probability": 0.910599827766,"value": "aggressive"},"mood_electronic": {"all": {"electronic": 0.613541662693,"not_electronic": 0.386458367109},"probability": 0.613541662693,"value": "electronic"},"mood_happy": {"all": {"happy": 0.226740270853,"not_happy": 0.773259699345},"probability": 0.773259699345,"value": "not_happy"},"mood_party": {"all": {"not_party": 0.609125137329,"party": 0.390874862671},"probability": 0.609125137329,"value": "not_party"},"mood_relaxed": {"all": {"not_relaxed": 0.758036255836,"relaxed": 0.241963744164},"probability": 0.758036255836,"value": "not_relaxed"},"mood_sad": {"all": {"not_sad": 0.909632384777,"sad": 0.0903676301241},"probability": 0.909632384777,"value": "not_sad"},"moods_mirex": {"all": {"Cluster1": 0.0796349644661,"Cluster2": 0.0723600685596,"Cluster3": 0.0464484095573,"Cluster4": 0.0790454298258,"Cluster5": 0.72251111269},"probability": 0.72251111269,"value": "Cluster5"},"timbre": {"all": {"bright": 0.111686736345,"dark": 0.888313233852},"probability": 0.888313233852,"value": "dark"},"tonal_atonal": {"all": {"atonal": 0.64639300108,"tonal": 0.35360699892},"probability": 0.64639300108,"value": "atonal"},"voice_instrumental": {"all": {"instrumental": 0.0547527074814,"voice": 0.945247292519},"probability": 0.945247292519,"value": "voice"}},"metadata": {"audio_properties": {"analysis_sample_rate": 44100,"bit_rate": 0,"equal_loudness": 0,"length": 174.973327637,"lossless": 1,"replay_gain": -10.0122013092,"codec": "flac","downmix": "mix","md5_encoded": "0cf4c07b1dbf7bacd8e7f6f9d8e1d1b3"},"tags": {"file_name": "1-12 El Cattivo.flac","acoustid_id": ["efeec798-303b-4f8a-a3db-c111f8bc2685"],"album": ["Nach uns die Sintflut"],"albumartist": ["Die Ärzte"],"albumartistsort": ["Ärzte, Die"],"artist": ["Die Ärzte"],"artists": ["Die Ärzte"],"artistsort": ["Ärzte, Die"],"asin": ["B00000AQH0"],"barcode": ["5099746311926"],"catalognumber": ["463119 2"],"composer": ["Farin Urlaub"],"composersort": ["Urlaub, Farin"],"date": ["1988-11-03"],"discnumber": ["1"],"disctotal": ["2"],"genre": ["Punk; Punk Rock; Alternative"],"grouping": ["Punk"],"label": ["CBS"],"language": ["deu"],"lyricist": ["Farin Urlaub"],"media": ["CD"],"musicbrainz_albumartistid": ["f2fb0ff0-5679-42ec-a55c-15109ce6e320"],"musicbrainz_albumid": ["b94b64cb-dac0-4df0-a60d-afec4bec01bc"],"musicbrainz_artistid": ["f2fb0ff0-5679-42ec-a55c-15109ce6e320"],"musicbrainz_recordingid": ["5c56f31c-ac49-4356-9267-a01da87caddb"],"musicbrainz_releasegroupid": ["c3cb2ec3-5fd3-3bce-b81b-f409756a8bbe"],"musicbrainz_releasetrackid": ["53287295-db7b-3a51-9c1c-6eaaaf7155dd"],"musicbrainz_workid": ["785e53d6-a95d-353d-80a9-9eee7a3003d7"],"originaldate": ["1988-10-27"],"originalyear": ["1988"],"releasecountry": ["DE"],"releasestatus": ["official"],"releasetype": ["album", "live"],"replaygain_album_gain": ["-4.68 dB"],"replaygain_album_peak": ["1.000000"],"replaygain_track_gain": ["-5.47 dB"],"replaygain_track_peak": ["1.000000"],"script": ["Latn"],"title": ["El Cattivo"],"totaldiscs": ["2"],"totaltracks": ["22"],"tracknumber": ["12"],"tracktotal": ["22"],"work": ["El Cattivo"]},"version": {"highlevel": {"essentia": "2.1-beta5-dev","essentia_build_sha": "e74af04b57b164eed312abeef4963962215860f0","essentia_git_sha": "v2.1_beta4-499-g4013ebc","extractor": "music 2.0","gaia": "2.4.5","gaia_git_sha": "v2.4.4-44-g95f4851","models_essentia_git_sha": "v2.1_beta1"},"lowlevel": {"essentia": "2.1-beta1","essentia_build_sha": "ed039d7e5a6e3dec64cf0be7c36ef885fb432306","essentia_git_sha": "v2.1_beta1-7-ge0e83e8","extractor": "music 1.0"}}}}