{"highlevel": {"danceability": {"all": {"danceable": 0.0182321593165,"not_danceable": 0.981767833233},"probability": 0.981767833233,"value": "not_danceable"},"gender": {"all": {"female": 0.939327836037,"male": 0.060672134161},"probability": 0.939327836037,"value": "female"},"genre_dortmund": {"all": {"alternative": 1.26173659964e-07,"blues": 8.72669190244e-08,"electronic": 0.999909996986,"folkcountry": 2.58233176282e-05,"funksoulrnb": 1.91771206914e-07,"jazz": 5.6618686358e-05,"pop": 5.59169222925e-07,"raphiphop": 5.94554023792e-08,"rock": 6.54954374113e-06},"probability": 0.999909996986,"value": "electronic"},"genre_electronic": {"all": {"ambient": 0.962830424309,"dnb": 0.000545933609828,"house": 0.00891618710011,"techno": 0.00300807482563,"trance": 0.0246993750334},"probability": 0.962830424309,"value": "ambient"},"genre_rosamerica": {"all": {"cla": 0.86225104332,"dan": 0.00228697597049,"hip": 0.00449676299468,"jaz": 0.086189173162,"pop": 0.0155846225098,"rhy": 0.0162305887789,"roc": 0.00335926562548,"spe": 0.00960157159716},"probability": 0.86225104332,"value": "cla"},"genre_tzanetakis": {"all": {"blu": 2.33847316511e-11,"cla": 1.27828936672e-11,"cou": 3.10853183472e-11,"dis": 2.59163870919e-11,"hip": 9.50245507281e-11,"jaz": 0.999997377396,"met": 1.20202283682e-08,"pop": 1.56192959366e-06,"reg": 1.0360286069e-06,"roc": 2.5338868781e-08},"probability": 0.999997377396,"value": "jaz"},"ismir04_rhythm": {"all": {"ChaChaCha": 0.00955823715776,"Jive": 0.000156921087182,"Quickstep": 0.000363353523426,"Rumba-American": 0.00633251713589,"Rumba-International": 0.000505952513777,"Rumba-Misc": 0.00153035507537,"Samba": 0.000550733704586,"Tango": 0.805526375771,"VienneseWaltz": 0.167154580355,"Waltz": 0.00832096021622},"probability": 0.805526375771,"value": "Tango"},"mood_acoustic": {"all": {"acoustic": 0.999730288982,"not_acoustic": 0.000269697513431},"probability": 0.999730288982,"value": "acoustic"},"mood_aggressive": {"all": {"aggressive": 0.0122156376019,"not_aggressive": 0.987784385681},"probability": 0.987784385681,"value": "not_aggressive"},"mood_electronic": {"all": {"electronic": 0.14320781827,"not_electronic": 0.856792151928},"probability": 0.856792151928,"value": "not_electronic"},"mood_happy": {"all": {"happy": 0.0253385491669,"not_happy": 0.97466146946},"probability": 0.97466146946,"value": "not_happy"},"mood_party": {"all": {"not_party": 0.999256908894,"party": 0.000743115146179},"probability": 0.999256908894,"value": "not_party"},"mood_relaxed": {"all": {"not_relaxed": 3.87973955185e-07,"relaxed": 0.999999582767},"probability": 0.999999582767,"value": "relaxed"},"mood_sad": {"all": {"not_sad": 0.267226755619,"sad": 0.732773244381},"probability": 0.732773244381,"value": "sad"},"moods_mirex": {"all": {"Cluster1": 0.0774681344628,"Cluster2": 0.112923428416,"Cluster3": 0.382783710957,"Cluster4": 0.093842074275,"Cluster5": 0.33298265934},"probability": 0.382783710957,"value": "Cluster3"},"timbre": {"all": {"bright": 0.315815538168,"dark": 0.68418443203},"probability": 0.68418443203,"value": "dark"},"tonal_atonal": {"all": {"atonal": 0.041112344712,"tonal": 0.958887636662},"probability": 0.958887636662,"value": "tonal"},"voice_instrumental": {"all": {"instrumental": 0.834589362144,"voice": 0.165410652757},"probability": 0.834589362144,"value": "instrumental"}},"metadata": {"audio_properties": {"analysis_sample_rate": 44100,"bit_rate": 256000,"equal_loudness": 0,"length": 374.230194092,"lossless": 0,"replay_gain": -9.56269836426,"sample_rate": 44100,"codec": "mp3","downmix": "mix","md5_encoded": "c4dfd4720decde99f583051707230ed4"},"tags": {"file_name": "276760.mp3","album": ["Tao of Peace"],"albumartist": ["Various Artists"],"artist": ["Dean Evenson \/ Li Xiangting"],"date": ["2002"],"genre": ["Other"],"musicbrainz_recordingid": ["5cfa0057-067c-480a-99ae-41cf169a2db8"],"title": ["Pond Reflecting Stars"],"tracknumber": ["3"]},"version": {"highlevel": {"essentia": "2.1-beta5-dev","essentia_build_sha": "e74af04b57b164eed312abeef4963962215860f0","essentia_git_sha": "v2.1_beta4-499-g4013ebc","extractor": "music 2.0","gaia": "2.4.5","gaia_git_sha": "v2.4.4-44-g95f4851","models_essentia_git_sha": "v2.1_beta1"},"lowlevel": {"essentia": "2.1-beta2","essentia_build_sha": "70f2e5ece6736b2c40cc944ad0e695b16b925413","essentia_git_sha": "v2.1_beta2","extractor": "music 1.0"}}}}