{"highlevel": {"danceability": {"all": {"danceable": 0.629002094269,"not_danceable": 0.370997875929},"probability": 0.629002094269,"value": "danceable"},"gender": {"all": {"female": 0.668782114983,"male": 0.331217885017},"probability": 0.668782114983,"value": "female"},"genre_dortmund": {"all": {"alternative": 0.23177999258,"blues": 0.0515868999064,"electronic": 0.410476058722,"folkcountry": 0.119176626205,"funksoulrnb": 0.013748719357,"jazz": 0.028597060591,"pop": 0.0338305793703,"raphiphop": 0.00506213121116,"rock": 0.105741932988},"probability": 0.410476058722,"value": "electronic"},"genre_electronic": {"all": {"ambient": 0.54671895504,"dnb": 0.0833498984575,"house": 0.17940351367,"techno": 0.0144089190289,"trance": 0.176118701696},"probability": 0.54671895504,"value": "ambient"},"genre_rosamerica": {"all": {"cla": 0.0145304780453,"dan": 0.015945667401,"hip": 0.00731217907742,"jaz": 0.00903060100973,"pop": 0.366231739521,"rhy": 0.0403509810567,"roc": 0.545029222965,"spe": 0.00156913429964},"probability": 0.545029222965,"value": "roc"},"genre_tzanetakis": {"all": {"blu": 0.0626541376114,"cla": 0.0348133966327,"cou": 0.0783501937985,"dis": 0.104547761381,"hip": 0.15693578124,"jaz": 0.313987255096,"met": 0.044816005975,"pop": 0.0627349764109,"reg": 0.0627352520823,"roc": 0.0784252434969},"probability": 0.313987255096,"value": "jaz"},"ismir04_rhythm": {"all": {"ChaChaCha": 0.421655446291,"Jive": 0.0872710049152,"Quickstep": 0.0176290087402,"Rumba-American": 0.0115985888988,"Rumba-International": 0.0107178166509,"Rumba-Misc": 0.00677535869181,"Samba": 0.04903357476,"Tango": 0.18835888803,"VienneseWaltz": 0.200409293175,"Waltz": 0.00655103893951},"probability": 0.421655446291,"value": "ChaChaCha"},"mood_acoustic": {"all": {"acoustic": 0.0199089162052,"not_acoustic": 0.980091094971},"probability": 0.980091094971,"value": "not_acoustic"},"mood_aggressive": {"all": {"aggressive": 0.518390417099,"not_aggressive": 0.481609553099},"probability": 0.518390417099,"value": "aggressive"},"mood_electronic": {"all": {"electronic": 0.520434558392,"not_electronic": 0.479565471411},"probability": 0.520434558392,"value": "electronic"},"mood_happy": {"all": {"happy": 0.738291025162,"not_happy": 0.261708974838},"probability": 0.738291025162,"value": "happy"},"mood_party": {"all": {"not_party": 0.470521211624,"party": 0.529478788376},"probability": 0.529478788376,"value": "party"},"mood_relaxed": {"all": {"not_relaxed": 0.912336170673,"relaxed": 0.0876637995243},"probability": 0.912336170673,"value": "not_relaxed"},"mood_sad": {"all": {"not_sad": 0.860257685184,"sad": 0.139742344618},"probability": 0.860257685184,"value": "not_sad"},"moods_mirex": {"all": {"Cluster1": 0.138964831829,"Cluster2": 0.270485043526,"Cluster3": 0.198543980718,"Cluster4": 0.328161716461,"Cluster5": 0.0638444423676},"probability": 0.328161716461,"value": "Cluster4"},"timbre": {"all": {"bright": 0.409251779318,"dark": 0.59074819088},"probability": 0.59074819088,"value": "dark"},"tonal_atonal": {"all": {"atonal": 0.0410371758044,"tonal": 0.958962798119},"probability": 0.958962798119,"value": "tonal"},"voice_instrumental": {"all": {"instrumental": 0.0397972390056,"voice": 0.960202753544},"probability": 0.960202753544,"value": "voice"}},"metadata": {"audio_properties": {"analysis_sample_rate": 44100,"bit_rate": 0,"equal_loudness": 0,"length": 183.826660156,"lossless": 1,"replay_gain": -7.74746894836,"sample_rate": 44100,"codec": "flac","downmix": "mix","md5_encoded": "428ca7ac37aeee326aebf2f2414c7d94"},"tags": {"file_name": "05 - Around And Around.flac","album": ["Five by Five"],"albumartist": ["The Rolling Stones"],"albumartistsort": ["Rolling Stones, The"],"artist": ["The Rolling Stones"],"artistsort": ["Rolling Stones, The"],"asin": ["B004BUKKE6"],"date": ["1964-08-14"],"discnumber": ["1"],"disctotal": ["1"],"genre": ["Rock & Roll"],"musicbrainz_albumartistid": ["b071f9fa-14b0-4217-8e97-eb41da73f598"],"musicbrainz_albumid": ["c7802c8e-ec12-442e-b26a-c647fa1ad6a8"],"musicbrainz_artistid": ["b071f9fa-14b0-4217-8e97-eb41da73f598"],"musicbrainz_recordingid": ["362747d6-748f-4b73-8749-10e327dc1fb8"],"musicbrainz_releasegroupid": ["ae5bb7ba-b406-3522-b368-3bc2fb2ee30c"],"originaldate": ["1964-08-14"],"releasecountry": ["GB"],"releasestatus": ["official"],"releasetype": ["ep"],"script": ["Latn"],"title": ["Around and Around"],"totaldiscs": ["1"],"totaltracks": ["5"],"tracknumber": ["5"],"tracktotal": ["5"]},"version": {"highlevel": {"essentia": "2.1-beta5-dev","essentia_build_sha": "e74af04b57b164eed312abeef4963962215860f0","essentia_git_sha": "v2.1_beta4-499-g4013ebc","extractor": "music 2.0","gaia": "2.4.5","gaia_git_sha": "v2.4.4-44-g95f4851","models_essentia_git_sha": "v2.1_beta1"},"lowlevel": {"essentia": "2.1-beta2","essentia_build_sha": "70f2e5ece6736b2c40cc944ad0e695b16b925413","essentia_git_sha": "v2.1_beta2","extractor": "music 1.0"}}}}