{"highlevel": {"danceability": {"all": {"danceable": 3.00000096379e-14,"not_danceable": 1},"probability": 1,"value": "not_danceable"},"gender": {"all": {"female": 0.622126698494,"male": 0.377873301506},"probability": 0.622126698494,"value": "female"},"genre_dortmund": {"all": {"alternative": 5.00414607529e-08,"blues": 4.72786396699e-08,"electronic": 0.999987840652,"folkcountry": 4.78132824355e-06,"funksoulrnb": 1.7240816419e-07,"jazz": 6.19898219156e-06,"pop": 3.40637484442e-07,"raphiphop": 3.88151619291e-07,"rock": 1.89778333493e-07},"probability": 0.999987840652,"value": "electronic"},"genre_electronic": {"all": {"ambient": 0.0716757029295,"dnb": 0.00440662261099,"house": 0.0502592436969,"techno": 0.00851038191468,"trance": 0.865148067474},"probability": 0.865148067474,"value": "trance"},"genre_rosamerica": {"all": {"cla": 0.00427753198892,"dan": 0.283748716116,"hip": 0.360105782747,"jaz": 0.00704979058355,"pop": 0.161341622472,"rhy": 0.156157538295,"roc": 0.0186718702316,"spe": 0.00864713918418},"probability": 0.360105782747,"value": "hip"},"genre_tzanetakis": {"all": {"blu": 0.0444128513336,"cla": 0.103608928621,"cou": 0.0621443502605,"dis": 0.0517843812704,"hip": 0.0388388223946,"jaz": 0.15535967052,"met": 0.0517929270864,"pop": 0.103588141501,"reg": 0.077693939209,"roc": 0.310775995255},"probability": 0.310775995255,"value": "roc"},"ismir04_rhythm": {"all": {"ChaChaCha": 0.0858988985419,"Jive": 0.0689341202378,"Quickstep": 0.0265470128506,"Rumba-American": 0.218966960907,"Rumba-International": 0.346259653568,"Rumba-Misc": 0.0555184185505,"Samba": 0.0742975771427,"Tango": 0.0821848586202,"VienneseWaltz": 0.023010654375,"Waltz": 0.0183818656951},"probability": 0.346259653568,"value": "Rumba-International"},"mood_acoustic": {"all": {"acoustic": 0.0188639909029,"not_acoustic": 0.981136023998},"probability": 0.981136023998,"value": "not_acoustic"},"mood_aggressive": {"all": {"aggressive": 3.00000096379e-14,"not_aggressive": 1},"probability": 1,"value": "not_aggressive"},"mood_electronic": {"all": {"electronic": 0.979387700558,"not_electronic": 0.0206123050302},"probability": 0.979387700558,"value": "electronic"},"mood_happy": {"all": {"happy": 0.242264911532,"not_happy": 0.757735073566},"probability": 0.757735073566,"value": "not_happy"},"mood_party": {"all": {"not_party": 0.999984204769,"party": 1.57732174557e-05},"probability": 0.999984204769,"value": "not_party"},"mood_relaxed": {"all": {"not_relaxed": 0.191182896495,"relaxed": 0.808817088604},"probability": 0.808817088604,"value": "relaxed"},"mood_sad": {"all": {"not_sad": 0.716978192329,"sad": 0.283021837473},"probability": 0.716978192329,"value": "not_sad"},"moods_mirex": {"all": {"Cluster1": 0.0772226452827,"Cluster2": 0.0444035679102,"Cluster3": 0.227747857571,"Cluster4": 0.0306320842355,"Cluster5": 0.61999386549},"probability": 0.61999386549,"value": "Cluster5"},"timbre": {"all": {"bright": 0.27161154151,"dark": 0.728388428688},"probability": 0.728388428688,"value": "dark"},"tonal_atonal": {"all": {"atonal": 0.802022516727,"tonal": 0.19797745347},"probability": 0.802022516727,"value": "atonal"},"voice_instrumental": {"all": {"instrumental": 0.00291644060053,"voice": 0.997083544731},"probability": 0.997083544731,"value": "voice"}},"metadata": {"audio_properties": {"analysis_sample_rate": 44100,"bit_rate": 192000,"equal_loudness": 0,"length": 254.537139893,"lossless": 0,"replay_gain": -5.4306602478,"sample_rate": 44100,"codec": "mp3","downmix": "mix","md5_encoded": "dc6f2f4138d539f14df244b30f5bd737"},"tags": {"file_name": "Culture - Mr. Music.mp3","acoustid_fingerprint": ["AQADtOmaTMlC6BUqS0jl5UObHLmeIBkvkrCqCJWY6HiuBHs-nJ_BHFmO5HiYo4-O6jruJ3gOfkc_Ho1I4UPyOKIQZg8oHqUcYnqGRlU4nCrKHpeP5jmOONUD1RF6LYWOfMYVAz_-C02uEFeSIE8OHQ8tpJdVPGTxH0_RH81aCrkWfCqsUTlU9YL2HX6JkAx6wVXY49GCt8aNKc9wH-Q-JJG0INoJP2CeJMXlY85wEi9C-4KWD88Rx7lxcSHaZIUn_PCRv8JzNNEUUUMePTgfXPhztAqN5rESIemJ_MnRPDsmhVF-PPgHI_kR5miVFmWjHz-e4zqMWdh1eJIk4ZkjITyh8Mj34xHKlnC8oEp5fDvOXMOn4ywe8Uj6DeGH3_CWEVd4w__w4z6a0CTmJaCDINGDY5dKPCn6RHi-wzm67HiO88c55MwCTZuQ9sP34yMNj7gvmMckKj_OC03FoM-RMM8RMcZx6ejDwD-K3Eby45lwWVSOH6XhqkfyJEeO-0POB9pO5EyOLz9qBk0cdiLOo1ouIX-OhEkzoceP47OEZn_QF8k7RDqaMMeP8zmYH4efHHV6HFmeJSKShZ8yYdVxZkYphYcvPNXxDLWKC6eQ9DlCb8YP46uPN8dTwS3uG9YllDy-I4d2ErmE9sJx6jiNK3iYwU6i48cl4TqSSaSRP_iP4zpxYMtJlMwNHk-O5BnytuD0iMdO1HiC72iu46uRM0iaJDJ-Bb0sXHiCXIngHT9l5FouVJY24ZqKZ-iLJmLo4Iqu4Luh2UEjT_iPt8MfTA88nUiPZDIuH8_wfmjvHPyOH02r44xwJMvDiEOWK8PzYKSJrlngiNx09Mdx5_hx4bGQ9BTCb4N_PDGu83gPA86FKpF-_MGDZKmKMN_xMMVPXEbzcOhTPMeDaw-e3Ih_JOvhHddxeYd74HDyYxIV4UdWEcnjg--K58EsfWiuoNbxJUh-5MWP5wqqZ4PZ4UfyIJ9x45dRxcePJ0LeIVmudEK1ZU5QSkYj3viOMzViX0jey2gaXqh17CQaHskQS8eHT0Sv56A544cbHxWLHMkyhtHBXBnO5NgpdM2y45eHZhdePD0-6PRx9USj5D7OC79gG99x6vBxog_yG3q-IsfxH_9wPUfzDIevw0efF1-G70iaiAhv_MJ_PEkKz4ePj0dzHusUfEgmInyWY39xicNnDbXg58OJ8CmSH588PD1RPVQEfyqOXDmSK8ePNHkDMeOH8BGJKxlOoruFZsySSviiC8mPkHJyOM5QZTqeDr9wYqIPnbiGD8el6cKfo-XAomJ1NMYtJAoZKkWYfMF3jJkzlMwOXxJLXKgV4uFxKceHODaS6RQuCjfc3LjiETDxBs6PbsrxI4mFUCamchYulcePxmGGR_DRXDqu49Lx6AglJLwc-MVLfMnx4yTxFz6LaQ14HslzhCQPRmJwO9g_4RyFBz2aMzxyET_UTUWo5A6u6niE_NCR40h4HqGWaD-eSB9-_EMt7Wi2vMP5QOOH5omFa8A9FY2PJOKLMBn64Df6xbg4kIfzBT9x4gvyVAzUmYqGVAc3lcd9TPSMyok2ODlH9LgY4i9eXNSRNFo8orQnpBf-EHYu4zpe4XByHRWVHd-xIwxHJFGOi9vxHUfzBUffA1d0PJWJZNKR8ttwH7-IJ_lhfHjRnMSeRLhOZEaiOcTnENdCB5Mv-OiH63iDR8ejI86jQksuLsgP98STEM8RH_5jhHuiCVfy4Ul43HjD44d7LviTIHEkIsxCoqdwHvseOFw-JPbYId3x4HoKdlp6NLJyXPLxwN0Jo9cQPpUELZckFfFB8tjboc9yPCHF5Gh-fDuu5bh2XEdiMR1CfVng4cK344rhnziHq3B9dEzO4EGIhFWIxmGK0yOO82ieHT_6Btfx4DrCJLoF_UK-w02En8Pxwz9ajhNm6XgOjwySZ0e0RM9xbg3-4ClK3fB3lAuOZ0csHklzD_3xqngS_IDXG-0pIpeC75h-obl24UtO6EckJWfgNFmOnhdmHe-DvoR7FmpuNMelD-VBafvxw1c-9OhroumPckeYJUomBTqy_fjSFFPy4MokobqS5nhxB7cWDocsHe-F6hzuAlcOj8LxHfUivEfyKEeO63hynMZzoU92eESP-zguHQ8eHZqeTfBxwU3y4T9OXA2xHV0TEdfBB1qX5WCOu8V-4ss4PEd_w89RLvjxIM6NZHoOf_jxJDn-wvnxo1F-PEou4RmPUDyaUftwXoMuPQh_Hg6VZUaVEtfxB7uO7Uh2hImFezl-r6gO58eY-zh-MOgTaUQYjjqSx4qG02CW62iOMQ191JuHD72WHcfxQVPCHM6-4RcON1SPzxUArznqRcfzIKJ0JMcZ_RizT7hylDJ8HDXF43lx4s6RNDnC8PiP58IV463g444OT0YnJS_WIfERWjSqJjp2r_iPPrngCj_6ZMeFH7F4JD6F6jpcXKlx7cI1OMZPoyll5EsuPDnUH9p7NJOSQ_9ixIt19GHRaKLxr_gj7ESjF7rRjD_Og-RR0ceLP_jhbjfqTDneH2m2SOGQiLmEM1VV7A6a26h-_PJxRhQ-HidPHHmG5Areojv-AwecMUIhAhQhQhIFCAGSCMKMAMohyAWwBgCHhCECASqAAEQ4zgBCQlGBDBBACUCFQhAAjIQ0kBAmKHMGMCQEMVoJBAgwAFghDHBAgAiAQkAgJQl0gAFHhAIGIsEEQQgAYxBAABgghCVgSKEIgM4ZYIwUhgAlhAFGKCCEcSARhQQTEAAgASMIA0MIEUYwQJARggiFxAJEIcYEMUQg4AwwSAAHAKCAASEgAgYQoQADCjAjCBCFMqccU0BIRxBgChlpFDAMASG0YkQhJYAzEhkBFDAEWWEIAUIgZbRBRAgEgDCESAIIgEgBJkhiihDglCEGAUCIUEAxI6AiCAJAGUMEKCMYQEgJ4IhQTgjBiFGEEEQcBYwgbQwFlDiADCECECEIIAY4IggQRBIRIEACAUEYEowYAIAAjBlkiTKMGIcIEQEgoYBwgBGBhCKAKkgQYEhwoBBSwgnAFBAIOIiAIQQRQCgziBACCDCGCAMV8gYyYgEQUACsFCFAKkeAMdYwRAxEyiFBHCNBKEUcQEQhQpCGACBgiIYIGMIUIMIBQYQyzjIrAADAQCUNA4YgpKABQhACBqBGOSUMQkwh5RAACAFDCHEQEMKEQIQoMDhwCAEEiEEAESEdEgQJoCAhWhnFjBJEEEQEEoYgQAARiCmhjACKCCAME0QBQRkQxgAhBABAIKQAgoAaohgChgABDABFAYE0QIIBCwB0ABFHvEAGGUQAAQoZQxg6wABFkEISAaEIAkAQIJhhwigjEALAEGIEkEQoBACgQgqCgBCIOEeIUcgCRoATyCOlDABQOIScIooBSZQ1CDAMMIEAKCAIYUIJJBBijBiHiDGECOSAcEYIoYABAAEgiIICGCMFMMACQ4iDCgAEAICCAsMQA4BAJpCBCkBHADHGCGuUQIABQJxACjETCKBCEEeEUUIwxJQjRBhCmAPCEEWUEMIQIQxSRjBhBEIKWiuoEoAAgIAAwAhAAALEmIKBYQAA"],"acoustid_id": ["7d318e50-61a1-4874-8713-af0fb8b49f31"],"album": ["In Culture"],"artist": ["Culture"],"bpm": ["85.05"],"date": ["1986"],"genre": ["Roots Reggae"],"musicbrainz album release country": ["Jamaica"],"musicbrainz album type": ["Album"],"musicbrainz_albumid": ["ace25e5c-2341-41ca-a5a5-e392cf93e736"],"musicbrainz_recordingid": ["36eca6dd-87b4-4b88-935e-a42559e371e7"],"musicip_puid": ["0f1fb691-2395-38c9-b232-c3a0283c0a5a"],"title": ["Mr. Music"],"tracknumber": ["08\/10"]},"version": {"highlevel": {"essentia": "2.1-beta5-dev","essentia_build_sha": "e74af04b57b164eed312abeef4963962215860f0","essentia_git_sha": "v2.1_beta4-499-g4013ebc","extractor": "music 2.0","gaia": "2.4.5","gaia_git_sha": "v2.4.4-44-g95f4851","models_essentia_git_sha": "v2.1_beta1"},"lowlevel": {"essentia": "2.1-beta2",