{"highlevel": {"danceability": {"all": {"danceable": 0.00599176716059,"not_danceable": 0.994008243084},"probability": 0.994008243084,"value": "not_danceable"},"gender": {"all": {"female": 0.425553828478,"male": 0.574446201324},"probability": 0.574446201324,"value": "male"},"genre_dortmund": {"all": {"alternative": 0.00172844447661,"blues": 0.000143047669553,"electronic": 0.99780023098,"folkcountry": 0.000118545562145,"funksoulrnb": 1.71723161202e-06,"jazz": 3.1918836612e-05,"pop": 6.19960837867e-06,"raphiphop": 7.222753311e-07,"rock": 0.000169144012034},"probability": 0.99780023098,"value": "electronic"},"genre_electronic": {"all": {"ambient": 0.320549964905,"dnb": 0.00309233507141,"house": 0.0160625446588,"techno": 0.0051691881381,"trance": 0.655125975609},"probability": 0.655125975609,"value": "trance"},"genre_rosamerica": {"all": {"cla": 0.0136682260782,"dan": 0.0056167691946,"hip": 0.000711959903128,"jaz": 0.0102930963039,"pop": 0.0443288497627,"rhy": 0.00295569421723,"roc": 0.921061456203,"spe": 0.00136393064167},"probability": 0.921061456203,"value": "roc"},"genre_tzanetakis": {"all": {"blu": 0.0626613423228,"cla": 0.0348169617355,"cou": 0.104475811124,"dis": 0.0784321576357,"hip": 0.15692435205,"jaz": 0.313974827528,"met": 0.0448166541755,"pop": 0.0627359300852,"reg": 0.0627360641956,"roc": 0.0784258767962},"probability": 0.313974827528,"value": "jaz"},"ismir04_rhythm": {"all": {"ChaChaCha": 0.0799230858684,"Jive": 0.110584445298,"Quickstep": 0.0108204782009,"Rumba-American": 0.0203674025834,"Rumba-International": 0.0131742833182,"Rumba-Misc": 0.00877602025867,"Samba": 0.0253684036434,"Tango": 0.240232810378,"VienneseWaltz": 0.482535332441,"Waltz": 0.00821773521602},"probability": 0.482535332441,"value": "VienneseWaltz"},"mood_acoustic": {"all": {"acoustic": 0.058734420687,"not_acoustic": 0.941265583038},"probability": 0.941265583038,"value": "not_acoustic"},"mood_aggressive": {"all": {"aggressive": 0.225168794394,"not_aggressive": 0.774831175804},"probability": 0.774831175804,"value": "not_aggressive"},"mood_electronic": {"all": {"electronic": 0.660039722919,"not_electronic": 0.339960306883},"probability": 0.660039722919,"value": "electronic"},"mood_happy": {"all": {"happy": 0.180192500353,"not_happy": 0.819807529449},"probability": 0.819807529449,"value": "not_happy"},"mood_party": {"all": {"not_party": 0.61695176363,"party": 0.38304823637},"probability": 0.61695176363,"value": "not_party"},"mood_relaxed": {"all": {"not_relaxed": 0.608012616634,"relaxed": 0.391987383366},"probability": 0.608012616634,"value": "not_relaxed"},"mood_sad": {"all": {"not_sad": 0.686361372471,"sad": 0.313638627529},"probability": 0.686361372471,"value": "not_sad"},"moods_mirex": {"all": {"Cluster1": 0.0912569463253,"Cluster2": 0.0683106854558,"Cluster3": 0.197279989719,"Cluster4": 0.100736968219,"Cluster5": 0.542415440083},"probability": 0.542415440083,"value": "Cluster5"},"timbre": {"all": {"bright": 0.214891538024,"dark": 0.785108447075},"probability": 0.785108447075,"value": "dark"},"tonal_atonal": {"all": {"atonal": 0.207689151168,"tonal": 0.792310833931},"probability": 0.792310833931,"value": "tonal"},"voice_instrumental": {"all": {"instrumental": 0.910299241543,"voice": 0.0897007584572},"probability": 0.910299241543,"value": "instrumental"}},"metadata": {"audio_properties": {"analysis_sample_rate": 44100,"bit_rate": 0,"equal_loudness": 0,"length": 304.826660156,"lossless": 1,"replay_gain": -14.2773895264,"sample_rate": 44100,"codec": "flac","downmix": "mix","md5_encoded": "812c56974389dd29ca694d7ab6cd31c2"},"tags": {"file_name": "05 - Circulation.flac","acoustid_fingerprint": ["AQADtIu2zFEyTOUeeDkeiKgf4sOL54A-B-Wiw8zxH9cP58S6hgz8w1t2VNMu8FHxkNcQBgp95CGaZ_hxdEn0wDOSD-GiRenwjA-OJzl8HsmjBPmH88MkVTmeHxSO3tipDleDHMmT4eOCE77yDV-OU8GjGaWfIH_CI1nU4TseBaV0fDqeHD8SzkeuGz_84oT7I4V-6PhjnIF25rha5EftjPgDKzhiHQn7DtWPHV2EI-WR_LhwUTru4xcebMdRG_mFZCx8_MtxuTjO4zHKRDrOI3wsiB8iPXhylH2KJ_iQHvrxfMj3wHqK7wh-6IbyD-aHcx7EPcV35LhSwcePnIKeCvmwETj-Hel6JH9wPAd8_DG8wcce_MJeuML9IpcFHSVz8A24MUoBfeioFR8-nDV2wV2GVPjR_SiPPEM1LtCfI_zhGcfxtuhDfMVToZc-XK3ww6yHD9eDvkLJ7PAZH72OWoTfIHwG_UfwLMf_ob6E7ziLn_jhzwiXB7_Qozk-aN8FB7eH9zCfQ9MiCkfPHOl39KgePJSOnw7CX7jyQd-Mo1_gOIG8K8SVFx6Pn4VPiDk_5MQDKxce8UmQqlnwQ5dywx_-w6EPnVD0B116pEe1NcePvseszcRH4T4SPkceHBfxwx_6IZcM9R_yo8txoo1D4T_QZ7kR5j_-MNBRH17G5ijNQ26P8IJjXXC9bUPJCw-Pv2h-hKIjyD7iW-iLOTm8x_hlWOh3_D-O68jSH2L0IC-6HN82HM0s9ME_Ir8G7VqO7CqO88ivQtmJ6sePHD_xrkKzU3iPG5fgS8MNe_IRfgq-Q7_RXQjzHc8WPD7e48xD5BuFkg-hhR9-XFlwGnPRXDS0B7WOfLD04-iC_ND4I31w4R96qfiGH72N5rxw_fiM8BucfviQL-hF4SuugX2O78jzDXpRsT5Sp8U39Dx49IYn5UKu7ChFqA6if3hO9NSKNMoe_Dn0ExdC_7hx5NLx5cEv_EUoiod3dC3-oIerzMeL5siLK4euHe8RHk3H40M7otljvETlKAjz7tB1vEQPsTsqTe0R9tTQHPfwF_lXaB9yL8WPH66Kv0hlVoGu49l2-FFQHlcC_Ycq0kZjG6GUvbgwHfWPH5_Q0B7yQs-RVkV_HP3x1vAXpPWht0glzviPw8yxX7h6HH8rvMh1ePkFDcef4hL-QbMtOMpy4cuJ1-iLb8ePXkjlI_2D38GhZ1QH78gjPEH1o5R4PA-e4wzzwefQF38tXAhzfAy-Q-Fx4oIu_HA3QS-L9DyOrqnxCv0FezN2_DjFo_KP8Oyhww_6HrnxE9-GZgwdVEl2nEfPIz-hx0iL6jO6p3BuIVc7Ffoy5JeIH9ce-C8q58OTH8-P5jkuItKX4_4O3U8QntiuHfeMB2Gv4ofGRTsalTl01BNyFdvwDLfBJ4W_H-8e_EclHqeIPtjyYLqP48c3Hc0vBfV0vPgR_mg6QuVR5UduZKny475w6MSjEH81o0-h50RJHjF_9PLA5Dz-49WQ9ziPP0c-bQy4eA-uoz089ugz5FB-4RmLvJ9xIs-Ot4HWfUSjkDmO-9ByhQh5PHHwHT96-OjR77iPRzxC-bg06JIQ5nzx40pEEo7xfnAUDiVx5DOubTH6KDb8w38QksGVXEeeB80JXUct9gi-GxMzw_mD7_CF0GOg_Hjx4zsUHWlyJajUHfvxD0czqSmuscF19LhOxHR0VJ_hH18QnsKDhxFyQ0stTcizZMX_wvhYNI-FFz3CfCSSHz-e8CgZBb52dOUahH8hRxfy8MRPvP3w4EePSMwkQjzCV8J5fEZFdUfDH3_xHSczTMfh0KgS6cKP8yHqE35w9M-wq1PwITyTw8euHdpDXAVuSUbVFO-Da8d_2PlQG_-gfWiuHWdePHFS_OgjoTlz4XaLekez4Df6GVNC9Tin49CJP6LQX4FDDX9xFlePY2MOHWWHUD-2JD1q9XiFH_2DxunxHU-FLOoL18bXIw_-o_fwUxEe4-hDhGGoHBc3NFdwHk8Jp9EG6UfzN3iU44fwjDjDCbrQT0jPo1Zu_DgjXDrx48dl4loVRHSObj88Hj3iR-hh3wNcVCZeGe9xHjnUE7nwhcfHHL2Oxg2--egPw1-O6g9CC-IWpnjCHWGMr8Mt1OJRHj1MhK1K6DgfGTeNfEIzvkI3RTpuHeFXeO_wLEePH1riDFXOQe9wZSipC6aPw2R06MejH-dxfDihL4gxOGlwXkK74swwHf6E8C2O3vBz9MOPa8zw7An6cLCaoaeJC7UOnZLw8PjhH89xPYP34vrx6PCOPhaeLA9OqO-F60IknSV8ossX_KjEI_0hltdxG5H048dZ1DuO00d-QdRzIT4u6cGx_4K_zDj2FzEf_Gnxw-iPczk-HKeYQBPHDum848eno_3xo7tgTSWSAcCs0sopZxQRgAkBMGACE2A8ooo0RABQAhgkpCECAMKCAcsgSgQTgABAhBMEOSCZowgAIhkICDpEHBGGKkOJEQAg7gSTZAgkgKCUTIIAQEwy4gRBSCiiiHQESMKMIQ4hB5RwRiAEIiKUQEMAAAAKcgwBBhMKIGDOA0YMK8QCQiRUBigjEgNOCUMAQAIABQQgQDAhmCACIAAsANQhASRBSAAimGBiAAGsEQIQYRCAVihgEBIAAcWUAcQhIQABQhlCKCBQAKMQcMglYoXRQEEiGAFEAEKAIMoJAIgxxDiCmHBECSCIAIAQSgQAgkHAFGLMAECVU4YI4QSBRBjEAGJCCegEAYwgIpQGDBhDiEYUWMOEo0YJgBwTQjAGgCAICCYQE54DAARQ1CABnTIEGEKBQkQgopQg1B2lBGJEOkKBKEwpRJEghDNHBEBMOKsAUFQJY4jASgIGiCBIQFAcMEoIQRSkyAhjFZGCOCCQeJAYQAlRQgMDAWHCGCKUQAoAQ4ACiALCRECMAGaEIQAQQowTgogiAQCAIsIIMMAJQAAQghhJKAFAACkgIEAIAThhQAhAABICAIIUIAAIooATBigEBIiGMAEAEUYAgwQxwhEHCBDEKmWIMkoiQARCDAgFAAAECOUAYAggRYAjAAHghBWKAUIIcQY45IgT0AGjhCYOSEGEMQAQigQikwligAIGKAKkAMIIwQABkBPpnATCSMOoYkYoYwBRTkgqBCAGCSEEMogRAQhBRhgFFKBIeIwYcAgIJhAiwhkjCZKICmSQENAoARExAhAiBDMKMAIEQwQAAAgkhgGBCDFCAWcE1AwJAgyBSgBnAGBGESGUERIBQCUAAiigGIGGEM0AAwoxBhSSiDAElAWGICuEEw4IwwgRBhEimABGEAcU0BwAQQQAgjBCMDMGI0EYQQo4AAy5TDBDOBbOGGOAJ8Qw4wxgxCgEGEIEISMcIogYhgAiAAiDlVACKAIIEYgxIYAAgBAGgBIwIWcAMMYRAykDgiAAhBUQ"],"acoustid_id": ["86996d7d-7a97-4033-a977-ec18634bfbb6"],"album": ["Rainwater Cassette Exchange"],"albumartist": ["Deerhunter"],"albumartistsort": ["Deerhunter"],"artist": ["Deerhunter"],"artistsort": ["Deerhunter"],"barcode": ["796441813322"],"catalognumber": ["BAD 2905"],"date": ["2009"],"discnumber": ["01"],"disctotal": ["01"],"label": ["4AD"],"language": ["English"],"musicbrainz_albumartistid": ["4f416ed7-dda2-45de-a6f1-b986e861cf4b"],"musicbrainz_albumid": ["3dcd2d1d-ec2c-3327-80a0-680982b818e4"],"musicbrainz_artistid": ["4f416ed7-dda2-45de-a6f1-b986e861cf4b"],"musicbrainz_recordingid": ["8b078cf3-db2c-4cc8-8924-8663d59119dd"],"musicbrainz_releasegroupid": ["fd50b230-c3fe-3212-9108-a02f78867b88"],"musicbrainz_releasetrackid": ["281432da-ff07-38ff-b96c-2a46ea1eabae"],"script": ["Latin"],"title": ["Circulation"],"tracknumber": ["5"],"tracktotal": ["05"]},"version": {"highlevel": {"essentia": "2.1-beta5-dev",