{"highlevel": {"danceability": {"all": {"danceable": 0.0228700265288,"not_danceable": 0.977129995823},"probability": 0.977129995823,"value": "not_danceable"},"gender": {"all": {"female": 0.994566082954,"male": 0.00543390307575},"probability": 0.994566082954,"value": "female"},"genre_dortmund": {"all": {"alternative": 0.112787932158,"blues": 0.274206757545,"electronic": 0.0726720616221,"folkcountry": 0.244147062302,"funksoulrnb": 0.0293950941414,"jazz": 0.0676729679108,"pop": 0.064064219594,"raphiphop": 0.0109769906849,"rock": 0.124076910317},"probability": 0.274206757545,"value": "blues"},"genre_electronic": {"all": {"ambient": 0.938754379749,"dnb": 0.0151288351044,"house": 0.0259193480015,"techno": 0.00574357574806,"trance": 0.0144538367167},"probability": 0.938754379749,"value": "ambient"},"genre_rosamerica": {"all": {"cla": 0.955633640289,"dan": 0.000360592268407,"hip": 0.000616511621047,"jaz": 0.0170920360833,"pop": 0.00621719844639,"rhy": 0.0173836201429,"roc": 0.00241905311123,"spe": 0.000277369137621},"probability": 0.955633640289,"value": "cla"},"genre_tzanetakis": {"all": {"blu": 0.0455310419202,"cla": 0.0303570851684,"cou": 0.0910863950849,"dis": 0.0683777406812,"hip": 0.273664414883,"jaz": 0.273978322744,"met": 0.0390958376229,"pop": 0.0547267124057,"reg": 0.0684069022536,"roc": 0.0547755397856},"probability": 0.273978322744,"value": "jaz"},"ismir04_rhythm": {"all": {"ChaChaCha": 0.00694232527167,"Jive": 0.000895819801372,"Quickstep": 0.00153227837291,"Rumba-American": 0.000354840711225,"Rumba-International": 0.000117897921882,"Rumba-Misc": 0.00691642798483,"Samba": 0.00169261626434,"Tango": 0.312778890133,"VienneseWaltz": 0.661719202995,"Waltz": 0.00704972771928},"probability": 0.661719202995,"value": "VienneseWaltz"},"mood_acoustic": {"all": {"acoustic": 0.0342252217233,"not_acoustic": 0.965774774551},"probability": 0.965774774551,"value": "not_acoustic"},"mood_aggressive": {"all": {"aggressive": 0.0776161402464,"not_aggressive": 0.922383844852},"probability": 0.922383844852,"value": "not_aggressive"},"mood_electronic": {"all": {"electronic": 0.62475925684,"not_electronic": 0.375240772963},"probability": 0.62475925684,"value": "electronic"},"mood_happy": {"all": {"happy": 0.989868044853,"not_happy": 0.010131932795},"probability": 0.989868044853,"value": "happy"},"mood_party": {"all": {"not_party": 0.467592269182,"party": 0.53240776062},"probability": 0.53240776062,"value": "party"},"mood_relaxed": {"all": {"not_relaxed": 0.192191049457,"relaxed": 0.807808935642},"probability": 0.807808935642,"value": "relaxed"},"mood_sad": {"all": {"not_sad": 0.302660435438,"sad": 0.697339594364},"probability": 0.697339594364,"value": "sad"},"moods_mirex": {"all": {"Cluster1": 0.157039120793,"Cluster2": 0.102407082915,"Cluster3": 0.15251904726,"Cluster4": 0.0689808800817,"Cluster5": 0.5190538764},"probability": 0.5190538764,"value": "Cluster5"},"timbre": {"all": {"bright": 0.137611448765,"dark": 0.862388551235},"probability": 0.862388551235,"value": "dark"},"tonal_atonal": {"all": {"atonal": 0.982964575291,"tonal": 0.0170354396105},"probability": 0.982964575291,"value": "atonal"},"voice_instrumental": {"all": {"instrumental": 0.132441461086,"voice": 0.867558538914},"probability": 0.867558538914,"value": "voice"}},"metadata": {"audio_properties": {"analysis_sample_rate": 44100,"bit_rate": 0,"equal_loudness": 0,"length": 91.1600036621,"lossless": 1,"replay_gain": -10.3483467102,"codec": "flac","downmix": "mix","md5_encoded": "234d445dddbffe6218e83f453fc4405d"},"tags": {"file_name": "02 Svatba.flac","album": ["Le Mystère des voix bulgares"],"albumartist": ["Le Mystère des voix bulgares"],"albumartistsort": ["Mystère des voix bulgares, Le"],"artist": ["Le Mystère des voix bulgares"],"artistsort": ["Mystère des voix bulgares, Le"],"asin": ["B000005IYL"],"barcode": ["075597916522"],"catalognumber": ["79156"],"date": ["1987"],"description": ["The Wedding"],"format": ["CD"],"genre": ["Choral"],"label": ["Elektra Nonesuch"],"language": ["bul"],"musicbrainz_albumartistid": ["fb91de23-78a7-4e12-8003-9569b8cedd76"],"musicbrainz_albumid": ["b79ce11d-7882-49a6-ba48-f7bc17dd16d1"],"musicbrainz_artistid": ["fb91de23-78a7-4e12-8003-9569b8cedd76"],"musicbrainz_recordingid": ["51a3a5b2-188a-446a-b232-f7d819ffce8f"],"releasecountry": ["US"],"releasestatus": ["official"],"releasetype": ["album"],"replaygain_album_gain": ["-5.69 dB"],"replaygain_album_peak": ["0.87097168"],"replaygain_reference_loudness": ["89.0 dB"],"replaygain_track_gain": ["-5.91 dB"],"replaygain_track_peak": ["0.83145142"],"script": ["Latn"],"title": ["Svatba"],"totaltracks": ["13"],"tracknumber": ["2"],"tracktotal": ["13"]},"version": {"highlevel": {"essentia": "2.1-beta5-dev","essentia_build_sha": "e74af04b57b164eed312abeef4963962215860f0","essentia_git_sha": "v2.1_beta4-499-g4013ebc","extractor": "music 2.0","gaia": "2.4.5","gaia_git_sha": "v2.4.4-44-g95f4851","models_essentia_git_sha": "v2.1_beta1"},"lowlevel": {"essentia": "2.1-beta1","essentia_build_sha": "d95b123ab7c93145a6f110a2dd6bea92b4529a00","essentia_git_sha": "v2.1_beta1-6-g5578087-dirty","extractor": "music 1.0"}}}}