{"highlevel": {"danceability": {"all": {"danceable": 0.0112171340734,"not_danceable": 0.98878288269},"probability": 0.98878288269,"value": "not_danceable"},"gender": {"all": {"female": 0.247924879193,"male": 0.752075135708},"probability": 0.752075135708,"value": "male"},"genre_dortmund": {"all": {"alternative": 0.0288294833153,"blues": 0.139128506184,"electronic": 0.00411809934303,"folkcountry": 0.561149716377,"funksoulrnb": 0.0146481953561,"jazz": 0.127816006541,"pop": 0.0445261895657,"raphiphop": 0.0230708066374,"rock": 0.0567129962146},"probability": 0.561149716377,"value": "folkcountry"},"genre_electronic": {"all": {"ambient": 0.991486132145,"dnb": 0.00162879761774,"house": 0.00386437517591,"techno": 0.00211743777618,"trance": 0.000903251580894},"probability": 0.991486132145,"value": "ambient"},"genre_rosamerica": {"all": {"cla": 0.626739621162,"dan": 0.0042487946339,"hip": 0.017752001062,"jaz": 0.156505078077,"pop": 0.0136355236173,"rhy": 0.0395320355892,"roc": 0.00447709113359,"spe": 0.137109875679},"probability": 0.626739621162,"value": "cla"},"genre_tzanetakis": {"all": {"blu": 0.0681429877877,"cla": 0.03356461972,"cou": 0.0972884595394,"dis": 0.0783177092671,"hip": 0.143855944276,"jaz": 0.340318411589,"met": 0.0419987030327,"pop": 0.0590472556651,"reg": 0.0634389966726,"roc": 0.074026927352},"probability": 0.340318411589,"value": "jaz"},"ismir04_rhythm": {"all": {"ChaChaCha": 0.0217832047492,"Jive": 0.00545309018344,"Quickstep": 0.0729341506958,"Rumba-American": 0.0505083873868,"Rumba-International": 0.226604238153,"Rumba-Misc": 0.0365739837289,"Samba": 0.0374485775828,"Tango": 0.0731634125113,"VienneseWaltz": 0.0232225321233,"Waltz": 0.452308416367},"probability": 0.452308416367,"value": "Waltz"},"mood_acoustic": {"all": {"acoustic": 0.999806106091,"not_acoustic": 0.000193876257981},"probability": 0.999806106091,"value": "acoustic"},"mood_aggressive": {"all": {"aggressive": 0.019849549979,"not_aggressive": 0.980150461197},"probability": 0.980150461197,"value": "not_aggressive"},"mood_electronic": {"all": {"electronic": 0.0630543753505,"not_electronic": 0.936945617199},"probability": 0.936945617199,"value": "not_electronic"},"mood_happy": {"all": {"happy": 0.140751466155,"not_happy": 0.859248518944},"probability": 0.859248518944,"value": "not_happy"},"mood_party": {"all": {"not_party": 0.980686366558,"party": 0.0193136092275},"probability": 0.980686366558,"value": "not_party"},"mood_relaxed": {"all": {"not_relaxed": 0.100884601474,"relaxed": 0.899115383625},"probability": 0.899115383625,"value": "relaxed"},"mood_sad": {"all": {"not_sad": 0.0581603832543,"sad": 0.941839635372},"probability": 0.941839635372,"value": "sad"},"moods_mirex": {"all": {"Cluster1": 0.0831667408347,"Cluster2": 0.247844189405,"Cluster3": 0.455937534571,"Cluster4": 0.192834213376,"Cluster5": 0.0202173106372},"probability": 0.455937534571,"value": "Cluster3"},"timbre": {"all": {"bright": 0.953499674797,"dark": 0.0465003475547},"probability": 0.953499674797,"value": "bright"},"tonal_atonal": {"all": {"atonal": 0.252775371075,"tonal": 0.747224628925},"probability": 0.747224628925,"value": "tonal"},"voice_instrumental": {"all": {"instrumental": 0.000168914426467,"voice": 0.999831080437},"probability": 0.999831080437,"value": "voice"}},"metadata": {"audio_properties": {"analysis_sample_rate": 44100,"bit_rate": 127451,"equal_loudness": 0,"length": 24.7524719238,"lossless": 0,"replay_gain": -7.11035919189,"sample_rate": 44100,"codec": "aac","downmix": "mix","md5_encoded": "b09835413b3e89b875d28aa7354d41ad"},"tags": {"file_name": "-06 Tune Up #3.m4a","album": ["Rent"],"albumartistsort": ["Larson, Jonathan"],"artist": ["Jonathan Larson"],"artistsort": ["Larson, Jonathan"],"asin": ["B000005ALT"],"barcode": ["600445000322"],"bpm": ["0"],"catalognumber": ["DRMD2-50003"],"compilation": ["1"],"composer": ["Jonathan Larson"],"date": ["1996-08-27"],"discnumber": ["1\/2"],"encodedby": ["iTunes v7.1.1, QuickTime 7.1.3"],"genre": ["Soundtrack\/Musical"],"label": ["DreamWorks Records"],"language": ["eng"],"media": ["CD"],"musicbrainz_albumartistid": ["2ab30461-12e3-4c97-b716-c39f13015d29"],"musicbrainz_albumid": ["ac802446-a6f9-4624-8487-db8fafef7ee5"],"musicbrainz_artistid": ["2ab30461-12e3-4c97-b716-c39f13015d29"],"musicbrainz_recordingid": ["216808a1-978c-4d81-a526-970438361873"],"musicbrainz_releasegroupid": ["799fe234-9fb0-4e64-bcff-af78ca176c86"],"script": ["Latn"],"title": ["Tune Up #3"],"tracknumber": ["6\/25"]},"version": {"highlevel": {"essentia": "2.1-beta5-dev","essentia_build_sha": "e74af04b57b164eed312abeef4963962215860f0","essentia_git_sha": "v2.1_beta4-499-g4013ebc","extractor": "music 2.0","gaia": "2.4.5","gaia_git_sha": "v2.4.4-44-g95f4851","models_essentia_git_sha": "v2.1_beta1"},"lowlevel": {"essentia": "2.1-beta2","essentia_build_sha": "70f2e5ece6736b2c40cc944ad0e695b16b925413","essentia_git_sha": "v2.1_beta2","extractor": "music 1.0"}}}}