{"highlevel": {"danceability": {"all": {"danceable": 0.109246261418,"not_danceable": 0.890753746033},"probability": 0.890753746033,"value": "not_danceable"},"gender": {"all": {"female": 0.968626976013,"male": 0.0313729979098},"probability": 0.968626976013,"value": "female"},"genre_dortmund": {"all": {"alternative": 0.159105613828,"blues": 0.0905172973871,"electronic": 0.448580861092,"folkcountry": 0.168443635106,"funksoulrnb": 0.0107050137594,"jazz": 0.0225841216743,"pop": 0.0275569390506,"raphiphop": 0.00718837091699,"rock": 0.0653181299567},"probability": 0.448580861092,"value": "electronic"},"genre_electronic": {"all": {"ambient": 0.944700419903,"dnb": 0.0098017770797,"house": 0.0223244223744,"techno": 0.00303339306265,"trance": 0.0201400090009},"probability": 0.944700419903,"value": "ambient"},"genre_rosamerica": {"all": {"cla": 0.671419322491,"dan": 0.00191433099099,"hip": 0.000833199883346,"jaz": 0.0632953643799,"pop": 0.161286234856,"rhy": 0.0662450939417,"roc": 0.0316463597119,"spe": 0.00336008542217},"probability": 0.671419322491,"value": "cla"},"genre_tzanetakis": {"all": {"blu": 0.0498355217278,"cla": 0.0332128331065,"cou": 0.0996401011944,"dis": 0.0598082318902,"hip": 0.149537995458,"jaz": 0.299151718616,"met": 0.0498113185167,"pop": 0.0597650110722,"reg": 0.0498051196337,"roc": 0.149432137609},"probability": 0.299151718616,"value": "jaz"},"ismir04_rhythm": {"all": {"ChaChaCha": 0.0157843530178,"Jive": 0.0014298572205,"Quickstep": 0.00105586380232,"Rumba-American": 0.00481051765382,"Rumba-International": 0.000870907097124,"Rumba-Misc": 0.000823748647235,"Samba": 0.00197819620371,"Tango": 0.512437999249,"VienneseWaltz": 0.450909793377,"Waltz": 0.00989875383675},"probability": 0.512437999249,"value": "Tango"},"mood_acoustic": {"all": {"acoustic": 0.620264828205,"not_acoustic": 0.379735201597},"probability": 0.620264828205,"value": "acoustic"},"mood_aggressive": {"all": {"aggressive": 0.00928566418588,"not_aggressive": 0.9907143116},"probability": 0.9907143116,"value": "not_aggressive"},"mood_electronic": {"all": {"electronic": 0.034330625087,"not_electronic": 0.965669393539},"probability": 0.965669393539,"value": "not_electronic"},"mood_happy": {"all": {"happy": 0.506153523922,"not_happy": 0.493846446276},"probability": 0.506153523922,"value": "happy"},"mood_party": {"all": {"not_party": 0.91489648819,"party": 0.0851035043597},"probability": 0.91489648819,"value": "not_party"},"mood_relaxed": {"all": {"not_relaxed": 0.721084833145,"relaxed": 0.278915137053},"probability": 0.721084833145,"value": "not_relaxed"},"mood_sad": {"all": {"not_sad": 0.327440202236,"sad": 0.672559797764},"probability": 0.672559797764,"value": "sad"},"moods_mirex": {"all": {"Cluster1": 0.0544658638537,"Cluster2": 0.118752345443,"Cluster3": 0.453782826662,"Cluster4": 0.320683449507,"Cluster5": 0.0523155033588},"probability": 0.453782826662,"value": "Cluster3"},"timbre": {"all": {"bright": 0.853941857815,"dark": 0.146058142185},"probability": 0.853941857815,"value": "bright"},"tonal_atonal": {"all": {"atonal": 0.568012356758,"tonal": 0.431987643242},"probability": 0.568012356758,"value": "atonal"},"voice_instrumental": {"all": {"instrumental": 0.023186551407,"voice": 0.976813435555},"probability": 0.976813435555,"value": "voice"}},"metadata": {"audio_properties": {"analysis_sample_rate": 44100,"bit_rate": 192023,"equal_loudness": 0,"length": 213.368164062,"lossless": 0,"replay_gain": -5.60418319702,"sample_rate": 44100,"codec": "mp3","downmix": "mix","md5_encoded": "f7b2d9db82f2336798829e3ed5d144c5"},"tags": {"file_name": "Heart - Too Long a Time.mp3","acoustid_fingerprint": ["AQADtE-WKYkUCc1z9FkRLzqOPgsaHUIsLToa-6g_1OPh05iOHjnz4PGhPhExKdGyQ6dxhUd7-DTKLsYFjY_RMIfeF7UO8-iPH_o5eHqPH02PPgKuQ2jG2Yh3uPiJP3Do4AqKkjiD1DoSfsT0DGfwB_WHbzwe7cOZMCPCZ4cUcmiIS7qCPDp4KUZ4wx-mB1ea4qSQMxf67IJvCdWCF_kEvaOQK-jh4x-c5cHTB5WRB8nyELUufMePkrA1C65Z9EhyXUO-o0yU4ZfxlOiXSTilI1yUH-MG8UO_FB_6I31y4kmYwx2OXrKD8_BFPGEYJNdOeKmQs8FVoTn6D7Fz6MijF0-EVjmaBxeu9UaY6tCbIcxnXEe5G03F4B0aHpOkHM-WMUd_-NeR8_CaHZplIjtqoTmN7xbRGaeOOs1xIvuPhGOWGDsfHM5xs8G5E_mhJ2rxH29m4UWoD8eTHe7Q6_jxG3d2HNGzQ3v8IRN3aagdzNqOHs13PAx-_MevEAifCHK146i2DvO0x2j6QTuyC14-vB8mf0Nzy7iLPEvKQG-PXBGO60fPw9Vwhhl-9MFxEWGQ1NmxPeAivnCN6c3Ro-F6BAnwHG1O4sUzHalFJJVoPMeG8iHOh2D1IDySKD9ePFJKVGKOS8O2RXlwQuEP88EZE2aUo8o39Id3TM-hK6EOhu0RKc4J_UGzs-jzQD_y44nwKEJ1NCp-_MWeHbwYTM_xUHrRShcuTTF6HXsOB-fR6alwHckRmsrQPMWDX8IUTXqSFG9IuBzx44uGH75y9Hgicrh2XMwPbQ8aLtOK68esHHfaBAz5Ec2V4UmIS3swyReRHvpxKXkQ_kIuH9NDhCmPpx9epirK_mjyg9_i4cwlovOx5fgxxcIl4Qzx5MEeC-UbPMmzoTpyJGeOB2--oGh-7LhyXMRxHW94CtVGSUP54EmOC80r9MlxdcilC8kekvBJ4zw2J2zw_KgV5COS2NFwdfiZ4D2qoTkpXMri4Ugq5kIYMbqMas5xC-3hPsF-Hs2LRwyaM6ii4x_CI3nCFJM__PgT_BR-4UkjMM1ypDoU6Q-O79AT5NqFJjl-olfyYNeJ53geDok0ZkSehcMewb3whMXLIFY1DrKiywj1wV-CXsLx6GicRELdRCM-4eipBqGWP-iHyDv84z44HUcl_livED9x2chjhtB6pOtlHP-Jh5fxF5-OidqJHDpDJmC0iBS0bPjRXMqLSHIUEnfw6AjlmMF_aPzR60gv9DmOcj7MBjWF6yfu47SC6-iNyIlqC_9B8vAxicKD_HiOa2h-pGegVhGe9EP07OBNvIc3Y3-glXuI96ia63h-9FmOG_0xZZLaQD9O9MfpBMYzlceXBGmQ_GC6vDhLvOgT_fCzIFmy4zTCPJgcXbiO_IqRZI9x4bitoLkjkCkLe8cZXEhGMkeuD9fRHLWDvRL6BY1HIZR-JEzY5GgjHu_R44_g7kHohEiOMoVzHd1HPKEVzNqRVEGoH023HM8B_riWE12iPIePJ8dLEWmsK-hzHFeyHJrEGs0PMkQYazmmhkJzoVdwjcdFPkQv4WNhaxz6HL-FJ1GD--gelDny5YL6x8ino0-CpsSzHL-CM3h2HPtRHU2SPsT9EjVFNF8e4TeY7EHP43GEfwjPrmjcDKcS6Llw5oWOZpSCljsuQYvxI0vUPtiToz6aqLtw_KhIPcbDpOh8fOiN5s1xrBqypDaSOQ32B881_MJJ_MHzHBUPn-gVJD_yLrjIErs2Hp0SHdd-HDm0_EmQPRXx6DimrEjWNUb-4k0Gh4qOZ4mLSylKZg9-JD_SK-gXPDp6D77EohJn_McZVSj_BFeOUsYfoPpsNP0wL8zx5Ei0B_mPXWiiKLmwH551fCEqvUROHnpyI1MWHflV6NyO9Evx6MKx1biPNxVOHmGtCTqR84K_HF_x4xEuOMsiHv1wPzh5I_mRJxc6H1tF6ujBk8cdrEUeTSF-_LiWH4oeqQhjXDma52A2ZUdvHlN8Iz90ZuGRUsVRNE6WSMV_nCWqzwnSikdyHCeu44db2CIuCfEliEKoo9ZL7LoC9h_2scjhQjvxKMRxHvqPP0FTCh82RtDYHz-y5KNQH-uiIz-08DnCH_CJKyyuNUuCio1E_EjWI7zgHTWFK3hRmjwcZxkRTg-SHkcP84On49hXMNl6JCd_zEeOb3iOW5sR3sKFHw-8G22OUocfITUTVJmo49fwP_CJT8hjJH-ES8LxbGjuoqIjXEsufC7e6mhy5Mk3iNqPkD_KDA7foInj4d3x02h-tFF44lKKB34U5JKCy8SfBNVFwdV8aA9e5Emc4h-a8UKfJQ5yCZqlHNGso3mGtwazyEdzUsc_MEdeJHN04viX4dgp2JEyPMi3w0eu40mWD7MsH4xu8Ae-4pzCI_2RKBvx6EUtOgd3BXtKwddx_XhC9ML7wNlDPNaDM9JxHtOH_GByFTozGfuDXIeP_cqEawu-IE0jBdKUPfgT5Ie9U3g_xFR06C66ZD_EnIZvIXcOX5IxcQ2-Y9eHZDnyJQFfE9-E5oxIHOGZI1neFOePRplaTBYp3CV6q4iUpFcKTcweuFoo-HmCsix2iDeuLMTDK0H-BKVzhClJ_Ej1XPi2oN0lNNuZ4tx6HM2LXsepyMOzJ0i4LOkQ-3hY7DF-9FEUB83IHs-yHH-wPyHyhAySJSQAgoAgYhAHFAAUC2OIc4gIBph0BhhBCAUCAKEkIMhA4ShQjBChCGNACAKEI8IgooAgQAEBiFIAYUGUE4YDQTRVRBhhoZAEECQEMUIBZAAhDBAEAJPCMOIBYEqDAAwQCCFCCSBCGAAUcUIAAKhhRAgjsBOACFAAMQITi4CgwAgCgAYIAKPAgIpYBxAQgIAArRhECQCAQIYMQAgADBNGFUYAKeIEY0YBKYxxgAICACmQASYgIFQoggACQgghkBEEGeEQUQYAQQVAQFAHCAPIGMOYEIAJA4YAGBEABCFICAQUMUAoQwAwBAAjBAKCCCMAINYgySQzRAAAPAJMAUC5UggCLwBEBAFBiRICMQSIIVAwQgDxQBhLgBFAOQAAV4Q5xBAQQiHHoOCGESEJkAQIhRBhygsFDQVCHGPUAAADYBwhRhAgAVAWUACIIAABhwBADggolAFECOMMEZoAQwRiQDMACATVScKIQQA4YABhEABiBADECMcAdQQSwgAQkiGnBACEMEwQBcAwhxRDoAAJlHQAASCII5AgYAxByECFgANEGOAlUEAAYgQSShgBgLAIGAgYMFQIAwhyiBCiGCNsMkEMEEAhKBx1RADAiBGFUCAIocI4AhDwBjBnEDOGEUEQEYYZCCAwgBACgAKIIYqEggAwAQ0XgBgDiACECWCIIEAoYiRgQgihjAMGGAIVEkYYp4ATACBigIBYKQmgMIRIZJQBjggkiEAKAUEQQAgIQJQFgAniEBEGOekcQMoAgIwQqhCCmCIEEAIEBQIDoQURFiDDLCBEIQIRG9RaRwQAyioggBJVKOGgAAARAYiRABBlFCCIAaoEAIABAYFABDAQDDVMCEIBcEYoBhEAABAnFkEAYMSUUsoAAhAxChhACAJCIUAcQJIQIAQgyGFHCUJEMS2Mo4o4LwwTBBgBkBHAGCSQIAiAARxQACgEBFEEAWKcYJgYZwgAFgkABEOWOAQIIZIYgwA"],"acoustid_id": ["730f25c6-84c1-4b2d-b20a-bfa1721f9485"],"album": ["Original Album Classics (Disc 1): Little Queen"],"artist": ["Heart"],"artistsort": ["Heart"],"bpm": ["94.26"],"catalognumber": ["88883763362"],"date": ["1977"],"genre": ["Album rock"],"label": ["Epic"],"language": ["eng"],"musicbrainz album release country": ["XE"],"musicbrainz album type": ["Album", "Compilation"],"musicbrainz_albumartistid": ["bdbd48f5-abf3-4a4f-9a21-4551dbc3fde9"],"musicbrainz_albumid": ["b78c874a-b9aa-493a-a97b-442624f12ada"],"musicbrainz_artistid": ["bdbd48f5-abf3-4a4f-9a21-4551dbc3fde9"],"musicbrainz_recordingid": ["24795019-4dfa-4965-81cd-7c11cec37670"],