{"highlevel": {"danceability": {"all": {"danceable": 3.00000096379e-14,"not_danceable": 1},"probability": 1,"value": "not_danceable"},"gender": {"all": {"female": 0.248409077525,"male": 0.751590907574},"probability": 0.751590907574,"value": "male"},"genre_dortmund": {"all": {"alternative": 1.68628222497e-10,"blues": 1.85680457121e-10,"electronic": 0.99999922514,"folkcountry": 5.05316890553e-08,"funksoulrnb": 1.63512936524e-08,"jazz": 5.58139902296e-07,"pop": 1.8965414128e-08,"raphiphop": 1.6402903924e-08,"rock": 1.05900710423e-07},"probability": 0.99999922514,"value": "electronic"},"genre_electronic": {"all": {"ambient": 0.174019098282,"dnb": 0.00553016876802,"house": 0.0423775203526,"techno": 0.0329627804458,"trance": 0.745110452175},"probability": 0.745110452175,"value": "trance"},"genre_rosamerica": {"all": {"cla": 0.00688396953046,"dan": 0.5220875144,"hip": 0.175525665283,"jaz": 0.00962683558464,"pop": 0.102741606534,"rhy": 0.0530335903168,"roc": 0.125951185822,"spe": 0.00414964044467},"probability": 0.5220875144,"value": "dan"},"genre_tzanetakis": {"all": {"blu": 0.0536252483726,"cla": 0.0402149371803,"cou": 0.0643420740962,"dis": 0.0643410608172,"hip": 0.0804266482592,"jaz": 0.321710467339,"met": 0.0536201782525,"pop": 0.0804298371077,"reg": 0.0804299339652,"roc": 0.160859629512},"probability": 0.321710467339,"value": "jaz"},"ismir04_rhythm": {"all": {"ChaChaCha": 0.187511280179,"Jive": 0.131314307451,"Quickstep": 0.0326574966311,"Rumba-American": 0.0638484731317,"Rumba-International": 0.0397791676223,"Rumba-Misc": 0.0394685007632,"Samba": 0.113080762327,"Tango": 0.201682478189,"VienneseWaltz": 0.168540894985,"Waltz": 0.0221166219562},"probability": 0.201682478189,"value": "Tango"},"mood_acoustic": {"all": {"acoustic": 0.092277996242,"not_acoustic": 0.907721996307},"probability": 0.907721996307,"value": "not_acoustic"},"mood_aggressive": {"all": {"aggressive": 3.00000096379e-14,"not_aggressive": 1},"probability": 1,"value": "not_aggressive"},"mood_electronic": {"all": {"electronic": 0.979391694069,"not_electronic": 0.0206082891673},"probability": 0.979391694069,"value": "electronic"},"mood_happy": {"all": {"happy": 0.10706371814,"not_happy": 0.89293628931},"probability": 0.89293628931,"value": "not_happy"},"mood_party": {"all": {"not_party": 0.999984204769,"party": 1.57784197654e-05},"probability": 0.999984204769,"value": "not_party"},"mood_relaxed": {"all": {"not_relaxed": 0.191182896495,"relaxed": 0.808817088604},"probability": 0.808817088604,"value": "relaxed"},"mood_sad": {"all": {"not_sad": 0.763400673866,"sad": 0.236599326134},"probability": 0.763400673866,"value": "not_sad"},"moods_mirex": {"all": {"Cluster1": 0.0759711265564,"Cluster2": 0.0634116083384,"Cluster3": 0.159893169999,"Cluster4": 0.043750487268,"Cluster5": 0.656973600388},"probability": 0.656973600388,"value": "Cluster5"},"timbre": {"all": {"bright": 0.0159730035812,"dark": 0.984026968479},"probability": 0.984026968479,"value": "dark"},"tonal_atonal": {"all": {"atonal": 0.817227363586,"tonal": 0.182772621512},"probability": 0.817227363586,"value": "atonal"},"voice_instrumental": {"all": {"instrumental": 0.899263203144,"voice": 0.100736767054},"probability": 0.899263203144,"value": "instrumental"}},"metadata": {"audio_properties": {"analysis_sample_rate": 44100,"bit_rate": 192000,"equal_loudness": 0,"length": 379.141235352,"lossless": 0,"replay_gain": -12.5837688446,"sample_rate": 44100,"codec": "mp3","downmix": "mix","md5_encoded": "52fcdbfb7927b391fec89a75c591d301"},"tags": {"file_name": "03 - Masters of the Universe (Neon remix).mp3","acoustid_fingerprint": ["AQABz5IU5YkSJUFVHU3yB3mcQw_CnEbr2DiDu8enhUHZEU-P9Ic2hgju7EOvGz76Gx8m_AV_RJMXJMdv9LpwVgku4z9CeLqgZ8jRH78RnIL2piOcTUc69FKRR4C-Iw8Xoz_8oQ8rvNJRRoH344efo8eTzCjxqpkyhDoG7S2YLFRMXDlOTD_EPwiN98c3vJQR6hCR44dPXH6E41SOH-eJS3Ng4j_e3jh3nD_yoyf2QnomvAl2CQgzKR7K6MR94ejF4UF4En_QPxumjPlwvQGP6Uf6ED1pfDGO7xL6wxpO_Ib_IOyh_EZIHrsE_0ElTvhOfCUVFOnz4RR0RH_xKegD5vgyYjt-vMzx4z1yiKEf5Bse_HBvDmlTHPsJ78eNLPuOk3nwXTjO7Ah_iMdpIeSDr8KjCyRaLvjGwXgOk0Ow7dBz6Mcr4zux4TgkvjqaLNJwYl6tIA-qJmjU46_wY_aKI3_ws9BmIlOoDwc-6fh2nAj0jN3gaCGF94hewx2JE-HxJVhjHc9xXug1wxW0HxfBC9eOdurg5_hy8DliOrCO4z_-4vhsXEeOKz7EiBXCEw94XNiP80EeQiFfvCbM4Md14F8kMMfhB6HVDUel4fB7_EcrpTiPH-Gh5QyyBwfWX8GPF7kyQfk1lD-aDnmOA_HBoz5yCY6jZHjQ42irw0efIT9-aPYRZmTABz9-rL2RH1eiQ4-IPRqaHT2OKzl-cEcPPxN6HflxomNlNNdwdehhkkc27YcL2USYuNgTHT8-hPIOeSlmHfHMHe9-NOVx5HqCX_iH6qB-lEyG78j6WHizNMKlH_EUZkT1mWh-QmYWD_90hM1hhM-ByiHEH9_hEz_yEJckpODx6nCo49ygH3oDr8iHfwN_w2KI4zpyQaQUBXmPOyJ89C2QSx06uILI48VDHD6F8CcuhFMO5xOODzwOIpZEwj5--A3So09u6A-6HykjvPiREz4FsUKP8MdXwz9y4cYPx8dBHcSJ44Q_DRbxwz5M6DyuozluE_kRwmqhc3CPkD9uot2En0h_aOSPrt3hfMfxHmK4Hbm2GCfjoBlzcPhzVBSNVNZRmR50NO_xwzeoHIe_4zgPScdx_LiH4wBBgCDCQQKIUEAJQBDwhhiAgDVBEMAgE8Ag2BARHBjCABJCUSEYIAIhoYgwgjhEDAKAIMGkaEYCIgAwQgmEgAAAICKMBAQCZAgCbjEBjCCACCGMEIwUYwwFCAmIADJCCAMAYCYABUAwVAjBEEEaCOMQAAEQBAAAhBBDDFAAC8AAokQpCQQzykAhLDgAIikVAkZZIxBwQiDCDCOEAQSYQIJARBgggnBgCCHMAakFEExzRpBBgCiEJBGQCUmBAEYQhKwCRATBFBJACICksBQqgZFQAkgGFBEBCgUNMcJBgogUVAiAhBAAAIUEMoApUIAgAAhlFJCCSUCAAoIoAAAAiEghgRAQMICMFoo6SQAEDgDRkAQUccGAYmIwoYAz0hAoCEDAQGIEd0YhK4ARijmGKILOAsAQFAo5IIgAUDAAmFBAEQAoIQQQYgAQUhHGBHgKGQOEEwkAKwI"],"acoustid_id": ["36aef08e-4001-4f5f-a989-4d7ce8fdd4fe"],"album": ["Masters of the Universe"],"albumartist": ["Juno Reactor"],"albumartistsort": ["Juno Reactor", "Juno Reactor"],"artist": ["Juno Reactor"],"artistsort": ["Juno Reactor"],"asin": ["B00005KHGE"],"barcode": ["782388021623"],"bpm": ["140.01"],"catalognumber": ["MET216"],"contentgroup": ["Industrial,Techno,Trance"],"date": ["2001-07-10"],"discnumber": ["01\/01"],"genre": ["Electronic"],"label": ["Metropolis Records"],"language": ["eng"],"media": ["CD"],"musicbrainz album release country": ["US"],"musicbrainz album status": ["Official"],"musicbrainz album type": ["Single"],"musicbrainz_albumartistid": ["16231a34-9ccd-410e-8690-f74e98fe16a4"],"musicbrainz_albumid": ["f22b939a-80fc-4dee-90e5-3323894e84a2"],"musicbrainz_artistid": ["16231a34-9ccd-410e-8690-f74e98fe16a4"],"musicbrainz_recordingid": ["248589c9-4afd-4272-898b-6dc336f8154e"],"musicbrainz_releasegroupid": ["ac68562f-c112-3fad-be06-9c601578629e"],"musicip_puid": ["0137a6a0-8704-e3b5-1af2-9b8efb3b2c6f"],"originalalbum": ["Shango"],"originaldate": ["2000-10-09"],"script": ["Latin"],"title": ["Masters of the Universe (Neon remix)"],"tracknumber": ["03\/05"]},"version": {"highlevel": {"essentia": "2.1-beta5-dev","essentia_build_sha": "e74af04b57b164eed312abeef4963962215860f0","essentia_git_sha": "v2.1_beta4-499-g4013ebc","extractor": "music 2.0","gaia": "2.4.5","gaia_git_sha": "v2.4.4-44-g95f4851","models_essentia_git_sha": "v2.1_beta1"},"lowlevel": {"essentia": "2.1-beta2","essentia_build_sha": "2d9f1f26377add8aeb1075a9c2973f962c4f09fd","essentia_git_sha": "v2.1_beta2-1-ge3940c0","extractor": "music 1.0"}}}}