{"highlevel": {"danceability": {"all": {"danceable": 0.0626939758658,"not_danceable": 0.937306046486},"probability": 0.937306046486,"value": "not_danceable"},"gender": {"all": {"female": 0.0418931655586,"male": 0.958106815815},"probability": 0.958106815815,"value": "male"},"genre_dortmund": {"all": {"alternative": 0.440717726946,"blues": 0.057348292321,"electronic": 0.20701302588,"folkcountry": 0.0550827533007,"funksoulrnb": 0.00802035070956,"jazz": 0.00767203280702,"pop": 0.0143741965294,"raphiphop": 0.00376140559092,"rock": 0.206010207534},"probability": 0.440717726946,"value": "alternative"},"genre_electronic": {"all": {"ambient": 0.261642873287,"dnb": 0.096967279911,"house": 0.05443450436,"techno": 0.0163531657308,"trance": 0.570602178574},"probability": 0.570602178574,"value": "trance"},"genre_rosamerica": {"all": {"cla": 8.49012722028e-05,"dan": 0.00103385339025,"hip": 0.00103980000131,"jaz": 0.000218672663323,"pop": 0.00411442480981,"rhy": 0.000289888761472,"roc": 0.993187427521,"spe": 3.1048180972e-05},"probability": 0.993187427521,"value": "roc"},"genre_tzanetakis": {"all": {"blu": 0.0626613423228,"cla": 0.0348169617355,"cou": 0.104475811124,"dis": 0.0784321576357,"hip": 0.15692435205,"jaz": 0.313974827528,"met": 0.0448166541755,"pop": 0.0627359300852,"reg": 0.0627360641956,"roc": 0.0784258767962},"probability": 0.313974827528,"value": "jaz"},"ismir04_rhythm": {"all": {"ChaChaCha": 0.506330549717,"Jive": 0.107287295163,"Quickstep": 0.0200070627034,"Rumba-American": 0.0189753826708,"Rumba-International": 0.0210997760296,"Rumba-Misc": 0.0128679918125,"Samba": 0.0585590787232,"Tango": 0.0551684424281,"VienneseWaltz": 0.18829394877,"Waltz": 0.0114104896784},"probability": 0.506330549717,"value": "ChaChaCha"},"mood_acoustic": {"all": {"acoustic": 0.0049491035752,"not_acoustic": 0.995050907135},"probability": 0.995050907135,"value": "not_acoustic"},"mood_aggressive": {"all": {"aggressive": 0.951042056084,"not_aggressive": 0.0489579327404},"probability": 0.951042056084,"value": "aggressive"},"mood_electronic": {"all": {"electronic": 0.309721201658,"not_electronic": 0.690278828144},"probability": 0.690278828144,"value": "not_electronic"},"mood_happy": {"all": {"happy": 0.864078998566,"not_happy": 0.135921016335},"probability": 0.864078998566,"value": "happy"},"mood_party": {"all": {"not_party": 0.465674370527,"party": 0.534325659275},"probability": 0.534325659275,"value": "party"},"mood_relaxed": {"all": {"not_relaxed": 0.977636218071,"relaxed": 0.0223637595773},"probability": 0.977636218071,"value": "not_relaxed"},"mood_sad": {"all": {"not_sad": 0.725694835186,"sad": 0.274305135012},"probability": 0.725694835186,"value": "not_sad"},"moods_mirex": {"all": {"Cluster1": 0.341470360756,"Cluster2": 0.0910519361496,"Cluster3": 0.125188618898,"Cluster4": 0.05988131091,"Cluster5": 0.382407784462},"probability": 0.382407784462,"value": "Cluster5"},"timbre": {"all": {"bright": 0.367246091366,"dark": 0.632753908634},"probability": 0.632753908634,"value": "dark"},"tonal_atonal": {"all": {"atonal": 0.439639568329,"tonal": 0.560360431671},"probability": 0.560360431671,"value": "tonal"},"voice_instrumental": {"all": {"instrumental": 0.0101608671248,"voice": 0.9898391366},"probability": 0.9898391366,"value": "voice"}},"metadata": {"audio_properties": {"analysis_sample_rate": 44100,"bit_rate": 0,"equal_loudness": 0,"length": 171.119995117,"lossless": 1,"replay_gain": -17.4526023865,"codec": "flac","downmix": "mix","md5_encoded": "eb752f96e6356f58cf3e1935e2e86e89"},"tags": {"file_name": "1-04 Seltsam.flac","acoustid_id": ["02b0cbf9-8568-4723-ac23-6caa37683f39"],"album": ["Die Wahrheit übers Lügen"],"albumartist": ["Farin Urlaub Racing Team"],"albumartistsort": ["Urlaub, Farin, Racing Team"],"artist": ["Farin Urlaub Racing Team"],"artists": ["Farin Urlaub Racing Team"],"artistsort": ["Urlaub, Farin, Racing Team"],"asin": ["B001F6R132"],"barcode": ["4019593003608"],"catalognumber": ["930 036-0"],"composer": ["Farin Urlaub"],"composersort": ["Urlaub, Farin"],"date": ["2008-10-31"],"discnumber": ["1"],"discsubtitle": ["großes Album"],"disctotal": ["2"],"label": ["Völker hört die Tonträger"],"language": ["deu"],"lyricist": ["Farin Urlaub"],"media": ["CD"],"musicbrainz_albumartistid": ["57f81560-caef-4059-95ae-f396afe0b6f3"],"musicbrainz_albumid": ["cf33aa7b-c645-4a9b-a792-be5496b3d3a5"],"musicbrainz_artistid": ["57f81560-caef-4059-95ae-f396afe0b6f3"],"musicbrainz_recordingid": ["6b50128d-df21-4727-90f5-12629d862b14"],"musicbrainz_releasegroupid": ["85b9d4ab-e7a6-307b-abd2-b357c5a6f13e"],"musicbrainz_releasetrackid": ["b90cc72d-ad54-3449-b0a1-7f22125608e8"],"musicbrainz_workid": ["88fb12bb-f9bd-468e-9e50-5fea0c832f30"],"originaldate": ["2008-10-31"],"releasecountry": ["DE"],"releasestatus": ["official"],"releasetype": ["album"],"replaygain_album_gain": ["-10.65 dB"],"replaygain_album_peak": ["0.987610"],"replaygain_track_gain": ["-13.46 dB"],"replaygain_track_peak": ["0.977264"],"script": ["Latn"],"title": ["Seltsam"],"totaldiscs": ["2"],"totaltracks": ["11"],"tracknumber": ["4"],"tracktotal": ["11"],"work": ["Seltsam"]},"version": {"highlevel": {"essentia": "2.1-beta5-dev","essentia_build_sha": "e74af04b57b164eed312abeef4963962215860f0","essentia_git_sha": "v2.1_beta4-499-g4013ebc","extractor": "music 2.0","gaia": "2.4.5","gaia_git_sha": "v2.4.4-44-g95f4851","models_essentia_git_sha": "v2.1_beta1"},"lowlevel": {"essentia": "2.1-beta1","essentia_build_sha": "ed039d7e5a6e3dec64cf0be7c36ef885fb432306","essentia_git_sha": "v2.1_beta1-7-ge0e83e8","extractor": "music 1.0"}}}}