{"highlevel": {"danceability": {"all": {"danceable": 0.398064017296,"not_danceable": 0.601935982704},"probability": 0.601935982704,"value": "not_danceable"},"gender": {"all": {"female": 0.210191339254,"male": 0.789808630943},"probability": 0.789808630943,"value": "male"},"genre_dortmund": {"all": {"alternative": 0.0160478111356,"blues": 0.00131434435025,"electronic": 0.979333639145,"folkcountry": 0.00123355351388,"funksoulrnb": 7.25075151422e-05,"jazz": 0.000233565384406,"pop": 0.000145250116475,"raphiphop": 5.62699206057e-05,"rock": 0.00156305951532},"probability": 0.979333639145,"value": "electronic"},"genre_electronic": {"all": {"ambient": 0.158467829227,"dnb": 0.0168413016945,"house": 0.0475940592587,"techno": 0.0119094690308,"trance": 0.765187323093},"probability": 0.765187323093,"value": "trance"},"genre_rosamerica": {"all": {"cla": 0.00118008884601,"dan": 0.0442753434181,"hip": 0.0103932013735,"jaz": 0.00360435293987,"pop": 0.122393198311,"rhy": 0.00709446519613,"roc": 0.810203254223,"spe": 0.000856112397742},"probability": 0.810203254223,"value": "roc"},"genre_tzanetakis": {"all": {"blu": 0.0626613423228,"cla": 0.0348169617355,"cou": 0.104475811124,"dis": 0.0784321576357,"hip": 0.15692435205,"jaz": 0.313974827528,"met": 0.0448166541755,"pop": 0.0627359300852,"reg": 0.0627360641956,"roc": 0.0784258767962},"probability": 0.313974827528,"value": "jaz"},"ismir04_rhythm": {"all": {"ChaChaCha": 0.208123445511,"Jive": 0.206392481923,"Quickstep": 0.0333053059876,"Rumba-American": 0.0624710507691,"Rumba-International": 0.0361348055303,"Rumba-Misc": 0.0293027143925,"Samba": 0.0722359791398,"Tango": 0.195199087262,"VienneseWaltz": 0.134852305055,"Waltz": 0.0219828411937},"probability": 0.208123445511,"value": "ChaChaCha"},"mood_acoustic": {"all": {"acoustic": 0.0105983577669,"not_acoustic": 0.989401638508},"probability": 0.989401638508,"value": "not_acoustic"},"mood_aggressive": {"all": {"aggressive": 0.892428278923,"not_aggressive": 0.107571750879},"probability": 0.892428278923,"value": "aggressive"},"mood_electronic": {"all": {"electronic": 0.565885305405,"not_electronic": 0.434114664793},"probability": 0.565885305405,"value": "electronic"},"mood_happy": {"all": {"happy": 0.116877287626,"not_happy": 0.883122742176},"probability": 0.883122742176,"value": "not_happy"},"mood_party": {"all": {"not_party": 0.300744026899,"party": 0.699256002903},"probability": 0.699256002903,"value": "party"},"mood_relaxed": {"all": {"not_relaxed": 0.995775699615,"relaxed": 0.00422428688034},"probability": 0.995775699615,"value": "not_relaxed"},"mood_sad": {"all": {"not_sad": 0.853879868984,"sad": 0.146120145917},"probability": 0.853879868984,"value": "not_sad"},"moods_mirex": {"all": {"Cluster1": 0.0824786871672,"Cluster2": 0.0411132983863,"Cluster3": 0.145026013255,"Cluster4": 0.091886639595,"Cluster5": 0.639495372772},"probability": 0.639495372772,"value": "Cluster5"},"timbre": {"all": {"bright": 0.194051250815,"dark": 0.805948734283},"probability": 0.805948734283,"value": "dark"},"tonal_atonal": {"all": {"atonal": 0.536349356174,"tonal": 0.463650614023},"probability": 0.536349356174,"value": "atonal"},"voice_instrumental": {"all": {"instrumental": 0.115493178368,"voice": 0.884506821632},"probability": 0.884506821632,"value": "voice"}},"metadata": {"audio_properties": {"analysis_sample_rate": 44100,"bit_rate": 0,"equal_loudness": 0,"length": 250,"lossless": 1,"replay_gain": -10.378660202,"sample_rate": 44100,"codec": "flac","downmix": "mix","md5_encoded": "f94578917d6c1c38e5df41c78b00b9db"},"tags": {"file_name": "484de960497ab86d4dc8f4b7db4c.flac","acoustid_id": ["1538484d-e960-497a-b86d-4dc8f4b7db4c"],"album": ["Raise Your Fist and Yell"],"albumartist": ["Alice Cooper"],"albumartistsort": ["Cooper, Alice"],"artist": ["Alice Cooper"],"artistsort": ["Cooper, Alice"],"asin": ["B000002PH5"],"barcode": ["076742209124"],"catalognumber": ["MCAD-42091"],"date": ["1987-09-28"],"discnumber": ["1"],"disctotal": ["1"],"isrc": ["USMC18723844"],"label": ["MCA Records"],"media": ["CD"],"musicbrainz_albumartistid": ["ee58c59f-8e7f-4430-b8ca-236c4d3745ae"],"musicbrainz_albumid": ["b1dfd25a-4103-4d2b-8373-e2c0bad51e71"],"musicbrainz_artistid": ["ee58c59f-8e7f-4430-b8ca-236c4d3745ae"],"musicbrainz_recordingid": ["812427dd-8b8a-4770-ad7e-59ed33c3e479"],"musicbrainz_releasegroupid": ["741dd18e-ec06-3411-ba12-eff8481a3265"],"musicbrainz_releasetrackid": ["32023118-c9fe-3a5a-b366-994082aad50d"],"originaldate": ["1987-09-28"],"originalyear": ["1987"],"releasecountry": ["US"],"releasestatus": ["official"],"releasetype": ["album"],"script": ["Latn"],"title": ["Freedom"],"totaldiscs": ["1"],"totaltracks": ["10"],"tracknumber": ["1"],"tracktotal": ["10"]},"version": {"highlevel": {"essentia": "2.1-beta5-dev","essentia_build_sha": "e74af04b57b164eed312abeef4963962215860f0","essentia_git_sha": "v2.1_beta4-499-g4013ebc","extractor": "music 2.0","gaia": "2.4.5","gaia_git_sha": "v2.4.4-44-g95f4851","models_essentia_git_sha": "v2.1_beta1"},"lowlevel": {"essentia": "2.1-beta2","essentia_build_sha": "2d9f1f26377add8aeb1075a9c2973f962c4f09fd","essentia_git_sha": "v2.1_beta2-1-ge3940c0","extractor": "music 1.0"}}}}