{"highlevel": {"danceability": {"all": {"danceable": 0.62224406004,"not_danceable": 0.37775593996},"probability": 0.62224406004,"value": "danceable"},"gender": {"all": {"female": 0.999921500683,"male": 7.85187294241e-05},"probability": 0.999921500683,"value": "female"},"genre_dortmund": {"all": {"alternative": 0.0622710809112,"blues": 0.0856146886945,"electronic": 0.671584546566,"folkcountry": 0.091869816184,"funksoulrnb": 0.00696161622182,"jazz": 0.019274128601,"pop": 0.0171902533621,"raphiphop": 0.00525203207508,"rock": 0.0399818643928},"probability": 0.671584546566,"value": "electronic"},"genre_electronic": {"all": {"ambient": 0.781163990498,"dnb": 0.0214957818389,"house": 0.0993553623557,"techno": 0.0167767070234,"trance": 0.0812081620097},"probability": 0.781163990498,"value": "ambient"},"genre_rosamerica": {"all": {"cla": 0.000414609297877,"dan": 0.00130779889878,"hip": 0.00192788103595,"jaz": 0.00243931007572,"pop": 0.744390070438,"rhy": 0.247688487172,"roc": 0.00140219856985,"spe": 0.000429650244769},"probability": 0.744390070438,"value": "pop"},"genre_tzanetakis": {"all": {"blu": 0.0622663982213,"cla": 0.0345780998468,"cou": 0.103735685349,"dis": 0.0518908686936,"hip": 0.155698984861,"jaz": 0.311586618423,"met": 0.0519040971994,"pop": 0.0622744634748,"reg": 0.0622723288834,"roc": 0.103792458773},"probability": 0.311586618423,"value": "jaz"},"ismir04_rhythm": {"all": {"ChaChaCha": 0.580816566944,"Jive": 0.0740512907505,"Quickstep": 0.00987847335637,"Rumba-American": 0.0615765750408,"Rumba-International": 0.0557441525161,"Rumba-Misc": 0.0187366306782,"Samba": 0.0605679191649,"Tango": 0.0584633946419,"VienneseWaltz": 0.0723298490047,"Waltz": 0.00783513486385},"probability": 0.580816566944,"value": "ChaChaCha"},"mood_acoustic": {"all": {"acoustic": 0.467298686504,"not_acoustic": 0.532701313496},"probability": 0.532701313496,"value": "not_acoustic"},"mood_aggressive": {"all": {"aggressive": 1.34659330797e-07,"not_aggressive": 0.999999880791},"probability": 0.999999880791,"value": "not_aggressive"},"mood_electronic": {"all": {"electronic": 0.524540901184,"not_electronic": 0.475459098816},"probability": 0.524540901184,"value": "electronic"},"mood_happy": {"all": {"happy": 0.393437832594,"not_happy": 0.606562197208},"probability": 0.606562197208,"value": "not_happy"},"mood_party": {"all": {"not_party": 0.523986637592,"party": 0.476013362408},"probability": 0.523986637592,"value": "not_party"},"mood_relaxed": {"all": {"not_relaxed": 0.0874222591519,"relaxed": 0.912577748299},"probability": 0.912577748299,"value": "relaxed"},"mood_sad": {"all": {"not_sad": 0.360312789679,"sad": 0.639687240124},"probability": 0.639687240124,"value": "sad"},"moods_mirex": {"all": {"Cluster1": 0.0910864397883,"Cluster2": 0.348142176867,"Cluster3": 0.13435459137,"Cluster4": 0.251850962639,"Cluster5": 0.174565821886},"probability": 0.348142176867,"value": "Cluster2"},"timbre": {"all": {"bright": 0.88082909584,"dark": 0.119170889258},"probability": 0.88082909584,"value": "bright"},"tonal_atonal": {"all": {"atonal": 0.725546240807,"tonal": 0.274453759193},"probability": 0.725546240807,"value": "atonal"},"voice_instrumental": {"all": {"instrumental": 0.0923313498497,"voice": 0.90766865015},"probability": 0.90766865015,"value": "voice"}},"metadata": {"audio_properties": {"analysis_sample_rate": 44100,"bit_rate": 320000,"equal_loudness": 0,"length": 281.913482666,"lossless": 0,"replay_gain": -14.6496429443,"sample_rate": 44100,"codec": "mp3","downmix": "mix","md5_encoded": "e3ba591ea08cc744c8d1207a4362ea31"},"tags": {"file_name": "Christina Aguilera - 03 - El Beso del Final.mp3","album": ["Mi reflejo"],"albumartist": ["Christina Aguilera"],"albumartistsort": ["Aguilera, Christina"],"artist": ["Christina Aguilera"],"artistsort": ["Aguilera, Christina"],"asin": ["B00004WJDG"],"barcode": ["078636932323"],"catalognumber": ["69323"],"date": ["2000"],"discnumber": ["1\/1"],"genre": ["00S\/Latin\/Love\/Female Vocalists\/Dirty Dancing 2\/Pop\/Christina Aguilera\/Soundtrack\/Pop Music Tag\/Latin Pop\/Spanish\/Dirty Dancing\/Ballad"],"label": ["RCA"],"media": ["CD"],"musicbrainz album release country": ["US"],"musicbrainz album status": ["official"],"musicbrainz album type": ["album"],"musicbrainz_albumartistid": ["b202beb7-99bd-47e7-8b72-195c8d72ebdd"],"musicbrainz_albumid": ["a7fc8c96-53c4-483b-afef-4e7233227bfa"],"musicbrainz_artistid": ["b202beb7-99bd-47e7-8b72-195c8d72ebdd"],"musicbrainz_recordingid": ["6bc4cde9-03c3-4b97-b35d-0f9edf994294"],"musicbrainz_releasegroupid": ["afcef097-8d53-354c-b219-8f9f3d40d9e8"],"originaldate": ["2000"],"script": ["Latn"],"title": ["El beso del final"],"tracknumber": ["3\/11"]},"version": {"highlevel": {"essentia": "2.1-beta5-dev","essentia_build_sha": "e74af04b57b164eed312abeef4963962215860f0","essentia_git_sha": "v2.1_beta4-499-g4013ebc","extractor": "music 2.0","gaia": "2.4.5","gaia_git_sha": "v2.4.4-44-g95f4851","models_essentia_git_sha": "v2.1_beta1"},"lowlevel": {"essentia": "2.1-beta2","essentia_build_sha": "70f2e5ece6736b2c40cc944ad0e695b16b925413","essentia_git_sha": "v2.1_beta2","extractor": "music 1.0"}}}}