{"highlevel": {"danceability": {"all": {"danceable": 0.200599238276,"not_danceable": 0.799400746822},"probability": 0.799400746822,"value": "not_danceable"},"gender": {"all": {"female": 0.999250292778,"male": 0.000749716651626},"probability": 0.999250292778,"value": "female"},"genre_dortmund": {"all": {"alternative": 0.0279998052865,"blues": 0.0530965588987,"electronic": 0.70850533247,"folkcountry": 0.144172549248,"funksoulrnb": 0.00469994731247,"jazz": 0.0146610690281,"pop": 0.00919657293707,"raphiphop": 0.0030781859532,"rock": 0.0345899760723},"probability": 0.70850533247,"value": "electronic"},"genre_electronic": {"all": {"ambient": 0.839467406273,"dnb": 0.011485167779,"house": 0.0894287377596,"techno": 0.0147344097495,"trance": 0.0448842830956},"probability": 0.839467406273,"value": "ambient"},"genre_rosamerica": {"all": {"cla": 0.0488328747451,"dan": 0.0018776076613,"hip": 0.00368568045087,"jaz": 0.0176210068166,"pop": 0.36438164115,"rhy": 0.552231132984,"roc": 0.00722052436322,"spe": 0.00414956593886},"probability": 0.552231132984,"value": "rhy"},"genre_tzanetakis": {"all": {"blu": 0.0626613423228,"cla": 0.0348169617355,"cou": 0.104475811124,"dis": 0.0784321576357,"hip": 0.15692435205,"jaz": 0.313974827528,"met": 0.0448166541755,"pop": 0.0627359300852,"reg": 0.0627360641956,"roc": 0.0784258767962},"probability": 0.313974827528,"value": "jaz"},"ismir04_rhythm": {"all": {"ChaChaCha": 0.124096721411,"Jive": 0.0157988723367,"Quickstep": 0.0158697236329,"Rumba-American": 0.0349472053349,"Rumba-International": 0.0235784370452,"Rumba-Misc": 0.0146126095206,"Samba": 0.0360449589789,"Tango": 0.146264895797,"VienneseWaltz": 0.571524381638,"Waltz": 0.0172621998936},"probability": 0.571524381638,"value": "VienneseWaltz"},"mood_acoustic": {"all": {"acoustic": 0.85027718544,"not_acoustic": 0.14972281456},"probability": 0.85027718544,"value": "acoustic"},"mood_aggressive": {"all": {"aggressive": 0.0237351264805,"not_aggressive": 0.976264894009},"probability": 0.976264894009,"value": "not_aggressive"},"mood_electronic": {"all": {"electronic": 0.0597870536149,"not_electronic": 0.940212965012},"probability": 0.940212965012,"value": "not_electronic"},"mood_happy": {"all": {"happy": 0.745226323605,"not_happy": 0.254773676395},"probability": 0.745226323605,"value": "happy"},"mood_party": {"all": {"not_party": 0.914123356342,"party": 0.0858766213059},"probability": 0.914123356342,"value": "not_party"},"mood_relaxed": {"all": {"not_relaxed": 0.17080308497,"relaxed": 0.829196929932},"probability": 0.829196929932,"value": "relaxed"},"mood_sad": {"all": {"not_sad": 0.306976854801,"sad": 0.693023145199},"probability": 0.693023145199,"value": "sad"},"moods_mirex": {"all": {"Cluster1": 0.0285682659596,"Cluster2": 0.186797574162,"Cluster3": 0.413553833961,"Cluster4": 0.304434239864,"Cluster5": 0.0666460841894},"probability": 0.413553833961,"value": "Cluster3"},"timbre": {"all": {"bright": 0.972989797592,"dark": 0.027010191232},"probability": 0.972989797592,"value": "bright"},"tonal_atonal": {"all": {"atonal": 0.838491201401,"tonal": 0.161508768797},"probability": 0.838491201401,"value": "atonal"},"voice_instrumental": {"all": {"instrumental": 0.0124919572845,"voice": 0.987508058548},"probability": 0.987508058548,"value": "voice"}},"metadata": {"audio_properties": {"analysis_sample_rate": 44100,"bit_rate": 0,"equal_loudness": 0,"length": 209.479995728,"lossless": 1,"replay_gain": -13.0453681946,"sample_rate": 44100,"codec": "flac","downmix": "mix","md5_encoded": "d51eb15b1082e9deb98cb532e05c61e0"},"tags": {"file_name": "01 - Favorite.flac","acoustid_id": ["b95daf5a-c735-49d1-ae5d-35bdb8ee823b"],"album": ["Live From Austin TX"],"albumartist": ["Neko Case"],"albumartistsort": ["Case, Neko"],"artist": ["Neko Case"],"artistsort": ["Case, Neko"],"date": ["2007"],"musicbrainz_albumartistid": ["e13d2935-8c42-4c0a-96d7-654062acf106"],"musicbrainz_albumid": ["896fa0ec-0876-3766-9104-24202bb3434b"],"musicbrainz_artistid": ["e13d2935-8c42-4c0a-96d7-654062acf106"],"musicbrainz_recordingid": ["4789afb1-9be6-4fd9-ba2e-10ffbc00e9f2"],"title": ["Favorite"],"totaltracks": ["14"],"tracknumber": ["1"],"tracktotal": ["14"]},"version": {"highlevel": {"essentia": "2.1-beta5-dev","essentia_build_sha": "e74af04b57b164eed312abeef4963962215860f0","essentia_git_sha": "v2.1_beta4-499-g4013ebc","extractor": "music 2.0","gaia": "2.4.5","gaia_git_sha": "v2.4.4-44-g95f4851","models_essentia_git_sha": "v2.1_beta1"},"lowlevel": {"essentia": "2.1-beta1","essentia_build_sha": "ca57ba49d9b1854bd80e60cf9ccf267278fb7d6b","essentia_git_sha": "v2.1_beta1-28-g21ef5f4-dirty","extractor": "music 1.0"}}}}