{"highlevel": {"danceability": {"all": {"danceable": 0.0977842584252,"not_danceable": 0.902215719223},"probability": 0.902215719223,"value": "not_danceable"},"gender": {"all": {"female": 0.235444843769,"male": 0.764555156231},"probability": 0.764555156231,"value": "male"},"genre_dortmund": {"all": {"alternative": 0.00155115546659,"blues": 0.000125233753351,"electronic": 0.997721672058,"folkcountry": 0.000394818576751,"funksoulrnb": 2.91365518024e-06,"jazz": 2.93618504656e-05,"pop": 1.78621830855e-05,"raphiphop": 1.35880338803e-06,"rock": 0.000155603745952},"probability": 0.997721672058,"value": "electronic"},"genre_electronic": {"all": {"ambient": 0.645343601704,"dnb": 0.0108121940866,"house": 0.0633496791124,"techno": 0.0210304781795,"trance": 0.2594640553},"probability": 0.645343601704,"value": "ambient"},"genre_rosamerica": {"all": {"cla": 0.028153507039,"dan": 0.0111049087718,"hip": 0.00610973313451,"jaz": 0.0450065210462,"pop": 0.059105746448,"rhy": 0.0409502871335,"roc": 0.79736405611,"spe": 0.0122052663937},"probability": 0.79736405611,"value": "roc"},"genre_tzanetakis": {"all": {"blu": 0.0626613423228,"cla": 0.0348169617355,"cou": 0.104475811124,"dis": 0.0784321576357,"hip": 0.15692435205,"jaz": 0.313974827528,"met": 0.0448166541755,"pop": 0.0627359300852,"reg": 0.0627360641956,"roc": 0.0784258767962},"probability": 0.313974827528,"value": "jaz"},"ismir04_rhythm": {"all": {"ChaChaCha": 0.0218163728714,"Jive": 0.0546182505786,"Quickstep": 0.00226502469741,"Rumba-American": 0.00562282884493,"Rumba-International": 0.0088335191831,"Rumba-Misc": 0.0036300548818,"Samba": 0.0083870626986,"Tango": 0.0354548506439,"VienneseWaltz": 0.854579865932,"Waltz": 0.00479219295084},"probability": 0.854579865932,"value": "VienneseWaltz"},"mood_acoustic": {"all": {"acoustic": 0.568744719028,"not_acoustic": 0.431255280972},"probability": 0.568744719028,"value": "acoustic"},"mood_aggressive": {"all": {"aggressive": 0.105537161231,"not_aggressive": 0.894462823868},"probability": 0.894462823868,"value": "not_aggressive"},"mood_electronic": {"all": {"electronic": 0.41825440526,"not_electronic": 0.581745564938},"probability": 0.581745564938,"value": "not_electronic"},"mood_happy": {"all": {"happy": 0.132827743888,"not_happy": 0.867172241211},"probability": 0.867172241211,"value": "not_happy"},"mood_party": {"all": {"not_party": 0.929037570953,"party": 0.0709623992443},"probability": 0.929037570953,"value": "not_party"},"mood_relaxed": {"all": {"not_relaxed": 0.115781709552,"relaxed": 0.884218275547},"probability": 0.884218275547,"value": "relaxed"},"mood_sad": {"all": {"not_sad": 0.70969671011,"sad": 0.29030328989},"probability": 0.70969671011,"value": "not_sad"},"moods_mirex": {"all": {"Cluster1": 0.0962972864509,"Cluster2": 0.152318820357,"Cluster3": 0.357928037643,"Cluster4": 0.147336676717,"Cluster5": 0.246119186282},"probability": 0.357928037643,"value": "Cluster3"},"timbre": {"all": {"bright": 0.78282392025,"dark": 0.21717607975},"probability": 0.78282392025,"value": "bright"},"tonal_atonal": {"all": {"atonal": 0.0693170800805,"tonal": 0.930682897568},"probability": 0.930682897568,"value": "tonal"},"voice_instrumental": {"all": {"instrumental": 0.741186380386,"voice": 0.258813589811},"probability": 0.741186380386,"value": "instrumental"}},"metadata": {"audio_properties": {"analysis_sample_rate": 44100,"bit_rate": 320037,"equal_loudness": 0,"length": 228.493057251,"lossless": 0,"replay_gain": -14.4464569092,"sample_rate": 44100,"codec": "mp3","downmix": "mix","md5_encoded": "9b0889303aa7b6646750b6d2d656d61e"},"tags": {"file_name": "1897849.mp3","album": ["In Love (Deluxe Edition)"],"artist": ["Peace"],"date": ["0203"],"discnumber": ["1"],"genre": ["Alternative"],"musicbrainz_recordingid": ["47eb9c20-a664-473e-a9dc-afd4946c518a"],"title": ["Sugarstone"],"tracknumber": ["11"]},"version": {"highlevel": {"essentia": "2.1-beta5-dev","essentia_build_sha": "e74af04b57b164eed312abeef4963962215860f0","essentia_git_sha": "v2.1_beta4-499-g4013ebc","extractor": "music 2.0","gaia": "2.4.5","gaia_git_sha": "v2.4.4-44-g95f4851","models_essentia_git_sha": "v2.1_beta1"},"lowlevel": {"essentia": "2.1-beta2","essentia_build_sha": "70f2e5ece6736b2c40cc944ad0e695b16b925413","essentia_git_sha": "v2.1_beta2","extractor": "music 1.0"}}}}