{"highlevel": {"danceability": {"all": {"danceable": 0.557549238205,"not_danceable": 0.442450761795},"probability": 0.557549238205,"value": "danceable"},"gender": {"all": {"female": 0.228044956923,"male": 0.77195507288},"probability": 0.77195507288,"value": "male"},"genre_dortmund": {"all": {"alternative": 0.00136032293085,"blues": 3.90605637222e-05,"electronic": 0.998238563538,"folkcountry": 0.000170338869793,"funksoulrnb": 2.05264882425e-06,"jazz": 3.87490727007e-05,"pop": 1.18356228995e-05,"raphiphop": 1.22792107504e-06,"rock": 0.000137843278935},"probability": 0.998238563538,"value": "electronic"},"genre_electronic": {"all": {"ambient": 0.642250537872,"dnb": 0.0265054255724,"house": 0.154970958829,"techno": 0.0212124139071,"trance": 0.155060693622},"probability": 0.642250537872,"value": "ambient"},"genre_rosamerica": {"all": {"cla": 0.0492398776114,"dan": 0.0146923325956,"hip": 0.0379375107586,"jaz": 0.0826406255364,"pop": 0.35732460022,"rhy": 0.187267228961,"roc": 0.263623327017,"spe": 0.00727448984981},"probability": 0.35732460022,"value": "pop"},"genre_tzanetakis": {"all": {"blu": 0.0620671063662,"cla": 0.034474901855,"cou": 0.103433981538,"dis": 0.0620971247554,"hip": 0.15527240932,"jaz": 0.310666948557,"met": 0.044346679002,"pop": 0.0620793737471,"reg": 0.0620816536248,"roc": 0.103479810059},"probability": 0.310666948557,"value": "jaz"},"ismir04_rhythm": {"all": {"ChaChaCha": 0.118891328573,"Jive": 0.17035612464,"Quickstep": 0.031956564635,"Rumba-American": 0.0329170227051,"Rumba-International": 0.0217463765293,"Rumba-Misc": 0.0183779727668,"Samba": 0.0460923574865,"Tango": 0.408569276333,"VienneseWaltz": 0.133678749204,"Waltz": 0.0174142234027},"probability": 0.408569276333,"value": "Tango"},"mood_acoustic": {"all": {"acoustic": 0.12861405313,"not_acoustic": 0.871385931969},"probability": 0.871385931969,"value": "not_acoustic"},"mood_aggressive": {"all": {"aggressive": 0.38473507762,"not_aggressive": 0.615264892578},"probability": 0.615264892578,"value": "not_aggressive"},"mood_electronic": {"all": {"electronic": 0.12418884784,"not_electronic": 0.875811159611},"probability": 0.875811159611,"value": "not_electronic"},"mood_happy": {"all": {"happy": 0.515638411045,"not_happy": 0.484361618757},"probability": 0.515638411045,"value": "happy"},"mood_party": {"all": {"not_party": 0.457604289055,"party": 0.542395710945},"probability": 0.542395710945,"value": "party"},"mood_relaxed": {"all": {"not_relaxed": 0.946846425533,"relaxed": 0.0531535595655},"probability": 0.946846425533,"value": "not_relaxed"},"mood_sad": {"all": {"not_sad": 0.677682876587,"sad": 0.322317123413},"probability": 0.677682876587,"value": "not_sad"},"moods_mirex": {"all": {"Cluster1": 0.0984249562025,"Cluster2": 0.0980305150151,"Cluster3": 0.170379921794,"Cluster4": 0.0855533927679,"Cluster5": 0.547611236572},"probability": 0.547611236572,"value": "Cluster5"},"timbre": {"all": {"bright": 0.686061322689,"dark": 0.313938707113},"probability": 0.686061322689,"value": "bright"},"tonal_atonal": {"all": {"atonal": 0.713407874107,"tonal": 0.28659209609},"probability": 0.713407874107,"value": "atonal"},"voice_instrumental": {"all": {"instrumental": 0.753114998341,"voice": 0.246884986758},"probability": 0.753114998341,"value": "instrumental"}},"metadata": {"audio_properties": {"analysis_sample_rate": 44100,"bit_rate": 160011,"equal_loudness": 0,"length": 367.856323242,"lossless": 0,"replay_gain": -14.3076534271,"sample_rate": 44100,"codec": "mp3","downmix": "mix","md5_encoded": "4b2924bb198b89eccc0d75887c2b75fe"},"tags": {"file_name": "Glass Hammer - One King.mp3","album": ["Anthology 2000-2011"],"artist": ["Glass Hammer"],"artistsort": ["Glass Hammer"],"bpm": ["0"],"date": ["2012"],"discnumber": ["0\/0"],"encoding": ["Lavf56.36.100"],"musicbrainz_artistid": ["b909acdc-e839-4c12-87da-b4c799226fb6"],"musicbrainz_recordingid": ["319f16c6-b6aa-4f08-a95f-752106b8ac0a"],"title": ["One King"],"tracknumber": ["3\/0"]},"version": {"highlevel": {"essentia": "2.1-beta5-dev","essentia_build_sha": "e74af04b57b164eed312abeef4963962215860f0","essentia_git_sha": "v2.1_beta4-499-g4013ebc","extractor": "music 2.0","gaia": "2.4.5","gaia_git_sha": "v2.4.4-44-g95f4851","models_essentia_git_sha": "v2.1_beta1"},"lowlevel": {"essentia": "2.1-beta2","essentia_build_sha": "70f2e5ece6736b2c40cc944ad0e695b16b925413","essentia_git_sha": "v2.1_beta2","extractor": "music 1.0"}}}}