{"highlevel": {"danceability": {"all": {"danceable": 0.140988916159,"not_danceable": 0.859011113644},"probability": 0.859011113644,"value": "not_danceable"},"gender": {"all": {"female": 0.102192901075,"male": 0.897807121277},"probability": 0.897807121277,"value": "male"},"genre_dortmund": {"all": {"alternative": 0.0223152954131,"blues": 0.00274390703999,"electronic": 0.969747364521,"folkcountry": 0.0020799797494,"funksoulrnb": 0.000148702893057,"jazz": 0.000319910643157,"pop": 0.000191100974916,"raphiphop": 4.01217657782e-05,"rock": 0.00241360091604},"probability": 0.969747364521,"value": "electronic"},"genre_electronic": {"all": {"ambient": 0.592619597912,"dnb": 0.0169976651669,"house": 0.0112050054595,"techno": 0.00391095736995,"trance": 0.375266760588},"probability": 0.592619597912,"value": "ambient"},"genre_rosamerica": {"all": {"cla": 0.0210893321782,"dan": 0.00670721428469,"hip": 0.00202521891333,"jaz": 0.013177992776,"pop": 0.0520212501287,"rhy": 0.00470610801131,"roc": 0.89978659153,"spe": 0.000486311037093},"probability": 0.89978659153,"value": "roc"},"genre_tzanetakis": {"all": {"blu": 0.0626613423228,"cla": 0.0348169617355,"cou": 0.104475811124,"dis": 0.0784321576357,"hip": 0.15692435205,"jaz": 0.313974827528,"met": 0.0448166541755,"pop": 0.0627359300852,"reg": 0.0627360641956,"roc": 0.0784258767962},"probability": 0.313974827528,"value": "jaz"},"ismir04_rhythm": {"all": {"ChaChaCha": 0.166082590818,"Jive": 0.153054639697,"Quickstep": 0.0255579836667,"Rumba-American": 0.0202824659646,"Rumba-International": 0.0182376224548,"Rumba-Misc": 0.0174273885787,"Samba": 0.0347536504269,"Tango": 0.105273298919,"VienneseWaltz": 0.445710897446,"Waltz": 0.0136194722727},"probability": 0.445710897446,"value": "VienneseWaltz"},"mood_acoustic": {"all": {"acoustic": 0.00586764607579,"not_acoustic": 0.994132339954},"probability": 0.994132339954,"value": "not_acoustic"},"mood_aggressive": {"all": {"aggressive": 0.957429051399,"not_aggressive": 0.0425709486008},"probability": 0.957429051399,"value": "aggressive"},"mood_electronic": {"all": {"electronic": 0.709795534611,"not_electronic": 0.290204465389},"probability": 0.709795534611,"value": "electronic"},"mood_happy": {"all": {"happy": 0.343890875578,"not_happy": 0.65610909462},"probability": 0.65610909462,"value": "not_happy"},"mood_party": {"all": {"not_party": 0.0923466905951,"party": 0.907653331757},"probability": 0.907653331757,"value": "party"},"mood_relaxed": {"all": {"not_relaxed": 0.716318130493,"relaxed": 0.283681899309},"probability": 0.716318130493,"value": "not_relaxed"},"mood_sad": {"all": {"not_sad": 0.788131475449,"sad": 0.21186850965},"probability": 0.788131475449,"value": "not_sad"},"moods_mirex": {"all": {"Cluster1": 0.126242950559,"Cluster2": 0.0653243213892,"Cluster3": 0.101835943758,"Cluster4": 0.135555833578,"Cluster5": 0.571040928364},"probability": 0.571040928364,"value": "Cluster5"},"timbre": {"all": {"bright": 0.251252412796,"dark": 0.748747587204},"probability": 0.748747587204,"value": "dark"},"tonal_atonal": {"all": {"atonal": 0.374465018511,"tonal": 0.625534951687},"probability": 0.625534951687,"value": "tonal"},"voice_instrumental": {"all": {"instrumental": 0.310521781445,"voice": 0.689478218555},"probability": 0.689478218555,"value": "voice"}},"metadata": {"audio_properties": {"analysis_sample_rate": 44100,"bit_rate": 0,"equal_loudness": 0,"length": 290.266662598,"lossless": 1,"replay_gain": -12.534532547,"sample_rate": 44100,"codec": "flac","downmix": "mix","md5_encoded": "73817dc37cc2ae29f496f0e11aab7c09"},"tags": {"file_name": "09-Doves-Here_it_Comes.flac","album": ["Q: The Best Tracks From the Best Albums of 2000"],"artist": ["Doves"],"compilation": ["1"],"date": ["2000-00-00"],"musicbrainz_albumartistid": ["89ad4ac3-39f7-470e-963a-56509c546377"],"musicbrainz_albumid": ["9adc6573-ec5f-4211-a40c-b611a46c5545"],"musicbrainz_artistid": ["9de8f66e-3cd1-4f11-8328-38200f0612b0"],"musicbrainz_recordingid": ["32617f1d-9e70-425d-ab6c-3fcb484db99a"],"title": ["Here it Comes"],"tracknumber": ["9"]},"version": {"highlevel": {"essentia": "2.1-beta5-dev","essentia_build_sha": "e74af04b57b164eed312abeef4963962215860f0","essentia_git_sha": "v2.1_beta4-499-g4013ebc","extractor": "music 2.0","gaia": "2.4.5","gaia_git_sha": "v2.4.4-44-g95f4851","models_essentia_git_sha": "v2.1_beta1"},"lowlevel": {"essentia": "2.1-beta2","essentia_build_sha": "cead25079874084f62182a551b7393616cd33d87","essentia_git_sha": "v2.1_beta2-1-ge3940c0","extractor": "music 1.0"}}}}