{"highlevel": {"danceability": {"all": {"danceable": 0.999783217907,"not_danceable": 0.000216774365981},"probability": 0.999783217907,"value": "danceable"},"gender": {"all": {"female": 0.706761598587,"male": 0.293238401413},"probability": 0.706761598587,"value": "female"},"genre_dortmund": {"all": {"alternative": 0.0497854910791,"blues": 0.011902756989,"electronic": 0.890962064266,"folkcountry": 0.0249538589269,"funksoulrnb": 0.000967137049884,"jazz": 0.00236502801999,"pop": 0.00258687860332,"raphiphop": 0.0007778746658,"rock": 0.015698896721},"probability": 0.890962064266,"value": "electronic"},"genre_electronic": {"all": {"ambient": 0.514379620552,"dnb": 0.0403047241271,"house": 0.0504093393683,"techno": 0.0191326364875,"trance": 0.375773698092},"probability": 0.514379620552,"value": "ambient"},"genre_rosamerica": {"all": {"cla": 0.00137570034713,"dan": 0.00775205343962,"hip": 0.0018071847735,"jaz": 0.00166460417677,"pop": 0.0405757762492,"rhy": 0.0245767198503,"roc": 0.92206466198,"spe": 0.00018328880833},"probability": 0.92206466198,"value": "roc"},"genre_tzanetakis": {"all": {"blu": 0.0617713928223,"cla": 0.0343018434942,"cou": 0.102904699743,"dis": 0.0514719486237,"hip": 0.154438391328,"jaz": 0.309046447277,"met": 0.0441263727844,"pop": 0.0772129744291,"reg": 0.0617708563805,"roc": 0.102955065668},"probability": 0.309046447277,"value": "jaz"},"ismir04_rhythm": {"all": {"ChaChaCha": 0.122268468142,"Jive": 0.251180976629,"Quickstep": 0.0358098633587,"Rumba-American": 0.0428820475936,"Rumba-International": 0.0392641760409,"Rumba-Misc": 0.0401200801134,"Samba": 0.0642950236797,"Tango": 0.102998055518,"VienneseWaltz": 0.273714393377,"Waltz": 0.0274669211358},"probability": 0.273714393377,"value": "VienneseWaltz"},"mood_acoustic": {"all": {"acoustic": 0.00334331695922,"not_acoustic": 0.996656656265},"probability": 0.996656656265,"value": "not_acoustic"},"mood_aggressive": {"all": {"aggressive": 2.27089347327e-09,"not_aggressive": 1},"probability": 1,"value": "not_aggressive"},"mood_electronic": {"all": {"electronic": 0.699718654156,"not_electronic": 0.300281375647},"probability": 0.699718654156,"value": "electronic"},"mood_happy": {"all": {"happy": 0.938426613808,"not_happy": 0.0615734010935},"probability": 0.938426613808,"value": "happy"},"mood_party": {"all": {"not_party": 0.584125161171,"party": 0.415874838829},"probability": 0.584125161171,"value": "not_party"},"mood_relaxed": {"all": {"not_relaxed": 0.194733828306,"relaxed": 0.805266201496},"probability": 0.805266201496,"value": "relaxed"},"mood_sad": {"all": {"not_sad": 0.9102435112,"sad": 0.0897565037012},"probability": 0.9102435112,"value": "not_sad"},"moods_mirex": {"all": {"Cluster1": 0.133347764611,"Cluster2": 0.187446385622,"Cluster3": 0.0967175066471,"Cluster4": 0.118893034756,"Cluster5": 0.463595330715},"probability": 0.463595330715,"value": "Cluster5"},"timbre": {"all": {"bright": 0.616890907288,"dark": 0.383109092712},"probability": 0.616890907288,"value": "bright"},"tonal_atonal": {"all": {"atonal": 0.0569139681756,"tonal": 0.943086028099},"probability": 0.943086028099,"value": "tonal"},"voice_instrumental": {"all": {"instrumental": 0.86050093174,"voice": 0.139499098063},"probability": 0.86050093174,"value": "instrumental"}},"metadata": {"audio_properties": {"analysis_sample_rate": 44100,"bit_rate": 0,"equal_loudness": 0,"length": 186.826660156,"lossless": 1,"replay_gain": -8.35800552368,"sample_rate": 44100,"codec": "flac","downmix": "mix","md5_encoded": "912fcd1f83c395915ef84048bfee49dd"},"tags": {"file_name": "05 - Macbeth.flac","acoustid_id": ["8360ee82-ac03-48c9-99f1-8c8bab628191"],"album": ["Paris 1919"],"albumartist": ["John Cale"],"albumartistsort": ["Cale, John"],"artist": ["John Cale"],"artistsort": ["Cale, John"],"asin": ["B000005JAB"],"barcode": ["075992592628"],"catalognumber": ["7599-25926-2"],"date": ["1993-10-26"],"discnumber": ["1"],"disctotal": ["1"],"genre": ["Avantgarde"],"label": ["Warner Archives"],"media": ["CD"],"musicbrainz_albumartistid": ["72c090b6-a68e-4cb9-b330-85278681a714"],"musicbrainz_albumid": ["89355b1f-40af-339d-b873-bfff6c53a3e8"],"musicbrainz_artistid": ["72c090b6-a68e-4cb9-b330-85278681a714"],"musicbrainz_recordingid": ["1b71bba4-1668-41bb-994e-c1d4a4c25dbb"],"musicbrainz_releasegroupid": ["56da088f-9d69-3af4-aeac-55649e19bffe"],"originaldate": ["1973-03"],"releasecountry": ["US"],"releasestatus": ["official"],"releasetype": ["album"],"script": ["Latn"],"title": ["Macbeth"],"tracknumber": ["5"],"tracktotal": ["9"]},"version": {"highlevel": {"essentia": "2.1-beta5-dev","essentia_build_sha": "e74af04b57b164eed312abeef4963962215860f0","essentia_git_sha": "v2.1_beta4-499-g4013ebc","extractor": "music 2.0","gaia": "2.4.5","gaia_git_sha": "v2.4.4-44-g95f4851","models_essentia_git_sha": "v2.1_beta1"},"lowlevel": {"essentia": "2.1-beta2","essentia_build_sha": "2d9f1f26377add8aeb1075a9c2973f962c4f09fd","essentia_git_sha": "v2.1_beta2-1-ge3940c0","extractor": "music 1.0"}}}}