{"highlevel": {"danceability": {"all": {"danceable": 0.19783090055,"not_danceable": 0.802169084549},"probability": 0.802169084549,"value": "not_danceable"},"gender": {"all": {"female": 0.00878747180104,"male": 0.991212546825},"probability": 0.991212546825,"value": "male"},"genre_dortmund": {"all": {"alternative": 0.148242264986,"blues": 0.107586473227,"electronic": 0.103996835649,"folkcountry": 0.406285881996,"funksoulrnb": 0.0150094926357,"jazz": 0.0209258105606,"pop": 0.0237567909062,"raphiphop": 0.00980523508042,"rock": 0.164391204715},"probability": 0.406285881996,"value": "folkcountry"},"genre_electronic": {"all": {"ambient": 0.798040151596,"dnb": 0.0213798545301,"house": 0.0872850343585,"techno": 0.0121335759759,"trance": 0.0811614170671},"probability": 0.798040151596,"value": "ambient"},"genre_rosamerica": {"all": {"cla": 0.025355828926,"dan": 0.00554066896439,"hip": 0.0167068429291,"jaz": 0.0308671034873,"pop": 0.116469085217,"rhy": 0.787161767483,"roc": 0.0148581238464,"spe": 0.00304058683105},"probability": 0.787161767483,"value": "rhy"},"genre_tzanetakis": {"all": {"blu": 0.0626541376114,"cla": 0.0348133966327,"cou": 0.0783501937985,"dis": 0.104547761381,"hip": 0.15693578124,"jaz": 0.313987255096,"met": 0.044816005975,"pop": 0.0627349764109,"reg": 0.0627352520823,"roc": 0.0784252434969},"probability": 0.313987255096,"value": "jaz"},"ismir04_rhythm": {"all": {"ChaChaCha": 0.103886723518,"Jive": 0.0491656213999,"Quickstep": 0.0330754257739,"Rumba-American": 0.0346385426819,"Rumba-International": 0.0771503597498,"Rumba-Misc": 0.0218070559204,"Samba": 0.0530980564654,"Tango": 0.222315967083,"VienneseWaltz": 0.363598704338,"Waltz": 0.0412635393441},"probability": 0.363598704338,"value": "VienneseWaltz"},"mood_acoustic": {"all": {"acoustic": 0.869497418404,"not_acoustic": 0.130502596498},"probability": 0.869497418404,"value": "acoustic"},"mood_aggressive": {"all": {"aggressive": 0.0574042536318,"not_aggressive": 0.942595720291},"probability": 0.942595720291,"value": "not_aggressive"},"mood_electronic": {"all": {"electronic": 0.0550761148334,"not_electronic": 0.944923877716},"probability": 0.944923877716,"value": "not_electronic"},"mood_happy": {"all": {"happy": 0.350288718939,"not_happy": 0.649711251259},"probability": 0.649711251259,"value": "not_happy"},"mood_party": {"all": {"not_party": 0.864762842655,"party": 0.135237157345},"probability": 0.864762842655,"value": "not_party"},"mood_relaxed": {"all": {"not_relaxed": 0.0277586262673,"relaxed": 0.972241401672},"probability": 0.972241401672,"value": "relaxed"},"mood_sad": {"all": {"not_sad": 0.716655492783,"sad": 0.283344507217},"probability": 0.716655492783,"value": "not_sad"},"moods_mirex": {"all": {"Cluster1": 0.0940372571349,"Cluster2": 0.257185935974,"Cluster3": 0.281408369541,"Cluster4": 0.300838857889,"Cluster5": 0.0665295645595},"probability": 0.300838857889,"value": "Cluster4"},"timbre": {"all": {"bright": 0.989372313023,"dark": 0.0106276907027},"probability": 0.989372313023,"value": "bright"},"tonal_atonal": {"all": {"atonal": 0.0649925246835,"tonal": 0.935007452965},"probability": 0.935007452965,"value": "tonal"},"voice_instrumental": {"all": {"instrumental": 0.00587640097365,"voice": 0.994123578072},"probability": 0.994123578072,"value": "voice"}},"metadata": {"audio_properties": {"analysis_sample_rate": 44100,"bit_rate": 128000,"equal_loudness": 0,"length": 177.293060303,"lossless": 0,"replay_gain": -9.18718719482,"sample_rate": 44100,"codec": "mp3","downmix": "mix","md5_encoded": "1d31244fe5733f4fbc0cd732051018a2"},"tags": {"file_name": "A Fire I Can't Put Out - George Strait.mp3","acoustid_id": ["4955cf76-fdfb-4fbe-afdc-24acc09bb450"],"album": ["Strait Out of the Box"],"albumartist": ["George Strait"],"albumartistsort": ["Strait, George"],"artist": ["George Strait"],"artistsort": ["Strait, George"],"asin": ["B000002OWW"],"catalognumber": ["MCAD4-11263"],"date": ["1995-09-12"],"discnumber": ["1\/4"],"genre": ["Country"],"label": ["MCA Records"],"length": ["177000"],"media": ["CD"],"musicbrainz album release country": ["US"],"musicbrainz album status": ["official"],"musicbrainz album type": ["compilation"],"musicbrainz_albumartistid": ["5ab2cf34-517e-48eb-b3a5-34e1cbcd600a"],"musicbrainz_albumid": ["0dcb1330-c599-44d0-9993-9b8b84034890"],"musicbrainz_artistid": ["5ab2cf34-517e-48eb-b3a5-34e1cbcd600a"],"musicbrainz_recordingid": ["23db58f9-6e49-4812-a714-6b22a257dd62"],"originaldate": ["1995-09-12"],"script": ["Latn"],"title": ["A Fire I Can't Put Out"],"tracknumber": ["16\/18"]},"version": {"highlevel": {"essentia": "2.1-beta5-dev","essentia_build_sha": "e74af04b57b164eed312abeef4963962215860f0","essentia_git_sha": "v2.1_beta4-499-g4013ebc","extractor": "music 2.0","gaia": "2.4.5","gaia_git_sha": "v2.4.4-44-g95f4851","models_essentia_git_sha": "v2.1_beta1"},"lowlevel": {"essentia": "2.1-beta2","essentia_build_sha": "70f2e5ece6736b2c40cc944ad0e695b16b925413","essentia_git_sha": "v2.1_beta2","extractor": "music 1.0"}}}}