{"highlevel": {"danceability": {"all": {"danceable": 0.0149720460176,"not_danceable": 0.985027968884},"probability": 0.985027968884,"value": "not_danceable"},"gender": {"all": {"female": 0.959504127502,"male": 0.0404958538711},"probability": 0.959504127502,"value": "female"},"genre_dortmund": {"all": {"alternative": 0.0101869143546,"blues": 0.0106923226267,"electronic": 0.922699213028,"folkcountry": 0.0440510511398,"funksoulrnb": 0.000490406935569,"jazz": 0.003775927471,"pop": 0.00111880106851,"raphiphop": 0.000298719882267,"rock": 0.00668663950637},"probability": 0.922699213028,"value": "electronic"},"genre_electronic": {"all": {"ambient": 0.958542644978,"dnb": 0.00252379546873,"house": 0.0250786468387,"techno": 0.00393242109567,"trance": 0.00992247555405},"probability": 0.958542644978,"value": "ambient"},"genre_rosamerica": {"all": {"cla": 0.191007077694,"dan": 0.00626825122163,"hip": 0.0109565053135,"jaz": 0.33854663372,"pop": 0.0239642895758,"rhy": 0.402655929327,"roc": 0.0111304456368,"spe": 0.0154708642513},"probability": 0.402655929327,"value": "rhy"},"genre_tzanetakis": {"all": {"blu": 0.0785095840693,"cla": 0.0349162854254,"cou": 0.104380585253,"dis": 0.062724493444,"hip": 0.156761214137,"jaz": 0.31360989809,"met": 0.0448201969266,"pop": 0.062671661377,"reg": 0.063256688416,"roc": 0.0783493965864},"probability": 0.31360989809,"value": "jaz"},"ismir04_rhythm": {"all": {"ChaChaCha": 0.0594318546355,"Jive": 0.00662252074108,"Quickstep": 0.0129552520812,"Rumba-American": 0.0275737587363,"Rumba-International": 0.0157486051321,"Rumba-Misc": 0.0129112210125,"Samba": 0.0144253363833,"Tango": 0.514591813087,"VienneseWaltz": 0.278736501932,"Waltz": 0.0570031479001},"probability": 0.514591813087,"value": "Tango"},"mood_acoustic": {"all": {"acoustic": 0.94562381506,"not_acoustic": 0.0543761588633},"probability": 0.94562381506,"value": "acoustic"},"mood_aggressive": {"all": {"aggressive": 5.54377038497e-06,"not_aggressive": 0.999994456768},"probability": 0.999994456768,"value": "not_aggressive"},"mood_electronic": {"all": {"electronic": 0.0246381293982,"not_electronic": 0.97536188364},"probability": 0.97536188364,"value": "not_electronic"},"mood_happy": {"all": {"happy": 0.45841473341,"not_happy": 0.54158526659},"probability": 0.54158526659,"value": "not_happy"},"mood_party": {"all": {"not_party": 0.993963718414,"party": 0.00603627366945},"probability": 0.993963718414,"value": "not_party"},"mood_relaxed": {"all": {"not_relaxed": 0.0306661333889,"relaxed": 0.9693338871},"probability": 0.9693338871,"value": "relaxed"},"mood_sad": {"all": {"not_sad": 0.207077383995,"sad": 0.792922616005},"probability": 0.792922616005,"value": "sad"},"moods_mirex": {"all": {"Cluster1": 0.0596778541803,"Cluster2": 0.126881435513,"Cluster3": 0.436429262161,"Cluster4": 0.144078880548,"Cluster5": 0.232932597399},"probability": 0.436429262161,"value": "Cluster3"},"timbre": {"all": {"bright": 0.99472028017,"dark": 0.0052797133103},"probability": 0.99472028017,"value": "bright"},"tonal_atonal": {"all": {"atonal": 0.0907140001655,"tonal": 0.909286022186},"probability": 0.909286022186,"value": "tonal"},"voice_instrumental": {"all": {"instrumental": 0.0240557808429,"voice": 0.97594422102},"probability": 0.97594422102,"value": "voice"}},"metadata": {"audio_properties": {"analysis_sample_rate": 44100,"bit_rate": 0,"equal_loudness": 0,"length": 254.039993286,"lossless": 1,"replay_gain": -9.86194801331,"sample_rate": 44100,"codec": "flac","downmix": "mix","md5_encoded": "ca952e5f9ca28bfcdd50fca9baec38be"},"tags": {"file_name": "07 - Moratorium.flac","acoustid_id": ["ed224e43-7ef5-485c-8371-e404ba3a7bf3"],"album": ["She Used to Wanna Be a Ballerina"],"albumartist": ["Buffy Sainte-Marie"],"albumartistsort": ["Sainte-Marie, Buffy"],"artist": ["Buffy Sainte-Marie"],"artistsort": ["Sainte-Marie, Buffy"],"barcode": ["090204400522"],"catalognumber": ["VMD 79311"],"date": ["2005"],"label": ["Vanguard Records"],"media": ["CD"],"musicbrainz_albumartistid": ["7b1a3022-6f4d-4c6b-acb3-bfa8919222b9"],"musicbrainz_albumid": ["e5982437-c119-4164-8042-b1bcdc0e367e"],"musicbrainz_artistid": ["7b1a3022-6f4d-4c6b-acb3-bfa8919222b9"],"musicbrainz_recordingid": ["23df5f77-4ed9-4641-96f7-267bcf7b0da4"],"musicbrainz_releasegroupid": ["28022c4b-c6d0-389a-9eb5-20d1bf9396b4"],"musicbrainz_releasetrackid": ["e8b07c86-3771-4816-9645-fc5a46a00e0a"],"originaldate": ["1971"],"releasecountry": ["GB"],"releasestatus": ["official"],"releasetype": ["album"],"script": ["Latn"],"title": ["Moratorium"],"totaltracks": ["11"],"tracknumber": ["7"],"tracktotal": ["11"]},"version": {"highlevel": {"essentia": "2.1-beta5-dev","essentia_build_sha": "e74af04b57b164eed312abeef4963962215860f0","essentia_git_sha": "v2.1_beta4-499-g4013ebc","extractor": "music 2.0","gaia": "2.4.5","gaia_git_sha": "v2.4.4-44-g95f4851","models_essentia_git_sha": "v2.1_beta1"},"lowlevel": {"essentia": "2.1-beta2","essentia_build_sha": "70f2e5ece6736b2c40cc944ad0e695b16b925413","essentia_git_sha": "v2.1_beta2","extractor": "music 1.0"}}}}