{"highlevel": {"danceability": {"all": {"danceable": 0.549584805965,"not_danceable": 0.450415223837},"probability": 0.549584805965,"value": "danceable"},"gender": {"all": {"female": 0.0769642964005,"male": 0.923035681248},"probability": 0.923035681248,"value": "male"},"genre_dortmund": {"all": {"alternative": 3.81403744143e-08,"blues": 4.04822699807e-08,"electronic": 0.999993681908,"folkcountry": 1.33387663936e-06,"funksoulrnb": 2.49132341423e-07,"jazz": 4.38015194959e-06,"pop": 6.3790821514e-08,"raphiphop": 2.8430697796e-08,"rock": 1.96730283619e-07},"probability": 0.999993681908,"value": "electronic"},"genre_electronic": {"all": {"ambient": 0.270200997591,"dnb": 0.0157098397613,"house": 0.0760375782847,"techno": 0.021512651816,"trance": 0.61653894186},"probability": 0.61653894186,"value": "trance"},"genre_rosamerica": {"all": {"cla": 0.00123464944772,"dan": 0.00784603599459,"hip": 0.0216536391526,"jaz": 0.00381958531216,"pop": 0.0177131332457,"rhy": 0.00124456931371,"roc": 0.94581758976,"spe": 0.000670805224217},"probability": 0.94581758976,"value": "roc"},"genre_tzanetakis": {"all": {"blu": 0.0626613423228,"cla": 0.0348169617355,"cou": 0.104475811124,"dis": 0.0784321576357,"hip": 0.15692435205,"jaz": 0.313974827528,"met": 0.0448166541755,"pop": 0.0627359300852,"reg": 0.0627360641956,"roc": 0.0784258767962},"probability": 0.313974827528,"value": "jaz"},"ismir04_rhythm": {"all": {"ChaChaCha": 0.144380882382,"Jive": 0.179842844605,"Quickstep": 0.0260714553297,"Rumba-American": 0.0419547148049,"Rumba-International": 0.0246561430395,"Rumba-Misc": 0.0212717894465,"Samba": 0.0758956447244,"Tango": 0.385581374168,"VienneseWaltz": 0.0837159454823,"Waltz": 0.0166291967034},"probability": 0.385581374168,"value": "Tango"},"mood_acoustic": {"all": {"acoustic": 4.0211234591e-06,"not_acoustic": 0.999996006489},"probability": 0.999996006489,"value": "not_acoustic"},"mood_aggressive": {"all": {"aggressive": 0.990426957607,"not_aggressive": 0.00957305449992},"probability": 0.990426957607,"value": "aggressive"},"mood_electronic": {"all": {"electronic": 0.828779935837,"not_electronic": 0.171220034361},"probability": 0.828779935837,"value": "electronic"},"mood_happy": {"all": {"happy": 0.0157887712121,"not_happy": 0.984211206436},"probability": 0.984211206436,"value": "not_happy"},"mood_party": {"all": {"not_party": 0.198881790042,"party": 0.801118195057},"probability": 0.801118195057,"value": "party"},"mood_relaxed": {"all": {"not_relaxed": 0.923550009727,"relaxed": 0.0764499902725},"probability": 0.923550009727,"value": "not_relaxed"},"mood_sad": {"all": {"not_sad": 0.837784826756,"sad": 0.162215173244},"probability": 0.837784826756,"value": "not_sad"},"moods_mirex": {"all": {"Cluster1": 0.0810850262642,"Cluster2": 0.0541385821998,"Cluster3": 0.202441692352,"Cluster4": 0.0585879571736,"Cluster5": 0.603746771812},"probability": 0.603746771812,"value": "Cluster5"},"timbre": {"all": {"bright": 0.0244880113751,"dark": 0.975511968136},"probability": 0.975511968136,"value": "dark"},"tonal_atonal": {"all": {"atonal": 0.978688120842,"tonal": 0.0213118754327},"probability": 0.978688120842,"value": "atonal"},"voice_instrumental": {"all": {"instrumental": 0.516585528851,"voice": 0.483414500952},"probability": 0.516585528851,"value": "instrumental"}},"metadata": {"audio_properties": {"analysis_sample_rate": 44100,"bit_rate": 0,"equal_loudness": 0,"length": 458.626678467,"lossless": 1,"replay_gain": -15.5801362991,"sample_rate": 44100,"codec": "flac","downmix": "mix","md5_encoded": "d363644290bdebd09919b8f62a62610f"},"tags": {"file_name": "05 Forward March.flac","album": ["Tempo of the Damned"],"albumartist": ["Exodus"],"albumartistsort": ["Exodus"],"artist": ["Exodus"],"artistsort": ["Exodus"],"asin": ["B00014AQ3G"],"barcode": ["727361121822"],"catalognumber": ["NB 1218-2"],"composer": ["Gary Holt"],"composersort": ["Holt, Gary"],"date": ["2004-02-02"],"discnumber": ["1"],"disctotal": ["1"],"engineer": ["Goober", "Andy Sneap"],"genre": ["Pop\/Rock"],"grouping": ["Metal"],"label": ["Nuclear Blast"],"media": ["CD"],"mixer": ["Andy Sneap"],"mood": ["Angry"],"musicbrainz_albumartistid": ["18e9bfd5-db23-4bc1-be0f-5710e5d656e4"],"musicbrainz_albumid": ["fce9893d-f451-3532-b4fb-7faf69bc15f5"],"musicbrainz_artistid": ["18e9bfd5-db23-4bc1-be0f-5710e5d656e4"],"musicbrainz_discid": ["3KaNLqd3RA0oz0D8z2EUxdNXJn0-"],"musicbrainz_recordingid": ["5a4ed7c1-690b-4fb7-8886-64df941d2e5c"],"musicbrainz_releasegroupid": ["09fb5a8a-db64-3137-9905-709dc0bc3a00"],"musicbrainz_releasetrackid": ["4235360b-8511-3785-8fb3-238716c070fc"],"originaldate": ["2004-02-02"],"originalyear": ["2004"],"performer": ["Jack Gibson (bass guitar)", "Tom Hunting (drums)", "Steve Souza (lead vocals)", "Gary Holt (guitars)", "Rick Hunolt (guitars)"],"producer": ["Andy Sneap"],"releasecountry": ["DE"],"releasestatus": ["official"],"releasetype": ["album"],"script": ["Latn"],"title": ["Forward March"],"totaldiscs": ["1"],"totaltracks": ["10"],"tracknumber": ["5"],"tracktotal": ["10"]},"version": {"highlevel": {"essentia": "2.1-beta5-dev","essentia_build_sha": "e74af04b57b164eed312abeef4963962215860f0","essentia_git_sha": "v2.1_beta4-499-g4013ebc","extractor": "music 2.0","gaia": "2.4.5","gaia_git_sha": "v2.4.4-44-g95f4851","models_essentia_git_sha": "v2.1_beta1"},"lowlevel": {"essentia": "2.1-beta2","essentia_build_sha": "70f2e5ece6736b2c40cc944ad0e695b16b925413","essentia_git_sha": "v2.1_beta2","extractor": "music 1.0"}}}}