{"highlevel": {"danceability": {"all": {"danceable": 0.172126829624,"not_danceable": 0.827873170376},"probability": 0.827873170376,"value": "not_danceable"},"gender": {"all": {"female": 0.0875788480043,"male": 0.912421166897},"probability": 0.912421166897,"value": "male"},"genre_dortmund": {"all": {"alternative": 0.242816984653,"blues": 0.079422570765,"electronic": 0.156291842461,"folkcountry": 0.138495311141,"funksoulrnb": 0.0101732378826,"jazz": 0.0227527581155,"pop": 0.0296183619648,"raphiphop": 0.00810918956995,"rock": 0.312319755554},"probability": 0.312319755554,"value": "rock"},"genre_electronic": {"all": {"ambient": 0.264959305525,"dnb": 0.130879446864,"house": 0.440620452166,"techno": 0.0284928120673,"trance": 0.135047972202},"probability": 0.440620452166,"value": "house"},"genre_rosamerica": {"all": {"cla": 0.00141684059054,"dan": 0.00391062628478,"hip": 0.00604518596083,"jaz": 0.00187449762598,"pop": 0.00832535605878,"rhy": 0.00265242299065,"roc": 0.974363923073,"spe": 0.00141112494748},"probability": 0.974363923073,"value": "roc"},"genre_tzanetakis": {"all": {"blu": 0.0626613423228,"cla": 0.0348169617355,"cou": 0.104475811124,"dis": 0.0784321576357,"hip": 0.15692435205,"jaz": 0.313974827528,"met": 0.0448166541755,"pop": 0.0627359300852,"reg": 0.0627360641956,"roc": 0.0784258767962},"probability": 0.313974827528,"value": "jaz"},"ismir04_rhythm": {"all": {"ChaChaCha": 0.95771497488,"Jive": 0.00588470324874,"Quickstep": 0.000927084765863,"Rumba-American": 0.00929043162614,"Rumba-International": 0.00103252613917,"Rumba-Misc": 0.000820404151455,"Samba": 0.0021650029812,"Tango": 0.0172943100333,"VienneseWaltz": 0.00413320492953,"Waltz": 0.000737370923162},"probability": 0.95771497488,"value": "ChaChaCha"},"mood_acoustic": {"all": {"acoustic": 0.00332707818598,"not_acoustic": 0.996672928333},"probability": 0.996672928333,"value": "not_acoustic"},"mood_aggressive": {"all": {"aggressive": 0.789916276932,"not_aggressive": 0.210083723068},"probability": 0.789916276932,"value": "aggressive"},"mood_electronic": {"all": {"electronic": 0.0367362648249,"not_electronic": 0.963263750076},"probability": 0.963263750076,"value": "not_electronic"},"mood_happy": {"all": {"happy": 0.79952532053,"not_happy": 0.200474694371},"probability": 0.79952532053,"value": "happy"},"mood_party": {"all": {"not_party": 0.430038094521,"party": 0.569961905479},"probability": 0.569961905479,"value": "party"},"mood_relaxed": {"all": {"not_relaxed": 0.86025762558,"relaxed": 0.13974237442},"probability": 0.86025762558,"value": "not_relaxed"},"mood_sad": {"all": {"not_sad": 0.963167488575,"sad": 0.0368325375021},"probability": 0.963167488575,"value": "not_sad"},"moods_mirex": {"all": {"Cluster1": 0.285360097885,"Cluster2": 0.149280562997,"Cluster3": 0.0394541695714,"Cluster4": 0.0515261255205,"Cluster5": 0.474379062653},"probability": 0.474379062653,"value": "Cluster5"},"timbre": {"all": {"bright": 0.961384296417,"dark": 0.0386157035828},"probability": 0.961384296417,"value": "bright"},"tonal_atonal": {"all": {"atonal": 0.759515583515,"tonal": 0.240484401584},"probability": 0.759515583515,"value": "atonal"},"voice_instrumental": {"all": {"instrumental": 0.0605256706476,"voice": 0.939474344254},"probability": 0.939474344254,"value": "voice"}},"metadata": {"audio_properties": {"analysis_sample_rate": 44100,"bit_rate": 320000,"equal_loudness": 0,"length": 207.117645264,"lossless": 0,"replay_gain": -15.0531692505,"sample_rate": 44100,"codec": "vorbis","downmix": "mix","md5_encoded": "7a86f7acd1d1ac02f98ab50bcb08267c"},"tags": {"file_name": "05 Tract Boy.ogg","album": ["Sumo Surprise"],"albumartist": ["Ghoti Hook"],"albumartistsort": ["Ghoti Hook"],"artist": ["Ghoti Hook"],"artistsort": ["Ghoti Hook"],"asin": ["B000003ZFS"],"barcode": ["026297105822"],"catalognumber": ["TND1058"],"date": ["1996-08-30"],"discnumber": ["1"],"disctotal": ["1"],"label": ["Tooth & Nail Records"],"media": ["CD"],"musicbrainz_albumartistid": ["337a1fbe-a44a-4501-91fb-ffbb9d5a8456"],"musicbrainz_albumid": ["018de974-19ef-4180-8b64-057278fd0809"],"musicbrainz_artistid": ["337a1fbe-a44a-4501-91fb-ffbb9d5a8456"],"musicbrainz_recordingid": ["bcb34ea5-1819-4704-9da5-22e1c3646a3a"],"musicbrainz_releasegroupid": ["d5c668c9-6d81-39b3-a994-c0abf7589786"],"originaldate": ["1996-08-30"],"releasecountry": ["US"],"releasestatus": ["official"],"releasetype": ["album"],"script": ["Latn"],"title": ["Tract Boy"],"totaldiscs": ["1"],"totaltracks": ["14"],"tracknumber": ["5"],"tracktotal": ["14"]},"version": {"highlevel": {"essentia": "2.1-beta5-dev","essentia_build_sha": "e74af04b57b164eed312abeef4963962215860f0","essentia_git_sha": "v2.1_beta4-499-g4013ebc","extractor": "music 2.0","gaia": "2.4.5","gaia_git_sha": "v2.4.4-44-g95f4851","models_essentia_git_sha": "v2.1_beta1"},"lowlevel": {"essentia": "2.1-beta2","essentia_build_sha": "cead25079874084f62182a551b7393616cd33d87","essentia_git_sha": "v2.1_beta2-1-ge3940c0","extractor": "music 1.0"}}}}