{"highlevel": {"danceability": {"all": {"danceable": 0.860289692879,"not_danceable": 0.139710307121},"probability": 0.860289692879,"value": "danceable"},"gender": {"all": {"female": 0.0168351437896,"male": 0.983164846897},"probability": 0.983164846897,"value": "male"},"genre_dortmund": {"all": {"alternative": 0.117075838149,"blues": 0.12341170013,"electronic": 0.352069586515,"folkcountry": 0.145882189274,"funksoulrnb": 0.0129320770502,"jazz": 0.0735551044345,"pop": 0.0248565375805,"raphiphop": 0.0381713137031,"rock": 0.112045675516},"probability": 0.352069586515,"value": "electronic"},"genre_electronic": {"all": {"ambient": 0.418577551842,"dnb": 0.0575928092003,"house": 0.228524178267,"techno": 0.0363630689681,"trance": 0.258942395449},"probability": 0.418577551842,"value": "ambient"},"genre_rosamerica": {"all": {"cla": 0.0308758690953,"dan": 0.0473872311413,"hip": 0.506102561951,"jaz": 0.0696949511766,"pop": 0.05414814502,"rhy": 0.211603939533,"roc": 0.0129338279366,"spe": 0.0672534778714},"probability": 0.506102561951,"value": "hip"},"genre_tzanetakis": {"all": {"blu": 0.0626613423228,"cla": 0.0348169617355,"cou": 0.104475811124,"dis": 0.0784321576357,"hip": 0.15692435205,"jaz": 0.313974827528,"met": 0.0448166541755,"pop": 0.0627359300852,"reg": 0.0627360641956,"roc": 0.0784258767962},"probability": 0.313974827528,"value": "jaz"},"ismir04_rhythm": {"all": {"ChaChaCha": 0.928347945213,"Jive": 0.00851207971573,"Quickstep": 0.00397566333413,"Rumba-American": 0.0182451345026,"Rumba-International": 0.00303124962375,"Rumba-Misc": 0.00346397515386,"Samba": 0.0108293490484,"Tango": 0.0169102996588,"VienneseWaltz": 0.00569968950003,"Waltz": 0.000984609359875},"probability": 0.928347945213,"value": "ChaChaCha"},"mood_acoustic": {"all": {"acoustic": 0.768987059593,"not_acoustic": 0.231012910604},"probability": 0.768987059593,"value": "acoustic"},"mood_aggressive": {"all": {"aggressive": 0.478926509619,"not_aggressive": 0.521073460579},"probability": 0.521073460579,"value": "not_aggressive"},"mood_electronic": {"all": {"electronic": 0.582704901695,"not_electronic": 0.417295098305},"probability": 0.582704901695,"value": "electronic"},"mood_happy": {"all": {"happy": 0.62171536684,"not_happy": 0.37828463316},"probability": 0.62171536684,"value": "happy"},"mood_party": {"all": {"not_party": 0.351577490568,"party": 0.64842247963},"probability": 0.64842247963,"value": "party"},"mood_relaxed": {"all": {"not_relaxed": 0.289516597986,"relaxed": 0.710483372211},"probability": 0.710483372211,"value": "relaxed"},"mood_sad": {"all": {"not_sad": 0.777754247189,"sad": 0.222245723009},"probability": 0.777754247189,"value": "not_sad"},"moods_mirex": {"all": {"Cluster1": 0.0795622840524,"Cluster2": 0.31745454669,"Cluster3": 0.147706359625,"Cluster4": 0.260832220316,"Cluster5": 0.194444566965},"probability": 0.31745454669,"value": "Cluster2"},"timbre": {"all": {"bright": 0.913308382034,"dark": 0.0866916328669},"probability": 0.913308382034,"value": "bright"},"tonal_atonal": {"all": {"atonal": 0.962221264839,"tonal": 0.0377787128091},"probability": 0.962221264839,"value": "atonal"},"voice_instrumental": {"all": {"instrumental": 0.00201904610731,"voice": 0.997980952263},"probability": 0.997980952263,"value": "voice"}},"metadata": {"audio_properties": {"analysis_sample_rate": 44100,"bit_rate": 0,"equal_loudness": 0,"length": 164.199996948,"lossless": 1,"replay_gain": -11.5780220032,"sample_rate": 44100,"codec": "flac","downmix": "mix","md5_encoded": "3b9d67f35b8a967092bfbf289407c523"},"tags": {"file_name": "01 - Death of a Socialite.flac","acoustid_id": ["741677bd-7073-4247-92e5-c266ab5feb06"],"album": ["Emotions"],"albumartist": ["The Pretty Things"],"albumartistsort": ["Pretty Things, The"],"artist": ["The Pretty Things"],"artistsort": ["Pretty Things, The"],"barcode": ["636551611121"],"bpm": ["109"],"catalognumber": ["SDPCD 111"],"date": ["1998-04-27"],"discnumber": ["1"],"disctotal": ["1"],"genre": ["Rock & Roll"],"label": ["Snapper Music"],"media": ["CD"],"musicbrainz_albumartistid": ["07deede6-db1d-4ede-b19e-5d46df592841"],"musicbrainz_albumid": ["f7b587aa-620a-4576-8e4c-1b8e5171490d"],"musicbrainz_artistid": ["07deede6-db1d-4ede-b19e-5d46df592841"],"musicbrainz_recordingid": ["67354f10-02df-4956-80ca-48bdbcef2d5c"],"musicbrainz_releasegroupid": ["307d5b80-5ede-3576-8f11-fd75982bf3cd"],"musicbrainz_releasetrackid": ["297cb41d-796b-3ffe-827a-97a6519d766d"],"musicip_puid": ["e080049d-8cc7-639a-aba4-14a4469e2290"],"originaldate": ["1967-05"],"originalyear": ["1967"],"releasecountry": ["GB"],"releasestatus": ["official"],"releasetype": ["album"],"script": ["Latn"],"title": ["Death Of A Socialite"],"totaldiscs": ["1"],"totaltracks": ["19"],"tracknumber": ["1"],"tracktotal": ["19"]},"version": {"highlevel": {"essentia": "2.1-beta5-dev","essentia_build_sha": "e74af04b57b164eed312abeef4963962215860f0","essentia_git_sha": "v2.1_beta4-499-g4013ebc","extractor": "music 2.0","gaia": "2.4.5","gaia_git_sha": "v2.4.4-44-g95f4851","models_essentia_git_sha": "v2.1_beta1"},"lowlevel": {"essentia": "2.1-beta2","essentia_build_sha": "2d9f1f26377add8aeb1075a9c2973f962c4f09fd","essentia_git_sha": "v2.1_beta2-1-ge3940c0","extractor": "music 1.0"}}}}