{"highlevel": {"danceability": {"all": {"danceable": 0.999691784382,"not_danceable": 0.000308190617943},"probability": 0.999691784382,"value": "danceable"},"gender": {"all": {"female": 0.322576224804,"male": 0.677423775196},"probability": 0.677423775196,"value": "male"},"genre_dortmund": {"all": {"alternative": 0.00186543085147,"blues": 0.000137493305374,"electronic": 0.997157812119,"folkcountry": 0.000438562157797,"funksoulrnb": 6.47541264698e-06,"jazz": 0.000102856261947,"pop": 2.85697951767e-05,"raphiphop": 5.29880071554e-06,"rock": 0.000257478852291},"probability": 0.997157812119,"value": "electronic"},"genre_electronic": {"all": {"ambient": 0.363939911127,"dnb": 0.016072999686,"house": 0.0910343006253,"techno": 0.0177941080183,"trance": 0.511158704758},"probability": 0.511158704758,"value": "trance"},"genre_rosamerica": {"all": {"cla": 0.00422541657463,"dan": 0.0340750515461,"hip": 0.0477489978075,"jaz": 0.0345281250775,"pop": 0.680902183056,"rhy": 0.127395391464,"roc": 0.0652715563774,"spe": 0.0058533125557},"probability": 0.680902183056,"value": "pop"},"genre_tzanetakis": {"all": {"blu": 0.0876043438911,"cla": 0.0389292798936,"cou": 0.0700728595257,"dis": 0.0500535070896,"hip": 0.175192117691,"jaz": 0.175205513835,"met": 0.070077560842,"pop": 0.08759573102,"reg": 0.0700766146183,"roc": 0.175192475319},"probability": 0.175205513835,"value": "jaz"},"ismir04_rhythm": {"all": {"ChaChaCha": 0.104994885623,"Jive": 0.197422847152,"Quickstep": 0.0287744682282,"Rumba-American": 0.0533941052854,"Rumba-International": 0.0580119937658,"Rumba-Misc": 0.0314466021955,"Samba": 0.0704165101051,"Tango": 0.0891060233116,"VienneseWaltz": 0.34484821558,"Waltz": 0.0215843562037},"probability": 0.34484821558,"value": "VienneseWaltz"},"mood_acoustic": {"all": {"acoustic": 0.039313107729,"not_acoustic": 0.960686922073},"probability": 0.960686922073,"value": "not_acoustic"},"mood_aggressive": {"all": {"aggressive": 6.11582887198e-13,"not_aggressive": 1},"probability": 1,"value": "not_aggressive"},"mood_electronic": {"all": {"electronic": 0.485129237175,"not_electronic": 0.514870762825},"probability": 0.514870762825,"value": "not_electronic"},"mood_happy": {"all": {"happy": 0.63500982523,"not_happy": 0.364990144968},"probability": 0.63500982523,"value": "happy"},"mood_party": {"all": {"not_party": 0.996001660824,"party": 0.00399834988639},"probability": 0.996001660824,"value": "not_party"},"mood_relaxed": {"all": {"not_relaxed": 0.191114678979,"relaxed": 0.808885335922},"probability": 0.808885335922,"value": "relaxed"},"mood_sad": {"all": {"not_sad": 0.603540420532,"sad": 0.396459579468},"probability": 0.603540420532,"value": "not_sad"},"moods_mirex": {"all": {"Cluster1": 0.128286421299,"Cluster2": 0.198422774673,"Cluster3": 0.191945552826,"Cluster4": 0.13159494102,"Cluster5": 0.349750310183},"probability": 0.349750310183,"value": "Cluster5"},"timbre": {"all": {"bright": 0.145640090108,"dark": 0.854359924793},"probability": 0.854359924793,"value": "dark"},"tonal_atonal": {"all": {"atonal": 0.806935369968,"tonal": 0.193064659834},"probability": 0.806935369968,"value": "atonal"},"voice_instrumental": {"all": {"instrumental": 0.156193807721,"voice": 0.84380620718},"probability": 0.84380620718,"value": "voice"}},"metadata": {"audio_properties": {"analysis_sample_rate": 44100,"bit_rate": 179283,"equal_loudness": 0,"length": 221.178771973,"lossless": 0,"replay_gain": -15.299779892,"sample_rate": 44100,"codec": "mp3","downmix": "mix","md5_encoded": "d34981e8bc34985548edea7ae7b8e8c2"},"tags": {"file_name": "14-anthony_b-ras_cloth-rks.mp3","album": ["Suffering Man"],"albumartist": ["Anthony B"],"albumartistsort": ["Anthony B"],"artist": ["Anthony B"],"artistsort": ["Anthony B"],"asin": ["B000S8SE0M"],"date": ["2006"],"discnumber": ["1\/1"],"genre": ["Reggae"],"musicbrainz album release country": ["JM"],"musicbrainz album status": ["official"],"musicbrainz album type": ["album"],"musicbrainz_albumartistid": ["b7c00c4a-7ddf-4ee1-a659-cc1d6c5e3957"],"musicbrainz_albumid": ["40340bef-37cd-4066-ab66-b1af497b5f38"],"musicbrainz_artistid": ["b7c00c4a-7ddf-4ee1-a659-cc1d6c5e3957"],"musicbrainz_recordingid": ["67bd4fa1-e9b7-455c-9be8-1d83d61cbd4a"],"musicbrainz_releasegroupid": ["e9c44557-438e-3094-bbda-eaaccea33ae3"],"originaldate": ["2006"],"script": ["Latn"],"title": ["Ras Cloth"],"tracknumber": ["14\/21"]},"version": {"highlevel": {"essentia": "2.1-beta5-dev","essentia_build_sha": "e74af04b57b164eed312abeef4963962215860f0","essentia_git_sha": "v2.1_beta4-499-g4013ebc","extractor": "music 2.0","gaia": "2.4.5","gaia_git_sha": "v2.4.4-44-g95f4851","models_essentia_git_sha": "v2.1_beta1"},"lowlevel": {"essentia": "2.1-beta2","essentia_build_sha": "70f2e5ece6736b2c40cc944ad0e695b16b925413","essentia_git_sha": "v2.1_beta2","extractor": "music 1.0"}}}}