{"highlevel": {"danceability": {"all": {"danceable": 0.276951909065,"not_danceable": 0.723048090935},"probability": 0.723048090935,"value": "not_danceable"},"gender": {"all": {"female": 0.0188028011471,"male": 0.981197178364},"probability": 0.981197178364,"value": "male"},"genre_dortmund": {"all": {"alternative": 0.238784879446,"blues": 0.0281772725284,"electronic": 0.0749422907829,"folkcountry": 0.261464893818,"funksoulrnb": 0.00988466199487,"jazz": 0.0798415541649,"pop": 0.0614558644593,"raphiphop": 0.002401269041,"rock": 0.243047297001},"probability": 0.261464893818,"value": "folkcountry"},"genre_electronic": {"all": {"ambient": 0.920679807663,"dnb": 0.0130495475605,"house": 0.0223078187555,"techno": 0.00438405806199,"trance": 0.0395787470043},"probability": 0.920679807663,"value": "ambient"},"genre_rosamerica": {"all": {"cla": 0.284635096788,"dan": 0.0346769168973,"hip": 0.0178370922804,"jaz": 0.186190903187,"pop": 0.112661249936,"rhy": 0.157405003905,"roc": 0.180045619607,"spe": 0.0265481155366},"probability": 0.284635096788,"value": "cla"},"genre_tzanetakis": {"all": {"blu": 0.0626541376114,"cla": 0.0348133966327,"cou": 0.0783501937985,"dis": 0.104547761381,"hip": 0.15693578124,"jaz": 0.313987255096,"met": 0.044816005975,"pop": 0.0627349764109,"reg": 0.0627352520823,"roc": 0.0784252434969},"probability": 0.313987255096,"value": "jaz"},"ismir04_rhythm": {"all": {"ChaChaCha": 0.00983821135014,"Jive": 0.00429476099089,"Quickstep": 0.0392948687077,"Rumba-American": 0.00919442996383,"Rumba-International": 0.0129852863029,"Rumba-Misc": 0.0026480325032,"Samba": 0.00872878730297,"Tango": 0.895739018917,"VienneseWaltz": 0.0119226761162,"Waltz": 0.00535395555198},"probability": 0.895739018917,"value": "Tango"},"mood_acoustic": {"all": {"acoustic": 0.518849253654,"not_acoustic": 0.481150716543},"probability": 0.518849253654,"value": "acoustic"},"mood_aggressive": {"all": {"aggressive": 0.0986763834953,"not_aggressive": 0.901323616505},"probability": 0.901323616505,"value": "not_aggressive"},"mood_electronic": {"all": {"electronic": 0.57702922821,"not_electronic": 0.422970801592},"probability": 0.57702922821,"value": "electronic"},"mood_happy": {"all": {"happy": 0.559260249138,"not_happy": 0.440739780664},"probability": 0.559260249138,"value": "happy"},"mood_party": {"all": {"not_party": 0.811025679111,"party": 0.188974305987},"probability": 0.811025679111,"value": "not_party"},"mood_relaxed": {"all": {"not_relaxed": 0.0999653339386,"relaxed": 0.900034666061},"probability": 0.900034666061,"value": "relaxed"},"mood_sad": {"all": {"not_sad": 0.698262453079,"sad": 0.301737517118},"probability": 0.698262453079,"value": "not_sad"},"moods_mirex": {"all": {"Cluster1": 0.0888030007482,"Cluster2": 0.0522009171546,"Cluster3": 0.232833400369,"Cluster4": 0.0362153574824,"Cluster5": 0.589947342873},"probability": 0.589947342873,"value": "Cluster5"},"timbre": {"all": {"bright": 0.0871862247586,"dark": 0.912813782692},"probability": 0.912813782692,"value": "dark"},"tonal_atonal": {"all": {"atonal": 0.185128122568,"tonal": 0.814871907234},"probability": 0.814871907234,"value": "tonal"},"voice_instrumental": {"all": {"instrumental": 0.320972532034,"voice": 0.679027438164},"probability": 0.679027438164,"value": "voice"}},"metadata": {"audio_properties": {"analysis_sample_rate": 44100,"bit_rate": 160000,"equal_loudness": 0,"length": 61.6751022339,"lossless": 0,"replay_gain": -8.27272796631,"sample_rate": 44100,"codec": "mp3","downmix": "mix","md5_encoded": "aefe0416262fe0493fd83bd277fe5b77"},"tags": {"file_name": "08 Trapezium Procession.mp3","album": ["Apollo"],"albumartist": ["Nebula"],"albumartistsort": ["Nebula"],"artist": ["Nebula"],"artistsort": ["Nebula"],"contentgroup": ["Rock"],"date": ["2006"],"genre": ["Rock", "Stoner Rock", "Psychedelic"],"mood": ["Groovy"],"musicbrainz album release country": ["US"],"musicbrainz album status": ["official"],"musicbrainz album type": ["album"],"musicbrainz_albumartistid": ["1e1de8e1-c0b8-462c-9365-f84bc73e9799"],"musicbrainz_albumid": ["8eb44c25-ebe9-45b4-a1bb-212124977494"],"musicbrainz_artistid": ["1e1de8e1-c0b8-462c-9365-f84bc73e9799"],"musicbrainz_recordingid": ["67e145aa-1359-4369-b6e7-ca2cc1bd9605"],"musicip_puid": ["ae72a58e-d30f-c25e-b987-484b1867b31c"],"originaldate": ["2006"],"title": ["Trapezium Procession"],"tracknumber": ["8\/14"]},"version": {"highlevel": {"essentia": "2.1-beta5-dev","essentia_build_sha": "e74af04b57b164eed312abeef4963962215860f0","essentia_git_sha": "v2.1_beta4-499-g4013ebc","extractor": "music 2.0","gaia": "2.4.5","gaia_git_sha": "v2.4.4-44-g95f4851","models_essentia_git_sha": "v2.1_beta1"},"lowlevel": {"essentia": "2.1-beta2","essentia_build_sha": "70f2e5ece6736b2c40cc944ad0e695b16b925413","essentia_git_sha": "v2.1_beta2","extractor": "music 1.0"}}}}