{"highlevel": {"danceability": {"all": {"danceable": 0.305293500423,"not_danceable": 0.694706499577},"probability": 0.694706499577,"value": "not_danceable"},"gender": {"all": {"female": 0.0192539934069,"male": 0.980746030807},"probability": 0.980746030807,"value": "male"},"genre_dortmund": {"all": {"alternative": 1.64215724352e-11,"blues": 2.08274422014e-11,"electronic": 0.999999463558,"folkcountry": 2.78694134437e-08,"funksoulrnb": 1.67112670368e-08,"jazz": 3.3214334394e-07,"pop": 1.5006765608e-08,"raphiphop": 1.72252860864e-08,"rock": 1.35581558425e-07},"probability": 0.999999463558,"value": "electronic"},"genre_electronic": {"all": {"ambient": 0.273672401905,"dnb": 0.00341992382891,"house": 0.0270799342543,"techno": 0.0144340675324,"trance": 0.681393682957},"probability": 0.681393682957,"value": "trance"},"genre_rosamerica": {"all": {"cla": 0.10560555011,"dan": 0.0255794283003,"hip": 0.0157920308411,"jaz": 0.0295811668038,"pop": 0.085878431797,"rhy": 0.0859028175473,"roc": 0.643229961395,"spe": 0.00843063928187},"probability": 0.643229961395,"value": "roc"},"genre_tzanetakis": {"all": {"blu": 0.0626541376114,"cla": 0.0348133966327,"cou": 0.0783501937985,"dis": 0.104547761381,"hip": 0.15693578124,"jaz": 0.313987255096,"met": 0.044816005975,"pop": 0.0627349764109,"reg": 0.0627352520823,"roc": 0.0784252434969},"probability": 0.313987255096,"value": "jaz"},"ismir04_rhythm": {"all": {"ChaChaCha": 0.00805087760091,"Jive": 0.0243268832564,"Quickstep": 0.000259100168478,"Rumba-American": 0.000942699727602,"Rumba-International": 0.000283067347482,"Rumba-Misc": 0.000376152922399,"Samba": 0.000693624431733,"Tango": 0.00206199358217,"VienneseWaltz": 0.96210539341,"Waltz": 0.000900210579857},"probability": 0.96210539341,"value": "VienneseWaltz"},"mood_acoustic": {"all": {"acoustic": 0.0423600450158,"not_acoustic": 0.957639932632},"probability": 0.957639932632,"value": "not_acoustic"},"mood_aggressive": {"all": {"aggressive": 0.321756362915,"not_aggressive": 0.678243637085},"probability": 0.678243637085,"value": "not_aggressive"},"mood_electronic": {"all": {"electronic": 0.481992334127,"not_electronic": 0.51800763607},"probability": 0.51800763607,"value": "not_electronic"},"mood_happy": {"all": {"happy": 0.363218605518,"not_happy": 0.636781394482},"probability": 0.636781394482,"value": "not_happy"},"mood_party": {"all": {"not_party": 0.438967466354,"party": 0.561032533646},"probability": 0.561032533646,"value": "party"},"mood_relaxed": {"all": {"not_relaxed": 0.982680439949,"relaxed": 0.0173195693642},"probability": 0.982680439949,"value": "not_relaxed"},"mood_sad": {"all": {"not_sad": 0.658731520176,"sad": 0.341268479824},"probability": 0.658731520176,"value": "not_sad"},"moods_mirex": {"all": {"Cluster1": 0.0674549415708,"Cluster2": 0.0426579155028,"Cluster3": 0.212553337216,"Cluster4": 0.0325238220394,"Cluster5": 0.644809961319},"probability": 0.644809961319,"value": "Cluster5"},"timbre": {"all": {"bright": 0.55901825428,"dark": 0.440981775522},"probability": 0.55901825428,"value": "bright"},"tonal_atonal": {"all": {"atonal": 0.0894004628062,"tonal": 0.910599529743},"probability": 0.910599529743,"value": "tonal"},"voice_instrumental": {"all": {"instrumental": 0.866696953773,"voice": 0.133303046227},"probability": 0.866696953773,"value": "instrumental"}},"metadata": {"audio_properties": {"analysis_sample_rate": 44100,"bit_rate": 160000,"equal_loudness": 0,"length": 422.03427124,"lossless": 0,"replay_gain": -5.29568481445,"sample_rate": 44100,"codec": "mp3","downmix": "mix","md5_encoded": "cc27afe45e8cca634b759dd30ff3bb5d"},"tags": {"file_name": "Grand Funk Railroad - Destitute and Losin'.mp3","acoustid_fingerprint": ["AQADtE-ULUmWEDneRMe1QUv8FVpv9BfSHzfSG09WwRf6zNBk4Yc_aBMvPDV-1Efz47qgJeSDPpFQy_A3AWkJp8mFWhp-9PCHzjlydcQP7YE_9MedvegP9fgnBN4rIj90XEcezahFYx8-fEfOSBV4H7qS4zri9ChFpEwO7UfeYSJbEeaNkmnxFufRiEePM-px7zhRPsWHH8_hSjqK40Z-HDt-HNeDa2hO4gd_-MEZ4g8O9ByuQbuE9cDF43gRHcc_HL_w40bzkBNOE1_wC82Pvk7xKigZNH_wWviWA82ONjyehcGvWAiZZEikdUdf_JgOjznKRHxxpgnxw3h2XDx-vCi1w6yCH9-RHz-0A9-G_UEPWzyKHvrhHwdR38F9aIMvAUj7G1jxIx8-6EOqH9N5_DtyJOMCV9TRZ_if4YqCC29YYWpECf5HoUfiI8dzNGFSVMf7INehfOnxRLoCPVPCEH2HLPmx5xIOP8ZVdEl82E6G40U9Bj_xHI--DJV-IY8P_Q58BnlIfNWD08GP9sfjY-cdMHlqjAzCVA_uH6qP5jkUHQ9CSjqaKcfBY18e5ISjB3KhJ7geXMcpFcml4zgzCn2OX8VNH4fTC8kRTCfx6wMvDXcZTIm6TEd__EieFGGe3agdNfiNqLmgOjOha0eYKdHB_ESPKT_-o9Hx4LLhBvB71MqOBz_yfMGrQEv4F2F31NKO5_jxH9_ao5hv_A0YY12C7h9e7JOIP_lw66Ce46mH60f5YcovPCOaM6iOXAlOBj9O4l084TqeXsGno6k69McVPMJzM6jOQTuNPVdQ6whz4uWDk8Q_5Av0FL58sEX-DpfTIfsTaEeYOJ_x8HiOmwx6Hc0SG_lTQdGL5sajL0HoCyVzPMnQ5KiVKHiKM6qLr8dFz8gDbXCPvMeLH18kI6QSBWcJ_TjCVA_cJA_6ozmDUPmhisOTjMuQO8qC-niSCr4RHqqOMEw-dJGOypnQLB9-PDqxn_hRKayORjn-ow7FgEmVfMjtQBXyHEx0FpWk4MeUKquK6VmKHmEe_HgOPaGK6w1I8gh_wXFmNPNxBZfyCMyPMNcY6CPyKqlwZ0cV5cHXYBeJPsdJ4ZGO8zkqLTkaKSauB89uVDxOFpdCI5akCP4D3SQiHT-ewHnwH1es4dnAnIfVHePRH3kOzb4QKRGzVHgP5yF4CrkkFeJZ5MEeoc-FJv5w5fjx4ycah-iP0NLhozJJlFp2tPJx-cMPLfmC8Imw4yKYnA9MTOzxJ3gvoUmYH9o5XDye4zqeMcVxbiTiMOVCaD6CH2EuGfqPa9qx79AyQVJWxQiXKibGd6idFc0iHX-EHs1DfEe-hERyoXGyCGXG46IV4qPQXApKZi-SJzny4w-FOkVT5fiFJ5OOvMIvQU9u-BQuU9AhTluKK_rQH414HM2eYmIUPpCnLJMi5KiM5hHx4dSRL0eyRpnR7Oh_fAefHueP54_xo5bQL0ekIPnxLMdzYU_xg8_RH358TNbx43KKZFnuIGYiGVazo2eOC8ePvIFm6miEZwyuU2iqrOgZJ9C14z-mKEcPjriE68KPTxeaVGgjPuAT3KgdNGmIVVGO6mnQPHh06DWu7LiNlGrwD79ynIYjmcSPp2iOXDb66MPHSTiPMDuFMscd45pRH82Hkw-ih4WW5Ai1HD-abcebhIYv9DwiE_oQKsE5NoWbZF7x4xe8o5Ru5AqhC81zVJZyyDeuJuEQbxnu44mGSjKMsM-h_bC2I1RT1CfSt6h-yFM3VEpSNEef5NgFHT-qiIcm4Q-mZyly4Ue-HMaXvPiOSqKMXjiP_ziTa0WZiI9w6GWFW66wHf1xScKVzIT-BM20Hd2Ga_iObg3-UBDZB1063Ixx9Mcv3Al-_JgkbXjMD5cYaWiqD9qRE5dzND-qmhOqzDrSC48OLT8e5BKpYk_y4Cea5DkmNkcuJL9xzejTY0qPUcY1PghZaDm-ISQzIwyf41ugpcrRjuPxZWrRPOgOTR9Sl0ZdVTiPHz2aJxTxGPHRTSnE88HzEj-ej8iPZjyOa_gxS0e7HBeyxA8-FX8wXUFzI_bxo1YP70U1HV8eRPzxlIIUNOci7Md1XBKaRA-hbxJ6qshz1Ee6UuiPMbdR-YVOlIrB--BH6MvBH9egmargF_rh_PBuFM_AnPDD4BSx_SinHz9wPEmC6yMutM8ER8shPj7CG_WG5iWuH9dNjOKHPIeWB9lFC81_fMoRN4ceMWieGTl8fuizHFkGN8lUQY_aIz12uMfxcvgLH--RPsNf6JqO6zj-Iv0DnD38A98J1ydy4dOgIRfePagTHT78Hb0iDiuYxDlqUUaP_8OXI_yh7w-yUSTRWdLhXEZ9XEcvCvUunBTy_NCJ8MnwC02PBzfxizh7FK5E9Kh-uL6K68N1XMd3bApDIkF6ksSX49mFbriFS1kq_Pg-4VNyhGG0hNDkI5eOW7iNKTGPWkOc65ByG-mJH1Oq49KHI2RXJMtbvFqH81in5bi14_hxHswZJPwR6jt2nTiP6zhOUriO3IcmMUdqAZ_wB3tGPNQsI40J_RKR6QKgBTFGICCIBQwJhQBQ0ChBBCFAGcEcQAYSoBARAihAHGFGAUkdxEAAJABxCBIjAANYiAYEYQIozAjhgBGJqEBOKEWFEUhRYJZiQAnkwUVIIUAcRogYSwkwwCgkvBEAIEGdZgAIzxSCiglAiXMQCMuEAwA4AoywQAABgAUGKiKIAECAoQAwGilBRBTGiGMgAAIAooAwhCIAEKNCWSWAIEoIYRBw0gDhjAHICCIgAgQqQj0wUhBimTOEgCYEEwKARhQwwAkgBLIGCCAEEYYYoQAABhMCkHHNMEOAsAQpBx0CADhhCCCAAAAoYAgJo4BhwAAABSHMGKCMMBwCgIQgEhDAkAAMGAKIEVwAAhkBRBmBEFAAOESAQYopYS0ARACClBIAGGIUAkoKIohCSAAKiAKCAKWkUUhIzARDABAikDJEKACUAIQRIQRlAhHggGQCEEEMAUiB6wAQSBkAhDIaCGGYEcgDI4QCiDAECFFGAAIEBIIRgAhDgBBBkIMAAkKAsQQoA5AgxBDiDDDCYkIkMMAYBQxgRhABBDEOQaCEoWoAKRhyQkBhBBKCACMAEUwBCSRRymgqmBBKGOIAEU4IMJJChgAhCAHACGYQAUYIgSkxxiiDACIOACCcoUgAghgxHClHCTCEKGQQIEIAogxkhADAACMEUSCIIxIAaAUznFBCgVCSGUWIQQgpQYQAgAGAEQMGIcEIZcgA0JgjFgrmADCESUIEAJARgIkgBChCEAGCCWAEAAwAjQQBBhDiDAXIAGCAcgY4ZhxSDCuiBGAEIEEcYUQhAwA0ygDBhIHKEkAgIEQgYABQTBJBFAAIEWEAY0JApRBQABAngFAEAWEAQUYAAoAQQjBEFUHIWAIEAkQAbwlARAgkAGAEEAC0gAYgIoABQgEAlJCKKsOEAoAAAbxjRjgkgFAEKQCNAQgpAohSQAhGiaBKAMKAIcQosgAEAhBiGEEMKECEEJA5SYRDgBAAgVAAAQ"],"acoustid_id": ["e6d014c5-53ae-464d-8384-726a5bd79369"],"album": ["Thirty Years of Funk 1969-1999: the Anthology (Disc 2)"],"artist": ["Grand Funk Railroad"],"bpm": ["93.34"],"date": ["1974"],"genre": ["Rock"],"musicbrainz album release country": ["United States"],"musicbrainz album type": ["Compilation"],"musicbrainz_albumid": ["2fff7e70-fbac-4081-ae7b-5762378a867a"],"musicbrainz_recordingid": ["11c033c1-8e34-4da6-be5d-3878c0d33e8c"],"musicip_puid": ["8a27262b-f5b9-fe98-4f25-7374c90e823d"],"title": ["Destitute and Losin'"],"tracknumber": ["14"]},"version": {"highlevel": {"essentia": "2.1-beta5-dev","essentia_build_sha": "e74af04b57b164eed312abeef4963962215860f0","essentia_git_sha": "v2.1_beta4-499-g4013ebc","extractor": "music 2.0","gaia": "2.4.5",