{"highlevel": {"danceability": {"all": {"danceable": 0.906851828098,"not_danceable": 0.09314814955},"probability": 0.906851828098,"value": "danceable"},"gender": {"all": {"female": 0.723955869675,"male": 0.276044130325},"probability": 0.723955869675,"value": "female"},"genre_dortmund": {"all": {"alternative": 0.0179595742375,"blues": 0.00256421999075,"electronic": 0.967119455338,"folkcountry": 0.00777629110962,"funksoulrnb": 0.000222496542847,"jazz": 0.000659536686726,"pop": 0.000588149996474,"raphiphop": 0.000181978408364,"rock": 0.00292829517275},"probability": 0.967119455338,"value": "electronic"},"genre_electronic": {"all": {"ambient": 0.488131523132,"dnb": 0.0291631519794,"house": 0.183415204287,"techno": 0.0243249312043,"trance": 0.274965196848},"probability": 0.488131523132,"value": "ambient"},"genre_rosamerica": {"all": {"cla": 0.014412118122,"dan": 0.0529259443283,"hip": 0.0802459642291,"jaz": 0.0313258729875,"pop": 0.463304936886,"rhy": 0.240796878934,"roc": 0.108192518353,"spe": 0.00879578944296},"probability": 0.463304936886,"value": "pop"},"genre_tzanetakis": {"all": {"blu": 0.0620671063662,"cla": 0.034474901855,"cou": 0.103433981538,"dis": 0.0620971247554,"hip": 0.15527240932,"jaz": 0.310666948557,"met": 0.044346679002,"pop": 0.0620793737471,"reg": 0.0620816536248,"roc": 0.103479810059},"probability": 0.310666948557,"value": "jaz"},"ismir04_rhythm": {"all": {"ChaChaCha": 0.198120474815,"Jive": 0.177475139499,"Quickstep": 0.032975025475,"Rumba-American": 0.0541283376515,"Rumba-International": 0.0383733548224,"Rumba-Misc": 0.0305525809526,"Samba": 0.0818142071366,"Tango": 0.167852386832,"VienneseWaltz": 0.199839442968,"Waltz": 0.0188690498471},"probability": 0.199839442968,"value": "VienneseWaltz"},"mood_acoustic": {"all": {"acoustic": 0.201434850693,"not_acoustic": 0.798565149307},"probability": 0.798565149307,"value": "not_acoustic"},"mood_aggressive": {"all": {"aggressive": 0.205621764064,"not_aggressive": 0.794378221035},"probability": 0.794378221035,"value": "not_aggressive"},"mood_electronic": {"all": {"electronic": 0.241462633014,"not_electronic": 0.758537352085},"probability": 0.758537352085,"value": "not_electronic"},"mood_happy": {"all": {"happy": 0.700325071812,"not_happy": 0.299674957991},"probability": 0.700325071812,"value": "happy"},"mood_party": {"all": {"not_party": 0.328690320253,"party": 0.671309649944},"probability": 0.671309649944,"value": "party"},"mood_relaxed": {"all": {"not_relaxed": 0.816392540932,"relaxed": 0.183607444167},"probability": 0.816392540932,"value": "not_relaxed"},"mood_sad": {"all": {"not_sad": 0.748281955719,"sad": 0.251718014479},"probability": 0.748281955719,"value": "not_sad"},"moods_mirex": {"all": {"Cluster1": 0.0936659127474,"Cluster2": 0.236323922873,"Cluster3": 0.114710569382,"Cluster4": 0.171162366867,"Cluster5": 0.384137243032},"probability": 0.384137243032,"value": "Cluster5"},"timbre": {"all": {"bright": 0.914628386497,"dark": 0.0853716209531},"probability": 0.914628386497,"value": "bright"},"tonal_atonal": {"all": {"atonal": 0.58965408802,"tonal": 0.410345941782},"probability": 0.58965408802,"value": "atonal"},"voice_instrumental": {"all": {"instrumental": 0.061666123569,"voice": 0.93833386898},"probability": 0.93833386898,"value": "voice"}},"metadata": {"audio_properties": {"analysis_sample_rate": 44100,"bit_rate": 320000,"equal_loudness": 0,"length": 239.872283936,"lossless": 0,"replay_gain": -13.5734672546,"sample_rate": 44100,"codec": "vorbis","downmix": "mix","md5_encoded": "d0e34bf0297c26e36492f520553ef43f"},"tags": {"file_name": "01 Falling and Laughing.ogg","album": ["The Glasgow School"],"albumartist": ["Orange Juice"],"albumartistsort": ["Orange Juice"],"artist": ["Orange Juice"],"artistsort": ["Orange Juice"],"asin": ["B000929AHI"],"barcode": ["5034202001928"],"catalognumber": ["REWIGCD 19"],"date": ["2005-07-25"],"discnumber": ["1"],"disctotal": ["1"],"label": ["Domino"],"media": ["CD"],"musicbrainz_albumartistid": ["e598d30e-4ce1-402e-94a7-6f44779da6b7"],"musicbrainz_albumid": ["3335fd7b-a9d6-437c-9b76-b653503018d5"],"musicbrainz_artistid": ["e598d30e-4ce1-402e-94a7-6f44779da6b7"],"musicbrainz_recordingid": ["a9a081c3-ecf9-4318-9bf7-baaa3a4af0ab"],"musicbrainz_releasegroupid": ["05fb2005-109b-333d-947f-3c9a11894fa0"],"originaldate": ["2005-07-25"],"releasecountry": ["GB"],"releasestatus": ["official"],"releasetype": ["album", "compilation"],"script": ["Latn"],"title": ["Falling and Laughing"],"totaldiscs": ["1"],"totaltracks": ["23"],"tracknumber": ["1"],"tracktotal": ["23"]},"version": {"highlevel": {"essentia": "2.1-beta5-dev","essentia_build_sha": "e74af04b57b164eed312abeef4963962215860f0","essentia_git_sha": "v2.1_beta4-499-g4013ebc","extractor": "music 2.0","gaia": "2.4.5","gaia_git_sha": "v2.4.4-44-g95f4851","models_essentia_git_sha": "v2.1_beta1"},"lowlevel": {"essentia": "2.1-beta2","essentia_build_sha": "cead25079874084f62182a551b7393616cd33d87","essentia_git_sha": "v2.1_beta2-1-ge3940c0","extractor": "music 1.0"}}}}