{"highlevel": {"danceability": {"all": {"danceable": 0.00761035922915,"not_danceable": 0.99238961935},"probability": 0.99238961935,"value": "not_danceable"},"gender": {"all": {"female": 0.112123146653,"male": 0.887876868248},"probability": 0.887876868248,"value": "male"},"genre_dortmund": {"all": {"alternative": 0.097546339035,"blues": 0.0292504001409,"electronic": 0.652436554432,"folkcountry": 0.0528343766928,"funksoulrnb": 0.00777405733243,"jazz": 0.0167420357466,"pop": 0.0101636322215,"raphiphop": 0.00353259081021,"rock": 0.129720032215},"probability": 0.652436554432,"value": "electronic"},"genre_electronic": {"all": {"ambient": 0.62197303772,"dnb": 0.0139430146664,"house": 0.298061460257,"techno": 0.0109749101102,"trance": 0.0550475791097},"probability": 0.62197303772,"value": "ambient"},"genre_rosamerica": {"all": {"cla": 0.044492457062,"dan": 0.0242607071996,"hip": 0.0431093201041,"jaz": 0.245822548866,"pop": 0.293373435736,"rhy": 0.0946522206068,"roc": 0.195125550032,"spe": 0.0591637678444},"probability": 0.293373435736,"value": "pop"},"genre_tzanetakis": {"all": {"blu": 0.0518266744912,"cla": 0.0362458862364,"cou": 0.114500276744,"dis": 0.0501629151404,"hip": 0.0734101906419,"jaz": 0.297528624535,"met": 0.077530361712,"pop": 0.0723618045449,"reg": 0.0720124468207,"roc": 0.154420807958},"probability": 0.297528624535,"value": "jaz"},"ismir04_rhythm": {"all": {"ChaChaCha": 0.346139013767,"Jive": 0.0876733139157,"Quickstep": 0.0621339567006,"Rumba-American": 0.0247034132481,"Rumba-International": 0.0210921354592,"Rumba-Misc": 0.07264085114,"Samba": 0.0845545753837,"Tango": 0.247859537601,"VienneseWaltz": 0.0324873402715,"Waltz": 0.020715855062},"probability": 0.346139013767,"value": "ChaChaCha"},"mood_acoustic": {"all": {"acoustic": 0.24815915525,"not_acoustic": 0.751840829849},"probability": 0.751840829849,"value": "not_acoustic"},"mood_aggressive": {"all": {"aggressive": 0.234352961183,"not_aggressive": 0.765647053719},"probability": 0.765647053719,"value": "not_aggressive"},"mood_electronic": {"all": {"electronic": 0.974379479885,"not_electronic": 0.0256205238402},"probability": 0.974379479885,"value": "electronic"},"mood_happy": {"all": {"happy": 0.947002887726,"not_happy": 0.0529971122742},"probability": 0.947002887726,"value": "happy"},"mood_party": {"all": {"not_party": 0.216223210096,"party": 0.783776819706},"probability": 0.783776819706,"value": "party"},"mood_relaxed": {"all": {"not_relaxed": 0.191676363349,"relaxed": 0.80832362175},"probability": 0.80832362175,"value": "relaxed"},"mood_sad": {"all": {"not_sad": 0.491920560598,"sad": 0.508079409599},"probability": 0.508079409599,"value": "sad"},"moods_mirex": {"all": {"Cluster1": 0.104741200805,"Cluster2": 0.0774262845516,"Cluster3": 0.203413650393,"Cluster4": 0.0489739067852,"Cluster5": 0.565444946289},"probability": 0.565444946289,"value": "Cluster5"},"timbre": {"all": {"bright": 0.00603545177728,"dark": 0.993964552879},"probability": 0.993964552879,"value": "dark"},"tonal_atonal": {"all": {"atonal": 0.977556467056,"tonal": 0.0224435180426},"probability": 0.977556467056,"value": "atonal"},"voice_instrumental": {"all": {"instrumental": 0.0580580122769,"voice": 0.941941976547},"probability": 0.941941976547,"value": "voice"}},"metadata": {"audio_properties": {"analysis_sample_rate": 44100,"bit_rate": 0,"equal_loudness": 0,"length": 150.666671753,"lossless": 1,"replay_gain": -12.7426509857,"sample_rate": 44100,"codec": "flac","downmix": "mix","md5_encoded": "e6b96c0d2593bf816397885aa3fc4829"},"tags": {"file_name": "09 Theme From Space Island.flac","acoustid_id": ["0beb267c-4b45-45b9-a8c3-5b778d6b05dc"],"album": ["Louden Up Now"],"albumartist": ["!!!"],"albumartistsort": ["!!!"],"artist": ["!!!"],"artistsort": ["!!!"],"asin": ["B00021Y98Q"],"barcode": ["801061012120"],"catalognumber": ["WARPCD121"],"date": ["2004"],"discnumber": ["1"],"disctotal": ["1"],"engineer": ["Chris Woodhouse"],"genre": ["Alternative"],"isrc": ["USTG30423409"],"label": ["Warp Records"],"media": ["CD"],"mixer": ["Justin Van Der Volgen"],"musicbrainz_albumartistid": ["f26c72d3-e52c-467b-b651-679c73d8e1a7"],"musicbrainz_albumid": ["2f66811e-f41e-4ab1-aa72-13d41a16d045"],"musicbrainz_artistid": ["f26c72d3-e52c-467b-b651-679c73d8e1a7"],"musicbrainz_recordingid": ["08b9d061-6e8f-4b75-af76-7ade60c62c6b"],"musicbrainz_releasegroupid": ["79e3ac21-8359-3761-ba35-251a1bd04d68"],"originaldate": ["2004-06-07"],"performer": ["Justin Van Der Volgen (bass guitar)", "John Pugh (drums, gong and percussion)", "Allan Wilson (keyboard, percussion and saxophone)", "Dan Gorman (keyboard, percussion and trumpet)", "Nic Offer (vocal)", "John Pugh (vocal)", "Nic Offer (keyboard)", "Mario Andreoni (bass guitar and guitar)", "Tyler Pope (bass guitar, drums, electronic drum set, electronic instruments, guitar, keyboard and percussion)", "John Pugh (other vocals vocal)", "Tyler Pope (other vocals vocal)"],"releasecountry": ["GB"],"releasestatus": ["official"],"releasetype": ["album"],"script": ["Latn"],"title": ["Theme From Space Island"],"tracknumber": ["9"],"tracktotal": ["10"]},"version": {"highlevel": {"essentia": "2.1-beta5-dev","essentia_build_sha": "e74af04b57b164eed312abeef4963962215860f0","essentia_git_sha": "v2.1_beta4-499-g4013ebc","extractor": "music 2.0","gaia": "2.4.5","gaia_git_sha": "v2.4.4-44-g95f4851","models_essentia_git_sha": "v2.1_beta1"},"lowlevel": {"essentia": "2.1-beta2","essentia_build_sha": "2d9f1f26377add8aeb1075a9c2973f962c4f09fd","essentia_git_sha": "v2.1_beta2-1-ge3940c0","extractor": "music 1.0"}}}}