{"highlevel": {"danceability": {"all": {"danceable": 0.777001738548,"not_danceable": 0.222998231649},"probability": 0.777001738548,"value": "danceable"},"gender": {"all": {"female": 0.746625542641,"male": 0.253374457359},"probability": 0.746625542641,"value": "female"},"genre_dortmund": {"all": {"alternative": 3.58760345875e-08,"blues": 3.47232251841e-08,"electronic": 0.999996125698,"folkcountry": 7.02771785654e-07,"funksoulrnb": 5.09032034302e-08,"jazz": 2.82477367364e-06,"pop": 6.20594988732e-08,"raphiphop": 2.51451357514e-08,"rock": 1.639373437e-07},"probability": 0.999996125698,"value": "electronic"},"genre_electronic": {"all": {"ambient": 0.352797538042,"dnb": 0.00558209931478,"house": 0.0659817531705,"techno": 0.0293627232313,"trance": 0.546275854111},"probability": 0.546275854111,"value": "trance"},"genre_rosamerica": {"all": {"cla": 0.00901829637587,"dan": 0.534145355225,"hip": 0.0234989281744,"jaz": 0.0123423393816,"pop": 0.0351427942514,"rhy": 0.0686853379011,"roc": 0.309218019247,"spe": 0.00794894993305},"probability": 0.534145355225,"value": "dan"},"genre_tzanetakis": {"all": {"blu": 0.0626613423228,"cla": 0.0348169617355,"cou": 0.104475811124,"dis": 0.0784321576357,"hip": 0.15692435205,"jaz": 0.313974827528,"met": 0.0448166541755,"pop": 0.0627359300852,"reg": 0.0627360641956,"roc": 0.0784258767962},"probability": 0.313974827528,"value": "jaz"},"ismir04_rhythm": {"all": {"ChaChaCha": 0.0598814189434,"Jive": 0.0609425082803,"Quickstep": 0.00534823955968,"Rumba-American": 0.0252275876701,"Rumba-International": 0.00988141261041,"Rumba-Misc": 0.00710857985541,"Samba": 0.0217305161059,"Tango": 0.471733182669,"VienneseWaltz": 0.332297116518,"Waltz": 0.00584945082664},"probability": 0.471733182669,"value": "Tango"},"mood_acoustic": {"all": {"acoustic": 0.225176006556,"not_acoustic": 0.774824023247},"probability": 0.774824023247,"value": "not_acoustic"},"mood_aggressive": {"all": {"aggressive": 0.0970917344093,"not_aggressive": 0.902908265591},"probability": 0.902908265591,"value": "not_aggressive"},"mood_electronic": {"all": {"electronic": 0.688882231712,"not_electronic": 0.31111779809},"probability": 0.688882231712,"value": "electronic"},"mood_happy": {"all": {"happy": 0.336607128382,"not_happy": 0.663392841816},"probability": 0.663392841816,"value": "not_happy"},"mood_party": {"all": {"not_party": 0.63644939661,"party": 0.363550633192},"probability": 0.63644939661,"value": "not_party"},"mood_relaxed": {"all": {"not_relaxed": 0.146650090814,"relaxed": 0.853349924088},"probability": 0.853349924088,"value": "relaxed"},"mood_sad": {"all": {"not_sad": 0.662525117397,"sad": 0.337474882603},"probability": 0.662525117397,"value": "not_sad"},"moods_mirex": {"all": {"Cluster1": 0.0680490657687,"Cluster2": 0.0767708718777,"Cluster3": 0.2138774544,"Cluster4": 0.048450153321,"Cluster5": 0.592852473259},"probability": 0.592852473259,"value": "Cluster5"},"timbre": {"all": {"bright": 0.108346171677,"dark": 0.891653835773},"probability": 0.891653835773,"value": "dark"},"tonal_atonal": {"all": {"atonal": 0.583073079586,"tonal": 0.416926890612},"probability": 0.583073079586,"value": "atonal"},"voice_instrumental": {"all": {"instrumental": 0.849723160267,"voice": 0.150276839733},"probability": 0.849723160267,"value": "instrumental"}},"metadata": {"audio_properties": {"analysis_sample_rate": 44100,"bit_rate": 204101,"equal_loudness": 0,"length": 365.871032715,"lossless": 0,"replay_gain": -14.0670280457,"sample_rate": 44100,"codec": "mp3","downmix": "mix","md5_encoded": "3f1f90e8ae3508d0a6db6bb165890beb"},"tags": {"file_name": "06 Route for Exile.mp3","album": ["Full of Elevating Pleasures"],"albumartist": ["Boom Boom Satellites"],"albumartistsort": ["Boom Boom Satellites"],"artist": ["Boom Boom Satellites"],"artistsort": ["Boom Boom Satellites"],"asin": ["B0007OE5IC"],"barcode": ["4988009025742"],"catalognumber": ["SRCP 386"],"date": ["2005-03-24"],"genre": ["Jtechno"],"label": ["Sony Music Entertainment (Japan) Inc."],"musicbrainz album release country": ["JP"],"musicbrainz album status": ["official"],"musicbrainz album type": ["album"],"musicbrainz_albumartistid": ["f9114439-1662-4415-b761-05a4170c9579"],"musicbrainz_albumid": ["e48a1bdf-6217-4db5-ba47-58f4ca5505b8"],"musicbrainz_artistid": ["f9114439-1662-4415-b761-05a4170c9579"],"musicbrainz_recordingid": ["08f3a788-7931-482d-a439-490a55dea953"],"title": ["Route for Exile"],"tracknumber": ["6\/12"]},"version": {"highlevel": {"essentia": "2.1-beta5-dev","essentia_build_sha": "e74af04b57b164eed312abeef4963962215860f0","essentia_git_sha": "v2.1_beta4-499-g4013ebc","extractor": "music 2.0","gaia": "2.4.5","gaia_git_sha": "v2.4.4-44-g95f4851","models_essentia_git_sha": "v2.1_beta1"},"lowlevel": {"essentia": "2.1-beta2","essentia_build_sha": "70f2e5ece6736b2c40cc944ad0e695b16b925413","essentia_git_sha": "v2.1_beta2","extractor": "music 1.0"}}}}