{"highlevel": {"danceability": {"all": {"danceable": 0.739760756493,"not_danceable": 0.26023927331},"probability": 0.739760756493,"value": "danceable"},"gender": {"all": {"female": 0.310748159885,"male": 0.689251840115},"probability": 0.689251840115,"value": "male"},"genre_dortmund": {"all": {"alternative": 0.180886223912,"blues": 0.125671967864,"electronic": 0.113867290318,"folkcountry": 0.0611939355731,"funksoulrnb": 0.0159172732383,"jazz": 0.0826710090041,"pop": 0.019230781123,"raphiphop": 0.0111884307116,"rock": 0.389373093843},"probability": 0.389373093843,"value": "rock"},"genre_electronic": {"all": {"ambient": 0.227424517274,"dnb": 0.293902873993,"house": 0.293663918972,"techno": 0.0333405546844,"trance": 0.151668131351},"probability": 0.293902873993,"value": "dnb"},"genre_rosamerica": {"all": {"cla": 0.0176566503942,"dan": 0.300610810518,"hip": 0.152831360698,"jaz": 0.0542121306062,"pop": 0.0628859773278,"rhy": 0.0335112698376,"roc": 0.350740820169,"spe": 0.0275509618223},"probability": 0.350740820169,"value": "roc"},"genre_tzanetakis": {"all": {"blu": 0.0626613423228,"cla": 0.0348169617355,"cou": 0.104475811124,"dis": 0.0784321576357,"hip": 0.15692435205,"jaz": 0.313974827528,"met": 0.0448166541755,"pop": 0.0627359300852,"reg": 0.0627360641956,"roc": 0.0784258767962},"probability": 0.313974827528,"value": "jaz"},"ismir04_rhythm": {"all": {"ChaChaCha": 0.986780226231,"Jive": 0.00753384130076,"Quickstep": 0.000584837107453,"Rumba-American": 0.00207043392584,"Rumba-International": 0.000217978536966,"Rumba-Misc": 0.000121606208268,"Samba": 0.00159899657592,"Tango": 0.000558877771255,"VienneseWaltz": 0.000457980728243,"Waltz": 7.52294217818e-05},"probability": 0.986780226231,"value": "ChaChaCha"},"mood_acoustic": {"all": {"acoustic": 0.0120964860544,"not_acoustic": 0.987903535366},"probability": 0.987903535366,"value": "not_acoustic"},"mood_aggressive": {"all": {"aggressive": 0.754385769367,"not_aggressive": 0.24561420083},"probability": 0.754385769367,"value": "aggressive"},"mood_electronic": {"all": {"electronic": 0.630965650082,"not_electronic": 0.369034349918},"probability": 0.630965650082,"value": "electronic"},"mood_happy": {"all": {"happy": 0.10853998363,"not_happy": 0.891460001469},"probability": 0.891460001469,"value": "not_happy"},"mood_party": {"all": {"not_party": 0.0746969357133,"party": 0.925303041935},"probability": 0.925303041935,"value": "party"},"mood_relaxed": {"all": {"not_relaxed": 0.312250703573,"relaxed": 0.687749266624},"probability": 0.687749266624,"value": "relaxed"},"mood_sad": {"all": {"not_sad": 0.914930343628,"sad": 0.0850696787238},"probability": 0.914930343628,"value": "not_sad"},"moods_mirex": {"all": {"Cluster1": 0.144261881709,"Cluster2": 0.150302886963,"Cluster3": 0.110450044274,"Cluster4": 0.237160950899,"Cluster5": 0.357824236155},"probability": 0.357824236155,"value": "Cluster5"},"timbre": {"all": {"bright": 0.0605562925339,"dark": 0.939443707466},"probability": 0.939443707466,"value": "dark"},"tonal_atonal": {"all": {"atonal": 0.994327783585,"tonal": 0.00567223737016},"probability": 0.994327783585,"value": "atonal"},"voice_instrumental": {"all": {"instrumental": 0.488526374102,"voice": 0.511473596096},"probability": 0.511473596096,"value": "voice"}},"metadata": {"audio_properties": {"analysis_sample_rate": 44100,"bit_rate": 0,"equal_loudness": 0,"length": 161.693328857,"lossless": 1,"replay_gain": -10.4396209717,"sample_rate": 44100,"codec": "flac","downmix": "mix","md5_encoded": "61a83c1081bec183c0dbf82cd613b7b3"},"tags": {"file_name": "03 - Shellac - Disgrace.flac","album": ["Terraform"],"albumartist": ["Shellac"],"albumartistsort": ["Shellac"],"artist": ["Shellac"],"artistsort": ["Shellac"],"asin": ["B0000060LU"],"barcode": ["036172090020"],"catalognumber": ["TG200CD"],"date": ["1998-02-10"],"discnumber": ["1"],"disctotal": ["1"],"genre": ["Hardcore"],"label": ["Touch and Go Records"],"media": ["CD"],"musicbrainz_albumartistid": ["604f273a-d3c1-4b5b-ab83-99541f9368ea"],"musicbrainz_albumid": ["0730eb5d-b0e1-4458-bc21-498783e5eb4e"],"musicbrainz_artistid": ["604f273a-d3c1-4b5b-ab83-99541f9368ea"],"musicbrainz_recordingid": ["8744f7eb-384b-45ef-b6ad-b87a1a11a269"],"musicbrainz_releasegroupid": ["d90e4737-9860-3d65-bf99-15018258cce7"],"musicbrainz_releasetrackid": ["279df863-8d20-36e5-91bf-d1a79ca902a7"],"originaldate": ["1998-02-10"],"originalyear": ["1998"],"releasecountry": ["US"],"releasestatus": ["official"],"releasetype": ["album"],"script": ["Latn"],"title": ["Disgrace"],"totaldiscs": ["1"],"totaltracks": ["8"],"tracknumber": ["3"],"tracktotal": ["8"]},"version": {"highlevel": {"essentia": "2.1-beta5-dev","essentia_build_sha": "e74af04b57b164eed312abeef4963962215860f0","essentia_git_sha": "v2.1_beta4-499-g4013ebc","extractor": "music 2.0","gaia": "2.4.5","gaia_git_sha": "v2.4.4-44-g95f4851","models_essentia_git_sha": "v2.1_beta1"},"lowlevel": {"essentia": "2.1-beta2","essentia_build_sha": "70f2e5ece6736b2c40cc944ad0e695b16b925413","essentia_git_sha": "v2.1_beta2","extractor": "music 1.0"}}}}