{"highlevel": {"danceability": {"all": {"danceable": 0.874426066875,"not_danceable": 0.125573918223},"probability": 0.874426066875,"value": "danceable"},"gender": {"all": {"female": 0.530036866665,"male": 0.469963103533},"probability": 0.530036866665,"value": "female"},"genre_dortmund": {"all": {"alternative": 0.167126044631,"blues": 0.0245214998722,"electronic": 0.0948991253972,"folkcountry": 0.122793927789,"funksoulrnb": 0.0134838530794,"jazz": 0.0475567542017,"pop": 0.0772449523211,"raphiphop": 0.021038338542,"rock": 0.431335508823},"probability": 0.431335508823,"value": "rock"},"genre_electronic": {"all": {"ambient": 0.183063209057,"dnb": 0.427230060101,"house": 0.332103937864,"techno": 0.0164880380034,"trance": 0.0411147326231},"probability": 0.427230060101,"value": "dnb"},"genre_rosamerica": {"all": {"cla": 0.0367303043604,"dan": 0.0838282629848,"hip": 0.0300283655524,"jaz": 0.0214615967125,"pop": 0.310789912939,"rhy": 0.115337081254,"roc": 0.390095114708,"spe": 0.0117293605581},"probability": 0.390095114708,"value": "roc"},"genre_tzanetakis": {"all": {"blu": 0.0513762012124,"cla": 0.0342538431287,"cou": 0.10276722908,"dis": 0.103339746594,"hip": 0.154178440571,"jaz": 0.308346778154,"met": 0.0440426431596,"pop": 0.0616605170071,"reg": 0.0629548579454,"roc": 0.0770797356963},"probability": 0.308346778154,"value": "jaz"},"ismir04_rhythm": {"all": {"ChaChaCha": 0.318129837513,"Jive": 0.13814419508,"Quickstep": 0.0248079188168,"Rumba-American": 0.00715691084042,"Rumba-International": 0.0430945120752,"Rumba-Misc": 0.0358052700758,"Samba": 0.0310870502144,"Tango": 0.0332000106573,"VienneseWaltz": 0.322305083275,"Waltz": 0.0462692007422},"probability": 0.322305083275,"value": "VienneseWaltz"},"mood_acoustic": {"all": {"acoustic": 1.03939546534e-05,"not_acoustic": 0.999989628792},"probability": 0.999989628792,"value": "not_acoustic"},"mood_aggressive": {"all": {"aggressive": 0.522837162018,"not_aggressive": 0.47716280818},"probability": 0.522837162018,"value": "aggressive"},"mood_electronic": {"all": {"electronic": 0.5,"not_electronic": 0.5},"probability": 0.5,"value": "electronic"},"mood_happy": {"all": {"happy": 0.238407701254,"not_happy": 0.761592328548},"probability": 0.761592328548,"value": "not_happy"},"mood_party": {"all": {"not_party": 0.509166657925,"party": 0.490833342075},"probability": 0.509166657925,"value": "not_party"},"mood_relaxed": {"all": {"not_relaxed": 0.339334517717,"relaxed": 0.660665512085},"probability": 0.660665512085,"value": "relaxed"},"mood_sad": {"all": {"not_sad": 0.885264694691,"sad": 0.114735297859},"probability": 0.885264694691,"value": "not_sad"},"moods_mirex": {"all": {"Cluster1": 0.244916260242,"Cluster2": 0.372502744198,"Cluster3": 0.0795375704765,"Cluster4": 0.157036423683,"Cluster5": 0.146006986499},"probability": 0.372502744198,"value": "Cluster2"},"timbre": {"all": {"bright": 0.639116942883,"dark": 0.360883027315},"probability": 0.639116942883,"value": "bright"},"tonal_atonal": {"all": {"atonal": 0.181354612112,"tonal": 0.818645358086},"probability": 0.818645358086,"value": "tonal"},"voice_instrumental": {"all": {"instrumental": 0.304781794548,"voice": 0.695218205452},"probability": 0.695218205452,"value": "voice"}},"metadata": {"audio_properties": {"analysis_sample_rate": 44100,"bit_rate": 320000,"equal_loudness": 0,"length": 77.3746948242,"lossless": 0,"replay_gain": -11.4729061127,"sample_rate": 44100,"codec": "mp3","downmix": "mix","md5_encoded": "502ebe1ff5bf8bd5ae64d4009e3612b0"},"tags": {"file_name": "1-11 - Oh How I Miss You.mp3","acoustid_fingerprint": ["AQACWFESReFFvA_Ep5A--Dze44fjosqPR4LyH32P_sg5HPlxZeRRG4ezFn12zAzyg0-iC6We4ER6_NCeFz9y9sfxBn-Ns8F9hHlyvIZ7B88On3iOJwLPw1qToz_0GdGPf3iOH__xB09F1JyO-DCProTyHOCjo37w44R5dPlxnPlx3MIvcJSgLVEyeKj8RNjnoS8218IzFYqeQpWOW2hCHf0U5H6FHs0b4dlxXMOV5ilqpPmKEk8EWcOTqBKuC82ldOh5nAe-48clHdWDJsbRaTl8XD30PEnQQ2-OPpmN89AkSiluVEfzxXgz1ITvo8ePH1dcof6CdD8qHPnwPLhyoe6h5UpxD_-R73iPH_nRB80WHj_0oc_gHF4f9DRa-Qsa3OHxsEd_OE1iGDmuA8cVOsHlDPaOS_iQzy_qH5_24OijH95L9DjQ48FxfDhkwRd-vEfwHu6R44cO_4RfFbGO7qh8fIFf4ieOH39w5IL4XviQ9_iFH8ZHfP5wFjku4TiOw8dxuNCJH0c-w8cL58JxH-4f5Ae-w8dzQD9-oS_6C18I-Meh4_gL_II_ojYhB-0Nhw7-4IdtB4e4TviC4yccFzl-3MObG85TfDr-CnZw9wg7ESf-Q42iE_8CzWyE5kduHOF5mCfEHSkuOuiPymg0B5XuGOYRcuELfUf44IIfOMeTH2UUqrhTNEcfPMOPS_iLvqLgiSf-H9-M0MOt4y_0J6idHqlmHO_R48aPmkR6XBuqQ7Mu4Ue-Dj7uo2_x5KiEMyfCRFKWETou6ThKEnpYpKVknFfhUjLKHP_xy8ihHb5xJY4RLsqB_HisIH6OExUjuESRd7gVNFKMcjl-9Dg-XIN6WD9CtVyCPsN14PCD49FwKYcpRUbu4YX2Ccd5_FfQK2gmBz_KHyaHHw_8oxu0wwpb4YdjXriBQ4ePy4Cq4ynCE_1XuBXRH82YCGV-vEIdV8gP8SSQrg9aPA--48lRmQ_C_HjwpTkuPDn6PYCfopeMH1UP8Tj0QRnVC_7xKcclpDJRNShlDtvxHt_x7Kj_BH2K_0A6Hz0LnfiDeHxy1JmMpk3w4i9-5D8eJ6gj_IdP_AdCUTzuZzhy4Yae9chH4Ud_3Id1XDnK4xnOFC-OZjzaqyh7pNCOqwgvKsFD4VKPNF-FFj1-HD2OH8cvXMdxSjlyC88R8of4HOG1F7-C77ikXKjyPPCD41ONJ1UOP_hRu8NR5kJzFmeO4IcW9Auu49BD4kAuoz8OX0VO_PDx4_BpHD98wDd-QNPxIziOAz-OAzhOTMfxD8hx4AAAHAIAAAAAAKCAAsQw4gwBSBigiEBELkYEUQBgABhTDiGCFBCASwYEkAApwACwhhFAiDECUcQABQYCphAiFilAGBUOOIEAQZ5RZZBgigoDDFCAQQMKUAwhBJQxSHDCoDEEKkCMMQYABgQHSgFiLIUEGcGYcUoIIgwEACrhCUFMCYCIJgIAIYAwEBGYpACWCACIAAUIgpy5qlxwFAHOGMCIkcIASg1SSpBplAIHADAMcQgAApxVxBmhgPVOISgYEUABIYUDyjCDJAAKAAWcREYQQwCBlFAHBEEIAYGQQQggYwAhRAklLFJIKESggIQBBBEADiCwGLMUAQCAEcAQoYgihBPEyQGGIaOUA8YIZoQTGRikhCACMEM2AtoZaRgExACqiHLCAEGQFXASoxiQhgAgrCDKEEIWcAYABYU1EkgjhGKEGggQQohQJoAygkEJiEAGQYYsEwwgARBjSCgCACKOAKGoIIBA4KgQxBChlCBMKAAhAYQhRhAwHEDOmAgHEIKMJEIoB8GjTjoBACBFSMOEAEoAAowBhABHGBOWEtEQA0gRIMSinhhwiJBKBDMAsEoJsChwTjpCKSDLPQJNOwE"],"album": ["Haha Sound"],"albumartist": ["Broadcast"],"albumartistsort": ["Broadcast"],"artist": ["Broadcast"],"artistsort": ["Broadcast"],"asin": ["B00009V8WD"],"barcode": ["801061010621"],"catalognumber": ["WARPCD106"],"contentgroup": ["Downtempo,Experimental,Rock"],"date": ["2003-08-11"],"discnumber": ["01\/01"],"genre": ["Electronic"],"label": ["Warp Records"],"language": ["eng"],"media": ["CD"],"musicbrainz album release country": ["GB"],"musicbrainz album status": ["Official"],"musicbrainz album type": ["Album"],"musicbrainz_albumartistid": ["aaae25bf-c794-45d7-bab7-cdc7c655bfa6"],"musicbrainz_albumid": ["1216e686-0799-4615-9e41-82473842ce07"],"musicbrainz_artistid": ["aaae25bf-c794-45d7-bab7-cdc7c655bfa6"],"musicbrainz_recordingid": ["ca6c1bf8-17fd-43c7-aeef-05cef75dae20"],"musicbrainz_releasegroupid": ["38a3b1fa-90dc-3dae-9984-af0e0c616226"],"originalalbum": ["Haha Sound"],"originaldate": ["2003-08-11"],"script": ["Latn", "Latin"],"title": ["Oh How I Miss You"],"tracknumber": ["11\/14"]},"version": {"highlevel": {"essentia": "2.1-beta5-dev","essentia_build_sha": "e74af04b57b164eed312abeef4963962215860f0","essentia_git_sha": "v2.1_beta4-499-g4013ebc","extractor": "music 2.0","gaia": "2.4.5","gaia_git_sha": "v2.4.4-44-g95f4851","models_essentia_git_sha": "v2.1_beta1"},"lowlevel": {"essentia": "2.1-beta2","essentia_build_sha": "2d9f1f26377add8aeb1075a9c2973f962c4f09fd","essentia_git_sha": "v2.1_beta2-1-ge3940c0","extractor": "music 1.0"}}}}