{"highlevel": {"danceability": {"all": {"danceable": 0.443481534719,"not_danceable": 0.556518495083},"probability": 0.556518495083,"value": "not_danceable"},"gender": {"all": {"female": 0.506313383579,"male": 0.493686616421},"probability": 0.506313383579,"value": "female"},"genre_dortmund": {"all": {"alternative": 1.75862979507e-14,"blues": 2.21231842931e-14,"electronic": 0.999999761581,"folkcountry": 1.9946030605e-08,"funksoulrnb": 2.0968597525e-08,"jazz": 7.27795352873e-08,"pop": 1.53597135011e-08,"raphiphop": 2.61334189844e-08,"rock": 9.68915685462e-08},"probability": 0.999999761581,"value": "electronic"},"genre_electronic": {"all": {"ambient": 0.382422655821,"dnb": 0.00128425087314,"house": 0.0103188408539,"techno": 0.136491134763,"trance": 0.469483107328},"probability": 0.469483107328,"value": "trance"},"genre_rosamerica": {"all": {"cla": 0.0435983277857,"dan": 0.0276643317193,"hip": 0.0695073306561,"jaz": 0.137691289186,"pop": 0.389224618673,"rhy": 0.273329406977,"roc": 0.0467385314405,"spe": 0.0122461244464},"probability": 0.389224618673,"value": "pop"},"genre_tzanetakis": {"all": {"blu": 0.0560867749155,"cla": 0.0420199893415,"cou": 0.0672072768211,"dis": 0.0839960277081,"hip": 0.0671997964382,"jaz": 0.336040884256,"met": 0.0672706365585,"pop": 0.0840667560697,"reg": 0.0840534195304,"roc": 0.11205843091},"probability": 0.336040884256,"value": "jaz"},"ismir04_rhythm": {"all": {"ChaChaCha": 0.0339814312756,"Jive": 0.00208978937007,"Quickstep": 0.00096813676646,"Rumba-American": 0.00258427625522,"Rumba-International": 0.000937409815378,"Rumba-Misc": 0.00175105954986,"Samba": 0.00244399928488,"Tango": 0.0122234970331,"VienneseWaltz": 0.941907465458,"Waltz": 0.00111291592475},"probability": 0.941907465458,"value": "VienneseWaltz"},"mood_acoustic": {"all": {"acoustic": 0.2788387537,"not_acoustic": 0.7211612463},"probability": 0.7211612463,"value": "not_acoustic"},"mood_aggressive": {"all": {"aggressive": 0.132377207279,"not_aggressive": 0.867622792721},"probability": 0.867622792721,"value": "not_aggressive"},"mood_electronic": {"all": {"electronic": 0.959053575993,"not_electronic": 0.0409464277327},"probability": 0.959053575993,"value": "electronic"},"mood_happy": {"all": {"happy": 0.460780233145,"not_happy": 0.539219737053},"probability": 0.539219737053,"value": "not_happy"},"mood_party": {"all": {"not_party": 0.582336843014,"party": 0.417663156986},"probability": 0.582336843014,"value": "not_party"},"mood_relaxed": {"all": {"not_relaxed": 0.175211504102,"relaxed": 0.824788510799},"probability": 0.824788510799,"value": "relaxed"},"mood_sad": {"all": {"not_sad": 0.647768676281,"sad": 0.352231353521},"probability": 0.647768676281,"value": "not_sad"},"moods_mirex": {"all": {"Cluster1": 0.0772171542048,"Cluster2": 0.0444066934288,"Cluster3": 0.22775579989,"Cluster4": 0.0306369028986,"Cluster5": 0.619983434677},"probability": 0.619983434677,"value": "Cluster5"},"timbre": {"all": {"bright": 0.0682971477509,"dark": 0.931702852249},"probability": 0.931702852249,"value": "dark"},"tonal_atonal": {"all": {"atonal": 0.974936425686,"tonal": 0.0250635836273},"probability": 0.974936425686,"value": "atonal"},"voice_instrumental": {"all": {"instrumental": 0.997129321098,"voice": 0.00287066795863},"probability": 0.997129321098,"value": "instrumental"}},"metadata": {"audio_properties": {"analysis_sample_rate": 44100,"bit_rate": 161290,"equal_loudness": 0,"length": 1037.58361816,"lossless": 0,"replay_gain": -7.94319915771,"sample_rate": 44100,"codec": "mp3","downmix": "mix","md5_encoded": "75f9ec9fcb6d2ce6d0c36ef415d0891f"},"tags": {"file_name": "226258.mp3","album": ["Smash It UpThe Anthology 1976-1987"],"albumartist": ["Damned"],"artist": ["Damned"],"date": ["2002"],"genre": ["Punk"],"musicbrainz_recordingid": ["15380547-019f-4c1a-98b3-70ead853b082"],"title": ["Curtain Call"],"tracknumber": ["5"]},"version": {"highlevel": {"essentia": "2.1-beta5-dev","essentia_build_sha": "e74af04b57b164eed312abeef4963962215860f0","essentia_git_sha": "v2.1_beta4-499-g4013ebc","extractor": "music 2.0","gaia": "2.4.5","gaia_git_sha": "v2.4.4-44-g95f4851","models_essentia_git_sha": "v2.1_beta1"},"lowlevel": {"essentia": "2.1-beta2","essentia_build_sha": "70f2e5ece6736b2c40cc944ad0e695b16b925413","essentia_git_sha": "v2.1_beta2","extractor": "music 1.0"}}}}