{"highlevel": {"danceability": {"all": {"danceable": 0.27696532011,"not_danceable": 0.72303467989},"probability": 0.72303467989,"value": "not_danceable"},"gender": {"all": {"female": 0.0635060742497,"male": 0.936493933201},"probability": 0.936493933201,"value": "male"},"genre_dortmund": {"all": {"alternative": 0.0542742982507,"blues": 0.00775019871071,"electronic": 0.892923474312,"folkcountry": 0.0314957350492,"funksoulrnb": 0.000631499104202,"jazz": 0.00455148750916,"pop": 0.00210211449303,"raphiphop": 0.000405777071137,"rock": 0.00586544256657},"probability": 0.892923474312,"value": "electronic"},"genre_electronic": {"all": {"ambient": 0.73051571846,"dnb": 0.00861978810281,"house": 0.137033253908,"techno": 0.0105176018551,"trance": 0.113313637674},"probability": 0.73051571846,"value": "ambient"},"genre_rosamerica": {"all": {"cla": 0.0632098838687,"dan": 0.0352136865258,"hip": 0.0137385763228,"jaz": 0.0843403115869,"pop": 0.440026700497,"rhy": 0.310788750648,"roc": 0.0369954742491,"spe": 0.0156866181642},"probability": 0.440026700497,"value": "pop"},"genre_tzanetakis": {"all": {"blu": 0.06335606426,"cla": 0.0351489670575,"cou": 0.063247397542,"dis": 0.0526993833482,"hip": 0.105408608913,"jaz": 0.316346287727,"met": 0.0632862225175,"pop": 0.0790882781148,"reg": 0.06326315552,"roc": 0.158155634999},"probability": 0.316346287727,"value": "jaz"},"ismir04_rhythm": {"all": {"ChaChaCha": 0.059298671782,"Jive": 0.0107989571989,"Quickstep": 0.00541010359302,"Rumba-American": 0.0182748343796,"Rumba-International": 0.0185024626553,"Rumba-Misc": 0.0311900060624,"Samba": 0.0112720094621,"Tango": 0.557662129402,"VienneseWaltz": 0.280406206846,"Waltz": 0.00718459114432},"probability": 0.557662129402,"value": "Tango"},"mood_acoustic": {"all": {"acoustic": 0.855733335018,"not_acoustic": 0.144266694784},"probability": 0.855733335018,"value": "acoustic"},"mood_aggressive": {"all": {"aggressive": 1.17746785691e-05,"not_aggressive": 0.99998819828},"probability": 0.99998819828,"value": "not_aggressive"},"mood_electronic": {"all": {"electronic": 0.106566295028,"not_electronic": 0.893433690071},"probability": 0.893433690071,"value": "not_electronic"},"mood_happy": {"all": {"happy": 0.248377248645,"not_happy": 0.751622736454},"probability": 0.751622736454,"value": "not_happy"},"mood_party": {"all": {"not_party": 0.816039562225,"party": 0.183960452676},"probability": 0.816039562225,"value": "not_party"},"mood_relaxed": {"all": {"not_relaxed": 0.349483042955,"relaxed": 0.650516986847},"probability": 0.650516986847,"value": "relaxed"},"mood_sad": {"all": {"not_sad": 0.189116209745,"sad": 0.810883760452},"probability": 0.810883760452,"value": "sad"},"moods_mirex": {"all": {"Cluster1": 0.110857330263,"Cluster2": 0.307781428099,"Cluster3": 0.312814444304,"Cluster4": 0.217526420951,"Cluster5": 0.0510203614831},"probability": 0.312814444304,"value": "Cluster3"},"timbre": {"all": {"bright": 0.996824741364,"dark": 0.00317525328137},"probability": 0.996824741364,"value": "bright"},"tonal_atonal": {"all": {"atonal": 0.0126144643873,"tonal": 0.987385511398},"probability": 0.987385511398,"value": "tonal"},"voice_instrumental": {"all": {"instrumental": 0.0975072681904,"voice": 0.902492761612},"probability": 0.902492761612,"value": "voice"}},"metadata": {"audio_properties": {"analysis_sample_rate": 44100,"bit_rate": 128000,"equal_loudness": 0,"length": 233.717544556,"lossless": 0,"replay_gain": -9.20423698425,"sample_rate": 44100,"codec": "mp3","downmix": "mix","md5_encoded": "a1358b6fbf3bfab6ac93d573e124d8a5"},"tags": {"file_name": "01 - 19 - Right Before Your Eyes.mp3","acoustid_fingerprint": ["AQADtImqKM6GLyl0fDihJU_RB-tEo2GSHswf6Mth6YjoLMf34E5h5xsQplF0aOeR48cZ43DTRMGp48Z7BPqOXssyoek76BSuDz9y60Jz7Ama6cf_WOCLfmguPLh-mMMbxFtyPDj04HnAn5GQox8e1vD5wJGU0-iq48Qp-ThjHFf2I0yVHYqUJVmKnPiFHx-Dn7ge4ynewJGUJMcnvIgP_fgV5MOVvULfY6soSbhzBlWI40mOzTsuI97xMI-DyhS0VHaQ68R_PBxqa_CFcnuwJ0cVHWGC44f2HJd6nNjlHmGe4uGS4ZZO9FmGKctT_PhxX-gno-nBD-GPUXbxHG4KPQoP_4F2GtOJMF-K88dzHM3DKkWW41mwZxN-HD_040d4H38Oc0Sp4UceHcqTPMiZg-F6NJ-xP0c-I2HxC82Pqg_uPChvoemDfIZ--IbyKuDj4JeMMThy4fCDm_iRozt84cLWaFngH8xxZGaP8cdTNA83hDYj6CRyHv9xPvjR_Eg1UYeOtEefCG8UfOyC9XB-_EV-MIWbITQYpYbzoNdwHT8T5IdmHf6E8BOOJ5IW4V-Q6jgHPUfeg8f_4MeDS8_xHU7UBvGR6CSORw98HOfwB3meQo8yKSGq5xDloMeJhuOhI01_XEexy8cf3EdzJWFi9OiLLwjDQ1-CXKiyBz5xGz7OhbBuxA-SpeKF3cfjgMmPWnly_KmQX4R-1DrR5HkCMDb45gHzQCsaW7igncKY52jyK8iPH0fTNGhHK3iO_BLkHZGcMCEacjx47BPxozyLMLEeVJlzPBQ0__iPMjf8I0y38MhDWXh2Bv-hqEXzIc_B6iM-PGWCbkeY6Dx-Bjs-nBGaUjmKBxVVTPkHvU9wCX2OaN9RR8R-5Aw34s_g5HmgLz_yUIffDN_x48kJ1zieB49qeMKPL0txHfalgNczw0_AOQpOMXiXHTcThPpgHZr0o-G0I6R2PD58HCv-oHgiuAifCs_44l0E_3iWC6cWNWie5Cgz5dD7oTmN0M9Qko3QWPgWHE_zoVsrCc2PJzvyDOKzWEFkHk8-dFswJXhZoXkI_6hf4cGP_IK-I2X84snSSMh54j_8DtegZVFehKKkBLeCP8ce1BFc5NCLs0e8EXGiD70K_cjx5HjDw8uDL7rw50Ne6EGYoFmWKDZOGvuO6guJRuGDK1wTIT90TDmSKVUu_Ap-PHxRPvCDH068CGq7EM0_HJetGJdIRUZFCs0VYZ9mI9929BDDH1WyM0Gu6CN6wydR5_iJ8tjzxPhPnFuQKjs0D7m0o8mFcwrsuUHCRVGCkI_x6nhm-MZe3EMe6DqehESOZqmSozzO6Ei1Hao7IT-mrJUUNByP6wqecbCP76CPFI-hPaAeGvVFxFOyCC9OBca-FNdxHS9i58SPHv2R5xeKxmmKa3mFWDgJPzy0u2ge6KGIJ3vwxB9CjGLWIEzfQA-JMD8qkUccJksF_jr8G9JzIz-uRjrqJFGOH_fwpMvhHLmQrEnxLviDX8ngK8MlEU90E38ypD_OQ7mO8_h-3Dn6Cc6WHCGf4dsX_A_6o7nw8PgbnD7qo3GyB5eYCz_6IFkuDzlz1Gi2HE-2ePCOw6_x4YgzSdCSMkFI8TiiH8d_XMehLxz0FhXFI1s-4sCn4lluPAdzHEeq0lD3RYmQfxKeHpUI6yiZ49Nx5Dk0NUoJPw7x8fDhjsOH-4Y4w3KC7xiRCyY_5MTJHH4Ce8F1PBeD7Vj04B-OuxSOJ_CHPsKT42GOjzuO5pgeSrjAR8GZo19gxib6YE-H6ie0JLzwfMgl4hWuY8fNED-SJZnCIfzD4eh5NHuPWx1s4Xrw7wh1pGVwwpWEN_ix40DTPviPng-aSyKOH7khfsizLMVzorqooTmDR8cs4TM8H5H-QUueBHmIKvbhXyhZ5Hyg_UJTH48W4UaV1vjRs8I3tAn8oceHb1qIMV2c4HmgJ8dh3jjOlPiJh1aDo6Qi-DGm7tCDvfiT4IuO9MfO4w6epMdjPDnyhFSgvQgjHT_eEReDr8KlPMP0SwgTZT3UTDm-HG9UFAk99CglifiyPHhNwdPx0MZ7fEh_JH_g80c7OkPNB1vyJPikEHdK7PBz9ImH5H6QK8fh3ODyhMGpYFc_hGmmPNCoIz_-rQgfKLIsPHmRfwz6PCEcK8eNg1R0vD2-yMfRL_h13GvQUEefY2eG5omC8ETyHXeO5yjhXehDDe0vHJWcCe8RKZGC2kF-h2jGzAih_8in49JR5V_APWlAMeLR60AeCnqcI3yO_jk-xRlWBzke1A98ruhznDlyffh5VGF3uFI0lI2w78gKXkqh5UEoH4_H49qyHH2O2thxacbF48IZo1FlE5OcAznuRdB1wfmRJ3gmNNeiD_1wUWjVIMyg60aVbUe0HM8yw0efHPlyQw-PkIePPBu243QHLY1y5D3x-MJDprizE26OH2fwY8Mp4Q5-sfiFZrzg7Ihl4U2OxsIp6wj3EL6J6sf8I8_4QA_C9EN14imxSybOFDmeHdo5w2uUCmXGoLmE6viYPGjSBhoTHW-h_oKPHF53XNmG6XgWGd7RczhCMrughdORS8HRbccUvDP6BQYRM0IQgQRlDCBCCKCOMQqsI5BIYBQUQgilADAAEEdAIoIYATBCDBBWGBAAKICICUYAoYnRhgrimHJGAKSQEggIBQB5xBAmCEKIAAYJMpAqJRABTAAEABKQSGUcYIISAYQACgghlACMSAEZYBYRrAigShBCGEbOEAWcAAwAxwRBCAglCGFAAWeNQsgpqxACAoFgAADGCAaQQUwpQow0EDAEGKPAGGQUYEoJIxmABBCiGDZAOISQEJIAhxCh8iGClDAAIYMUQEYRKRARwBigNKMMGSAUIQYIIYABwFADhAAYCUCEkIAZxJAVhFjABTBIKUAgYEAYBAwhBCgHQJPEMAGQEkAQISRRAgIjgDOAGGCAMswhhMAziEKDEAECAAIQVUIIhIgDwCBFCEEOIGCAAAQQgAVAgAEBFEJEAEYQMwwKJJRQiCBAiABAcCmJQIBYygAigBgABPBEOEOAEgQYIKghgFGmALNAKMAIAQ4YYIRBxhligADQGAcFUEAZaghwVDhgiEICAYYQo44aIACCAjHNBLEKIEAEoQgY5AgBABgqABAIMEIcIUQYRwEAgjjCDCNGEIAcU0ogRJAwgAEhCBACGUIQIYxYQQAIihBniHAAZCE2cUgYBdwyxEBmCEIKBWEAckxYIAgTBgADiCMCKCIAMUwg7wRXlinEBGAAUCcwQIQAZwAxSCEoEANSCCMIAQgJQgQQFgAFgyMEAMCQFEkAaQCixggpEACSEGEIooAShIgFzhgAhihMASCIhUgJxAwAEAqDlPKGQYIUIUIIS4VCBgimGEHKACkAAAIgDogiQghmCEQCOMKJsEoYIAgg1ACAhDSOAIQEFUAIBwiQQgAFBSaAGIAUUUAYAAgSTgBhhFEIIUWIMggoAACh1gBCCJCsOYGAEA8oxBAAQhBiACLACCaEsUB6gCAgQADhkCOSEaQIQoIjAgBBRAAiBAEAGGaQEUQKwIgBVgsEDFAkGKEMIQA"],"acoustid_id": ["f5f362c9-3962-467a-8509-c993f1c9e7a6"],"album": ["The Complete Greatest Hits (compilation)"],"albumartist": ["America"],"albumartistsort": ["America"],"artist": ["America"],"artistsort": ["America"],"asin": ["B00005MLVA"],"barcode": ["081227437527"],"catalognumber": ["R2 74375"],"date": ["1982", "1982", "1982"],"discnumber": ["01\/01"],"genre": ["Pop"],"label": ["Rhino"],"language": ["eng"],"length": ["233717"],"media": ["CD"],"musicbrainz album release country": ["US"],"musicbrainz album status": ["Official"],"musicbrainz album type": ["Album", "Compilation"],"musicbrainz_albumartistid": ["34cf95c7-4be9-4efd-a48a-c2ea4a0bb114"],"musicbrainz_albumid": ["4a2f5582-bd02-4eb9-8c17-4f7f4529f0b9"],"musicbrainz_artistid": ["34cf95c7-4be9-4efd-a48a-c2ea4a0bb114"],