{"highlevel": {"danceability": {"all": {"danceable": 0.0858326479793,"not_danceable": 0.91416734457},"probability": 0.91416734457,"value": "not_danceable"},"gender": {"all": {"female": 0.0511677600443,"male": 0.948832213879},"probability": 0.948832213879,"value": "male"},"genre_dortmund": {"all": {"alternative": 0.00570423249155,"blues": 0.000595269491896,"electronic": 0.992522954941,"folkcountry": 0.000455812783912,"funksoulrnb": 4.15024078393e-06,"jazz": 2.16270582314e-05,"pop": 2.78825318674e-05,"raphiphop": 2.82283804154e-06,"rock": 0.000665240397211},"probability": 0.992522954941,"value": "electronic"},"genre_electronic": {"all": {"ambient": 0.308466434479,"dnb": 0.0113800456747,"house": 0.00641952827573,"techno": 0.00326705165207,"trance": 0.670466959476},"probability": 0.670466959476,"value": "trance"},"genre_rosamerica": {"all": {"cla": 0.00382928713225,"dan": 0.00176094658673,"hip": 0.00101827527396,"jaz": 0.000866833375767,"pop": 0.0186574477702,"rhy": 0.00101565662771,"roc": 0.972465932369,"spe": 0.000385627005016},"probability": 0.972465932369,"value": "roc"},"genre_tzanetakis": {"all": {"blu": 0.0626613423228,"cla": 0.0348169617355,"cou": 0.104475811124,"dis": 0.0784321576357,"hip": 0.15692435205,"jaz": 0.313974827528,"met": 0.0448166541755,"pop": 0.0627359300852,"reg": 0.0627360641956,"roc": 0.0784258767962},"probability": 0.313974827528,"value": "jaz"},"ismir04_rhythm": {"all": {"ChaChaCha": 0.109178230166,"Jive": 0.247116133571,"Quickstep": 0.0367171652615,"Rumba-American": 0.0471279211342,"Rumba-International": 0.0375586263835,"Rumba-Misc": 0.033264875412,"Samba": 0.0637524053454,"Tango": 0.105006709695,"VienneseWaltz": 0.293566465378,"Waltz": 0.026711454615},"probability": 0.293566465378,"value": "VienneseWaltz"},"mood_acoustic": {"all": {"acoustic": 0.0100262034684,"not_acoustic": 0.989973783493},"probability": 0.989973783493,"value": "not_acoustic"},"mood_aggressive": {"all": {"aggressive": 0.942725419998,"not_aggressive": 0.0572745725513},"probability": 0.942725419998,"value": "aggressive"},"mood_electronic": {"all": {"electronic": 0.592632055283,"not_electronic": 0.40736797452},"probability": 0.592632055283,"value": "electronic"},"mood_happy": {"all": {"happy": 0.00392137048766,"not_happy": 0.99607861042},"probability": 0.99607861042,"value": "not_happy"},"mood_party": {"all": {"not_party": 0.323238432407,"party": 0.676761567593},"probability": 0.676761567593,"value": "party"},"mood_relaxed": {"all": {"not_relaxed": 0.973355770111,"relaxed": 0.0266442429274},"probability": 0.973355770111,"value": "not_relaxed"},"mood_sad": {"all": {"not_sad": 0.86053109169,"sad": 0.139468893409},"probability": 0.86053109169,"value": "not_sad"},"moods_mirex": {"all": {"Cluster1": 0.0605538450181,"Cluster2": 0.0360334180295,"Cluster3": 0.0917374491692,"Cluster4": 0.0298384912312,"Cluster5": 0.781836807728},"probability": 0.781836807728,"value": "Cluster5"},"timbre": {"all": {"bright": 0.0171526446939,"dark": 0.982847332954},"probability": 0.982847332954,"value": "dark"},"tonal_atonal": {"all": {"atonal": 0.5,"tonal": 0.5},"probability": 0.5,"value": "tonal"},"voice_instrumental": {"all": {"instrumental": 0.00391743890941,"voice": 0.996082544327},"probability": 0.996082544327,"value": "voice"}},"metadata": {"audio_properties": {"analysis_sample_rate": 44100,"bit_rate": 0,"equal_loudness": 0,"length": 255.11239624,"lossless": 1,"replay_gain": -19.0023002625,"sample_rate": 96000,"codec": "flac","downmix": "mix","md5_encoded": "28dcc4be77e85f928c4a4b5116378951"},"tags": {"file_name": "01 There's Only One Way to Rock.flac","acoustid_id": ["217f328c-b174-418b-9148-1d49d65d04fb"],"album": ["Standing Hampton"],"albumartist": ["Sammy Hagar"],"albumartistsort": ["Hagar, Sammy"],"artist": ["Sammy Hagar"],"artistsort": ["Hagar, Sammy"],"asin": ["B000000OM7"],"catalognumber": ["GEF 85456"],"date": ["1981"],"discnumber": ["1"],"disctotal": ["1"],"engineer": ["Chris Minto", "Keith Olsen"],"genre": ["Classic Rock", "Rock", "Hard Rock"],"grouping": ["Hard Rock"],"label": ["Geffen Records"],"media": ["12\" Vinyl"],"mood": ["Unknown"],"musicbrainz_albumartistid": ["e68b06a4-d47f-432e-89d8-db43c48a2726"],"musicbrainz_albumid": ["b51b0791-5682-4dab-9a4a-774903d58c9c"],"musicbrainz_artistid": ["e68b06a4-d47f-432e-89d8-db43c48a2726"],"musicbrainz_recordingid": ["3c3f3065-a794-4feb-bcac-a7d24340711b"],"musicbrainz_releasegroupid": ["10ea9b6f-3613-3243-944b-bbbfac44192b"],"musicbrainz_releasetrackid": ["bf5a36d2-508f-3773-83f6-eb107e45b9c9"],"musicbrainz_workid": ["58d00663-42cf-337e-9dc1-524e4fad153c"],"originaldate": ["1981"],"originalyear": ["1981"],"producer": ["Keith Olsen"],"releasecountry": ["GB"],"releasestatus": ["official"],"releasetype": ["album"],"script": ["Latn"],"title": ["There's Only One Way to Rock"],"totaldiscs": ["1"],"totaltracks": ["10"],"tracknumber": ["1"],"tracktotal": ["10"],"website": ["http:\/\/www.redrocker.com\/"],"work": ["There's Only One Way to Rock"],"writer": ["Sammy Hagar"]},"version": {"highlevel": {"essentia": "2.1-beta5-dev","essentia_build_sha": "e74af04b57b164eed312abeef4963962215860f0","essentia_git_sha": "v2.1_beta4-499-g4013ebc","extractor": "music 2.0","gaia": "2.4.5","gaia_git_sha": "v2.4.4-44-g95f4851","models_essentia_git_sha": "v2.1_beta1"},"lowlevel": {"essentia": "2.1-beta2","essentia_build_sha": "70f2e5ece6736b2c40cc944ad0e695b16b925413","essentia_git_sha": "v2.1_beta2","extractor": "music 1.0"}}}}