{"highlevel": {"danceability": {"all": {"danceable": 0.563477039337,"not_danceable": 0.436522930861},"probability": 0.563477039337,"value": "danceable"},"gender": {"all": {"female": 0.635819196701,"male": 0.364180803299},"probability": 0.635819196701,"value": "female"},"genre_dortmund": {"all": {"alternative": 3.77869779911e-09,"blues": 4.75279504641e-09,"electronic": 0.999989390373,"folkcountry": 2.27314421863e-06,"funksoulrnb": 2.76276807654e-07,"jazz": 7.58703527026e-06,"pop": 7.06658198624e-08,"raphiphop": 1.94367313355e-08,"rock": 3.91720561765e-07},"probability": 0.999989390373,"value": "electronic"},"genre_electronic": {"all": {"ambient": 0.410902887583,"dnb": 0.00775797758251,"house": 0.220945909619,"techno": 0.036379121244,"trance": 0.324014097452},"probability": 0.410902887583,"value": "ambient"},"genre_rosamerica": {"all": {"cla": 0.00492061674595,"dan": 0.00621962035075,"hip": 0.0207048207521,"jaz": 0.114479511976,"pop": 0.0918436273932,"rhy": 0.745791852474,"roc": 0.011731017381,"spe": 0.00430896133184},"probability": 0.745791852474,"value": "rhy"},"genre_tzanetakis": {"all": {"blu": 0.0620671063662,"cla": 0.034474901855,"cou": 0.103433981538,"dis": 0.0620971247554,"hip": 0.15527240932,"jaz": 0.310666948557,"met": 0.044346679002,"pop": 0.0620793737471,"reg": 0.0620816536248,"roc": 0.103479810059},"probability": 0.310666948557,"value": "jaz"},"ismir04_rhythm": {"all": {"ChaChaCha": 0.0748343542218,"Jive": 0.0134967938066,"Quickstep": 0.00622057216242,"Rumba-American": 0.0134791461751,"Rumba-International": 0.00907207932323,"Rumba-Misc": 0.00868938490748,"Samba": 0.0156444031745,"Tango": 0.120441533625,"VienneseWaltz": 0.732720017433,"Waltz": 0.00540172029287},"probability": 0.732720017433,"value": "VienneseWaltz"},"mood_acoustic": {"all": {"acoustic": 0.630009055138,"not_acoustic": 0.369990974665},"probability": 0.630009055138,"value": "acoustic"},"mood_aggressive": {"all": {"aggressive": 0.112289331853,"not_aggressive": 0.887710690498},"probability": 0.887710690498,"value": "not_aggressive"},"mood_electronic": {"all": {"electronic": 0.508852720261,"not_electronic": 0.491147249937},"probability": 0.508852720261,"value": "electronic"},"mood_happy": {"all": {"happy": 0.587833046913,"not_happy": 0.412166982889},"probability": 0.587833046913,"value": "happy"},"mood_party": {"all": {"not_party": 0.757445335388,"party": 0.242554679513},"probability": 0.757445335388,"value": "not_party"},"mood_relaxed": {"all": {"not_relaxed": 0.214673250914,"relaxed": 0.785326719284},"probability": 0.785326719284,"value": "relaxed"},"mood_sad": {"all": {"not_sad": 0.631536483765,"sad": 0.368463546038},"probability": 0.631536483765,"value": "not_sad"},"moods_mirex": {"all": {"Cluster1": 0.0829671099782,"Cluster2": 0.0677950307727,"Cluster3": 0.292022645473,"Cluster4": 0.0772110447288,"Cluster5": 0.480004161596},"probability": 0.480004161596,"value": "Cluster5"},"timbre": {"all": {"bright": 0.554431855679,"dark": 0.445568144321},"probability": 0.554431855679,"value": "bright"},"tonal_atonal": {"all": {"atonal": 0.940223097801,"tonal": 0.0597769245505},"probability": 0.940223097801,"value": "atonal"},"voice_instrumental": {"all": {"instrumental": 0.552115082741,"voice": 0.447884947062},"probability": 0.552115082741,"value": "instrumental"}},"metadata": {"audio_properties": {"analysis_sample_rate": 44100,"bit_rate": 175225,"equal_loudness": 0,"length": 456.986114502,"lossless": 0,"replay_gain": -12.944229126,"sample_rate": 44100,"codec": "mp3","downmix": "mix","md5_encoded": "6db79bd9bcfb4d73da4bd9051c5832e5"},"tags": {"file_name": "Albert Cummings - Lonely Bed.mp3","acoustid_fingerprint": ["AQADtBLlRWqC30G702ieIzny4MpS9MmDF3US4UN_OF8mvMeH_8iJH-IaAC_w1ThOxD8Ofzi-Ajmu8bi44x-sHIdT4ybu40uK5PhxBbnGztDTHemNykmG9cd_XMQTPBfyPEgW9OFxnFbw8rg-9AuaWviwh8izoJSAHx-EU3B9HKK849xwqTgHsUdePHjR4zraJIWvw5eEXIaGXLLxesSuMglO3QiHhI4GRg-eEF94PGSPnoHB40hOEfngP_CyPMFEHhfz4MlQodHx5sSJIhf04_hHPLjg_DBV_EE-ODhe4R1-5NCXw0oSV_D04Xh1_ITPMThbPDnyJIdb4eiPnDySrw_2JDuaJIKD3uiNZpZxPsGdCnl4KD9yPcH1MugOxwx-oS-O-odxId8HnfiOP3CPE3GPB8cFG33Rw-nRhReSI-xyNLnC4MrRZ8eP8_AV5IYqH_4a5DruBw_-IdUP9URwYD_cB7Vo8HhwPEeoH3KO63BwXhB_AD6NF8fx7RB8BDdO48dxOJeRezkqach3XDd6onnw4xKDHjySL8FppDqOb4SP9MJ1-MGHm4dswaGOLDyOW0aYt0EfHRoy1SmMHtyDcNGhIj9-nDsOxIcoI7yOhxSRh4eY48mOzGMqlI9hh8Yz3MGI8BKPxE9w5Tiv4cpy9FmMhB3CCw-XBidT7AmPP-iP5tGDZ7gkPNITaIl0rEYTSjsuHVOOiTnOLDjuwz-S5zhOHlp5vAFOQRcsXMR7_MQ5_PhxQzyBC3bw6Hgu4_pxfMGh4y5yAq8iWF1JXMezJ7hG4VoeXDK8PPjRF8lo5cgTPThzPPCJo-xxSsaXo9KRHtqNnOgN57h2XIOlPEhX6MeP74KZaeiM0vDhHyF19Boewz6O3DjEFfkLHNuR73hwiIdrER2b4z-uHV7u4sqL6OjxHP0DPEyHZwjjHYefEZWZQ86xf-jxI-eF_-Av-MhplPiPP4d-VMcBn6iPCnlgHT5-XDguIeGDHNdB8eh59Dsc5ROeCsm-7OjhPuiP_PhTgfSJl4kRkjlcHSLRIw_xo0L6LB20lcaH_kiPoyd64scvfMLxIXugxzH8HOmxF0-S4_BMPMPNoD8uPHjQEz7qG_aHkTuOJysmMkejI3kenPgW9EGY6sFz5MpxcoXGQ1yHQzzyo8d_tMR__Eh5aDxi8niOI1ewEz_0DS0fUMkTqBUxdTxyoTzO4D18lBJyQd0Rrjy2iTsewTngB3zQH9_xPEbhPBGapHTwo1kWF30aXBm1YWeOZkeoLemROFRwNNGLKxGFRyWsPyheHg9-NM2OZFIyIs8Z_HiI8D-aP8Ne9IedHPmDTHuEbzwexYd0xCf24xauIMwP_UV-4Q_6oxlxHpeORzdCiM9S4zzCoy--rIgWjcNrPOKMh9hquCreGseho4f-4Dd6HDqOUNLQcWaKJouSiMOP5_jmCHk8CTr-I9133MeX5ArxI0xSHckOXEI5LSF8nA-F70GkG8m1GI_RxEvRSxnwI3nyJEPO4-izoIkTEQ_-IInkhMSN48BxHTmO_ziO44JXHrUk7vgrNApzFZUy_MTN4T2PWkwNq0ayI7-CVxfOHG-OC810lOGOyg-cHH2PphlqDddxvXiySwjlrEKdKYUuBc2yHCGZMTiDH3byxBjt43ioo_kjTB_6He7QI9QP8Rv8Q09w5Jp5HIeLPjpu4aguFfh0eHKGScryoXnBDPcR8xqSo0t2eMyIrm2KX8NDPMsEav_xJZjUZIEWRbhCoj-aB9cVBl_D4YmOIz-01MmEyhKeSBvkQxdqByp1_NBxDfrxws1xI73w4-LhI7yOe4GaOWOGOjrMjij5Q3_wBc9MIRST52h-5BmS58a_406O68KHo_7hG8kNdzuco_fx4UqD--jTF5ESsXiUB88NnofT5oh-yM8QMsel4-gT5IohXIN27XhywTdyH9PxgYjuG_qR70F_NN-D5kHNo-qNRpG4BWWeHOkPTTwe4otSoTnCht6BPQkz9D-aBVe54UflfXCJOqGFJ0h-5D_6LMeLOketLAd1beij4KmEiM6iQV-QJzlKwQ_xA8d-9LnwHuRuEX-OU_hxpXnwBz3CjFkOPTlyXXBfBTf-IFQaHVry4clJ4Tt-BU1cJFOs48GrWDiF5kJfPJFS4pLxC0kjHTGPf0F_Yoef40f_4OKBHZd6jKoqNKp2vEVuIeFz4g5-ox-OMtwwZUcuM0h-4S_eC-9wKi8aVUd__CnC4Dg__PiMF3FznC-wr8cHRxp-fB-J17iMUIfOH-eRH35u_MWZY-cyMDyewvkeoz_OHGIEEMAgISgiECBChBEMIkvMMcAKTCgwQjgAKCLGURGIAAARABBCyiiFhAMJQESIKdQKpIgRDijrSGnEACCcUAIIwoghwplHFDHEIKU4EEwpRAIRVCACnVMCKZGIYUIAKwhhSFAjBBBACCWMQYYBYAwAUBHmAABAGYAQE44IwIQAgiCBFBBAEiWQEcQRIoGAwshjlXOMAgIMQsYgIpwEDCjgiHCUAEEYAQ5QQqxGQDqgAWEAAmKoIYAQRpQyBhAjJhKCEKmIYMgIASBBCABDiHDIGQMARYRooATxhFUhDEKAEEQUw8ARZQh0RCHGCACACHKIVwwASoxTADAJFBAKILAYBAIRoJiyRCmmEAJEKUQEoMoYcpiiSEhEBFCCEIEIURQQpZgBAQCClJGCIAAMMMoAIAhQAFMBlRWGAvUsKJoyI4QAxAhlBDLACACQUFIAoABlRDBjAANCCKCsMQgxgAFCVFiALBsEBEAQQEwZJCBQQivDBHIAA-gFEMwZZwASAEymgIAQCISQJghBhQzhChkgEIgAGSUECZ4CAyQTRhgghHAOQEAEMNogyBAykAFmqDGIMIQAA4oh5gRArmviFCIIUqIYQkYxQohAAhgCBULIGCcUAIIpoISBSwpCLVVEiXOAwCIZBQBCUCAAhGBECCSAUVYYKARkgApBLEOKACuEAQQYkgAVSIgBwFUKCKAAAAABwwBShADAgRAUGUKoZUQRZhwxBAriMFWOGEQAQAgo4YARQCkIgADCAGcIA8gQIZiGSAhADCOEAEMhBo4ZRwAgVkmAzhAGGSIUEcYAAIBxCgEgBAFAAEAVJMAJgJEAAmAhABhscGAABkAQQgUBCCsHGCKAQQEFEURBAZShhClGKFVEKQOBZUIQ5AgTABigrGGEEIOMAwxQAJhQRBAHCLGIIQAEV0AQwTASADmEgEGAWCAoAM4gBg"],"acoustid_id": ["604f0ed6-cdeb-4a4c-99a7-f5443fc6a916"],"album": ["True to Yourself"],"albumartist": ["Albert Cummings"],"albumartistsort": ["Cummings, Albert"],"artist": ["Albert Cummings"],"artistsort": ["Cummings, Albert"],"asin": ["B0002T2QEM"],"bpm": ["59"],"catalognumber": ["BPCD5092"],"date": ["2004"],"discnumber": ["1\/1"],"filetype": ["MPG\/3"],"genre": ["Blues"],"label": ["Blind Pig Records"],"language": ["eng"],"media": ["CD"],"musicbrainz album release country": ["US"],"musicbrainz album status": ["Official"],"musicbrainz album type": ["Album"],"musicbrainz_albumartistid": ["bb7e60fd-6419-48c1-8823-8a1899bcc1f6"],"musicbrainz_albumid": ["f00c724d-7af7-493a-af59-44c0474d350b"],"musicbrainz_artistid": ["bb7e60fd-6419-48c1-8823-8a1899bcc1f6"],"musicbrainz_recordingid": ["3c52fbde-acb9-4512-a099-1f398db47b5f"],"musicbrainz_releasegroupid": ["e7b2bfc2-0ddf-3950-8c24-eba5b623b6da"],"originalalbum": ["True to Yourself"],"script": ["Latin"],"title": ["Lonely Bed"],"tracknumber": ["9\/10"]},"version": {"highlevel": {"essentia": "2.1-beta5-dev",