{"highlevel": {"danceability": {"all": {"danceable": 0.808016419411,"not_danceable": 0.191983610392},"probability": 0.808016419411,"value": "danceable"},"gender": {"all": {"female": 0.00884687248617,"male": 0.991153120995},"probability": 0.991153120995,"value": "male"},"genre_dortmund": {"all": {"alternative": 0.0955134779215,"blues": 0.0151769611984,"electronic": 0.836023569107,"folkcountry": 0.0293742772192,"funksoulrnb": 0.00142486137338,"jazz": 0.00637866277248,"pop": 0.00345636322163,"raphiphop": 0.000806465861388,"rock": 0.0118453735486},"probability": 0.836023569107,"value": "electronic"},"genre_electronic": {"all": {"ambient": 0.674526512623,"dnb": 0.020916685462,"house": 0.1262306422,"techno": 0.0173922087997,"trance": 0.160933941603},"probability": 0.674526512623,"value": "ambient"},"genre_rosamerica": {"all": {"cla": 0.00454210769385,"dan": 0.0182983092964,"hip": 0.0124450474977,"jaz": 0.0289924927056,"pop": 0.506330668926,"rhy": 0.375305384398,"roc": 0.0517895556986,"spe": 0.00229645869695},"probability": 0.506330668926,"value": "pop"},"genre_tzanetakis": {"all": {"blu": 0.0631970837712,"cla": 0.0351076424122,"cou": 0.105340525508,"dis": 0.0632559657097,"hip": 0.158187583089,"jaz": 0.316573172808,"met": 0.0527318492532,"pop": 0.063265889883,"reg": 0.0632615014911,"roc": 0.0790787860751},"probability": 0.316573172808,"value": "jaz"},"ismir04_rhythm": {"all": {"ChaChaCha": 0.116259470582,"Jive": 0.12087956816,"Quickstep": 0.0165498405695,"Rumba-American": 0.0882425531745,"Rumba-International": 0.0281202625483,"Rumba-Misc": 0.0202489160001,"Samba": 0.0685625076294,"Tango": 0.405678540468,"VienneseWaltz": 0.124901041389,"Waltz": 0.0105573013425},"probability": 0.405678540468,"value": "Tango"},"mood_acoustic": {"all": {"acoustic": 0.745794653893,"not_acoustic": 0.254205316305},"probability": 0.745794653893,"value": "acoustic"},"mood_aggressive": {"all": {"aggressive": 1.83491447387e-05,"not_aggressive": 0.999981641769},"probability": 0.999981641769,"value": "not_aggressive"},"mood_electronic": {"all": {"electronic": 0.539482116699,"not_electronic": 0.460517913103},"probability": 0.539482116699,"value": "electronic"},"mood_happy": {"all": {"happy": 0.48916181922,"not_happy": 0.510838210583},"probability": 0.510838210583,"value": "not_happy"},"mood_party": {"all": {"not_party": 0.826470017433,"party": 0.173529967666},"probability": 0.826470017433,"value": "not_party"},"mood_relaxed": {"all": {"not_relaxed": 0.132312789559,"relaxed": 0.867687225342},"probability": 0.867687225342,"value": "relaxed"},"mood_sad": {"all": {"not_sad": 0.307523280382,"sad": 0.69247674942},"probability": 0.69247674942,"value": "sad"},"moods_mirex": {"all": {"Cluster1": 0.0977976992726,"Cluster2": 0.280257284641,"Cluster3": 0.144548729062,"Cluster4": 0.174297362566,"Cluster5": 0.303098917007},"probability": 0.303098917007,"value": "Cluster5"},"timbre": {"all": {"bright": 0.995979368687,"dark": 0.00402062339708},"probability": 0.995979368687,"value": "bright"},"tonal_atonal": {"all": {"atonal": 0.0304683372378,"tonal": 0.969531655312},"probability": 0.969531655312,"value": "tonal"},"voice_instrumental": {"all": {"instrumental": 0.0111799249426,"voice": 0.988820075989},"probability": 0.988820075989,"value": "voice"}},"metadata": {"audio_properties": {"analysis_sample_rate": 44100,"bit_rate": 320000,"equal_loudness": 0,"length": 259.709381104,"lossless": 0,"replay_gain": -11.7826709747,"sample_rate": 44100,"codec": "mp3","downmix": "mix","md5_encoded": "8a66545b6d47129d83299947662c9b6d"},"tags": {"file_name": "Crazy.mp3","acoustid_id": ["4491ffcb-e149-4ca3-8198-ba6c0f4f289b"],"album": ["Seal Hits"],"albumartist": ["Seal"],"albumartistsort": ["Seal"],"artist": ["Seal"],"artistsort": ["Seal"],"asin": ["B00063F8BC"],"barcode": ["093624100324"],"bpm": ["103"],"composer": ["Seal"],"date": ["2011"],"discnumber": ["1\/1"],"genre": ["Pop"],"initialkey": ["A"],"isrc": ["USWB19000051"],"language": ["eng"],"media": ["CD"],"musicbrainz album status": ["official"],"musicbrainz album type": ["album", "compilation"],"musicbrainz_albumartistid": ["f053ae01-dae6-4aae-9883-e8c279fdbef4"],"musicbrainz_albumid": ["d04b847f-f224-4b37-a84e-754025916858"],"musicbrainz_artistid": ["f053ae01-dae6-4aae-9883-e8c279fdbef4"],"musicbrainz_recordingid": ["3cc3ffd6-696e-43c4-a0b1-a92fe5d8212f"],"musicbrainz_releasegroupid": ["f88895b2-4780-496f-86aa-b75a7860c097"],"musicip_puid": ["a9db731e-d1f8-c48b-6bdb-880611848374"],"originaldate": ["2009-11-30"],"originalyear": ["2009"],"script": ["Latn"],"title": ["Crazy"],"tracknumber": ["3\/19"]},"version": {"highlevel": {"essentia": "2.1-beta5-dev","essentia_build_sha": "e74af04b57b164eed312abeef4963962215860f0","essentia_git_sha": "v2.1_beta4-499-g4013ebc","extractor": "music 2.0","gaia": "2.4.5","gaia_git_sha": "v2.4.4-44-g95f4851","models_essentia_git_sha": "v2.1_beta1"},"lowlevel": {"essentia": "2.1-beta2","essentia_build_sha": "c0e182ba78c2de26e491b7b7a4a2c98c1ed34208","essentia_git_sha": "v2.1_beta2-2-gbb40004","extractor": "music 1.0"}}}}