{"highlevel": {"danceability": {"all": {"danceable": 0.774329781532,"not_danceable": 0.225670218468},"probability": 0.774329781532,"value": "danceable"},"gender": {"all": {"female": 0.484876930714,"male": 0.515123069286},"probability": 0.515123069286,"value": "male"},"genre_dortmund": {"all": {"alternative": 0.0929623916745,"blues": 0.0159957055002,"electronic": 0.835409522057,"folkcountry": 0.015041327104,"funksoulrnb": 0.00246403203346,"jazz": 0.00367527431808,"pop": 0.00429542642087,"raphiphop": 0.00218142289668,"rock": 0.0279749110341},"probability": 0.835409522057,"value": "electronic"},"genre_electronic": {"all": {"ambient": 0.374133616686,"dnb": 0.0622303523123,"house": 0.0637454092503,"techno": 0.024531006813,"trance": 0.475359618664},"probability": 0.475359618664,"value": "trance"},"genre_rosamerica": {"all": {"cla": 0.00129113881849,"dan": 0.0530603677034,"hip": 0.00814366992563,"jaz": 0.00308305793442,"pop": 0.0402672924101,"rhy": 0.00614984612912,"roc": 0.885949909687,"spe": 0.00205473904498},"probability": 0.885949909687,"value": "roc"},"genre_tzanetakis": {"all": {"blu": 0.0626613423228,"cla": 0.0348169617355,"cou": 0.104475811124,"dis": 0.0784321576357,"hip": 0.15692435205,"jaz": 0.313974827528,"met": 0.0448166541755,"pop": 0.0627359300852,"reg": 0.0627360641956,"roc": 0.0784258767962},"probability": 0.313974827528,"value": "jaz"},"ismir04_rhythm": {"all": {"ChaChaCha": 0.240233555436,"Jive": 0.181385666132,"Quickstep": 0.0304229222238,"Rumba-American": 0.0541931204498,"Rumba-International": 0.0294079128653,"Rumba-Misc": 0.0240517500788,"Samba": 0.0971146076918,"Tango": 0.193401992321,"VienneseWaltz": 0.130819275975,"Waltz": 0.0189692005515},"probability": 0.240233555436,"value": "ChaChaCha"},"mood_acoustic": {"all": {"acoustic": 0.00839662831277,"not_acoustic": 0.991603374481},"probability": 0.991603374481,"value": "not_acoustic"},"mood_aggressive": {"all": {"aggressive": 0.996617436409,"not_aggressive": 0.00338255148381},"probability": 0.996617436409,"value": "aggressive"},"mood_electronic": {"all": {"electronic": 0.138685390353,"not_electronic": 0.861314594746},"probability": 0.861314594746,"value": "not_electronic"},"mood_happy": {"all": {"happy": 0.765642106533,"not_happy": 0.234357878566},"probability": 0.765642106533,"value": "happy"},"mood_party": {"all": {"not_party": 0.514264643192,"party": 0.485735356808},"probability": 0.514264643192,"value": "not_party"},"mood_relaxed": {"all": {"not_relaxed": 0.969720244408,"relaxed": 0.0302797742188},"probability": 0.969720244408,"value": "not_relaxed"},"mood_sad": {"all": {"not_sad": 0.938652575016,"sad": 0.0613474212587},"probability": 0.938652575016,"value": "not_sad"},"moods_mirex": {"all": {"Cluster1": 0.0955708995461,"Cluster2": 0.0615655295551,"Cluster3": 0.135116711259,"Cluster4": 0.118463024497,"Cluster5": 0.589283823967},"probability": 0.589283823967,"value": "Cluster5"},"timbre": {"all": {"bright": 0.443077325821,"dark": 0.556922674179},"probability": 0.556922674179,"value": "dark"},"tonal_atonal": {"all": {"atonal": 0.300918072462,"tonal": 0.69908195734},"probability": 0.69908195734,"value": "tonal"},"voice_instrumental": {"all": {"instrumental": 0.0395475663245,"voice": 0.960452437401},"probability": 0.960452437401,"value": "voice"}},"metadata": {"audio_properties": {"analysis_sample_rate": 44100,"bit_rate": 0,"equal_loudness": 0,"length": 246.653335571,"lossless": 1,"replay_gain": -8.98530006409,"sample_rate": 44100,"codec": "flac","downmix": "mix","md5_encoded": "bd11328d17772fb357509ddac17243cd"},"tags": {"file_name": "01. Wild One.flac","album": ["Lock Up the Wolves"],"albumartist": ["Dio"],"albumartistsort": ["Dio"],"artist": ["Dio"],"artistsort": ["Dio"],"catalognumber": ["0799-291"],"date": ["1990"],"discnumber": ["1"],"disctotal": ["1"],"encodedby": ["-=udachee=-"],"genre": ["Pop\/Rock"],"label": ["Vertigo"],"language": ["eng"],"media": ["CD"],"musicbrainz_albumartistid": ["c55193fb-f5d2-4839-a263-4c044fca1456"],"musicbrainz_albumid": ["50352bd0-d801-4a1f-890c-739620747abe"],"musicbrainz_artistid": ["c55193fb-f5d2-4839-a263-4c044fca1456"],"musicbrainz_recordingid": ["590c13ac-3e63-426b-9ab6-966b431b903c"],"musicbrainz_releasegroupid": ["221a5e63-48fa-3378-8cc3-3a25b2f2f638"],"musicip_puid": ["ec1ef911-2f26-ad3d-d381-12678485dc3e"],"originaldate": ["1990-05-07"],"owner": ["-=udachee=-"],"releasecountry": ["RU"],"releasestatus": ["bootleg"],"releasetype": ["album"],"script": ["Latn"],"title": ["Wild One"],"totaldiscs": ["1"],"totaltracks": ["15"],"tracknumber": ["1"],"tracktotal": ["15"]},"version": {"highlevel": {"essentia": "2.1-beta5-dev","essentia_build_sha": "e74af04b57b164eed312abeef4963962215860f0","essentia_git_sha": "v2.1_beta4-499-g4013ebc","extractor": "music 2.0","gaia": "2.4.5","gaia_git_sha": "v2.4.4-44-g95f4851","models_essentia_git_sha": "v2.1_beta1"},"lowlevel": {"essentia": "2.1-beta2","essentia_build_sha": "70f2e5ece6736b2c40cc944ad0e695b16b925413","essentia_git_sha": "v2.1_beta2","extractor": "music 1.0"}}}}