{"highlevel": {"danceability": {"all": {"danceable": 0.927145004272,"not_danceable": 0.0728550106287},"probability": 0.927145004272,"value": "danceable"},"gender": {"all": {"female": 0.170917585492,"male": 0.829082429409},"probability": 0.829082429409,"value": "male"},"genre_dortmund": {"all": {"alternative": 0.120674096048,"blues": 0.0924995020032,"electronic": 0.531231284142,"folkcountry": 0.0874488577247,"funksoulrnb": 0.00673708878458,"jazz": 0.0590072795749,"pop": 0.0193754546344,"raphiphop": 0.00503000989556,"rock": 0.0779963955283},"probability": 0.531231284142,"value": "electronic"},"genre_electronic": {"all": {"ambient": 0.37090754509,"dnb": 0.0607547983527,"house": 0.443298220634,"techno": 0.0239277873188,"trance": 0.101111643016},"probability": 0.443298220634,"value": "house"},"genre_rosamerica": {"all": {"cla": 0.00874952413142,"dan": 0.015984505415,"hip": 0.0467225722969,"jaz": 0.0641466006637,"pop": 0.578825056553,"rhy": 0.105226404965,"roc": 0.176717326045,"spe": 0.00362799456343},"probability": 0.578825056553,"value": "pop"},"genre_tzanetakis": {"all": {"blu": 0.0626613423228,"cla": 0.0348169617355,"cou": 0.104475811124,"dis": 0.0784321576357,"hip": 0.15692435205,"jaz": 0.313974827528,"met": 0.0448166541755,"pop": 0.0627359300852,"reg": 0.0627360641956,"roc": 0.0784258767962},"probability": 0.313974827528,"value": "jaz"},"ismir04_rhythm": {"all": {"ChaChaCha": 0.106281213462,"Jive": 0.0445248819888,"Quickstep": 0.0112371006981,"Rumba-American": 0.013896998018,"Rumba-International": 0.0138754555956,"Rumba-Misc": 0.00804786104709,"Samba": 0.0332834534347,"Tango": 0.742721140385,"VienneseWaltz": 0.0195383615792,"Waltz": 0.00659352913499},"probability": 0.742721140385,"value": "Tango"},"mood_acoustic": {"all": {"acoustic": 0.0962605029345,"not_acoustic": 0.903739511967},"probability": 0.903739511967,"value": "not_acoustic"},"mood_aggressive": {"all": {"aggressive": 0.27621537447,"not_aggressive": 0.72378462553},"probability": 0.72378462553,"value": "not_aggressive"},"mood_electronic": {"all": {"electronic": 0.427193164825,"not_electronic": 0.572806835175},"probability": 0.572806835175,"value": "not_electronic"},"mood_happy": {"all": {"happy": 0.194162920117,"not_happy": 0.805837094784},"probability": 0.805837094784,"value": "not_happy"},"mood_party": {"all": {"not_party": 0.586363732815,"party": 0.413636267185},"probability": 0.586363732815,"value": "not_party"},"mood_relaxed": {"all": {"not_relaxed": 0.114786691964,"relaxed": 0.885213315487},"probability": 0.885213315487,"value": "relaxed"},"mood_sad": {"all": {"not_sad": 0.760127544403,"sad": 0.239872440696},"probability": 0.760127544403,"value": "not_sad"},"moods_mirex": {"all": {"Cluster1": 0.158395424485,"Cluster2": 0.357674956322,"Cluster3": 0.0955255478621,"Cluster4": 0.134101837873,"Cluster5": 0.254302233458},"probability": 0.357674956322,"value": "Cluster2"},"timbre": {"all": {"bright": 0.455220103264,"dark": 0.544779896736},"probability": 0.544779896736,"value": "dark"},"tonal_atonal": {"all": {"atonal": 0.151944056153,"tonal": 0.848055958748},"probability": 0.848055958748,"value": "tonal"},"voice_instrumental": {"all": {"instrumental": 0.782540738583,"voice": 0.217459261417},"probability": 0.782540738583,"value": "instrumental"}},"metadata": {"audio_properties": {"analysis_sample_rate": 44100,"bit_rate": 0,"equal_loudness": 0,"length": 190.946670532,"lossless": 1,"replay_gain": -13.7237358093,"codec": "flac","downmix": "mix","md5_encoded": "2c7002727ce64319bda0f4183a7c1879"},"tags": {"file_name": "09 Blood for Wild Blood.flac","acoustid_id": ["eaa1e530-3be6-428c-a5be-b6e60f5e71f8"],"album": ["Slipway Fires"],"albumartist": ["Razorlight"],"albumartistsort": ["Razorlight"],"artist": ["Razorlight"],"artists": ["Razorlight"],"artistsort": ["Razorlight"],"asin": ["B001G93Z5Q"],"barcode": ["602517858015"],"catalognumber": ["1785801"],"date": ["2008-11-03"],"discnumber": ["1"],"disctotal": ["1"],"genre": ["Indie Rock"],"grouping": ["Indie"],"isrc": ["GBUM70814469"],"label": ["Mercury"],"language": ["eng"],"media": ["CD"],"mood": ["Feel Good; Upbeat; Happy"],"musicbrainz_albumartistid": ["f2cb0435-d643-4fab-9587-fdb0279330a7"],"musicbrainz_albumid": ["80529b35-4d5b-4b6a-a101-124737b8d96c"],"musicbrainz_artistid": ["f2cb0435-d643-4fab-9587-fdb0279330a7"],"musicbrainz_recordingid": ["59c77f48-5315-4ada-94ee-94f4896dfd68"],"musicbrainz_releasegroupid": ["8f222e69-cca1-38c0-88bb-a87c501dd070"],"musicbrainz_releasetrackid": ["8b8c0b68-cafa-3519-bb9f-6d1320893886"],"originaldate": ["2008-11-03"],"originalyear": ["2008"],"releasecountry": ["GB"],"releasestatus": ["official"],"releasetype": ["album"],"replaygain_album_gain": ["-8.87 dB"],"replaygain_album_peak": ["0.977478"],"replaygain_track_gain": ["-9.23 dB"],"replaygain_track_peak": ["0.977203"],"script": ["Latn"],"title": ["Blood for Wild Blood"],"totaldiscs": ["1"],"totaltracks": ["11"],"tracknumber": ["9"],"tracktotal": ["11"]},"version": {"highlevel": {"essentia": "2.1-beta5-dev","essentia_build_sha": "e74af04b57b164eed312abeef4963962215860f0","essentia_git_sha": "v2.1_beta4-499-g4013ebc","extractor": "music 2.0","gaia": "2.4.5","gaia_git_sha": "v2.4.4-44-g95f4851","models_essentia_git_sha": "v2.1_beta1"},"lowlevel": {"essentia": "2.1-beta1","essentia_build_sha": "50a0fbec89d6a9cedea3d45b6611406f7e8c7b1a","essentia_git_sha": "v2.1_beta1-7-ge0e83e8-dirty","extractor": "music 1.0"}}}}