{"highlevel": {"danceability": {"all": {"danceable": 0.979096293449,"not_danceable": 0.0209037009627},"probability": 0.979096293449,"value": "danceable"},"gender": {"all": {"female": 0.892941057682,"male": 0.107058927417},"probability": 0.892941057682,"value": "female"},"genre_dortmund": {"all": {"alternative": 0.00320542254485,"blues": 0.00029766742955,"electronic": 0.995853483677,"folkcountry": 0.000319097423926,"funksoulrnb": 5.64703168493e-06,"jazz": 6.36135446257e-05,"pop": 1.70902694663e-05,"raphiphop": 4.66136270916e-06,"rock": 0.00023333086574},"probability": 0.995853483677,"value": "electronic"},"genre_electronic": {"all": {"ambient": 0.643880665302,"dnb": 0.0105452733114,"house": 0.0468833521008,"techno": 0.00631943624467,"trance": 0.292371273041},"probability": 0.643880665302,"value": "ambient"},"genre_rosamerica": {"all": {"cla": 0.0228349734098,"dan": 0.0854382812977,"hip": 0.0550798252225,"jaz": 0.0235195700079,"pop": 0.429879546165,"rhy": 0.178146019578,"roc": 0.195421472192,"spe": 0.0096803214401},"probability": 0.429879546165,"value": "pop"},"genre_tzanetakis": {"all": {"blu": 0.0626613423228,"cla": 0.0348169617355,"cou": 0.104475811124,"dis": 0.0784321576357,"hip": 0.15692435205,"jaz": 0.313974827528,"met": 0.0448166541755,"pop": 0.0627359300852,"reg": 0.0627360641956,"roc": 0.0784258767962},"probability": 0.313974827528,"value": "jaz"},"ismir04_rhythm": {"all": {"ChaChaCha": 0.0508248247206,"Jive": 0.0668499469757,"Quickstep": 0.0119701009244,"Rumba-American": 0.0212425999343,"Rumba-International": 0.0161112193018,"Rumba-Misc": 0.0151166412979,"Samba": 0.0242631267756,"Tango": 0.063590824604,"VienneseWaltz": 0.721366763115,"Waltz": 0.00866397190839},"probability": 0.721366763115,"value": "VienneseWaltz"},"mood_acoustic": {"all": {"acoustic": 0.288717269897,"not_acoustic": 0.711282730103},"probability": 0.711282730103,"value": "not_acoustic"},"mood_aggressive": {"all": {"aggressive": 0.0175519753247,"not_aggressive": 0.982448041439},"probability": 0.982448041439,"value": "not_aggressive"},"mood_electronic": {"all": {"electronic": 0.43624073267,"not_electronic": 0.56375926733},"probability": 0.56375926733,"value": "not_electronic"},"mood_happy": {"all": {"happy": 0.460553109646,"not_happy": 0.539446890354},"probability": 0.539446890354,"value": "not_happy"},"mood_party": {"all": {"not_party": 0.799397110939,"party": 0.200602903962},"probability": 0.799397110939,"value": "not_party"},"mood_relaxed": {"all": {"not_relaxed": 0.372098386288,"relaxed": 0.627901613712},"probability": 0.627901613712,"value": "relaxed"},"mood_sad": {"all": {"not_sad": 0.652810633183,"sad": 0.34718939662},"probability": 0.652810633183,"value": "not_sad"},"moods_mirex": {"all": {"Cluster1": 0.0582928992808,"Cluster2": 0.0661569163203,"Cluster3": 0.332975566387,"Cluster4": 0.165663540363,"Cluster5": 0.376911073923},"probability": 0.376911073923,"value": "Cluster5"},"timbre": {"all": {"bright": 0.535360634327,"dark": 0.464639335871},"probability": 0.535360634327,"value": "bright"},"tonal_atonal": {"all": {"atonal": 0.00457692984492,"tonal": 0.995423078537},"probability": 0.995423078537,"value": "tonal"},"voice_instrumental": {"all": {"instrumental": 0.968389093876,"voice": 0.0316109247506},"probability": 0.968389093876,"value": "instrumental"}},"metadata": {"audio_properties": {"analysis_sample_rate": 44100,"bit_rate": 0,"equal_loudness": 0,"length": 406.640014648,"lossless": 1,"replay_gain": -14.5148506165,"sample_rate": 44100,"codec": "flac","downmix": "mix","md5_encoded": "e4ef27e8c64e48a8c27e08f6fe401c75"},"tags": {"file_name": "05 - Tunnel Vision.flac","acoustid_id": ["5ddabe54-df8a-41ff-b4c1-5247bd573179"],"album": ["The 20\/20 Experience"],"albumartist": ["Justin Timberlake"],"albumartistsort": ["Timberlake, Justin"],"artist": ["Justin Timberlake"],"artistsort": ["Timberlake, Justin"],"asin": ["B00BCZUAE8"],"barcode": ["887654785121"],"catalognumber": ["88765 47851 2"],"date": ["2013-03-15"],"discnumber": ["1"],"disctotal": ["1"],"genre": ["Love At First Listen", "Contemporary R&B", "Pop", "R&B", "Timbaland", "Justin Timberlake", "10S", "2013"],"label": ["RCA"],"media": ["CD"],"musicbrainz_albumartistid": ["596ffa74-3d08-44ef-b113-765d43d12738"],"musicbrainz_albumid": ["f13bd5b6-eebf-4aa6-9bb5-4948bf73718d"],"musicbrainz_artistid": ["596ffa74-3d08-44ef-b113-765d43d12738"],"musicbrainz_recordingid": ["59ff3d3f-2119-4109-812b-902f09b0ca49"],"musicbrainz_releasegroupid": ["deae6fc2-a675-4f35-9565-d2aaea4872c7"],"originaldate": ["2013-03-15"],"originalyear": ["2013"],"performer": ["Timbaland (additional vocal)"],"producer": ["Justin Timberlake", "Jerome \"Jroc\" Harmon", "Timbaland"],"releasecountry": ["XE"],"releasestatus": ["official"],"releasetype": ["album"],"script": ["Latn"],"title": ["Tunnel Vision"],"totaldiscs": ["1"],"totaltracks": ["12"],"tracknumber": ["5"],"tracktotal": ["12"]},"version": {"highlevel": {"essentia": "2.1-beta5-dev","essentia_build_sha": "e74af04b57b164eed312abeef4963962215860f0","essentia_git_sha": "v2.1_beta4-499-g4013ebc","extractor": "music 2.0","gaia": "2.4.5","gaia_git_sha": "v2.4.4-44-g95f4851","models_essentia_git_sha": "v2.1_beta1"},"lowlevel": {"essentia": "2.1-beta2","essentia_build_sha": "70f2e5ece6736b2c40cc944ad0e695b16b925413","essentia_git_sha": "v2.1_beta2","extractor": "music 1.0"}}}}