{"highlevel": {"danceability": {"all": {"danceable": 0.77391242981,"not_danceable": 0.226087555289},"probability": 0.77391242981,"value": "danceable"},"gender": {"all": {"female": 0.996892392635,"male": 0.00310759292915},"probability": 0.996892392635,"value": "female"},"genre_dortmund": {"all": {"alternative": 0.0708279535174,"blues": 0.0171044338495,"electronic": 0.851383328438,"folkcountry": 0.0356652550399,"funksoulrnb": 0.00123217888176,"jazz": 0.00724869407713,"pop": 0.00376908667386,"raphiphop": 0.00106504454743,"rock": 0.0117040537298},"probability": 0.851383328438,"value": "electronic"},"genre_electronic": {"all": {"ambient": 0.582748651505,"dnb": 0.0316633991897,"house": 0.24905051291,"techno": 0.0185346640646,"trance": 0.118002794683},"probability": 0.582748651505,"value": "ambient"},"genre_rosamerica": {"all": {"cla": 0.0354709662497,"dan": 0.094294719398,"hip": 0.125381991267,"jaz": 0.0450556986034,"pop": 0.421836614609,"rhy": 0.210791736841,"roc": 0.0582242570817,"spe": 0.00894400570542},"probability": 0.421836614609,"value": "pop"},"genre_tzanetakis": {"all": {"blu": 0.0626613423228,"cla": 0.0348169617355,"cou": 0.104475811124,"dis": 0.0784321576357,"hip": 0.15692435205,"jaz": 0.313974827528,"met": 0.0448166541755,"pop": 0.0627359300852,"reg": 0.0627360641956,"roc": 0.0784258767962},"probability": 0.313974827528,"value": "jaz"},"ismir04_rhythm": {"all": {"ChaChaCha": 0.126843601465,"Jive": 0.053944747895,"Quickstep": 0.0116737466305,"Rumba-American": 0.020634945482,"Rumba-International": 0.0252695828676,"Rumba-Misc": 0.0168907847255,"Samba": 0.0514276623726,"Tango": 0.22635063529,"VienneseWaltz": 0.454352855682,"Waltz": 0.0126114245504},"probability": 0.454352855682,"value": "VienneseWaltz"},"mood_acoustic": {"all": {"acoustic": 0.474217861891,"not_acoustic": 0.525782108307},"probability": 0.525782108307,"value": "not_acoustic"},"mood_aggressive": {"all": {"aggressive": 0.347654461861,"not_aggressive": 0.652345538139},"probability": 0.652345538139,"value": "not_aggressive"},"mood_electronic": {"all": {"electronic": 0.5,"not_electronic": 0.5},"probability": 0.5,"value": "electronic"},"mood_happy": {"all": {"happy": 0.0877661108971,"not_happy": 0.912233889103},"probability": 0.912233889103,"value": "not_happy"},"mood_party": {"all": {"not_party": 0.839492082596,"party": 0.160507932305},"probability": 0.839492082596,"value": "not_party"},"mood_relaxed": {"all": {"not_relaxed": 0.386919826269,"relaxed": 0.613080203533},"probability": 0.613080203533,"value": "relaxed"},"mood_sad": {"all": {"not_sad": 0.333357870579,"sad": 0.666642129421},"probability": 0.666642129421,"value": "sad"},"moods_mirex": {"all": {"Cluster1": 0.129951775074,"Cluster2": 0.235026299953,"Cluster3": 0.284294247627,"Cluster4": 0.122377589345,"Cluster5": 0.228350088},"probability": 0.284294247627,"value": "Cluster3"},"timbre": {"all": {"bright": 0.699999392033,"dark": 0.300000578165},"probability": 0.699999392033,"value": "bright"},"tonal_atonal": {"all": {"atonal": 0.280406743288,"tonal": 0.719593286514},"probability": 0.719593286514,"value": "tonal"},"voice_instrumental": {"all": {"instrumental": 0.154664039612,"voice": 0.845335960388},"probability": 0.845335960388,"value": "voice"}},"metadata": {"audio_properties": {"analysis_sample_rate": 44100,"bit_rate": 192000,"equal_loudness": 0,"length": 207.542861938,"lossless": 0,"replay_gain": -5.34805488586,"sample_rate": 44100,"codec": "mp3","downmix": "mix","md5_encoded": "a75e754a60af0639df4a18f2e26fda65"},"tags": {"file_name": "Lee Ann Womack - Does My Ring Burn Your Finger.mp3","acoustid_fingerprint": ["AQADtHGyJFOkNPihzSvSo_rR6_gOHz-ehXgNjyQe4XBy40Z6BdqRP-iNZj-e4_jRH82V4xSO5A9CZpkHH18a9MLzHTmS7dPQfMeN40f1HC8thH2QHMd_oXumwfGD92jH4EKCnBna0XiFO6yCvCdE5EQf4z06w1l39PjR_OiP8NDypUKOo8-so1FxlMw55Hgu4Yefw6qEPilyXMzwfESfR_jxI82HZE9y_MfP4hnT4P3xox_cI_lbhD-uHs90oXvgRzkS_gi35njWoSqa5ziNL3TwLCSa-giP5BJ65jCavTgdxFt0IOczVE4GS8dN_Md_-MfJojyPo_lR48YfHfE3QvfRIOcFkzt6hviO5uiT4xTz4jr6IMwzL_jxHRUd9HmFPyEu4y-eQzvCMDruXMFZND2qBw5pnDquH4nFI9aJh8OfDE33oV-KK0HCKg3yGc-ib8IPPySeID-S5hIc5dFxHc9iBz1xVMeThcelC-J_HM_QJAlzVLrw4X3wJ0fyC3mioHaDJr8So8pznEdI5kZyPEfPOGieWcGPowmq_DiOMOMCfYF56NlxfxF-tHlwKeHRnCmSsT_e48c14ztR-XDCowwffKWInkGYKoceHC--KhWeM0K_uGjiZINOCuUfQeSyEMHDHc8CPxdO47ly9DquIxkTPgiz_zgzfGhifUGVC_dxpkjOHCmP98OPr4SPGz-8x0SuZXIKOVSOtflQ_UJzdkEefEnRfCnKY__RrBf641KKJ1ISRogT-1B_HEj-HM1-oUe_3PDRv8hz6NmQRj5-I_4mJEuVmRN-eCRMbTk-vYEvIf6RXMmxKT_Og1rGRcFE5pmQI_lifGkDXGiOJ-6y4sqRvhA_KkH_KcJO9AJ1_gi_4Ggw_bje4c9jfHtWtGODjT-e9MHvwT3B50i-I8zpCBe-HLsJfDGeHdfQHFWe4-QxnUPDEuiRaD9SBvvRpzhnpTh7IoeeGDETolaH7sdz5D-2EPpysNqOnE80nNjy4Ok7PFF-pGN46EcePMVFB5WTC04-MehvYteDctrAhFJ5JJeOiGYm4jn6HFPwLMX5ID-SM8uIZ3yGHzsuKXCzhB5y_PgsBt_RB02a4wmuKMqJJz96XbCe4-MRbsGPXy8O_7jw6ELzS0YvHEnlNwhr9Thl9Ar6w2MuqThFonmF-Gugy8UvpL7wPbiEaymuPMC54NfRw_LxBjfSHI9yCKePC9fhXIlRMjv0oySPvDiP8uiR54f444PzoU9yyDmu7IjFH3uaoUG9D2_xD42PUA-hUX2OaCf65HiUHcfxK0fzI6F-hK_xozDV4D16hIYOv3h2wb4EjVWgXgm6H2Gip7gePLI0HM2eSOhzhLIONROHkFONL8fxE46j4Jwl5MwOlETuBdXxXcih58fRqBLqFrcUDr8HXaGD9E_xH41KVGSOPkIzHX8m4SR0pUd_NBUpnFrwq8Sa3_gzGtl1JL8yfDrxo-GeoGR4EEc0-9CVC72loLlwqSSu5XhPfNB_XMKX48iP46vx8ENQnQu8o5WHnFkV4cd3vEf_IWcPjeFH5EVto8F94cnRPAj_49CXQp-ONzm65g8cEVdwVA8e_BKOK7_QXKh-PIxy44qrEPrxScR1VD-a5JUQmsoYNA6P56g_FZfyo4x0oe-Dpnjw-2i-IHyy4_fwlYkwDj7zDNcuzIS_4w10hLeN5jKeINZ5XMtynDp0-8hx4TquHMdTxIX-ob_goWQ5I1_G4fiH49vxHhd6vUiWMyty8vBz4zv24G_AdUo8WA9xCkzyoxdmPmgYZcZRK7yQ83gO3SfyJRcuJoXv40cOj0lMRFyv4hd-4jS-iJWE5kPPEPnyI9FfHHs0fDo-4UeT5BGe4pdhBo6UH1Wa4BuOSHp8NMl86Ag56fDMCn0FHiHZw8tSqLyCOE_RC02Zo0BJhOEf6DzyJ0bzHFVY9Dmm7Lj04THiU9DyIPxSlDd8Hc6iLA-66fhjHI1zdGGK71Tg7TiTZ8iV49CPkhkRJvSGEz9e5Th9xDqDQw_CP2j448eXJMKlhHmGXkKqPtAj5NFRp7jwPLiFNMcPtRoRXnnRHH9wcUdTB-EhR0K-o6IW47xwxmjeLMZj4jlyQdeQRpJ0_Og44UPOAG8v9MeNS4D25GieHZeMvxB-PEevw6dR6TgacjFK4T965NuOK-i4HN_xRcf8MMWpFP3RdDueHz_iHE0m_dD8FTmDHq6YG9OTBy9O5viVFTWS08Nj1Lgu_LivIccRhjdCzsY9Cudx6cj7oc8hdkp89AP-GO-Ff8Sdo3GoQfuPP0LOCz8sKht-5MEvQV9i4T-O93iOH_3RcAyeQ11q5B-ORzjaCz88pD20Hzm-NDjzI80DuUKuFLAi48vxHbN0oskRjjmg9kOYDuWVGO0DPzixhTvCiDkPdccV_EN_PIWKTirOPRDy7WjrIcyLb0WfHf2h8Bee47zRnNBzvAh_fMP3o-GPY8odPEmKf8KjIrxeJHyG-niYGndm4VVW-EdyyUHeBD-eKfRRmdphOqglxciZC8lRPmjO4lGPC--RpwAjFbBCGCKIdIxRAwhUSBDiCAMSKcKoCIIwQRAQRhBAoBBCAMWIEAQRAhUFQEjEHLBOKEEIFgoIYIVkQICkCANECMIMU0AQARBwhBBgAbHEMAEYEQRAoIADgBFCBBJOAKAAAA4BBIQCRgiHGBCACUKEAcIYYgQQQikghhPCEEGdoEIbAIQVQhIEnGAUCIAIAMAg5xwBhggmnBcAMKAAt8QwBpACSCgAiGACcIIF4IQ7wKHiRACBIAICGGAAAQwRaRQREoEChBBICAIYAAAARQyDAgDBHIAIMAAEgVYgCwEVgBhAgMRCGEKQJJggoxAQTCBBACKAKQAEQUwABgCgAiACnKAQOQoAAEIA6AAABBGEBBCAAKGAUQgQJAEAxwnEBKISEEMYIFowQ4DXxEAGAAVKKUANIAQYZJSiyAgDBBAAAScAQkAhQIQjCHELDDICOAIEQAYAhIQBQABrDERMAMoFIRQ4AAAgglEAmHLAAAGAUsg6BIQTEghmGDjKKUUEME4QqIUywjEgLAEAMCQMZBwIhhQQAhClrFLGIECQUMaQIAgxhEAghAIGAY4AAcAAAghACgJsACEMIAcEIAAAIwRAyCmFDIGCEmEBUUA40IATVARBDBVMKIGIEQIADwiQiABgjjBAAICoAQ54BAAASgjACYJMCMGYAMQAIgAAQgABiEAAKKEIUAJ6gQQAEBgIElOGAKEUIABZAZAVBCAgBCAGGSIEAkobhZShgBBBECJMiIEQFQIIQQghAhEEDXCOEiEIAwcgT5hUhhiHADCMIEEMMEgYSyQygBJhJQAICQcwMsIwKQRQBAnDBGQGAGuUI4QwCqwQwBIoBDAGAgIMMwgoiYACABCBkAAAGQeRAAIKTYEUHBgoCQFWUMGQEoQIJICySggEhAMCUQAhEkARIJAAmhCgBAFAGKAQIAgwQwhwQEzDEACGDGOQEEowgghciFEFFPOOAWCVY8AJTJ1SiAkBAJRAIAoUAUgJJwgxwCIBIKKAIUMIEJQhJJgQQAFgkDDIOACIIAwIQLgiCg"],"acoustid_id": ["a6c8876b-33ce-43f0-931b-9ea0f690040b"],"album": ["Greatest Hits"],"artist": ["Lee Ann Womack"],"bpm": ["129.06"],"date": ["2000"],"genre": ["Country"],"musicbrainz album release country": ["United States"],"musicbrainz album type": ["Compilation"],"musicbrainz_albumartistid": ["16c5bb7a-35b7-418d-880e-7ed3399f1b40"],"musicbrainz_albumid": ["5e14fd81-1fe8-491c-b128-b21b8033499a"],"musicbrainz_artistid": ["16c5bb7a-35b7-418d-880e-7ed3399f1b40"],"musicbrainz_recordingid": ["b62c955a-424a-4fa6-8dbc-e36e89bf49c1"],"musicip_puid": ["5338f902-573d-da26-b729-40aeb4ea1a31"],"title": ["Does My Ring Burn Your Finger"],"tracknumber": ["12"]},"version": {"highlevel": {"essentia": "2.1-beta5-dev","essentia_build_sha": "e74af04b57b164eed312abeef4963962215860f0",