{"highlevel": {"danceability": {"all": {"danceable": 0.154707580805,"not_danceable": 0.845292389393},"probability": 0.845292389393,"value": "not_danceable"},"gender": {"all": {"female": 0.182141661644,"male": 0.817858338356},"probability": 0.817858338356,"value": "male"},"genre_dortmund": {"all": {"alternative": 0.0355152711272,"blues": 0.0043122456409,"electronic": 0.951937556267,"folkcountry": 0.00289892079309,"funksoulrnb": 0.000118429234135,"jazz": 0.000427593360655,"pop": 0.000390531000448,"raphiphop": 8.0127894762e-05,"rock": 0.00431930366904},"probability": 0.951937556267,"value": "electronic"},"genre_electronic": {"all": {"ambient": 0.278915286064,"dnb": 0.0241599008441,"house": 0.0802047103643,"techno": 0.0131423100829,"trance": 0.603577792645},"probability": 0.603577792645,"value": "trance"},"genre_rosamerica": {"all": {"cla": 0.00045824420522,"dan": 0.00515117682517,"hip": 0.000348487548763,"jaz": 0.000746589561459,"pop": 0.011633740738,"rhy": 0.00195343839005,"roc": 0.979443192482,"spe": 0.000265133043285},"probability": 0.979443192482,"value": "roc"},"genre_tzanetakis": {"all": {"blu": 0.0626613423228,"cla": 0.0348169617355,"cou": 0.104475811124,"dis": 0.0784321576357,"hip": 0.15692435205,"jaz": 0.313974827528,"met": 0.0448166541755,"pop": 0.0627359300852,"reg": 0.0627360641956,"roc": 0.0784258767962},"probability": 0.313974827528,"value": "jaz"},"ismir04_rhythm": {"all": {"ChaChaCha": 0.305886864662,"Jive": 0.172383412719,"Quickstep": 0.0290835760534,"Rumba-American": 0.0383753031492,"Rumba-International": 0.0366781391203,"Rumba-Misc": 0.0284336451441,"Samba": 0.0532303489745,"Tango": 0.112330295146,"VienneseWaltz": 0.205299496651,"Waltz": 0.0182989425957},"probability": 0.305886864662,"value": "ChaChaCha"},"mood_acoustic": {"all": {"acoustic": 0.0128372982144,"not_acoustic": 0.987162709236},"probability": 0.987162709236,"value": "not_acoustic"},"mood_aggressive": {"all": {"aggressive": 0.669077813625,"not_aggressive": 0.330922156572},"probability": 0.669077813625,"value": "aggressive"},"mood_electronic": {"all": {"electronic": 0.538797497749,"not_electronic": 0.461202502251},"probability": 0.538797497749,"value": "electronic"},"mood_happy": {"all": {"happy": 0.570780038834,"not_happy": 0.429219931364},"probability": 0.570780038834,"value": "happy"},"mood_party": {"all": {"not_party": 0.427172958851,"party": 0.572827041149},"probability": 0.572827041149,"value": "party"},"mood_relaxed": {"all": {"not_relaxed": 0.768635332584,"relaxed": 0.231364652514},"probability": 0.768635332584,"value": "not_relaxed"},"mood_sad": {"all": {"not_sad": 0.807159245014,"sad": 0.192840769887},"probability": 0.807159245014,"value": "not_sad"},"moods_mirex": {"all": {"Cluster1": 0.148398384452,"Cluster2": 0.128180712461,"Cluster3": 0.0854908451438,"Cluster4": 0.0776804164052,"Cluster5": 0.560249626637},"probability": 0.560249626637,"value": "Cluster5"},"timbre": {"all": {"bright": 0.446779578924,"dark": 0.553220391273},"probability": 0.553220391273,"value": "dark"},"tonal_atonal": {"all": {"atonal": 0.161859750748,"tonal": 0.838140249252},"probability": 0.838140249252,"value": "tonal"},"voice_instrumental": {"all": {"instrumental": 0.0825648158789,"voice": 0.91743516922},"probability": 0.91743516922,"value": "voice"}},"metadata": {"audio_properties": {"analysis_sample_rate": 44100,"bit_rate": 0,"equal_loudness": 0,"length": 229.839996338,"lossless": 1,"replay_gain": -14.8780860901,"sample_rate": 44100,"codec": "flac","downmix": "mix","md5_encoded": "5928c69f7b199bd0da1d4b15d92a5417"},"tags": {"file_name": "02 All Lips Go Blue.flac","acoustid_id": ["dea89ef5-5173-44f8-af93-823c49550737"],"album": ["Tears on Tape"],"albumartist": ["HIM"],"albumartistsort": ["HIM"],"artist": ["HIM"],"artistsort": ["HIM"],"asin": ["B00BSJ30TK"],"barcode": ["0602537326471"],"catalognumber": ["06025 3732647 1"],"date": ["2013-04-26"],"discnumber": ["1"],"disctotal": ["1"],"genre": ["Rock", "Alternative Metal"],"grouping": ["Gothic Rock"],"label": ["We Love Music"],"language": ["eng"],"media": ["CD"],"mood": ["Unknown"],"musicbrainz_albumartistid": ["4cc51547-88ae-49a2-bf7e-0ef65ee7a94c"],"musicbrainz_albumid": ["e9e212d6-63e1-4a95-8004-98df1f276b16"],"musicbrainz_artistid": ["4cc51547-88ae-49a2-bf7e-0ef65ee7a94c"],"musicbrainz_recordingid": ["c329539d-4a8c-496c-9939-610c00fc0520"],"musicbrainz_releasegroupid": ["8edeb6b8-7f0a-4695-b24a-6b91d82150e8"],"musicbrainz_releasetrackid": ["6a860e25-dcc8-4ac9-8a0b-0e993a68c8b7"],"musicbrainz_workid": ["c9a8eaf4-c5fd-4bd3-899d-f5e6b19cfc5a"],"originaldate": ["2013-04-26"],"originalyear": ["2013"],"releasecountry": ["XE"],"releasestatus": ["official"],"releasetype": ["album"],"script": ["Latn"],"title": ["All Lips Go Blue"],"totaldiscs": ["1"],"totaltracks": ["13"],"tracknumber": ["2"],"tracktotal": ["13"],"website": ["http:\/\/www.heartagram.com\/"],"work": ["All Lips Go Blue"]},"version": {"highlevel": {"essentia": "2.1-beta5-dev","essentia_build_sha": "e74af04b57b164eed312abeef4963962215860f0","essentia_git_sha": "v2.1_beta4-499-g4013ebc","extractor": "music 2.0","gaia": "2.4.5","gaia_git_sha": "v2.4.4-44-g95f4851","models_essentia_git_sha": "v2.1_beta1"},"lowlevel": {"essentia": "2.1-beta2","essentia_build_sha": "70f2e5ece6736b2c40cc944ad0e695b16b925413","essentia_git_sha": "v2.1_beta2","extractor": "music 1.0"}}}}