{"highlevel": {"danceability": {"all": {"danceable": 0.973289191723,"not_danceable": 0.0267108324915},"probability": 0.973289191723,"value": "danceable"},"gender": {"all": {"female": 0.657962083817,"male": 0.342037916183},"probability": 0.657962083817,"value": "female"},"genre_dortmund": {"all": {"alternative": 0.00249644299038,"blues": 0.00591755891219,"electronic": 0.969868063927,"folkcountry": 0.00177022488788,"funksoulrnb": 0.00228704046458,"jazz": 0.0110077084973,"pop": 0.000620097329374,"raphiphop": 0.00224121147767,"rock": 0.00379164912738},"probability": 0.969868063927,"value": "electronic"},"genre_electronic": {"all": {"ambient": 0.504526734352,"dnb": 0.160432115197,"house": 0.187332943082,"techno": 0.0710916221142,"trance": 0.0766165778041},"probability": 0.504526734352,"value": "ambient"},"genre_rosamerica": {"all": {"cla": 0.0479767471552,"dan": 0.0301443040371,"hip": 0.714937031269,"jaz": 0.0588415116072,"pop": 0.0282081644982,"rhy": 0.0984964743257,"roc": 0.0139613915235,"spe": 0.00743438536301},"probability": 0.714937031269,"value": "hip"},"genre_tzanetakis": {"all": {"blu": 0.0626613423228,"cla": 0.0348169617355,"cou": 0.104475811124,"dis": 0.0784321576357,"hip": 0.15692435205,"jaz": 0.313974827528,"met": 0.0448166541755,"pop": 0.0627359300852,"reg": 0.0627360641956,"roc": 0.0784258767962},"probability": 0.313974827528,"value": "jaz"},"ismir04_rhythm": {"all": {"ChaChaCha": 0.995096981525,"Jive": 0.00245684012771,"Quickstep": 8.65234687808e-05,"Rumba-American": 0.000613581505604,"Rumba-International": 5.33814236405e-05,"Rumba-Misc": 2.96666439681e-05,"Samba": 0.000297132093692,"Tango": 0.000376538897399,"VienneseWaltz": 0.000967450323515,"Waltz": 2.18921795749e-05},"probability": 0.995096981525,"value": "ChaChaCha"},"mood_acoustic": {"all": {"acoustic": 0.0199282839894,"not_acoustic": 0.980071723461},"probability": 0.980071723461,"value": "not_acoustic"},"mood_aggressive": {"all": {"aggressive": 0.65349906683,"not_aggressive": 0.34650093317},"probability": 0.65349906683,"value": "aggressive"},"mood_electronic": {"all": {"electronic": 0.715338289738,"not_electronic": 0.284661710262},"probability": 0.715338289738,"value": "electronic"},"mood_happy": {"all": {"happy": 0.012205325067,"not_happy": 0.987794697285},"probability": 0.987794697285,"value": "not_happy"},"mood_party": {"all": {"not_party": 0.232622087002,"party": 0.767377912998},"probability": 0.767377912998,"value": "party"},"mood_relaxed": {"all": {"not_relaxed": 0.857102453709,"relaxed": 0.14289753139},"probability": 0.857102453709,"value": "not_relaxed"},"mood_sad": {"all": {"not_sad": 0.912027418613,"sad": 0.0879726037383},"probability": 0.912027418613,"value": "not_sad"},"moods_mirex": {"all": {"Cluster1": 0.0566644221544,"Cluster2": 0.355521649122,"Cluster3": 0.0740509107709,"Cluster4": 0.336273342371,"Cluster5": 0.177489697933},"probability": 0.355521649122,"value": "Cluster2"},"timbre": {"all": {"bright": 0.770380795002,"dark": 0.229619204998},"probability": 0.770380795002,"value": "bright"},"tonal_atonal": {"all": {"atonal": 0.928257524967,"tonal": 0.0717425048351},"probability": 0.928257524967,"value": "atonal"},"voice_instrumental": {"all": {"instrumental": 0.23676481843,"voice": 0.763235151768},"probability": 0.763235151768,"value": "voice"}},"metadata": {"audio_properties": {"analysis_sample_rate": 44100,"bit_rate": 200943,"equal_loudness": 0,"length": 178.390197754,"lossless": 0,"replay_gain": -6.91079521179,"sample_rate": 44100,"codec": "mp3","downmix": "mix","md5_encoded": "845eb8721db509c0ac89bd6db800e39b"},"tags": {"file_name": "06 Ras G - Sun Behind the Clouds (Brotha From Anotha Planet).mp3","album": ["Brotha From Anotha Planet"],"albumartistsort": ["G, Ras"],"artist": ["Ras G"],"artistsort": ["G, Ras"],"date": ["2009-04-07"],"musicbrainz album release country": ["US"],"musicbrainz album status": ["official"],"musicbrainz album type": ["album"],"musicbrainz_albumartistid": ["53218007-07c1-4634-a4ad-57cdbe18bc17"],"musicbrainz_albumid": ["38c61166-2f80-488f-b858-e6c7935affb4"],"musicbrainz_artistid": ["53218007-07c1-4634-a4ad-57cdbe18bc17"],"musicbrainz_recordingid": ["6e376ed6-c2c3-43c1-98a2-e90971411471"],"musicip_puid": ["b88907f4-f1e6-d9de-5961-7d0bc76f0a38"],"title": ["Sun Behind the Clouds"],"tracknumber": ["6\/13"]},"version": {"highlevel": {"essentia": "2.1-beta5-dev","essentia_build_sha": "e74af04b57b164eed312abeef4963962215860f0","essentia_git_sha": "v2.1_beta4-499-g4013ebc","extractor": "music 2.0","gaia": "2.4.5","gaia_git_sha": "v2.4.4-44-g95f4851","models_essentia_git_sha": "v2.1_beta1"},"lowlevel": {"essentia": "2.1-beta2","essentia_build_sha": "2d9f1f26377add8aeb1075a9c2973f962c4f09fd","essentia_git_sha": "v2.1_beta2-1-ge3940c0","extractor": "music 1.0"}}}}