{"highlevel": {"danceability": {"all": {"danceable": 0.0491884239018,"not_danceable": 0.950811564922},"probability": 0.950811564922,"value": "not_danceable"},"gender": {"all": {"female": 0.194452658296,"male": 0.805547356606},"probability": 0.805547356606,"value": "male"},"genre_dortmund": {"all": {"alternative": 0.0283429753035,"blues": 0.00832534488291,"electronic": 0.915887415409,"folkcountry": 0.0302508547902,"funksoulrnb": 0.0014223504113,"jazz": 0.00273304921575,"pop": 0.00226939888671,"raphiphop": 0.000692679954227,"rock": 0.0100759407505},"probability": 0.915887415409,"value": "electronic"},"genre_electronic": {"all": {"ambient": 0.648428440094,"dnb": 0.0252076350152,"house": 0.0230414029211,"techno": 0.0120168700814,"trance": 0.291305661201},"probability": 0.648428440094,"value": "ambient"},"genre_rosamerica": {"all": {"cla": 0.00685967179015,"dan": 0.0164903644472,"hip": 0.00648090289906,"jaz": 0.0139260124415,"pop": 0.48586717248,"rhy": 0.0383123718202,"roc": 0.423503428698,"spe": 0.0085600791499},"probability": 0.48586717248,"value": "pop"},"genre_tzanetakis": {"all": {"blu": 0.0617713928223,"cla": 0.0343018434942,"cou": 0.102904699743,"dis": 0.0514719486237,"hip": 0.154438391328,"jaz": 0.309046447277,"met": 0.0441263727844,"pop": 0.0772129744291,"reg": 0.0617708563805,"roc": 0.102955065668},"probability": 0.309046447277,"value": "jaz"},"ismir04_rhythm": {"all": {"ChaChaCha": 0.559661746025,"Jive": 0.0831789001822,"Quickstep": 0.0201920401305,"Rumba-American": 0.0386077240109,"Rumba-International": 0.0173865873367,"Rumba-Misc": 0.0136260744184,"Samba": 0.0492169521749,"Tango": 0.166985929012,"VienneseWaltz": 0.0422322712839,"Waltz": 0.00891178101301},"probability": 0.559661746025,"value": "ChaChaCha"},"mood_acoustic": {"all": {"acoustic": 0.0212628450245,"not_acoustic": 0.978737175465},"probability": 0.978737175465,"value": "not_acoustic"},"mood_aggressive": {"all": {"aggressive": 3.00000096379e-14,"not_aggressive": 1},"probability": 1,"value": "not_aggressive"},"mood_electronic": {"all": {"electronic": 0.851007699966,"not_electronic": 0.148992285132},"probability": 0.851007699966,"value": "electronic"},"mood_happy": {"all": {"happy": 0.844444334507,"not_happy": 0.155555695295},"probability": 0.844444334507,"value": "happy"},"mood_party": {"all": {"not_party": 0.999983131886,"party": 1.68465976458e-05},"probability": 0.999983131886,"value": "not_party"},"mood_relaxed": {"all": {"not_relaxed": 0.191182896495,"relaxed": 0.808817088604},"probability": 0.808817088604,"value": "relaxed"},"mood_sad": {"all": {"not_sad": 0.823001921177,"sad": 0.176998063922},"probability": 0.823001921177,"value": "not_sad"},"moods_mirex": {"all": {"Cluster1": 0.0826857239008,"Cluster2": 0.233456939459,"Cluster3": 0.19876973331,"Cluster4": 0.294568777084,"Cluster5": 0.190518841147},"probability": 0.294568777084,"value": "Cluster4"},"timbre": {"all": {"bright": 0.585700333118,"dark": 0.414299666882},"probability": 0.585700333118,"value": "bright"},"tonal_atonal": {"all": {"atonal": 0.353451520205,"tonal": 0.646548509598},"probability": 0.646548509598,"value": "tonal"},"voice_instrumental": {"all": {"instrumental": 0.00673842662945,"voice": 0.993261575699},"probability": 0.993261575699,"value": "voice"}},"metadata": {"audio_properties": {"analysis_sample_rate": 44100,"bit_rate": 0,"equal_loudness": 0,"length": 263.333343506,"lossless": 1,"replay_gain": -11.7700386047,"sample_rate": 44100,"codec": "flac","downmix": "mix","md5_encoded": "8a4e7a00defacb33a5b1d734b6a7d107"},"tags": {"file_name": "3-02 Leave the Light On.flac","acoustid_id": ["3fb63e31-6e0f-4a8e-be22-5f9868322eb3"],"album": ["Original Album Classics"],"albumartist": ["The Jeff Healey Band"],"albumartistsort": ["Healey, Jeff Band, The"],"artist": ["The Jeff Healey Band"],"artistsort": ["Healey, Jeff Band, The"],"asin": ["B0062EKXCI"],"barcode": ["886919015522"],"catalognumber": ["886919015522"],"date": ["2012-02-17"],"discnumber": ["3"],"discsubtitle": ["Feel This"],"disctotal": ["3"],"genre": ["Blues Rock", "Melodic Rock"],"grouping": ["Rock"],"label": ["Arista", "Legacy"],"media": ["CD"],"mood": ["Unknown"],"musicbrainz_albumartistid": ["9fac4087-8201-4b74-a619-e77b1602aaf4"],"musicbrainz_albumid": ["6e1c14a3-5014-45fa-b1fa-7fc558bc352d"],"musicbrainz_artistid": ["9fac4087-8201-4b74-a619-e77b1602aaf4"],"musicbrainz_recordingid": ["98bbb732-121f-46f4-8b8a-6c7cccd35eaf"],"musicbrainz_releasegroupid": ["e51829c5-9ea3-424d-87ba-ddbd798539e8"],"musicbrainz_releasetrackid": ["84fc0ff3-cdb1-4f52-9f6f-f90e811b576b"],"originaldate": ["2012-02-17"],"originalyear": ["2012"],"releasecountry": ["XE"],"releasestatus": ["official"],"releasetype": ["album", "compilation"],"script": ["Latn"],"title": ["Leave the Light On"],"totaldiscs": ["3"],"totaltracks": ["14"],"tracknumber": ["2"],"tracktotal": ["14"],"website": ["http:\/\/jeffhealey.com\/"]},"version": {"highlevel": {"essentia": "2.1-beta5-dev","essentia_build_sha": "e74af04b57b164eed312abeef4963962215860f0","essentia_git_sha": "v2.1_beta4-499-g4013ebc","extractor": "music 2.0","gaia": "2.4.5","gaia_git_sha": "v2.4.4-44-g95f4851","models_essentia_git_sha": "v2.1_beta1"},"lowlevel": {"essentia": "2.1-beta2","essentia_build_sha": "70f2e5ece6736b2c40cc944ad0e695b16b925413","essentia_git_sha": "v2.1_beta2","extractor": "music 1.0"}}}}