{"highlevel": {"danceability": {"all": {"danceable": 0.0152050033212,"not_danceable": 0.984794974327},"probability": 0.984794974327,"value": "not_danceable"},"gender": {"all": {"female": 0.0101523259655,"male": 0.989847660065},"probability": 0.989847660065,"value": "male"},"genre_dortmund": {"all": {"alternative": 0.0565757229924,"blues": 0.0318956114352,"electronic": 0.611727714539,"folkcountry": 0.226547345519,"funksoulrnb": 0.0033897953108,"jazz": 0.0194334834814,"pop": 0.00688894279301,"raphiphop": 0.0031927197706,"rock": 0.040348649025},"probability": 0.611727714539,"value": "electronic"},"genre_electronic": {"all": {"ambient": 0.964592397213,"dnb": 0.000811711826827,"house": 0.0203406568617,"techno": 0.0043747802265,"trance": 0.00988048128784},"probability": 0.964592397213,"value": "ambient"},"genre_rosamerica": {"all": {"cla": 0.780174553394,"dan": 0.00340434955433,"hip": 0.019179193303,"jaz": 0.0819804519415,"pop": 0.00858797971159,"rhy": 0.0771465376019,"roc": 0.00369466887787,"spe": 0.0258322712034},"probability": 0.780174553394,"value": "cla"},"genre_tzanetakis": {"all": {"blu": 9.9106124253e-05,"cla": 5.17356966157e-05,"cou": 0.000128465195303,"dis": 0.000104400285636,"hip": 0.000300472253002,"jaz": 0.99533110857,"met": 6.05028581049e-05,"pop": 0.000431467837188,"reg": 0.0033844509162,"roc": 0.000108270825876},"probability": 0.99533110857,"value": "jaz"},"ismir04_rhythm": {"all": {"ChaChaCha": 0.025502871722,"Jive": 0.00361996935681,"Quickstep": 0.00408382108435,"Rumba-American": 0.00785663258284,"Rumba-International": 0.020080992952,"Rumba-Misc": 0.0262656528503,"Samba": 0.00811680033803,"Tango": 0.242281958461,"VienneseWaltz": 0.612067818642,"Waltz": 0.0501234643161},"probability": 0.612067818642,"value": "VienneseWaltz"},"mood_acoustic": {"all": {"acoustic": 0.988698124886,"not_acoustic": 0.0113018509001},"probability": 0.988698124886,"value": "acoustic"},"mood_aggressive": {"all": {"aggressive": 0.0198918934911,"not_aggressive": 0.980108082294},"probability": 0.980108082294,"value": "not_aggressive"},"mood_electronic": {"all": {"electronic": 0.0491824373603,"not_electronic": 0.950817584991},"probability": 0.950817584991,"value": "not_electronic"},"mood_happy": {"all": {"happy": 0.283184796572,"not_happy": 0.716815173626},"probability": 0.716815173626,"value": "not_happy"},"mood_party": {"all": {"not_party": 0.993464529514,"party": 0.00653544953093},"probability": 0.993464529514,"value": "not_party"},"mood_relaxed": {"all": {"not_relaxed": 0.0042386809364,"relaxed": 0.995761334896},"probability": 0.995761334896,"value": "relaxed"},"mood_sad": {"all": {"not_sad": 0.137273922563,"sad": 0.862726092339},"probability": 0.862726092339,"value": "sad"},"moods_mirex": {"all": {"Cluster1": 0.0474237650633,"Cluster2": 0.411125659943,"Cluster3": 0.393068760633,"Cluster4": 0.104458630085,"Cluster5": 0.0439231805503},"probability": 0.411125659943,"value": "Cluster2"},"timbre": {"all": {"bright": 0.74379914999,"dark": 0.25620085001},"probability": 0.74379914999,"value": "bright"},"tonal_atonal": {"all": {"atonal": 0.00400789780542,"tonal": 0.995992124081},"probability": 0.995992124081,"value": "tonal"},"voice_instrumental": {"all": {"instrumental": 0.0478927530348,"voice": 0.95210725069},"probability": 0.95210725069,"value": "voice"}},"metadata": {"audio_properties": {"analysis_sample_rate": 44100,"bit_rate": 0,"equal_loudness": 0,"length": 275.352355957,"lossless": 1,"replay_gain": -3.58464050293,"sample_rate": 192000,"codec": "flac","downmix": "mix","md5_encoded": "da4f812d226188abd9dfd7c42bcdf1c1"},"tags": {"file_name": "11 Four Strong Winds.flac","acoustid_id": ["85b2b37a-ed32-45c9-8b1b-cf1fa8470d21"],"album": ["American V: A Hundred Highways"],"albumartist": ["Johnny Cash"],"albumartistsort": ["Cash, Johnny"],"artist": ["Johnny Cash"],"artistsort": ["Cash, Johnny"],"asin": ["B000FVBMWE"],"barcode": ["602517005099"],"catalognumber": ["B0002769-01"],"date": ["2006-07-03"],"discnumber": ["1"],"disctotal": ["1"],"genre": ["Folk Rock", "Contemporary Country"],"grouping": ["Country"],"label": ["American Recordings", "Lost Highway Records"],"media": ["12\" Vinyl"],"mood": ["Melancholy"],"musicbrainz_albumartistid": ["d43d12a1-2dc9-4257-a2fd-0a3bb1081b86"],"musicbrainz_albumid": ["802287f0-930c-4923-88a5-9879d5f7ad40"],"musicbrainz_artistid": ["d43d12a1-2dc9-4257-a2fd-0a3bb1081b86"],"musicbrainz_recordingid": ["905b315c-bf99-4d11-9a05-19a12777cb7d"],"musicbrainz_releasegroupid": ["fe01aaec-4a70-38cc-a173-e95c5d3a372b"],"musicbrainz_releasetrackid": ["49667401-f894-4f2c-bec5-fa463d6a27a8"],"originaldate": ["2006-06-30"],"originalyear": ["2006"],"releasecountry": ["US"],"releasestatus": ["official"],"releasetype": ["album"],"script": ["Latn"],"title": ["Four Strong Winds"],"totaldiscs": ["1"],"totaltracks": ["12"],"tracknumber": ["11"],"tracktotal": ["12"],"website": ["http:\/\/www.johnnycash.com\/", "http:\/\/www.johnnycashonline.com\/", "http:\/\/www.losthighwayrecords.com\/johnnycash"]},"version": {"highlevel": {"essentia": "2.1-beta5-dev","essentia_build_sha": "e74af04b57b164eed312abeef4963962215860f0","essentia_git_sha": "v2.1_beta4-499-g4013ebc","extractor": "music 2.0","gaia": "2.4.5","gaia_git_sha": "v2.4.4-44-g95f4851","models_essentia_git_sha": "v2.1_beta1"},"lowlevel": {"essentia": "2.1-beta2","essentia_build_sha": "70f2e5ece6736b2c40cc944ad0e695b16b925413","essentia_git_sha": "v2.1_beta2","extractor": "music 1.0"}}}}