{"highlevel": {"danceability": {"all": {"danceable": 0.997260332108,"not_danceable": 0.00273966696113},"probability": 0.997260332108,"value": "danceable"},"gender": {"all": {"female": 0.913956999779,"male": 0.086043022573},"probability": 0.913956999779,"value": "female"},"genre_dortmund": {"all": {"alternative": 1.1691214663e-10,"blues": 1.29979735308e-10,"electronic": 0.999997675419,"folkcountry": 1.60452586329e-07,"funksoulrnb": 3.91420442725e-08,"jazz": 1.93046957975e-06,"pop": 2.80994960633e-08,"raphiphop": 1.75773173794e-08,"rock": 1.67383021221e-07},"probability": 0.999997675419,"value": "electronic"},"genre_electronic": {"all": {"ambient": 0.123928561807,"dnb": 0.00374197307974,"house": 0.136499047279,"techno": 0.0343637913465,"trance": 0.701466619968},"probability": 0.701466619968,"value": "trance"},"genre_rosamerica": {"all": {"cla": 0.00589102646336,"dan": 0.542709887028,"hip": 0.169686570764,"jaz": 0.0156998671591,"pop": 0.0171528756618,"rhy": 0.236465379596,"roc": 0.00738612981513,"spe": 0.00500825745985},"probability": 0.542709887028,"value": "dan"},"genre_tzanetakis": {"all": {"blu": 0.0620671063662,"cla": 0.034474901855,"cou": 0.103433981538,"dis": 0.0620971247554,"hip": 0.15527240932,"jaz": 0.310666948557,"met": 0.044346679002,"pop": 0.0620793737471,"reg": 0.0620816536248,"roc": 0.103479810059},"probability": 0.310666948557,"value": "jaz"},"ismir04_rhythm": {"all": {"ChaChaCha": 0.221089988947,"Jive": 0.110264651477,"Quickstep": 0.0360753126442,"Rumba-American": 0.0682718157768,"Rumba-International": 0.0820640474558,"Rumba-Misc": 0.0442877225578,"Samba": 0.118973881006,"Tango": 0.229620069265,"VienneseWaltz": 0.0645840838552,"Waltz": 0.0247684270144},"probability": 0.229620069265,"value": "Tango"},"mood_acoustic": {"all": {"acoustic": 0.0210738070309,"not_acoustic": 0.978926181793},"probability": 0.978926181793,"value": "not_acoustic"},"mood_aggressive": {"all": {"aggressive": 0.028263406828,"not_aggressive": 0.971736609936},"probability": 0.971736609936,"value": "not_aggressive"},"mood_electronic": {"all": {"electronic": 0.957953453064,"not_electronic": 0.042046520859},"probability": 0.957953453064,"value": "electronic"},"mood_happy": {"all": {"happy": 0.0479228161275,"not_happy": 0.952077209949},"probability": 0.952077209949,"value": "not_happy"},"mood_party": {"all": {"not_party": 0.161840841174,"party": 0.838159143925},"probability": 0.838159143925,"value": "party"},"mood_relaxed": {"all": {"not_relaxed": 0.232003524899,"relaxed": 0.767996490002},"probability": 0.767996490002,"value": "relaxed"},"mood_sad": {"all": {"not_sad": 0.68286806345,"sad": 0.31713193655},"probability": 0.68286806345,"value": "not_sad"},"moods_mirex": {"all": {"Cluster1": 0.0734094455838,"Cluster2": 0.0766977369785,"Cluster3": 0.248646274209,"Cluster4": 0.0908283144236,"Cluster5": 0.510418236256},"probability": 0.510418236256,"value": "Cluster5"},"timbre": {"all": {"bright": 0.852600753307,"dark": 0.147399276495},"probability": 0.852600753307,"value": "bright"},"tonal_atonal": {"all": {"atonal": 0.985415160656,"tonal": 0.0145848263055},"probability": 0.985415160656,"value": "atonal"},"voice_instrumental": {"all": {"instrumental": 0.99286532402,"voice": 0.0071346797049},"probability": 0.99286532402,"value": "instrumental"}},"metadata": {"audio_properties": {"analysis_sample_rate": 44100,"bit_rate": 320000,"equal_loudness": 0,"length": 417.279998779,"lossless": 0,"replay_gain": -13.2172908783,"sample_rate": 44100,"codec": "mp3","downmix": "mix","md5_encoded": "1ebd2ba2605287442233fbf829087ce4"},"tags": {"file_name": "01-03 Hit and Run.mp3","acoustid_fingerprint": ["AQADtEkkNYkkCQ_hF7Vy1Dr8EIffw8_xENbUo88RHn6IF67w5fDDIP0ObVrxHLEv3Mcv-EHsKPgPLU_wwQ9x-MUDv_BD9Eefwy8e-D2ewy9cheh6hM_hFw_8Eo9y-B7yHI0KfTnuI_fxww9y4g6ai4euwicOH19gDid8PDAewjjhGx-s-3iOFA9hPCMFv8EjI-ULbT7uIxcf_EKP5kF8oTf8HGKHh_CL5_CPh_CLWjma6ngIv_jh58RDwpp69DnCHA9xmFGJ5_AjZUjfQltzfEOuCz--Cz5iB_-h5Qk--CGsomvRB35hNUTXo8_hFw_8Hs8Jv4Sr8Oh6hA_8knjgl7hymGuG9Dm6FlqXo_KF-8h3wQ_yDDeai4euwsclwz-ew69xuIeuwIdO-Dh8HNZ-5Dl8PDCe0fBxFumhTcvxIxcf_ELzIDyDR6h4HuJhElfgU8JBcceVw-rxBj4ewirIFn5IXDms9niQHg8PH49CwzceCelbaNNyHLEvXHxw-Igd9IefvNB3-CFe-IcfHapD-AXzI3zga8fDwzEeC2HUXpileNByhNyOb0M76TkeKahfNDtKHn1UhOFzKM_wicGro7GOnvijQ9eFK8cDZoW5EDf8wFWP_ui0GK5CHH6P5_DxwTrywO_xwMczGr6Cv0gPbc0R77j44BeaIzyDRzu0e3CoCj5uHj7xwQ8N_XBVXIsJscJD-HgOv8cDqj86H2FePIdfPMoJ_3ikIH0LbVqO49QunA56MDne4_agJT9OwWoOQyfh17gC8UW7GN10-CFeWO3hh8cDVz26BlkOPzxeuIIfUviiDenbQpuGPkcWURd-_IKfIM9wmdCSvzh1-D1u-DB3XAH1ol2Mrocf4oLf4zn8kngIa3qRB35x-HiUwzeeFyk3aGuOH7mP-2gehGdwp9DeTEirCj6PmzCXC0c6BucELUenBb_w4PrgRyr6Q3tgtcgPH4d54jv84tGR6hm0H_mOU9mD50LzI3yCp9BOD-kFn7hz-HiUI92hC1aOcA3aufCDVMUb-BM0C42O8Gjeo0_RwlWNB350pNCmxUZwKrPAP_gOH3mg-mhqD7kPP4fxhUa64xD3oo9idBrhKiZ8_IGrsKgVQVsR5kWfE37xEBR3XIE_IS8hJTqRLyd-nH7wa_CDL0IeaPk25IKPv4dJ5DxcJSdE-wjJ7GC0-MLF0Lja48zhcET4QEf6HMf_YE52JehrODU-ZcJ9-McRfjt0ywitHz8cH52ZTfg1_MePcE6hJZOJSxuO8ElqNEcNH-mjDCecoI-yoMl36DqaPHhyNMnRv-htGH4o6CocZzu6ZiwqcvAP9QpMWB7e4yz8Q2MX3COu46xQhHnwosdV9GheIdz04-GgJccTU_jxLEaP3mj6QPuC5jsqH40mHkdzPDAe8_CLLzea8_jRfCuuhGiOMxm05DL6ED20T8dx7_CFa8SPsNkRHj0aWcerognRh9Di4o4hPseTnWhuQo-OonmMj-iKWjh3aMm1Eydh96ge9Ax8nIpyOJw6NGccPEMTC0VP6EbPWPhTND-KR9XQ5D50ZoU19fjgZ4cffIODK9Nh6-hRK4uhJcbRaUet7HiHHk0MnUHz3Lgk4T3-4_jhHy76MEbnwyd6H918PEKoBz38ZEf4oEdzQt2DsoI1SbjDDTdentAP5D08HZW6o8eVwzry56gF9SgXHj-8r-h7QD-HmoOY4w_M6jB6_Di68vAPhzu0K8OPXkdePfBRNTzy4zz6wh8-Bv5w-DrCB39wHMWP3IFrHLrgGz36o3FzPDtelEfz0Ljx4xLyHn2OlEd1vNDmo_KF8MedHc14vB3-lWg6Fb2OozkensHpJcFNwT1yCqoTo9GH8cZ1fB76JDrE6Whv5C_OfHiGJydi-miuoUcfMHl2NC-qTxW6mXBOmCeK5kR_9PhZVBw6T0OTL8PRH34Iv0GfQ1N6UFkmDb7AfBL6Dc3x5WiDpznuE_4SFZqVo0fKFY56VLnQMxKa58j1Be1wHj0qikEjK_gOTYePW7jxDM7RbYN6NM_xCQ0RvmiuI6eKJg-65qh2iId_uKrxHC-amPgUaMkznPANhHmG72hOhBp3dCULxxB_XPAZ49nRnMEdaMocmDx84kLzLNCPejt8ODr-oQkXHYeWp0ceoomO1yeaWB6K8Dn8wKGPrsmKUE_gB_-CMlEunB94o3mIyiSa5Ah_1Dea79BylB0argb_DE2cZTiTo8mFPsGPfjlu9DyaBxWHKhCfZTCHIz3Ro9_hi4ijKHAOV4Ou44Yf-EXlDJ8OLXGW4St8-Bq0Z-gDH_mlwUl6uBxCmYfm5khHDeaCkg1ONGqtovqOkkTKJTrEK6gV9AAGFAMMCKAYE0oAZgwAgCmDADOIGYEQYIABIJhQgAHBFLBCAQaMAYoIBYwBzCAFkCDCKeMUY04hA5hiBjChgDGAGYWAUooBpgBjQDEGGAOCMaEAY8wAoIAxFDCgmBEIAQGYUIABwQRgRAAGkAFEGQQUQAogQYRTgingAAFKOeUAU0oxw5xSQBrAjBFMCISUY0ggARhAgjHABDCAAcUMAmAJgwBRgAEGDBBMAMAMQxg5ABQBmABgBDBEAEOQQFRaYARiQDAFEFhAMGCMI0oxBJhBgiklhBAGICiYYgoIBpgCzAFjAGRAMQCYVk4hZJwSAAEEhACCMQEEAwYIZShgxihkiBNACIEQQAABwQRgTAGnjAGMKGYMAMYIoIQQwhLACEMACCKYUk4gAxgwRBEDACMIISaUAEoZQxQBAhgBhGAAAEMYUQoAB5QhjgjACBACMIQAM0QwAwAziClkBABAIIWIAAgISJwAjAgBgADWGSgIQEIhARwARhFHgUbCCyAIMgoZAgAgRlBBDDWACsUA4wgDYZhRDCimCBGEEicoA8AYQJwCBgkiFAEOCCWcUYpAJgACigBhkKMAAAOAAEIAJokAABgGEFIOCCQMUMoxIAQSCDEHgDWDAAWQAAIwI4BQBgCgiBAAAUNMFBIQIIBDBAgBgBREUcKYAgQ4ghQBjAAFmBAGMQIYIGJQQoVRRAlhkFAAQEMQUQBRJY0iQBgBhEFuEEAQUEIyggACwAgiFIDEEAUAAEAIIYgBgCkAgDDMKKKMAQoQYZQRBCghGKBGGGARQw4JpAAxBgBgDFNMGGOAA4oYgwAjAADFAJLEMmEAQ0I4IRQAQABGCEEMIGMUUAIYgQhgUBAkCAIeEAKMI8wCIJiRQAhkEAAOIIGMAA"],"acoustid_id": ["95a096b1-0f3c-4cdf-a8a3-18926051ce62"],"album": ["Hot Jams, Volume 1 EP"],"albumartist": ["Hot Since 82"],"albumartistsort": ["Hot Since 82"],"artist": ["Hot Since 82"],"artistsort": ["Hot Since 82"],"artistwebpage": ["http:\/\/www.hedkandi.com\/"],"catalognumber": ["NMW032"],"contentgroup": ["Deep House,Electronic"],"date": ["0007"],"discnumber": ["01\/01"],"encodedby": ["Free Mp3 Wma Converter"],"genre": ["Deep House", "Electronic"],"label": ["Noir Music"],"language": ["eng"],"media": ["Digital Media"],"musicbrainz album release country": ["DK"],"musicbrainz album status": ["Official"],"musicbrainz album type": ["EP"],"musicbrainz_albumartistid": ["26ba15a7-e610-4030-a3e0-21e4f5869f2a"],"musicbrainz_albumid": ["fd516a1d-d0f3-48ca-b6c8-e76e1603980e"],"musicbrainz_artistid": ["26ba15a7-e610-4030-a3e0-21e4f5869f2a"],"musicbrainz_recordingid": ["d3509cca-e500-4773-95a1-5b70a0a0f135"],"musicbrainz_releasegroupid": ["08cc78cb-8c97-42ec-9150-f31adac8bd2a"],"originalalbum": ["Hot Jams, Volume 1"],"originaldate": ["2012"],"script": ["Latin"],"title": ["Hit and Run"],"tracknumber": ["03\/05"]},