{"highlevel": {"danceability": {"all": {"danceable": 0.0158088281751,"not_danceable": 0.984191179276},"probability": 0.984191179276,"value": "not_danceable"},"gender": {"all": {"female": 0.117194928229,"male": 0.882805049419},"probability": 0.882805049419,"value": "male"},"genre_dortmund": {"all": {"alternative": 1.40391961168e-07,"blues": 1.4174689511e-07,"electronic": 0.999987006187,"folkcountry": 5.66197059015e-06,"funksoulrnb": 1.0290254977e-06,"jazz": 5.11363214173e-06,"pop": 2.35142863403e-07,"raphiphop": 5.82845913755e-08,"rock": 6.31867408174e-07},"probability": 0.999987006187,"value": "electronic"},"genre_electronic": {"all": {"ambient": 0.501455724239,"dnb": 0.0236647129059,"house": 0.0368209891021,"techno": 0.0176462493837,"trance": 0.42041233182},"probability": 0.501455724239,"value": "ambient"},"genre_rosamerica": {"all": {"cla": 0.0650263056159,"dan": 0.0110915424302,"hip": 0.00834778882563,"jaz": 0.00718823820353,"pop": 0.0244289562106,"rhy": 0.0092873359099,"roc": 0.872914433479,"spe": 0.00171541655436},"probability": 0.872914433479,"value": "roc"},"genre_tzanetakis": {"all": {"blu": 0.0626613423228,"cla": 0.0348169617355,"cou": 0.104475811124,"dis": 0.0784321576357,"hip": 0.15692435205,"jaz": 0.313974827528,"met": 0.0448166541755,"pop": 0.0627359300852,"reg": 0.0627360641956,"roc": 0.0784258767962},"probability": 0.313974827528,"value": "jaz"},"ismir04_rhythm": {"all": {"ChaChaCha": 0.131924256682,"Jive": 0.15174241364,"Quickstep": 0.0156912766397,"Rumba-American": 0.0200082603842,"Rumba-International": 0.0138371894136,"Rumba-Misc": 0.0131294531748,"Samba": 0.0323974899948,"Tango": 0.122006438673,"VienneseWaltz": 0.487728714943,"Waltz": 0.0115345111117},"probability": 0.487728714943,"value": "VienneseWaltz"},"mood_acoustic": {"all": {"acoustic": 0.00483348406851,"not_acoustic": 0.995166540146},"probability": 0.995166540146,"value": "not_acoustic"},"mood_aggressive": {"all": {"aggressive": 0.974935173988,"not_aggressive": 0.0250648427755},"probability": 0.974935173988,"value": "aggressive"},"mood_electronic": {"all": {"electronic": 0.6985886693,"not_electronic": 0.3014113307},"probability": 0.6985886693,"value": "electronic"},"mood_happy": {"all": {"happy": 0.0783380791545,"not_happy": 0.921661913395},"probability": 0.921661913395,"value": "not_happy"},"mood_party": {"all": {"not_party": 0.266114115715,"party": 0.733885884285},"probability": 0.733885884285,"value": "party"},"mood_relaxed": {"all": {"not_relaxed": 0.939741015434,"relaxed": 0.0602589696646},"probability": 0.939741015434,"value": "not_relaxed"},"mood_sad": {"all": {"not_sad": 0.850232124329,"sad": 0.149767905474},"probability": 0.850232124329,"value": "not_sad"},"moods_mirex": {"all": {"Cluster1": 0.0686297863722,"Cluster2": 0.0602541863918,"Cluster3": 0.219060063362,"Cluster4": 0.114956222475,"Cluster5": 0.537099719048},"probability": 0.537099719048,"value": "Cluster5"},"timbre": {"all": {"bright": 0.0684418082237,"dark": 0.931558191776},"probability": 0.931558191776,"value": "dark"},"tonal_atonal": {"all": {"atonal": 0.967925429344,"tonal": 0.0320745743811},"probability": 0.967925429344,"value": "atonal"},"voice_instrumental": {"all": {"instrumental": 0.00259692734107,"voice": 0.997403085232},"probability": 0.997403085232,"value": "voice"}},"metadata": {"audio_properties": {"analysis_sample_rate": 44100,"bit_rate": 261319,"equal_loudness": 0,"length": 329.273468018,"lossless": 0,"replay_gain": -11.4247074127,"sample_rate": 44100,"codec": "mp3","downmix": "mix","md5_encoded": "9d738bffe9b3325fbac4c40f06572827"},"tags": {"file_name": "03 - Fixation on the Darkness.mp3","album": ["(Set This) World Ablaze"],"albumartist": ["Killswitch Engage"],"albumartistsort": ["Killswitch Engage"],"artist": ["Killswitch Engage"],"artistsort": ["Killswitch Engage"],"asin": ["B000BQ5J8Q"],"barcode": ["016861093990"],"catalognumber": ["RR 0939-9"],"contentgroup": ["Metal"],"date": ["2005-11-22"],"discnumber": ["1\/1"],"genre": ["Hardcore"],"label": ["Roadrunner Records"],"media": ["DVD"],"mood": ["Heavy", "Dark"],"musicbrainz album release country": ["US"],"musicbrainz album status": ["official"],"musicbrainz album type": ["album", "live"],"musicbrainz_albumartistid": ["8295ee00-0096-461d-95c7-c2263d2a4c6d"],"musicbrainz_albumid": ["c16704e7-6827-4eb7-a81b-35b1dc868de4"],"musicbrainz_artistid": ["8295ee00-0096-461d-95c7-c2263d2a4c6d"],"musicbrainz_recordingid": ["fe2ef766-347f-401d-a5da-5a0e7f7b3a96"],"musicbrainz_releasegroupid": ["b3fe85e0-d98b-3c68-94c1-bce889cc9343"],"originaldate": ["2005-11-22"],"originalyear": ["2005"],"script": ["Latn"],"title": ["Fixation on the Darkness"],"tracknumber": ["3\/16"]},"version": {"highlevel": {"essentia": "2.1-beta5-dev","essentia_build_sha": "e74af04b57b164eed312abeef4963962215860f0","essentia_git_sha": "v2.1_beta4-499-g4013ebc","extractor": "music 2.0","gaia": "2.4.5","gaia_git_sha": "v2.4.4-44-g95f4851","models_essentia_git_sha": "v2.1_beta1"},"lowlevel": {"essentia": "2.1-beta2","essentia_build_sha": "70f2e5ece6736b2c40cc944ad0e695b16b925413","essentia_git_sha": "v2.1_beta2","extractor": "music 1.0"}}}}