{"highlevel": {"danceability": {"all": {"danceable": 0.955907523632,"not_danceable": 0.0440924577415},"probability": 0.955907523632,"value": "danceable"},"gender": {"all": {"female": 0.71023195982,"male": 0.289768069983},"probability": 0.71023195982,"value": "female"},"genre_dortmund": {"all": {"alternative": 0.00451838877052,"blues": 0.000687659834512,"electronic": 0.989200413227,"folkcountry": 0.00348040717654,"funksoulrnb": 6.70107474434e-05,"jazz": 0.000992219895124,"pop": 0.000272861303529,"raphiphop": 3.22267733281e-05,"rock": 0.000748833757825},"probability": 0.989200413227,"value": "electronic"},"genre_electronic": {"all": {"ambient": 0.261553049088,"dnb": 0.0178057830781,"house": 0.507689833641,"techno": 0.0178401004523,"trance": 0.195111259818},"probability": 0.507689833641,"value": "house"},"genre_rosamerica": {"all": {"cla": 0.00378115591593,"dan": 0.0502682998776,"hip": 0.0372723974288,"jaz": 0.0182769708335,"pop": 0.261710375547,"rhy": 0.583890914917,"roc": 0.0373663380742,"spe": 0.00743356114253},"probability": 0.583890914917,"value": "rhy"},"genre_tzanetakis": {"all": {"blu": 0.0620671063662,"cla": 0.034474901855,"cou": 0.103433981538,"dis": 0.0620971247554,"hip": 0.15527240932,"jaz": 0.310666948557,"met": 0.044346679002,"pop": 0.0620793737471,"reg": 0.0620816536248,"roc": 0.103479810059},"probability": 0.310666948557,"value": "jaz"},"ismir04_rhythm": {"all": {"ChaChaCha": 0.27609872818,"Jive": 0.11302805692,"Quickstep": 0.0220944341272,"Rumba-American": 0.0578540340066,"Rumba-International": 0.116420224309,"Rumba-Misc": 0.0469558797777,"Samba": 0.0933444350958,"Tango": 0.0925789773464,"VienneseWaltz": 0.161774471402,"Waltz": 0.019850762561},"probability": 0.27609872818,"value": "ChaChaCha"},"mood_acoustic": {"all": {"acoustic": 0.721121609211,"not_acoustic": 0.278878360987},"probability": 0.721121609211,"value": "acoustic"},"mood_aggressive": {"all": {"aggressive": 9.55097584665e-06,"not_aggressive": 0.999990463257},"probability": 0.999990463257,"value": "not_aggressive"},"mood_electronic": {"all": {"electronic": 0.352719992399,"not_electronic": 0.647279977798},"probability": 0.647279977798,"value": "not_electronic"},"mood_happy": {"all": {"happy": 0.405467361212,"not_happy": 0.594532668591},"probability": 0.594532668591,"value": "not_happy"},"mood_party": {"all": {"not_party": 0.655198454857,"party": 0.344801574945},"probability": 0.655198454857,"value": "not_party"},"mood_relaxed": {"all": {"not_relaxed": 0.80840498209,"relaxed": 0.191595032811},"probability": 0.80840498209,"value": "not_relaxed"},"mood_sad": {"all": {"not_sad": 0.384623080492,"sad": 0.615376889706},"probability": 0.615376889706,"value": "sad"},"moods_mirex": {"all": {"Cluster1": 0.101740293205,"Cluster2": 0.326410710812,"Cluster3": 0.277432918549,"Cluster4": 0.227583706379,"Cluster5": 0.0668323785067},"probability": 0.326410710812,"value": "Cluster2"},"timbre": {"all": {"bright": 0.992992520332,"dark": 0.00700745964423},"probability": 0.992992520332,"value": "bright"},"tonal_atonal": {"all": {"atonal": 0.131756946445,"tonal": 0.868243038654},"probability": 0.868243038654,"value": "tonal"},"voice_instrumental": {"all": {"instrumental": 0.0970375984907,"voice": 0.902962386608},"probability": 0.902962386608,"value": "voice"}},"metadata": {"audio_properties": {"analysis_sample_rate": 44100,"bit_rate": 160012,"equal_loudness": 0,"length": 340.427764893,"lossless": 0,"replay_gain": -12.0105209351,"sample_rate": 44100,"codec": "mp3","downmix": "mix","md5_encoded": "10aec85c269d6483b2cf00d40a9eef47"},"tags": {"file_name": "Babyface - Exceptional.mp3","album": ["Return of the Tender Lover"],"albumartist": ["Babyface"],"albumartistsort": ["Babyface"],"artist": ["Babyface"],"artistsort": ["Babyface"],"asin": ["B017NSHR3O"],"date": ["2015"],"discnumber": ["1\/1"],"encoding": ["Lavf56.36.100"],"media": ["Digital Media"],"musicbrainz album release country": ["GB"],"musicbrainz album status": ["official"],"musicbrainz album type": ["album"],"musicbrainz_albumartistid": ["7fa62c0b-2c74-491e-a2a1-17c3b043f326"],"musicbrainz_albumid": ["5de82225-823f-42ca-8b08-a2c8e1043988"],"musicbrainz_artistid": ["7fa62c0b-2c74-491e-a2a1-17c3b043f326"],"musicbrainz_recordingid": ["c253d749-3ae3-44f2-8271-d6c41cdcd3eb"],"musicbrainz_releasegroupid": ["319add8a-a855-4a6b-9e85-1d769e9119ec"],"originaldate": ["2015"],"originalyear": ["2015"],"script": ["Latn"],"title": ["Exceptional"],"tracknumber": ["3\/9"]},"version": {"highlevel": {"essentia": "2.1-beta5-dev","essentia_build_sha": "e74af04b57b164eed312abeef4963962215860f0","essentia_git_sha": "v2.1_beta4-499-g4013ebc","extractor": "music 2.0","gaia": "2.4.5","gaia_git_sha": "v2.4.4-44-g95f4851","models_essentia_git_sha": "v2.1_beta1"},"lowlevel": {"essentia": "2.1-beta2","essentia_build_sha": "70f2e5ece6736b2c40cc944ad0e695b16b925413","essentia_git_sha": "v2.1_beta2","extractor": "music 1.0"}}}}