{"highlevel": {"danceability": {"all": {"danceable": 0.982524573803,"not_danceable": 0.0174753982574},"probability": 0.982524573803,"value": "danceable"},"gender": {"all": {"female": 0.212282314897,"male": 0.787717700005},"probability": 0.787717700005,"value": "male"},"genre_dortmund": {"all": {"alternative": 0.125844672322,"blues": 0.0234951078892,"electronic": 0.775517940521,"folkcountry": 0.0216628015041,"funksoulrnb": 0.00298029277474,"jazz": 0.00930938404053,"pop": 0.00539210857823,"raphiphop": 0.00191587361041,"rock": 0.0338818244636},"probability": 0.775517940521,"value": "electronic"},"genre_electronic": {"all": {"ambient": 0.211040407419,"dnb": 0.0427237302065,"house": 0.106088265777,"techno": 0.014547473751,"trance": 0.625600099564},"probability": 0.625600099564,"value": "trance"},"genre_rosamerica": {"all": {"cla": 0.000881079700775,"dan": 0.284057557583,"hip": 0.00988747831434,"jaz": 0.00591549510136,"pop": 0.346658736467,"rhy": 0.0120621277019,"roc": 0.339306473732,"spe": 0.00123105931561},"probability": 0.346658736467,"value": "pop"},"genre_tzanetakis": {"all": {"blu": 0.0626613423228,"cla": 0.0348169617355,"cou": 0.104475811124,"dis": 0.0784321576357,"hip": 0.15692435205,"jaz": 0.313974827528,"met": 0.0448166541755,"pop": 0.0627359300852,"reg": 0.0627360641956,"roc": 0.0784258767962},"probability": 0.313974827528,"value": "jaz"},"ismir04_rhythm": {"all": {"ChaChaCha": 0.788106143475,"Jive": 0.0342451743782,"Quickstep": 0.00646680453792,"Rumba-American": 0.0575165934861,"Rumba-International": 0.00861719995737,"Rumba-Misc": 0.00616050045937,"Samba": 0.0261485707015,"Tango": 0.0456912629306,"VienneseWaltz": 0.0235906075686,"Waltz": 0.00345716788433},"probability": 0.788106143475,"value": "ChaChaCha"},"mood_acoustic": {"all": {"acoustic": 0.00462293438613,"not_acoustic": 0.995377063751},"probability": 0.995377063751,"value": "not_acoustic"},"mood_aggressive": {"all": {"aggressive": 0.0557888634503,"not_aggressive": 0.944211125374},"probability": 0.944211125374,"value": "not_aggressive"},"mood_electronic": {"all": {"electronic": 0.896620690823,"not_electronic": 0.103379316628},"probability": 0.896620690823,"value": "electronic"},"mood_happy": {"all": {"happy": 0.56395983696,"not_happy": 0.436040192842},"probability": 0.56395983696,"value": "happy"},"mood_party": {"all": {"not_party": 0.300896823406,"party": 0.699103176594},"probability": 0.699103176594,"value": "party"},"mood_relaxed": {"all": {"not_relaxed": 0.730116546154,"relaxed": 0.269883483648},"probability": 0.730116546154,"value": "not_relaxed"},"mood_sad": {"all": {"not_sad": 0.882140755653,"sad": 0.117859221995},"probability": 0.882140755653,"value": "not_sad"},"moods_mirex": {"all": {"Cluster1": 0.161723464727,"Cluster2": 0.0847695469856,"Cluster3": 0.147881925106,"Cluster4": 0.140029609203,"Cluster5": 0.465595453978},"probability": 0.465595453978,"value": "Cluster5"},"timbre": {"all": {"bright": 0.264675229788,"dark": 0.735324800014},"probability": 0.735324800014,"value": "dark"},"tonal_atonal": {"all": {"atonal": 0.182658553123,"tonal": 0.817341446877},"probability": 0.817341446877,"value": "tonal"},"voice_instrumental": {"all": {"instrumental": 0.150424048305,"voice": 0.849575936794},"probability": 0.849575936794,"value": "voice"}},"metadata": {"audio_properties": {"analysis_sample_rate": 44100,"bit_rate": 0,"equal_loudness": 0,"length": 233.479995728,"lossless": 1,"replay_gain": -14.6947193146,"codec": "flac","downmix": "mix","md5_encoded": "973d0b57b088290bd6e3049ee3d15f28"},"tags": {"file_name": "13 Die Ärzte - Rebell.flac","album": ["Bäst Of - Alle Singles seit 1993"],"albumartist": ["Die Ärzte"],"artist": ["Die Ärzte"],"composer": ["Farin Urlaub"],"date": ["2006-10-06"],"discnumber": ["1"],"disctotal": ["2"],"encoder": ["X Lossless Decoder 20130602"],"isrc": ["DED579802950"],"itunes_cddb_1": ["A5150719+403875+25+150+19208+37217+55228+67799+81385+94922+110528+124365+134655+154858+171123+188683+206194+222678+239494+258687+261166+278925+294745+317357+334376+352106+369577+385898"],"mcn": ["4019593000324"],"musicbrainz_albumartistid": ["f2fb0ff0-5679-42ec-a55c-15109ce6e320"],"musicbrainz_albumid": ["451571c5-8e45-4a1e-bac1-05f06f011c18"],"musicbrainz_artistid": ["f2fb0ff0-5679-42ec-a55c-15109ce6e320"],"musicbrainz_discid": ["3r6srfuMZPDLHVoKw9b_o.gc9TU-"],"musicbrainz_recordingid": ["be0c3868-2da2-4f22-8538-7c820c2368b5"],"replaygain_track_gain": ["-10.04 dB"],"replaygain_track_peak": ["0.98693848"],"title": ["Rebell"],"totaldiscs": ["2"],"totaltracks": ["25"],"tracknumber": ["13"],"tracktotal": ["25"]},"version": {"highlevel": {"essentia": "2.1-beta5-dev","essentia_build_sha": "e74af04b57b164eed312abeef4963962215860f0","essentia_git_sha": "v2.1_beta4-499-g4013ebc","extractor": "music 2.0","gaia": "2.4.5","gaia_git_sha": "v2.4.4-44-g95f4851","models_essentia_git_sha": "v2.1_beta1"},"lowlevel": {"essentia": "2.1-beta1","essentia_build_sha": "dbf9221a02c8614ba002a04270c5f9c8cf066e4e","essentia_git_sha": "v2.1_beta1-6-g5578087","extractor": "music 1.0"}}}}