{"highlevel": {"danceability": {"all": {"danceable": 0.991310477257,"not_danceable": 0.00868950691074},"probability": 0.991310477257,"value": "danceable"},"gender": {"all": {"female": 0.666389882565,"male": 0.333610087633},"probability": 0.666389882565,"value": "female"},"genre_dortmund": {"all": {"alternative": 5.71958869156e-11,"blues": 6.78264666654e-11,"electronic": 0.999997675419,"folkcountry": 1.23430368149e-07,"funksoulrnb": 6.99911666402e-08,"jazz": 1.89021386632e-06,"pop": 2.15483293431e-08,"raphiphop": 2.0971215875e-08,"rock": 1.9519650607e-07},"probability": 0.999997675419,"value": "electronic"},"genre_electronic": {"all": {"ambient": 0.0843252763152,"dnb": 0.002007040428,"house": 0.266592472792,"techno": 0.0186178889126,"trance": 0.628457307816},"probability": 0.628457307816,"value": "trance"},"genre_rosamerica": {"all": {"cla": 0.00326851615682,"dan": 0.0520572811365,"hip": 0.0800172686577,"jaz": 0.0398031100631,"pop": 0.0222095232457,"rhy": 0.789478838444,"roc": 0.00604320364073,"spe": 0.00712226750329},"probability": 0.789478838444,"value": "rhy"},"genre_tzanetakis": {"all": {"blu": 0.0626541376114,"cla": 0.0348133966327,"cou": 0.0783501937985,"dis": 0.104547761381,"hip": 0.15693578124,"jaz": 0.313987255096,"met": 0.044816005975,"pop": 0.0627349764109,"reg": 0.0627352520823,"roc": 0.0784252434969},"probability": 0.313987255096,"value": "jaz"},"ismir04_rhythm": {"all": {"ChaChaCha": 0.203756734729,"Jive": 0.108426876366,"Quickstep": 0.0363448746502,"Rumba-American": 0.0661021471024,"Rumba-International": 0.0738048776984,"Rumba-Misc": 0.0558566637337,"Samba": 0.126572370529,"Tango": 0.237817898393,"VienneseWaltz": 0.0657962858677,"Waltz": 0.0255212597549},"probability": 0.237817898393,"value": "Tango"},"mood_acoustic": {"all": {"acoustic": 0.0569513328373,"not_acoustic": 0.943048655987},"probability": 0.943048655987,"value": "not_acoustic"},"mood_aggressive": {"all": {"aggressive": 0.167431786656,"not_aggressive": 0.832568228245},"probability": 0.832568228245,"value": "not_aggressive"},"mood_electronic": {"all": {"electronic": 0.962865233421,"not_electronic": 0.0371347665787},"probability": 0.962865233421,"value": "electronic"},"mood_happy": {"all": {"happy": 0.109889641404,"not_happy": 0.890110373497},"probability": 0.890110373497,"value": "not_happy"},"mood_party": {"all": {"not_party": 0.135597005486,"party": 0.864403009415},"probability": 0.864403009415,"value": "party"},"mood_relaxed": {"all": {"not_relaxed": 0.468691885471,"relaxed": 0.531308114529},"probability": 0.531308114529,"value": "relaxed"},"mood_sad": {"all": {"not_sad": 0.692688465118,"sad": 0.307311534882},"probability": 0.692688465118,"value": "not_sad"},"moods_mirex": {"all": {"Cluster1": 0.0795318409801,"Cluster2": 0.0835889354348,"Cluster3": 0.256301105022,"Cluster4": 0.0836753770709,"Cluster5": 0.496902734041},"probability": 0.496902734041,"value": "Cluster5"},"timbre": {"all": {"bright": 0.987468063831,"dark": 0.0125319585204},"probability": 0.987468063831,"value": "bright"},"tonal_atonal": {"all": {"atonal": 0.999998629093,"tonal": 1.35370089538e-06},"probability": 0.999998629093,"value": "atonal"},"voice_instrumental": {"all": {"instrumental": 0.126821830869,"voice": 0.873178184032},"probability": 0.873178184032,"value": "voice"}},"metadata": {"audio_properties": {"analysis_sample_rate": 44100,"bit_rate": 128007,"equal_loudness": 0,"length": 449.933074951,"lossless": 0,"replay_gain": -6.22988700867,"sample_rate": 44100,"codec": "mp3","downmix": "mix","md5_encoded": "d63d6bc37f2f7d9801cb370388bac3e9"},"tags": {"file_name": "Storm Queen - Look Right Through (vox).mp3","acoustid_fingerprint": ["AQADtEk2JUmiKEo0_IGeCo0cATfsAbqKHyb6yAh_mBKx8shhQ9_hZ-glo91xHT8OsT969D0ipUK7HM_x40gP5_ggSZ7w7HhzUMdx_A_EC7-QwyTxGN-R-_AT9GgkpdCOnjEu6jgO8T8Oc8zx6HikGMdxVMOVQ1szwh9u2PiBQ-wV_LiCSymsBsd_-EF_NM-CsAu6G_eRH-fhBz-aKjv07NCq6PiBQ8d_-BlxM4BjHD-uQz18opfR-XBOvBd-eB8e5aCj-LCFiwwOXyh33MYX9KngUzjgwz_wE4ZP_Hjhw8cP4zhhHD58HPBxEhYOnzDu44d_nITxw8dhfBe2Y-vw44ePEz584cRFwIRPmPjw49iO7ThPGIfJ4zh8-McBHz724zD848cOP_CJEz5OwHzhDycNX_hwwh8uwTp8HL5wH4dxEv7xHj624wf8w8eNFz62Ex-s44OPEy98HD584odP6MIHv_gh9hZMIifcHT16nOiDwlWI8Do0j0iPEx57WB9caUef4Xh8JGR0IfK04z0u4kiHR9AVHXlPNOfRB9iPvKGh60OOHo384Gge9ujxI31m6K8Qzh9-nCFOXEe-BdWFsjlE6QipC6sX3AgPLf-RU8iJPtVg6PyRHp_hE32I45qDKS86H73gb8iPpsI1KoeWHzkewvth7YMv5eij4yj5I1mWXIhKLTZuD0d9hNkiXMMfaEeYZzhyKJ1aEg9-fCLCHC3xwy8uND_6HLlGJDtu4uwPf7h2NM-OHLqPlDvexcFLL_hRTgjz4CH0I8x6Eif8HD5CHjqRM-jhHF0p4VKiHE2cHeEDLXmO8DzuE5VPeCt8hnCPW4P1BHeOZsqRPE-I3DYuBn2CE42Crw9-hD-0LNmRh0G_4IGdPEP-rDCjHc8hfpgupUNo8WicHPmHKWp4VND5Fj9Cp8abI82HP9GhHqWOPEo-PEEf2BpOdIjlH220o_lwCSVZ-DHyXcOTF5czwrxRecEfo3kunGoHH5H-Qkso5kT4YVLe4NKP46IIPzt-_MoRinegS8j1FL3hKsvhNHhGNMt3fJcQ_oaWZTuuLMR19Dn083gUBv_hUBLC5TI-4ZSUw9-FHNoPh2JwX0Is6egt9MJl_MetIM0PjcmJfHlwhxHRZ8d1eAqqIc-hRlUVDSE14niiBO6R61CVd0idWoK1ccRLvDo8Zjw2VcqKWgn6Y86YIZS0PdBPhAmP3jiTqAnqDn-EH82-4Yk-JHeCSF_gGMcTEW1-7B_Cf9CjZEKeFMcvIe5Gwor04JMFTQ-mxwjzoZaU9GgsxDpq8WiSyBnxQ18eoobPjNhj-AnUVEeYSDceJTd-4SGmJxccCl18xNuhfI-K5h_CangXVB9S8YJ2CufRTGKOtsc5C2Guo1YQiX1g8YHDP9C6H_2HaIx4_F3wZLJQkcaPPwrR8wgp5UgelgnOBtWFTxnhWCj_4_lxhIwOnThx-EuIi9mRazmuSVGDI8wpPIEuBbUyI0z0GNcySsWpEzlFaOET5L1wGk25o1dkpJF4iEoUhLqE20EthniCSkJ7NM-D_EcyaiGuCBWF_ri2PGgnPXiPxJGWItQzNKNa_MJTo4e_I7sINeSRxlJGuLPw45JAVT2SlXERKuyDX8YPOyI-RsUPP0TSH3lF48S7Cc6VTegjHJHyEP2F72geJZsITQvxdkdFCw2HPEdIbGfwGWJR88SRJz_YH8_h9PiFa8ev5OgbUJUehD-S48Z3VFobWIozoRJ-3DouZ0OYKgueQ3CuoitjPEdjGz26HE3MGPwroT_sdnCVoT_uCM-h5UGZJOGR64zAh4zQHLUyPLiOdg8HKyZCiQ8elIkYET6hS8ezwE_w4-QxRVooEUfTD316nDmmRGSO0NuRHzU-aE5OIUeVWGiyLTlmJsrxDt_RuKHg7wgZXIcW-agaPIfu41K4o1niYXqOXurgUtGOw9FhVTO08ugZTDmPB40motK0OMVf9Af-oh7UMAnOCs0RksVz4bsS9MeewJVU3DusnAiP64OeoU4Y_Mh1vPh2mDuerxeeFs6J1FlScM41QleOJ-QKP7-QNwwOdzN8psGTwzks56ikF49-8LuCPkeY8bjCB-9RKzms3EH_oPrxmYQdBj-0pG1wBo90tBOJKdeDUzQaRyIq56gvuOoDTfEXPCj1wafRZzkuVFcKa0oUNNEePLmI_Apq52hc4Ttx8ca15IfjPMh14yqakTE0TL_w9PgJT0c15-iZwmqC_2h-4Uct6gwaeXGg8kdJPDX8kMUuPIWTK2gmPYgVXfiDB41DoaKCp8cT5kdoXYG35ISOZ9rhoz-eHBeLKWMyB36O7yrxBk0lGa8O1PbhUFkcdL1QadBd-Dyu4wucD5smdkGlncgT5cFFG40b1Epx37jRTfmKxnoQS0Iv5Wi6QddRb4EX7rhOXMe045Lmo3LY4SHh5_iPrlkq_OjRbC8uJtCeHxf2DLEpo0uSLwBAEPCAMGIcVQQQ5KByAAgsCFLIIamwZQAgchECwgCFAJBIGEyEMAogAExxQjlyJRDAMsSAM84cIRAxwAiFMADIKaCAcoZEQAwQSgRnsHAGIECkc0ABRwgzSDkllBPCCQaEE846JZx0TgjFGCDOKeWQ0M4wApwUTgrnBFXCCCucWUI4JZDxQjhjgHLGAWGkY8A5YYUQ4gnDBBBOCKUEAwIZJB0DTikplGLAKUANUQYJYx2AQEgBDGACIUUAIAAKwAAxUBAGCEJKECAAIqYZAwxjlAgChEIICCqAMMgSRKlgQBjDCFAACASJUAh05IQATDUhmWIWOIUEUkQQACgDwEAADBEMC4WMAUAAKgRCRABglCDCCCEBAMgBZhAAADCKEEHCGyEAMEIgaagBAjkmhAAKOEHAAkAAa5ACShEgiBBAACAIIgIoJAggAgAhjFEIKMCAQBJBBJACgBBBgANOAKSYMEIBBIQSwiBhkFBIKeIUExgQIwBgABHpBADMGmIggUEBJoQAkDmAjEECcOAQIAAZ5AhhxAJmnBDCEGAcI0AQIIQCgAgCBCFKCACEUIAhAQAwTMiitAJAAAUsUkgIQCQQhgGCHFIaCAKAEoQAAKBBjAEhiGGGAgCAA8YpBRAADQAMhFAGCKMMcMohIAAhTAmIGABCEUCIRcAZwiQDggEiDBDGKAAAAkIQgIAkiAGjlCESEAYEERQ4JbBRQFBEhAEOMAgFAUQIYAIQADCkhGAEEMKQEMYBaByAiCEmGAEGAMAMYQIAABAFDBBjCBIAKKGQAogQJQRAFDABhQCEKaAEEIQBRhQDCAGgBBDECEOAAk4oIBAQAigFjEFASaCQI5QYQAAhiDCKgXLIEAAEAEAQQaBjggmCgCKCCGKMYAAIQYACEhgCnDCICOGQAQ"],"acoustid_id": ["100764bd-515c-43b9-ab07-c099cfe43a82"],"album": ["Look Right Through"],"artist": ["Storm Queen"],"bpm": ["120.00"],"catalognumber": ["ENV034"],"date": ["2010"],"label": ["Environ"],"language": ["eng"],"musicbrainz album release country": ["US"],"musicbrainz album type": ["Single"],"musicbrainz_albumartistid": ["5006bab5-0fbd-43fc-9c19-5536e3674982"],"musicbrainz_albumid": ["6f68a5f4-8fc9-4830-87b4-4338687a3913"],"musicbrainz_artistid": ["5006bab5-0fbd-43fc-9c19-5536e3674982"],"musicbrainz_recordingid": ["5430eb73-8a26-4b2c-b5f5-5611cceadf74"],"musicbrainz_releasegroupid": ["f665c358-a844-46de-85f0-970f26cddd73"],"title": ["Look Right Through (vox)"],"tracknumber": ["01"]},"version": {"highlevel": {"essentia": "2.1-beta5-dev","essentia_build_sha": "e74af04b57b164eed312abeef4963962215860f0","essentia_git_sha": "v2.1_beta4-499-g4013ebc","extractor": "music 2.0","gaia": "2.4.5","gaia_git_sha": "v2.4.4-44-g95f4851",